test_name,machine,compiler,core_mean,core_std,core_min,core_max,mem_mean,mem_std,mem_min,mem_max,n_hashes
atm_ds2s_docn_dice_intel,derecho,intel,314.9130434782609,9.238816548957793,304,336,1851.9130434782608,4.785518338774907,1848,1865,23
atm_ds2s_docn_dice_intel,gaeac6,intel,192.08,8.113363462009245,188,230,6338.88,0.3316624790355724,6338,6339,25
atm_ds2s_docn_dice_intel,hera,intel,268.0,4.095025124371125,264,280,2100.3571428571427,5.9044591083889895,2087,2107,14
atm_ds2s_docn_dice_intel,hercules,intel,267.36,33.460025901563995,242,379,2054.88,5.487257967327568,2046,2066,25
atm_ds2s_docn_dice_intel,orion,intel,309.3333333333333,31.83608380256684,285,379,1989.2083333333333,3.575024070051718,1982,1996,24
atm_ds2s_docn_dice_intel,ursa,intel,305.7037037037037,343.94496594824534,199,1621,2862.8888888888887,11.936799382044562,2845,2904,27
