test_name,machine,compiler,core_mean,core_std,core_min,core_max,mem_mean,mem_std,mem_min,mem_max,n_hashes
atm_ds2s_docn_pcice_intel,acorn,intel,233.625,6.416816337943112,217,247,1911.1458333333333,3.842592117880437,1904,1917,48
atm_ds2s_docn_pcice_intel,derecho,intel,226.0,9.759610647971565,199,243,289770.3939393939,691784.5312498385,1892,1906796,33
atm_ds2s_docn_pcice_intel,gaeac6,intel,152.4255319148936,53.50609257501149,141,511,153043.10638297873,501285.6769993158,1780,1780524,47
atm_ds2s_docn_pcice_intel,hera,intel,230.73469387755102,28.56409131978768,218,376,2054.6530612244896,45.009513355701074,1982,2101,49
atm_ds2s_docn_pcice_intel,hercules,intel,255.32,155.2444339927016,188,1300,1473438.5,926897.770248611,2036,2057188,50
atm_ds2s_docn_pcice_intel,orion,intel,335.3469387755102,168.9992050055769,233,1132,124191.0,483464.2347787563,1981,1999604,49
atm_ds2s_docn_pcice_intel,ursa,intel,203.66666666666666,201.2508013834262,156,1261,97529.76666666666,518649.8660085317,2828,2843600,30
atm_ds2s_docn_pcice_intel,wcoss2,intel,272.7291666666667,43.78221711449742,233,513,1907.7916666666667,4.607848684966335,1898,1915,48
