test_name,machine,compiler,core_mean,core_std,core_min,core_max,mem_mean,mem_std,mem_min,mem_max,n_hashes
atm_ds2s_docn_dice_intel,derecho,intel,314.9130434782609,9.238816548957793,304,336,1851.9130434782608,4.785518338774907,1848,1865,23
atm_ds2s_docn_dice_intel,gaeac6,intel,190.10256410256412,7.14435688901561,183,230,167204.38461538462,1014387.1469839524,1753,6339604,39
atm_ds2s_docn_dice_intel,hera,intel,267.39285714285717,4.085559807639451,262,280,2100.6428571428573,6.956022095008404,2078,2110,28
atm_ds2s_docn_dice_intel,hercules,intel,267.8974358974359,31.766247290741973,242,379,2054.5897435897436,5.8025309755310035,2042,2068,39
atm_ds2s_docn_dice_intel,orion,intel,307.1842105263158,29.26473319234854,284,379,1988.9473684210527,3.4323372260852083,1982,1996,38
atm_ds2s_docn_dice_intel,ursa,intel,345.3658536585366,381.21711373556946,199,1621,2864.390243902439,13.32831206263658,2845,2910,41
