test_name,machine,compiler,core_mean,core_std,core_min,core_max,mem_mean,mem_std,mem_min,mem_max,n_hashes
atm_ds2s_docn_pcice_intel,acorn,intel,232.85416666666666,6.754004590921193,217,247,1910.9166666666667,4.062455673517079,1904,1917,48
atm_ds2s_docn_pcice_intel,derecho,intel,226.11428571428573,9.479921284642883,199,243,273320.8,674544.9890039081,1892,1906796,35
atm_ds2s_docn_pcice_intel,gaeac6,intel,144.61702127659575,2.6584826621128923,141,155,153043.6170212766,501285.51957340696,1780,1780524,47
atm_ds2s_docn_pcice_intel,hera,intel,230.91836734693877,28.518149728647874,218,376,2050.795918367347,45.88299412265733,1982,2101,49
atm_ds2s_docn_pcice_intel,hercules,intel,256.44,155.2915835400211,188,1300,1555316.42,881732.8768806157,2036,2057188,50
atm_ds2s_docn_pcice_intel,orion,intel,336.46938775510205,168.6635089511086,233,1132,124190.6530612245,483464.3242978031,1981,1999604,49
atm_ds2s_docn_pcice_intel,ursa,intel,206.82142857142858,208.1998778900678,156,1261,104293.32142857143,536853.6471764634,2828,2843600,28
atm_ds2s_docn_pcice_intel,wcoss2,intel,266.9583333333333,25.959017072606702,233,381,1907.9166666666667,4.757226678828599,1898,1915,48
