test_name,machine,compiler,core_mean,core_std,core_min,core_max,mem_mean,mem_std,mem_min,mem_max,n_hashes
atm_ds2s_docn_pcice_intel,acorn,intel,234.6122448979592,4.974167964471584,225,247,1910.4489795918366,2.944353526170942,1904,1917,49
atm_ds2s_docn_pcice_intel,derecho,intel,226.6818181818182,11.536221893861766,199,243,433702.7272727273,814944.2490776773,1892,1906796,22
atm_ds2s_docn_pcice_intel,gaeac6,intel,152.0625,52.99514479969299,138,511,149889.125,496405.35392108327,1766,1780524,48
atm_ds2s_docn_pcice_intel,hera,intel,225.89795918367346,29.821164812064247,199,376,2081.408163265306,27.62918020208819,1982,2109,49
atm_ds2s_docn_pcice_intel,hercules,intel,228.51020408163265,47.08862320533645,180,408,919180.3673469388,1026557.882301531,2036,2051848,49
atm_ds2s_docn_pcice_intel,orion,intel,307.0816326530612,162.34131184209474,223,1132,124192.83673469388,483463.76084874704,1980,1999604,49
atm_ds2s_docn_pcice_intel,ursa,intel,215.0909090909091,238.86415504758392,150,1324,67401.56818181818,428260.8624747847,2828,2843600,44
atm_ds2s_docn_pcice_intel,wcoss2,intel,279.57142857142856,45.365184888855005,237,513,1908.4897959183672,4.695398673966008,1898,1915,49
