test_name,machine,compiler,core_mean,core_std,core_min,core_max,mem_mean,mem_std,mem_min,mem_max,n_hashes
atm_ds2s_docn_dice_intel,derecho,intel,294.1,6.436872946806804,287,304,949559.4,998936.2560189492,1888,1906504,10
atm_ds2s_docn_dice_intel,gaeac6,intel,188.8695652173913,3.5377877309111594,183,204,139745.3260869565,934433.5277191692,1753,6339604,46
atm_ds2s_docn_dice_intel,hera,intel,277.3125,9.442223525546439,262,297,2102.0625,6.8522592950652585,2078,2113,48
atm_ds2s_docn_dice_intel,hercules,intel,293.8478260869565,65.43222698718434,238,653,492845.8043478261,885128.9888735645,2042,2058132,46
atm_ds2s_docn_dice_intel,orion,intel,335.89130434782606,111.24991450900478,283,854,88553.36956521739,410486.0588185864,1984,1994792,46
atm_ds2s_docn_dice_intel,ursa,intel,272.7551020408163,252.21134743605458,200,1477,61249.183673469386,408681.4108304941,2851,2863636,49
