test_name,machine,compiler,core_mean,core_std,core_min,core_max,mem_mean,mem_std,mem_min,mem_max,n_hashes
atm_ds2s_docn_pcice_intel,acorn,intel,234.53061224489795,4.992085572919082,225,247,1910.0408163265306,2.684517210423654,1904,1916,49
atm_ds2s_docn_pcice_intel,derecho,intel,227.45,11.682082546856915,199,243,476883.05,844069.6482742016,1892,1906796,20
atm_ds2s_docn_pcice_intel,gaeac6,intel,152.0625,52.99514479969297,138,511,149888.20833333334,496405.6332353466,1766,1780524,48
atm_ds2s_docn_pcice_intel,hera,intel,225.18367346938774,30.157001308007338,199,376,2084.408163265306,24.10819221701997,1982,2109,49
atm_ds2s_docn_pcice_intel,hercules,intel,227.3265306122449,46.59729416102668,180,408,835731.3265306122,1014299.9002029344,2034,2051848,49
atm_ds2s_docn_pcice_intel,orion,intel,288.2448979591837,109.56591064519202,223,750,83424.83673469388,398845.1408620971,1980,1999404,49
atm_ds2s_docn_pcice_intel,ursa,intel,213.2173913043478,233.670795307651,150,1324,64594.17391304348,418847.43423034943,2827,2843600,46
atm_ds2s_docn_pcice_intel,wcoss2,intel,279.57142857142856,45.37482782336479,237,513,1908.795918367347,4.467379880108328,1898,1915,49
