test_name,machine,compiler,core_mean,core_std,core_min,core_max,mem_mean,mem_std,mem_min,mem_max,n_hashes
atm_ds2s_docn_pcice_intel,acorn,intel,230.47826086956522,4.2829850983463515,221,241,1908.2391304347825,2.002052087330985,1904,1913,46
atm_ds2s_docn_pcice_intel,derecho,intel,252.2608695652174,15.81488766753526,227,288,1857.391304347826,1.1961730809233244,1856,1860,23
atm_ds2s_docn_pcice_intel,gaeac6,intel,145.45652173913044,3.0089239253270863,138,151,142034.3260869565,934093.2231490972,1764,6339620,46
atm_ds2s_docn_pcice_intel,hera,intel,205.34285714285716,6.521200075152433,199,222,2090.1714285714284,8.368307560586391,2064,2109,35
atm_ds2s_docn_pcice_intel,hercules,intel,203.8695652173913,38.44280524834678,180,408,2038.608695652174,5.559689283362534,2027,2050,46
atm_ds2s_docn_pcice_intel,orion,intel,244.44444444444446,24.074274798438005,223,299,1985.088888888889,6.7008215989542155,1975,1998,45
atm_ds2s_docn_pcice_intel,ursa,intel,182.71428571428572,166.7955335133408,150,1324,2834.5102040816328,7.97684787624902,2823,2858,49
atm_ds2s_docn_pcice_intel,wcoss2,intel,256.4782608695652,24.826275623875944,227,356,1888.9130434782608,37.705187433830524,1813,1914,46
