test_name,machine,compiler,core_mean,core_std,core_min,core_max,mem_mean,mem_std,mem_min,mem_max,n_hashes
atm_ds2s_docn_dice_intel,derecho,intel,314.9130434782609,9.238816548957793,304,336,1851.9130434782608,4.785518338774907,1848,1865,23
atm_ds2s_docn_dice_intel,gaeac6,intel,189.95652173913044,6.696455187432726,183,230,142028.58695652173,934091.6919560015,1753,6339604,46
atm_ds2s_docn_dice_intel,hera,intel,269.54285714285714,6.740321414673725,262,284,2101.6,6.695916226898999,2078,2111,35
atm_ds2s_docn_dice_intel,hercules,intel,277.10869565217394,64.98110093143134,238,653,2055.108695652174,5.755106952841648,2042,2068,46
atm_ds2s_docn_dice_intel,orion,intel,306.22222222222223,27.96335986517885,283,379,1989.7111111111112,4.2991659985197295,1982,2002,45
atm_ds2s_docn_dice_intel,ursa,intel,323.0,351.74677207711045,199,1621,2864.816326530612,12.382234365862894,2845,2910,49
