test_name,machine,compiler,core_mean,core_std,core_min,core_max,mem_mean,mem_std,mem_min,mem_max,n_hashes
atm_ds2s_docn_pcice_intel,acorn,intel,231.41304347826087,4.328592724644521,224,242,1908.804347826087,2.039820964010611,1904,1913,46
atm_ds2s_docn_pcice_intel,derecho,intel,248.0625,12.298882063016945,227,270,1857.0,1.0327955589886118,1856,1859,16
atm_ds2s_docn_pcice_intel,gaeac6,intel,153.2888888888889,54.611696308916954,138,511,144442.35555555555,944514.3688100962,1764,6339620,45
atm_ds2s_docn_pcice_intel,hera,intel,208.07142857142858,8.620431931747712,199,227,2088.904761904762,9.552957717975987,2064,2109,42
atm_ds2s_docn_pcice_intel,hercules,intel,208.32608695652175,39.93887237479357,180,408,2039.391304347826,5.4466228511888515,2027,2050,46
atm_ds2s_docn_pcice_intel,orion,intel,247.04444444444445,24.331008606261683,223,299,1986.5555555555557,7.098513146349002,1975,1998,45
atm_ds2s_docn_pcice_intel,ursa,intel,181.22448979591837,166.7665865446526,150,1324,2834.877551020408,7.904726046964191,2823,2858,49
atm_ds2s_docn_pcice_intel,wcoss2,intel,267.9782608695652,46.30406227940351,233,513,1903.1739130434783,23.417281698045198,1813,1914,46
