test_name,machine,compiler,core_mean,core_std,core_min,core_max,mem_mean,mem_std,mem_min,mem_max,n_hashes
atm_ds2s_docn_dice_intel,derecho,intel,292.6666666666667,7.330302403948503,278,304,453166.14285714284,827193.5206347597,1886,1906504,21
atm_ds2s_docn_dice_intel,gaeac6,intel,189.16666666666666,3.321966434644969,183,204,149361.97916666666,494687.5350737473,1757,1780180,48
atm_ds2s_docn_dice_intel,hera,intel,287.55102040816325,28.685842344620273,262,444,2095.387755102041,26.145280267614464,1999,2113,49
atm_ds2s_docn_dice_intel,hercules,intel,303.8775510204082,63.250043693351586,238,653,881417.1224489796,1025924.1543924074,2046,2063028,49
atm_ds2s_docn_dice_intel,orion,intel,354.0,129.419859372509,283,854,83254.85714285714,398003.8554184599,1982,1994792,49
atm_ds2s_docn_dice_intel,ursa,intel,257.4,189.78844681764625,201,1416,66440.71111111112,426458.1009323202,2856,2863636,45
