test_name,machine,compiler,core_mean,core_std,core_min,core_max,mem_mean,mem_std,mem_min,mem_max,n_hashes
atm_ds2s_docn_pcice_intel,acorn,intel,232.3404255319149,4.797085146413665,224,247,1909.0212765957447,1.994441860490123,1905,1913,47
atm_ds2s_docn_pcice_intel,derecho,intel,251.33333333333334,12.182948839433017,227,270,1856.6666666666667,0.8876253645986112,1856,1858,12
atm_ds2s_docn_pcice_intel,gaeac6,intel,153.19565217391303,54.00313553251325,138,511,140945.26086956522,934256.9975158854,1764,6339620,46
atm_ds2s_docn_pcice_intel,hera,intel,209.3404255319149,8.966790409604144,199,227,2089.021276595745,9.123522779063448,2064,2109,47
atm_ds2s_docn_pcice_intel,hercules,intel,213.58695652173913,41.09316033218857,180,408,2039.8478260869565,5.448618137980095,2027,2050,46
atm_ds2s_docn_pcice_intel,orion,intel,247.58695652173913,25.234523166097077,223,305,1987.7173913043478,7.188456930627083,1975,1998,46
atm_ds2s_docn_pcice_intel,ursa,intel,182.6122448979592,166.5954201459495,150,1324,2835.816326530612,8.194697140498121,2824,2858,49
atm_ds2s_docn_pcice_intel,wcoss2,intel,271.78723404255317,47.882980624513245,234,513,1908.7021276595744,3.6707711168150987,1901,1914,47
