test_name,machine,compiler,core_mean,core_std,core_min,core_max,mem_mean,mem_std,mem_min,mem_max,n_hashes
atm_ds2s_docn_dice_intel,derecho,intel,292.4782608695652,7.28553713760345,278,304,413925.8695652174,799341.8850351096,1886,1906504,23
atm_ds2s_docn_dice_intel,gaeac6,intel,189.40425531914894,3.1322972155334305,183,204,152503.6595744681,499551.397215902,1757,1780180,47
atm_ds2s_docn_dice_intel,hera,intel,289.625,28.326834882635318,262,444,2089.6666666666665,32.38224712829596,1999,2113,48
atm_ds2s_docn_dice_intel,hercules,intel,313.38775510204084,82.20624883145304,238,681,1049360.9591836734,1036785.6527286421,2046,2073220,49
atm_ds2s_docn_dice_intel,orion,intel,372.53061224489795,173.63528611729248,283,1172,123816.38775510204,481968.71252835734,1982,1994792,49
atm_ds2s_docn_dice_intel,ursa,intel,219.0,34.33729750577352,201,406,72642.19512195123,446777.00204963656,2856,2863636,41
