test_name,machine,compiler,core_mean,core_std,core_min,core_max,mem_mean,mem_std,mem_min,mem_max,n_hashes
atm_ds2s_docn_dice_intel,derecho,intel,313.44444444444446,8.339997335464535,304,336,1851.7777777777778,4.608885989624769,1848,1865,18
atm_ds2s_docn_dice_intel,gaeac6,intel,189.84444444444443,6.704664439964549,183,230,144637.33333333334,944482.2887958488,1753,6339604,45
atm_ds2s_docn_dice_intel,hera,intel,271.4,8.050481750197084,262,286,2101.875,6.664823463143974,2078,2113,40
atm_ds2s_docn_dice_intel,hercules,intel,281.80434782608694,65.23483035761984,238,653,2055.391304347826,5.744478550436437,2042,2068,46
atm_ds2s_docn_dice_intel,orion,intel,308.9111111111111,29.320968468302542,283,379,1990.8444444444444,5.616354186074242,1982,2004,45
atm_ds2s_docn_dice_intel,ursa,intel,298.265306122449,318.0383084571079,199,1621,2864.877551020408,11.203854718096867,2845,2910,49
