test_name,machine,compiler,core_mean,core_std,core_min,core_max,mem_mean,mem_std,mem_min,mem_max,n_hashes
atm_ds2s_docn_dice_intel,derecho,intel,291.54285714285714,7.220651987601279,278,304,272660.17142857146,672911.9930275162,1886,1906504,35
atm_ds2s_docn_dice_intel,gaeac6,intel,189.46808510638297,3.2893177819815893,186,204,152507.31914893616,499550.2689787088,1766,1780180,47
atm_ds2s_docn_dice_intel,hera,intel,292.9183673469388,27.181363663588417,278,444,2062.9591836734694,47.7074239434464,1992,2111,49
atm_ds2s_docn_dice_intel,hercules,intel,302.84,65.55955697077339,249,681,1563099.98,886153.6294656142,2046,2073220,50
atm_ds2s_docn_dice_intel,orion,intel,409.7755102040816,188.45913187679471,296,1172,123816.08163265306,481968.7915273421,1972,1994792,49
atm_ds2s_docn_dice_intel,ursa,intel,223.96428571428572,40.7080683083443,204,406,105037.53571428571,540634.4818386306,2856,2863636,28
