test_name,machine,compiler,core_mean,core_std,core_min,core_max,mem_mean,mem_std,mem_min,mem_max,n_hashes
atm_ds2s_docn_dice_intel,derecho,intel,315.3809523809524,9.531401735716475,304,336,1852.095238095238,4.979003533888709,1848,1865,21
atm_ds2s_docn_dice_intel,gaeac6,intel,189.91304347826087,6.636016499063677,183,230,141829.63043478262,934121.7113783015,1753,6339604,46
atm_ds2s_docn_dice_intel,hera,intel,270.4054054054054,7.503552712102666,262,286,2101.4864864864867,6.652575197377236,2078,2111,37
atm_ds2s_docn_dice_intel,hercules,intel,279.9347826086956,65.52875608766074,238,653,2055.1521739130435,5.761818352277085,2042,2068,46
atm_ds2s_docn_dice_intel,orion,intel,306.97777777777776,28.721617522892284,283,379,1990.2222222222222,4.893822120745154,1982,2002,45
atm_ds2s_docn_dice_intel,ursa,intel,299.7755102040816,317.69857735662237,199,1621,2864.285714285714,10.962055768270195,2845,2910,49
