test_name,machine,compiler,core_mean,core_std,core_min,core_max,mem_mean,mem_std,mem_min,mem_max,n_hashes
atm_ds2s_docn_dice_intel,derecho,intel,295.1875,5.924173641389441,287,304,594185.875,907325.9338404529,1886,1906504,16
atm_ds2s_docn_dice_intel,gaeac6,intel,189.04255319148936,3.4512596743074164,183,204,152500.085106383,499552.49919158424,1754,1780180,47
atm_ds2s_docn_dice_intel,hera,intel,285.5,29.810036864659164,262,444,2102.7083333333335,5.971415361406358,2080,2113,48
atm_ds2s_docn_dice_intel,hercules,intel,303.4583333333333,63.597122353383284,238,653,728482.4583333334,991335.0243992159,2047,2058132,48
atm_ds2s_docn_dice_intel,orion,intel,338.5625,108.67165189474166,283,854,84947.3125,402037.42358710815,1982,1994792,48
atm_ds2s_docn_dice_intel,ursa,intel,278.7142857142857,252.49331674323574,201,1477,61250.87755102041,408681.16384279483,2851,2863636,49
