test_name,machine,compiler,core_mean,core_std,core_min,core_max,mem_mean,mem_std,mem_min,mem_max,n_hashes
atm_ds2s_docn_pcice_intel,acorn,intel,230.13333333333333,4.952501663530537,219,239,1907.1555555555556,1.7445441649423366,1903,1910,45
atm_ds2s_docn_pcice_intel,derecho,intel,253.15,13.968003730137259,227,290,1857.25,2.109198413786146,1847,1860,40
atm_ds2s_docn_pcice_intel,gaeac6,intel,147.79166666666666,3.2417379980848136,141,155,137806.125,914201.6583881266,1764,6339620,48
atm_ds2s_docn_pcice_intel,hera,intel,203.55,2.818640956579122,200,210,2087.1,8.328138731844206,2064,2097,20
atm_ds2s_docn_pcice_intel,hercules,intel,204.625,29.553863555613667,183,317,44516.5625,294301.7354664244,2027,2041020,48
atm_ds2s_docn_pcice_intel,orion,intel,255.91489361702128,36.30955664550016,225,383,44023.46808510638,288216.567859238,1975,1977896,47
atm_ds2s_docn_pcice_intel,ursa,intel,299.14,347.8098829732668,151,1518,2836.06,12.580207973362779,2822,2877,50
atm_ds2s_docn_pcice_intel,wcoss2,intel,245.60416666666666,13.355594227256258,227,292,1857.0208333333333,44.11179684129161,1810,1908,48
