test_name,machine,compiler,core_mean,core_std,core_min,core_max,mem_mean,mem_std,mem_min,mem_max,n_hashes
atm_ds2s_docn_pcice_intel,acorn,intel,234.0625,5.088185104688557,225,247,1909.4375,2.4048377660147624,1904,1913,48
atm_ds2s_docn_pcice_intel,derecho,intel,225.54545454545453,14.095131332227,199,243,865505.0909090909,992211.8989188202,1896,1906796,11
atm_ds2s_docn_pcice_intel,gaeac6,intel,152.2340425531915,53.531872978692284,138,511,212367.40425531915,982494.701594114,1764,6339620,47
atm_ds2s_docn_pcice_intel,hera,intel,214.5,9.18602083186211,199,227,2089.1666666666665,9.290428232196327,2070,2109,48
atm_ds2s_docn_pcice_intel,hercules,intel,221.4375,48.032305728717844,180,408,555192.3333333334,917232.0015161327,2027,2050520,48
atm_ds2s_docn_pcice_intel,orion,intel,270.125,83.85946323741933,223,632,85119.75,402887.4709452499,1980,1999404,48
atm_ds2s_docn_pcice_intel,ursa,intel,206.91836734693877,226.49170668543013,150,1324,60811.755102040814,405823.28579072497,2824,2843600,49
atm_ds2s_docn_pcice_intel,wcoss2,intel,279.3541666666667,45.165647642321645,240,513,1909.0833333333333,3.6134107971074516,1901,1914,48
