test_name,machine,compiler,core_mean,core_std,core_min,core_max,mem_mean,mem_std,mem_min,mem_max,n_hashes
atmaero_control_p8_rad_micro_intel,acorn,intel,312.51020408163265,7.692318812132193,295,324,3095.387755102041,57.30467415728076,2986,3131,49
atmaero_control_p8_rad_micro_intel,derecho,intel,258.1,3.985500034665121,253,266,437101.9,773212.7949573641,1730,1747904,20
atmaero_control_p8_rad_micro_intel,gaeac6,intel,193.375,8.17787622640916,183,227,134623.72916666666,445873.75252255215,1579,1602580,48
atmaero_control_p8_rad_micro_intel,hera,intel,299.85714285714283,25.28998484248921,263,417,1967.5102040816328,297.34849941111327,1851,3127,49
atmaero_control_p8_rad_micro_intel,hercules,intel,274.6938775510204,53.53628212157958,229,584,741896.6530612245,900422.8347514145,1801,1824268,49
atmaero_control_p8_rad_micro_intel,orion,intel,360.3061224489796,122.97598073093256,309,1114,74021.8163265306,353820.24344654125,1774,1784724,49
atmaero_control_p8_rad_micro_intel,ursa,intel,316.0652173913044,285.11162743146474,189,1446,54836.108695652176,355489.3288559512,2404,2413468,46
atmaero_control_p8_rad_micro_intel,wcoss2,intel,336.7551020408163,34.87031367094658,310,535,3175.714285714286,67.91630879251349,3005,3219,49
