test_name,machine,compiler,core_mean,core_std,core_min,core_max,mem_mean,mem_std,mem_min,mem_max,n_hashes
atmaero_control_p8_rad_intel,acorn,intel,324.06666666666666,23.140283647196885,306,447,3110.0666666666666,2.2603298230766975,3105,3114,45
atmaero_control_p8_rad_intel,derecho,intel,292.8780487804878,20.256104168807017,274,342,1663.9024390243903,2.5768670711621633,1661,1670,41
atmaero_control_p8_rad_intel,gaeac6,intel,201.54166666666666,10.097310223958923,190,222,137879.52083333334,914151.2149196686,1573,6339352,48
atmaero_control_p8_rad_intel,hera,intel,271.8421052631579,2.3866098199639842,267,275,1877.3684210526317,6.370160701930601,1866,1890,19
atmaero_control_p8_rad_intel,hercules,intel,269.5416666666667,42.48702346741377,240,477,38964.041666666664,257546.95711366666,1777,1786128,48
atmaero_control_p8_rad_intel,orion,intel,320.8510638297872,10.910662362638169,310,353,39140.04255319149,256272.70875072313,1726,1758676,47
atmaero_control_p8_rad_intel,ursa,intel,416.44,359.7012456503994,195,1308,2394.52,9.243287691451604,2382,2417,50
atmaero_control_p8_rad_intel,wcoss2,intel,327.5,15.385818283579205,307,371,2325.0208333333335,747.3349384279015,1690,3201,48
