test_name,machine,compiler,core_mean,core_std,core_min,core_max,mem_mean,mem_std,mem_min,mem_max,n_hashes
atmaero_control_p8_rad_micro_intel,acorn,intel,334.75,19.53663821024844,312,376,3115.8863636363635,2.3048574499723955,3109,3120,44
atmaero_control_p8_rad_micro_intel,derecho,intel,303.9318181818182,22.765128092818884,283,360,1679.9772727272727,3.3996486573847298,1677,1688,44
atmaero_control_p8_rad_micro_intel,gaeac6,intel,208.38297872340425,12.013675525415705,196,227,6338.68085106383,0.47118642939804434,6338,6339,47
atmaero_control_p8_rad_micro_intel,hera,intel,278.53846153846155,5.796771869115101,274,297,1890.2307692307693,6.660253325435454,1878,1901,13
atmaero_control_p8_rad_micro_intel,hercules,intel,273.45652173913044,31.727104796119693,242,359,41079.67391304348,266365.35833625664,1787,1808384,46
atmaero_control_p8_rad_micro_intel,orion,intel,328.4222222222222,14.005662635469442,316,379,41105.35555555556,263826.74586942943,1766,1771580,45
atmaero_control_p8_rad_micro_intel,ursa,intel,385.84,318.11423695757793,199,1224,2414.66,16.704649236737936,2397,2487,50
atmaero_control_p8_rad_micro_intel,wcoss2,intel,340.125,18.826899045237777,316,379,2144.1666666666665,688.1861553367398,1685,3208,48
