test_name,machine,compiler,core_mean,core_std,core_min,core_max,mem_mean,mem_std,mem_min,mem_max,n_hashes
atmaero_control_p8_rad_micro_intel,acorn,intel,323.4782608695652,11.076981398748138,302,375,3116.0652173913045,3.1439689983841888,3109,3128,46
atmaero_control_p8_rad_micro_intel,derecho,intel,293.21875,16.744251541272877,283,360,1678.25,0.842423539174145,1677,1680,32
atmaero_control_p8_rad_micro_intel,gaeac6,intel,200.5744680851064,7.076429586251574,189,224,139863.51063829788,923907.4078622689,1571,6339072,47
atmaero_control_p8_rad_micro_intel,hera,intel,277.14814814814815,5.171695925558516,267,297,1886.4074074074074,10.540249811881358,1851,1901,27
atmaero_control_p8_rad_micro_intel,hercules,intel,262.8936170212766,28.984429135053226,232,359,1807.2978723404256,8.45169109298106,1787,1825,47
atmaero_control_p8_rad_micro_intel,orion,intel,320.0652173913044,6.845605805228614,310,343,1777.4782608695652,7.1390604126088615,1766,1797,46
atmaero_control_p8_rad_micro_intel,ursa,intel,394.14285714285717,330.02714534817693,199,1226,2411.734693877551,10.756346014880608,2391,2438,49
atmaero_control_p8_rad_micro_intel,wcoss2,intel,331.1914893617021,13.59289823827828,312,379,2600.340425531915,743.1739300370886,1685,3217,47
