test_name,machine,compiler,core_mean,core_std,core_min,core_max,mem_mean,mem_std,mem_min,mem_max,n_hashes
atmaero_control_p8_intel,acorn,intel,265.5,6.520018274351111,253,276,3165.75,63.33615148638562,3104,3242,48
atmaero_control_p8_intel,derecho,intel,252.28571428571428,6.152815847816577,242,265,282638.2571428571,695829.8903163102,1952,1970824,35
atmaero_control_p8_intel,gaeac6,intel,168.19148936170214,24.3833855568057,157,298,166809.72340425532,546392.9405746899,1935,1942432,47
atmaero_control_p8_intel,hera,intel,263.2040816326531,35.689038695280054,244,422,2546.816326530612,537.4517681254979,2075,3207,49
atmaero_control_p8_intel,hercules,intel,271.8,64.52843069025421,208,505,1532654.66,868897.6873380035,2012,2035960,50
atmaero_control_p8_intel,orion,intel,345.8979591836735,144.57527521703574,260,1100,123005.71428571429,478810.252116074,1971,1979884,49
atmaero_control_p8_intel,ursa,intel,191.89285714285714,23.625691109960794,181,310,74499.64285714286,383586.9747505931,1987,2031760,28
atmaero_control_p8_intel,wcoss2,intel,299.5208333333333,24.380834453572007,266,413,3160.7083333333335,62.737873570451114,3090,3242,48
