test_name,machine,compiler,core_mean,core_std,core_min,core_max,mem_mean,mem_std,mem_min,mem_max,n_hashes
atmaero_control_p8_intel,acorn,intel,267.2083333333333,5.335383028118769,255,277,3191.7916666666665,62.922768714472696,3104,3242,48
atmaero_control_p8_intel,derecho,intel,251.72,6.516133823057963,242,265,394445.2,800215.4577445064,1952,1970824,25
atmaero_control_p8_intel,gaeac6,intel,166.68085106382978,24.173383119328946,155,298,166806.1914893617,546394.0294505436,1924,1942432,47
atmaero_control_p8_intel,hera,intel,261.3541666666667,36.44143630733898,229,422,2310.1666666666665,428.5557305466783,2075,3206,48
atmaero_control_p8_intel,hercules,intel,265.51020408163265,70.03484919695919,196,505,1111165.8163265307,1011580.8405069035,2009,2026492,49
atmaero_control_p8_intel,orion,intel,334.1224489795918,141.8070333018696,258,1100,123005.85714285714,478810.21524656133,1976,1979884,49
atmaero_control_p8_intel,ursa,intel,191.23076923076923,20.414728349974165,180,310,54056.02564102564,325019.9308532751,1987,2031760,39
atmaero_control_p8_intel,wcoss2,intel,311.6875,50.97982757080432,266,598,3186.4166666666665,63.71607009736659,3090,3242,48
