test_name,machine,compiler,core_mean,core_std,core_min,core_max,mem_mean,mem_std,mem_min,mem_max,n_hashes
atmaero_control_p8_rad_micro_intel,acorn,intel,316.2916666666667,7.49172119908521,295,330,3124.5625,6.444216440492599,3113,3131,48
atmaero_control_p8_rad_micro_intel,derecho,intel,258.0,3.126943839882287,255,266,872084.5,917430.0954218983,1734,1747904,10
atmaero_control_p8_rad_micro_intel,gaeac6,intel,195.7391304347826,8.572397000732309,183,227,139570.30434782608,934379.7615773166,1571,6339072,46
atmaero_control_p8_rad_micro_intel,hera,intel,289.5208333333333,13.150502916252114,263,309,1889.7083333333333,9.448535478847294,1851,1907,48
atmaero_control_p8_rad_micro_intel,hercules,intel,272.8478260869565,55.50494167841848,229,584,435159.5652173913,781538.0834240091,1794,1824268,46
atmaero_control_p8_rad_micro_intel,orion,intel,351.5217391304348,122.83425854566698,309,1114,78731.73913043478,364916.84283198515,1770,1784724,46
atmaero_control_p8_rad_micro_intel,ursa,intel,300.7959183673469,257.1321790110938,189,1226,51623.67346938775,344435.63107231347,2391,2413468,49
atmaero_control_p8_rad_micro_intel,wcoss2,intel,340.2291666666667,33.916819139880666,310,535,3211.0208333333335,6.768165732004987,3195,3219,48
