test_name,machine,compiler,core_mean,core_std,core_min,core_max,mem_mean,mem_std,mem_min,mem_max,n_hashes
atmaero_control_p8_intel,acorn,intel,291.68888888888887,22.637280416305885,269,391,3228.4666666666667,1.5897398300579904,3225,3231,45
atmaero_control_p8_intel,derecho,intel,296.0,19.43993598526266,267,334,1896.5869565217392,1.2574416170501967,1894,1900,46
atmaero_control_p8_intel,gaeac6,intel,177.125,8.416359449487551,166,192,6338.833333333333,0.6302087912488853,6338,6342,48
atmaero_control_p8_intel,hera,intel,239.33333333333334,2.6457513110645934,235,243,2101.4444444444443,8.790777996160381,2084,2115,9
atmaero_control_p8_intel,hercules,intel,238.6875,37.436559813079775,207,363,43670.9375,288648.5611581983,1996,2001824,48
atmaero_control_p8_intel,orion,intel,291.48936170212767,32.07319911947719,261,387,44206.234042553195,289494.28823600314,1964,1986652,47
atmaero_control_p8_intel,ursa,intel,203.76,13.867536602748585,187,249,1998.58,15.740354999497418,1963,2031,50
atmaero_control_p8_intel,wcoss2,intel,302.1020408163265,16.88471312800326,276,350,2168.816326530612,578.311899463624,1844,3234,49
