test_name,machine,compiler,core_mean,core_std,core_min,core_max,mem_mean,mem_std,mem_min,mem_max,n_hashes
atmaero_control_p8_intel,acorn,intel,281.7608695652174,17.96067900548762,269,391,3228.5434782608695,1.3777037536605092,3226,3231,46
atmaero_control_p8_intel,derecho,intel,289.34285714285716,18.825737790624384,267,334,1896.6285714285714,1.0595702315705036,1895,1899,35
atmaero_control_p8_intel,gaeac6,intel,172.14893617021278,6.62990170890566,166,189,140226.2340425532,923812.1129992269,1915,6338800,47
atmaero_control_p8_intel,hera,intel,239.375,3.033329351804998,235,246,2098.1666666666665,9.78315618435765,2065,2115,24
atmaero_control_p8_intel,hercules,intel,235.19148936170214,38.10491141336687,207,363,44557.87234042553,291703.0550763849,2001,2001824,47
atmaero_control_p8_intel,orion,intel,281.7826086956522,27.180804536762718,261,359,45124.608695652176,292623.98770006525,1964,1986652,46
atmaero_control_p8_intel,ursa,intel,196.77551020408163,11.299456672266839,186,236,2000.1224489795918,14.485096727702048,1979,2031,49
atmaero_control_p8_intel,wcoss2,intel,297.6170212765957,15.395585464797549,276,350,2590.723404255319,691.5212185787801,1844,3234,47
