test_name,machine,compiler,core_mean,core_std,core_min,core_max,mem_mean,mem_std,mem_min,mem_max,n_hashes
atmaero_control_p8_intel,acorn,intel,270.5416666666667,6.388015152506496,255,288,3233.875,19.215048402395034,3109,3242,48
atmaero_control_p8_intel,derecho,intel,251.7,7.303728119559522,242,265,982246.5,1033320.61755437,1954,1970824,10
atmaero_control_p8_intel,gaeac6,intel,169.06521739130434,24.332330731777006,155,298,181880.08695652173,970859.004389843,1915,6338800,46
atmaero_control_p8_intel,hera,intel,246.29166666666666,8.562556620923749,228,260,2104.5833333333335,9.513335172235363,2065,2116,48
atmaero_control_p8_intel,hercules,intel,240.5531914893617,56.10347912587732,196,494,515776.57446808513,886909.2938345117,2001,2018272,47
atmaero_control_p8_intel,orion,intel,292.8510638297872,73.8947485112394,255,671,86094.51063829787,403296.31485195644,1971,1979884,47
atmaero_control_p8_intel,ursa,intel,189.6530612244898,7.230004092922318,180,216,43433.30612244898,289964.30988680915,1982,2031760,49
atmaero_control_p8_intel,wcoss2,intel,316.4166666666667,49.40532891118828,264,598,3231.8958333333335,19.122493809740007,3108,3242,48
