test_name,machine,compiler,core_mean,core_std,core_min,core_max,mem_mean,mem_std,mem_min,mem_max,n_hashes
atmaero_control_p8_intel,acorn,intel,266.3333333333333,6.32903923108811,253,277,3173.625,64.25601221973702,3104,3242,48
atmaero_control_p8_intel,derecho,intel,252.125,6.220413843716248,242,265,308842.9375,723025.2646050187,1952,1970824,32
atmaero_control_p8_intel,gaeac6,intel,167.9787234042553,24.426900141212933,157,298,166808.95744680852,546393.1767160601,1930,1942432,47
atmaero_control_p8_intel,hera,intel,262.48979591836735,35.6972935767893,244,422,2481.6938775510203,521.0916907513189,2075,3207,49
atmaero_control_p8_intel,hercules,intel,267.04,63.2377954668741,208,505,1411203.4,931908.5819915548,2009,2026492,50
atmaero_control_p8_intel,orion,intel,346.46938775510205,144.17106477503503,260,1100,123005.42857142857,478810.32583681645,1971,1979884,49
atmaero_control_p8_intel,ursa,intel,191.4516129032258,22.506056532523893,181,310,67484.41935483871,364554.1194601769,1987,2031760,31
atmaero_control_p8_intel,wcoss2,intel,307.9583333333333,50.32403864206671,266,598,3168.2291666666665,64.35216922837341,3090,3242,48
