test_name,machine,compiler,core_mean,core_std,core_min,core_max,mem_mean,mem_std,mem_min,mem_max,n_hashes
atmaero_control_p8_rad_intel,acorn,intel,308.4166666666667,8.238036673076312,292,334,3108.3958333333335,33.47894834473599,2980,3121,48
atmaero_control_p8_rad_intel,derecho,intel,252.5,3.261343839027661,249,261,720172.6666666666,887888.7710879446,1712,1734316,12
atmaero_control_p8_rad_intel,gaeac6,intel,192.87234042553192,14.916604435379757,180,276,203511.3829787234,969330.7800547254,1557,6339352,47
atmaero_control_p8_rad_intel,hera,intel,286.5833333333333,12.36300819506344,261,303,1884.125,8.633494891557673,1848,1896,48
atmaero_control_p8_rad_intel,hercules,intel,269.8541666666667,54.813412546889104,224,546,524197.4375,822727.9690919768,1777,1800288,48
atmaero_control_p8_rad_intel,orion,intel,344.4791666666667,115.63957019565342,302,1087,75518.02083333333,357443.5899928225,1752,1777320,48
atmaero_control_p8_rad_intel,ursa,intel,440.3469387755102,378.36757651678306,186,1179,51271.183673469386,342070.8692075417,2385,2396900,49
atmaero_control_p8_rad_intel,wcoss2,intel,333.9583333333333,46.97167925976533,294,621,3194.9583333333335,32.89244777403119,3072,3214,48
