test_name,machine,compiler,core_mean,core_std,core_min,core_max,mem_mean,mem_std,mem_min,mem_max,n_hashes
atmaero_control_p8_rad_micro_intel,acorn,intel,319.29787234042556,8.062028263562405,295,334,3120.744680851064,7.016961082314305,3109,3130,47
atmaero_control_p8_rad_micro_intel,derecho,intel,292.0769230769231,20.60121977966976,283,360,1678.1538461538462,0.688737231721213,1677,1679,13
atmaero_control_p8_rad_micro_intel,gaeac6,intel,195.67391304347825,5.428543278413074,183,210,140909.26086956522,934180.1270929486,1571,6339072,46
atmaero_control_p8_rad_micro_intel,hera,intel,284.39130434782606,12.907324812540566,263,309,1889.108695652174,9.449816602264058,1851,1901,46
atmaero_control_p8_rad_micro_intel,hercules,intel,271.69565217391306,55.292301881392085,229,584,1809.6304347826087,8.827630097602446,1794,1825,46
atmaero_control_p8_rad_micro_intel,orion,intel,322.39130434782606,9.817169225097599,309,350,1781.391304347826,7.62300104470248,1768,1797,46
atmaero_control_p8_rad_micro_intel,ursa,intel,319.0816326530612,281.4754901063541,189,1226,2416.1020408163267,10.006757920607086,2391,2438,49
atmaero_control_p8_rad_micro_intel,wcoss2,intel,339.0425531914894,32.87589142240499,310,535,3208.3829787234044,6.0309102041764895,3195,3218,47
