test_name,machine,compiler,core_mean,core_std,core_min,core_max,mem_mean,mem_std,mem_min,mem_max,n_hashes
atmaero_control_p8_rad_micro_intel,acorn,intel,319.45652173913044,8.098577438151644,295,334,3119.5434782608695,6.679010311712601,3109,3130,46
atmaero_control_p8_rad_micro_intel,derecho,intel,291.6666666666667,17.536516523092775,283,360,1677.888888888889,0.7583952786594396,1677,1679,18
atmaero_control_p8_rad_micro_intel,gaeac6,intel,196.37777777777777,5.262599119726822,183,210,144531.8,944417.4850406853,1571,6339072,45
atmaero_control_p8_rad_micro_intel,hera,intel,282.025,12.073466351615428,263,305,1888.525,9.655574980555453,1851,1901,40
atmaero_control_p8_rad_micro_intel,hercules,intel,272.45652173913044,56.43234160252403,229,584,1808.5652173913043,9.408393826585606,1787,1825,46
atmaero_control_p8_rad_micro_intel,orion,intel,320.9111111111111,8.281475006472466,309,350,1780.3555555555556,8.037286843081873,1766,1797,45
atmaero_control_p8_rad_micro_intel,ursa,intel,346.0,300.7198308503559,189,1226,2414.1020408163267,10.534160498823224,2391,2438,49
atmaero_control_p8_rad_micro_intel,wcoss2,intel,337.9130434782609,33.69525260788496,310,535,3044.8695652173915,475.0281212118172,1685,3218,46
