test_name,machine,compiler,core_mean,core_std,core_min,core_max,mem_mean,mem_std,mem_min,mem_max,n_hashes
atmaero_control_p8_rad_intel,acorn,intel,310.8723404255319,7.775706374389511,292,334,3115.255319148936,4.608442560205587,3106,3120,47
atmaero_control_p8_rad_intel,derecho,intel,268.5,13.761863568895345,251,281,1688.0,32.403703492039284,1663,1733,10
atmaero_control_p8_rad_intel,gaeac6,intel,193.65217391304347,14.192670082051901,180,276,140183.8260869565,934330.7547273086,1557,6339352,46
atmaero_control_p8_rad_intel,hera,intel,283.2708333333333,13.146862069311526,261,303,1883.625,7.510630763663202,1866,1896,48
atmaero_control_p8_rad_intel,hercules,intel,268.0,54.48465635183707,224,546,196446.0,563564.6216591906,1777,1795280,46
atmaero_control_p8_rad_intel,orion,intel,340.17391304347825,114.105468628872,302,1087,40363.739130434784,261791.34522103964,1726,1777320,46
atmaero_control_p8_rad_intel,ursa,intel,433.44897959183675,379.42314006618926,186,1292,51269.489795918365,342071.1162387705,2385,2396900,49
atmaero_control_p8_rad_intel,wcoss2,intel,335.59574468085106,46.96328796284628,294,621,3201.6382978723404,7.9192268285178855,3182,3213,47
