test_name,machine,compiler,core_mean,core_std,core_min,core_max,mem_mean,mem_std,mem_min,mem_max,n_hashes
atmaero_control_p8_intel,acorn,intel,290.8,22.445489524623884,269,391,3228.4444444444443,1.6033424683164836,3225,3231,45
atmaero_control_p8_intel,derecho,intel,295.1521739130435,19.174018753748022,267,334,1896.5217391304348,1.1496691395504617,1894,1899,46
atmaero_control_p8_intel,gaeac6,intel,176.75,8.458911956591209,166,192,6338.8125,0.6410181396179284,6338,6342,48
atmaero_control_p8_intel,hera,intel,239.1,2.601281735350227,235,243,2100.1,9.314862675674084,2084,2115,10
atmaero_control_p8_intel,hercules,intel,238.875,37.450463736014726,207,363,43670.9375,288648.5611581983,1996,2001824,48
atmaero_control_p8_intel,orion,intel,291.4468085106383,32.09145119175775,261,387,44206.255319148935,289494.2850649754,1964,1986652,47
atmaero_control_p8_intel,ursa,intel,203.28,13.991309255887296,187,249,1999.08,14.965047713295963,1963,2031,50
atmaero_control_p8_intel,wcoss2,intel,301.81632653061223,16.814767157407292,276,350,2196.8571428571427,595.9685394381149,1844,3234,49
