test_name,machine,compiler,core_mean,core_std,core_min,core_max,mem_mean,mem_std,mem_min,mem_max,n_hashes
atmaero_control_p8_rad_micro_intel,acorn,intel,319.9782608695652,8.258299880012391,295,334,3118.608695652174,6.100922556355414,3109,3130,46
atmaero_control_p8_rad_micro_intel,derecho,intel,291.90909090909093,15.922159134839461,283,360,1678.0454545454545,0.785419070867953,1677,1679,22
atmaero_control_p8_rad_micro_intel,gaeac6,intel,196.95652173913044,5.240680709556438,183,210,141837.04347826086,934040.6198593044,1571,6339072,46
atmaero_control_p8_rad_micro_intel,hera,intel,279.9166666666667,10.776628150108658,263,305,1887.7222222222222,9.788071781834729,1851,1901,36
atmaero_control_p8_rad_micro_intel,hercules,intel,269.8695652173913,56.481898258803895,229,584,1808.0217391304348,9.348770876870045,1787,1825,46
atmaero_control_p8_rad_micro_intel,orion,intel,319.55555555555554,6.753973764841074,309,343,1779.2,7.521484379610779,1766,1797,45
atmaero_control_p8_rad_micro_intel,ursa,intel,360.7755102040816,310.62331591133835,189,1226,2413.061224489796,10.44311608043252,2391,2438,49
atmaero_control_p8_rad_micro_intel,wcoss2,intel,332.17391304347825,15.39885182996313,310,379,2914.086956521739,603.3880574108896,1685,3217,46
