test_name,machine,compiler,core_mean,core_std,core_min,core_max,mem_mean,mem_std,mem_min,mem_max,n_hashes
atmaero_control_p8_rad_micro_intel,acorn,intel,315.7291666666667,7.659619409836649,295,330,3116.9375,33.04246542370272,2989,3131,48
atmaero_control_p8_rad_micro_intel,derecho,intel,257.9166666666667,2.9063670960444243,255,266,727026.5833333334,896336.4714837288,1730,1747904,12
atmaero_control_p8_rad_micro_intel,gaeac6,intel,195.12765957446808,8.550659830315142,183,227,204530.70212765958,970767.8044099024,1571,6339072,47
atmaero_control_p8_rad_micro_intel,hera,intel,290.5416666666667,12.807840572939817,263,309,1889.8541666666667,9.547171984823697,1851,1907,48
atmaero_control_p8_rad_micro_intel,hercules,intel,272.4375,54.330316073816945,229,584,530897.8541666666,833253.6176746126,1794,1824268,48
atmaero_control_p8_rad_micro_intel,orion,intel,350.375,120.31883618297482,309,1114,75526.20833333333,357406.0706793098,1772,1784724,48
atmaero_control_p8_rad_micro_intel,ursa,intel,299.9795918367347,253.46042506637983,189,1226,51624.77551020408,344435.4703531965,2391,2413468,49
atmaero_control_p8_rad_micro_intel,wcoss2,intel,339.5833333333333,34.19520517174285,310,535,3203.2291666666665,32.573478040135655,3081,3219,48
