test_name,machine,compiler,core_mean,core_std,core_min,core_max,mem_mean,mem_std,mem_min,mem_max,n_hashes
atmaero_control_p8_rad_micro_intel,acorn,intel,310.93617021276594,6.970135845844635,296,324,3067.574468085106,63.230339677160885,2986,3131,47
atmaero_control_p8_rad_micro_intel,derecho,intel,258.9,3.516954011249122,253,266,292405.9666666667,659558.8203346799,1730,1747904,30
atmaero_control_p8_rad_micro_intel,gaeac6,intel,193.7391304347826,7.82427783705931,186,227,140414.04347826086,454770.8915768445,1585,1602580,46
atmaero_control_p8_rad_micro_intel,hera,intel,306.7083333333333,21.7949421551446,290,417,2272.9583333333335,566.7917159687321,1878,3127,48
atmaero_control_p8_rad_micro_intel,hercules,intel,287.55102040816325,55.69113530015714,249,584,1223272.4897959183,859341.0230941285,1804,1827048,49
atmaero_control_p8_rad_micro_intel,orion,intel,388.0208333333333,143.92085437036232,316,1114,112667.875,434008.78731223795,1774,1784724,48
atmaero_control_p8_rad_micro_intel,ursa,intel,311.1818181818182,297.41705298972164,195,1446,75484.84848484848,419709.08379861165,2414,2413468,33
atmaero_control_p8_rad_micro_intel,wcoss2,intel,332.7659574468085,34.87568778561775,309,535,3126.425531914894,92.15363935837549,3000,3219,47
