test_name,machine,compiler,core_mean,core_std,core_min,core_max,mem_mean,mem_std,mem_min,mem_max,n_hashes
atmaero_control_p8_intel,acorn,intel,267.6041666666667,5.110438143073858,255,277,3189.1875,63.46942847595064,3104,3242,48
atmaero_control_p8_intel,derecho,intel,252.1153846153846,6.69523366628483,242,265,379394.1923076923,787794.9233824253,1952,1970824,26
atmaero_control_p8_intel,gaeac6,intel,166.85106382978722,24.11744698021877,157,298,166806.48936170212,546393.937619739,1924,1942432,47
atmaero_control_p8_intel,hera,intel,261.9791666666667,36.130666872512634,244,422,2332.3958333333335,445.4507036070006,2075,3206,48
atmaero_control_p8_intel,hercules,intel,269.51020408163265,71.56265391511238,208,505,1152082.081632653,1006316.7895442153,2009,2026492,49
atmaero_control_p8_intel,orion,intel,335.6530612244898,141.3723733944637,260,1100,123005.69387755102,478810.25737381977,1976,1979884,49
atmaero_control_p8_intel,ursa,intel,191.52631578947367,20.60403639555788,181,310,55425.10526315789,329268.8245957873,1987,2031760,38
atmaero_control_p8_intel,wcoss2,intel,311.2916666666667,51.13809353045025,266,598,3183.625,64.25170748621096,3090,3242,48
