test_name,machine,compiler,core_mean,core_std,core_min,core_max,mem_mean,mem_std,mem_min,mem_max,n_hashes
atmaero_control_p8_rad_intel,acorn,intel,304.5625,6.998195056052167,290,317,3055.4375,62.46357449184192,2980,3121,48
atmaero_control_p8_rad_intel,derecho,intel,254.375,3.260219664081627,249,261,271738.25,635833.4903656621,1712,1734316,32
atmaero_control_p8_rad_intel,gaeac6,intel,193.4468085106383,15.155438843843854,183,276,135833.29787234042,444907.6643976089,1568,1584556,47
atmaero_control_p8_rad_intel,hera,intel,303.8979591836735,27.22303321481582,287,456,2301.6938775510203,579.1504627498811,1848,3104,49
atmaero_control_p8_rad_intel,hercules,intel,291.58,66.59812156448832,244,585,1256485.18,829745.5266060571,1786,1810936,50
atmaero_control_p8_rad_intel,orion,intel,382.57142857142856,154.28166881821488,313,1087,110109.44897959183,428644.7834281056,1755,1777320,49
atmaero_control_p8_rad_intel,ursa,intel,456.93548387096774,393.0691996314704,193,1179,79649.29032258065,430063.53077889886,2394,2396900,31
atmaero_control_p8_rad_intel,wcoss2,intel,326.8333333333333,47.25230303216946,301,621,3110.0833333333335,92.93462202877474,2992,3214,48
