test_name,machine,compiler,core_mean,core_std,core_min,core_max,mem_mean,mem_std,mem_min,mem_max,n_hashes
atmaero_control_p8_intel,acorn,intel,274.6304347826087,6.560347875776681,255,288,3231.9347826086955,5.7480515497302,3226,3241,46
atmaero_control_p8_intel,derecho,intel,282.05555555555554,10.479516278813088,267,314,1896.4444444444443,0.9217771979249272,1895,1898,18
atmaero_control_p8_intel,gaeac6,intel,166.57777777777778,5.678863878408675,155,180,144707.6222222222,944348.8005976368,1915,6338800,45
atmaero_control_p8_intel,hera,intel,241.575,7.964303372243436,228,259,2102.65,9.807244836448783,2065,2116,40
atmaero_control_p8_intel,hercules,intel,235.7173913043478,51.05276705678733,196,494,2010.6739130434783,4.9082893504586815,2001,2024,46
atmaero_control_p8_intel,orion,intel,280.64444444444445,27.79401141805677,255,343,1979.111111111111,6.087327455916607,1964,1991,45
atmaero_control_p8_intel,ursa,intel,191.26530612244898,7.639741242902368,180,216,2005.734693877551,16.47950180047435,1979,2040,49
atmaero_control_p8_intel,wcoss2,intel,311.17391304347825,49.20040846615721,264,598,3084.9347826086955,431.51899158277877,1859,3240,46
