test_name,machine,compiler,core_mean,core_std,core_min,core_max,mem_mean,mem_std,mem_min,mem_max,n_hashes
atmaero_control_p8_rad_micro_intel,acorn,intel,308.875,8.301819846633492,292,324,3056.5625,61.672748645831575,2986,3131,48
atmaero_control_p8_rad_micro_intel,derecho,intel,259.0857142857143,3.3375883206769603,253,266,251064.0285714286,617738.7610454517,1730,1747904,35
atmaero_control_p8_rad_micro_intel,gaeac6,intel,194.17021276595744,7.816702153878081,186,227,137462.82978723405,450255.3780499761,1593,1602580,47
atmaero_control_p8_rad_micro_intel,hera,intel,307.7142857142857,21.90985318678942,290,417,2387.387755102041,599.513859178367,1878,3127,49
atmaero_control_p8_rad_micro_intel,hercules,intel,288.56,54.98762755087245,249,584,1380210.9,782470.699187066,1806,1827048,50
atmaero_control_p8_rad_micro_intel,orion,intel,387.6530612244898,142.45767661256565,316,1114,110404.30612244898,429756.26657478797,1774,1784724,49
atmaero_control_p8_rad_micro_intel,ursa,intel,330.35714285714283,319.86967418873655,195,1446,88531.64285714286,455644.6974440773,2414,2413468,28
atmaero_control_p8_rad_micro_intel,wcoss2,intel,327.1041666666667,16.64426242376648,309,417,3107.1875,92.55674653847355,3000,3219,48
