test_name,machine,compiler,core_mean,core_std,core_min,core_max,mem_mean,mem_std,mem_min,mem_max,n_hashes
atmwav_control_noaero_p8_intel,acorn,intel,126.29787234042553,4.505623991032335,114,138,1874.9574468085107,5.175012904031428,1869,1886,47
atmwav_control_noaero_p8_intel,derecho,intel,158.0,10.640366126423848,140,189,1822.875,1.1909988500706667,1821,1825,24
atmwav_control_noaero_p8_intel,gaeac6,intel,79.17021276595744,4.044960089748673,73,92,139132.6170212766,924099.0565526289,1732,6339624,47
atmwav_control_noaero_p8_intel,hera,intel,109.94285714285714,3.316118009881763,105,121,2027.3714285714286,7.158235546170132,2004,2039,35
atmwav_control_noaero_p8_intel,hercules,intel,104.68085106382979,17.58100059349979,92,178,1941.5744680851064,6.223184843970197,1913,1952,47
atmwav_control_noaero_p8_intel,orion,intel,131.43478260869566,15.96197171601309,120,196,1907.3260869565217,5.1426510579059865,1899,1916,46
atmwav_control_noaero_p8_intel,ursa,intel,182.28571428571428,198.8782081241348,104,844,2694.1428571428573,6.782329983125241,2680,2711,49
