test_name,machine,compiler,core_mean,core_std,core_min,core_max,mem_mean,mem_std,mem_min,mem_max,n_hashes
atmwav_control_noaero_p8_intel,acorn,intel,127.40816326530613,4.4670943545876804,120,135,1883.3469387755101,3.058805733780204,1872,1886,49
atmwav_control_noaero_p8_intel,derecho,intel,134.85,7.603842518926308,124,147,468404.6,829060.845282902,1861,1871492,20
atmwav_control_noaero_p8_intel,gaeac6,intel,77.27083333333333,5.1725115646583975,72,108,147787.47916666666,489482.2698104683,1732,1758468,48
atmwav_control_noaero_p8_intel,hera,intel,123.28571428571429,28.788018340969565,105,280,2023.6326530612246,28.657237216765274,1899,2039,49
atmwav_control_noaero_p8_intel,hercules,intel,119.44897959183673,30.20489835032956,92,245,796151.7551020408,966265.0022342589,1936,1956900,49
atmwav_control_noaero_p8_intel,orion,intel,159.6530612244898,64.10653600986154,120,448,79640.5306122449,380704.68584729504,1906,1910984,49
atmwav_control_noaero_p8_intel,ursa,intel,123.71739130434783,46.24411700408954,104,400,61344.434782608696,397767.6118949439,2675,2700488,46
