test_name,machine,compiler,core_mean,core_std,core_min,core_max,mem_mean,mem_std,mem_min,mem_max,n_hashes
atmwav_control_noaero_p8_intel,acorn,intel,126.73333333333333,11.40852950447802,114,196,1872.3555555555556,1.568953843048407,1869,1875,45
atmwav_control_noaero_p8_intel,derecho,intel,158.58333333333334,11.218288639538564,140,194,1822.75,1.0790207200446589,1821,1825,36
atmwav_control_noaero_p8_intel,gaeac6,intel,80.68085106382979,3.81704633692144,75,92,140306.3829787234,923922.95700624,1733,6339624,47
atmwav_control_noaero_p8_intel,hera,intel,108.91304347826087,1.3454652280315145,107,112,2026.2608695652175,5.370097267650898,2017,2035,23
atmwav_control_noaero_p8_intel,hercules,intel,111.27659574468085,29.631579898641014,93,211,43256.95744680851,283255.8327062041,1913,1943844,47
atmwav_control_noaero_p8_intel,orion,intel,135.58695652173913,21.276566229807873,122,196,43390.0,281357.2727595053,1887,1910164,46
atmwav_control_noaero_p8_intel,ursa,intel,240.9591836734694,267.78006827616275,104,954,2693.8571428571427,7.8209121377666975,2680,2711,49
