test_name,machine,compiler,core_mean,core_std,core_min,core_max,mem_mean,mem_std,mem_min,mem_max,n_hashes
atmwav_control_noaero_p8_intel,acorn,intel,127.31914893617021,11.143542452486964,114,196,1874.212765957447,4.447452471641626,1869,1886,47
atmwav_control_noaero_p8_intel,derecho,intel,157.33333333333334,10.216878945383243,140,189,1822.8148148148148,1.1447887624104778,1821,1825,27
atmwav_control_noaero_p8_intel,gaeac6,intel,79.53191489361703,4.378063219942912,73,92,139425.97872340426,924055.1896403368,1732,6339624,47
atmwav_control_noaero_p8_intel,hera,intel,109.375,2.8483158578020196,105,121,2026.65625,7.041853563721919,2004,2039,32
atmwav_control_noaero_p8_intel,hercules,intel,103.87234042553192,17.65566422386705,92,178,1941.276595744681,6.1102270919855055,1913,1952,47
atmwav_control_noaero_p8_intel,orion,intel,132.54347826086956,17.631671656726937,120,196,1906.5869565217392,5.663042319211376,1887,1916,46
atmwav_control_noaero_p8_intel,ursa,intel,197.28571428571428,221.04024897440434,104,861,2694.0,7.103402940375354,2680,2711,49
