test_name,machine,compiler,core_mean,core_std,core_min,core_max,mem_mean,mem_std,mem_min,mem_max,n_hashes
atmwav_control_noaero_p8_intel,acorn,intel,126.74468085106383,4.692584738325404,117,135,1883.1063829787233,2.3241084550873095,1878,1886,47
atmwav_control_noaero_p8_intel,derecho,intel,133.25,7.336489219924886,124,147,335110.71428571426,727838.0980018004,1861,1871492,28
atmwav_control_noaero_p8_intel,gaeac6,intel,77.30434782608695,5.159110884713854,72,108,154140.19565217392,499250.81251360435,1738,1758468,46
atmwav_control_noaero_p8_intel,hera,intel,126.8125,28.389132060507524,115,280,2002.0833333333333,49.36310679097041,1899,2039,48
atmwav_control_noaero_p8_intel,hercules,intel,128.55102040816325,34.96251637139993,96,245,1233760.9795918367,948380.5574258654,1941,1961364,49
atmwav_control_noaero_p8_intel,orion,intel,179.77083333333334,90.34784778449777,127,597,120839.5,465476.3401753776,1905,1910984,48
atmwav_control_noaero_p8_intel,ursa,intel,127.54285714285714,52.484363417701324,106,400,79777.17142857143,456009.8338963166,2675,2700488,35
