test_name,machine,compiler,core_mean,core_std,core_min,core_max,mem_mean,mem_std,mem_min,mem_max,n_hashes
atmwav_control_noaero_p8_intel,acorn,intel,125.52083333333333,5.653052586532289,109,135,1882.625,2.548466372362525,1877,1886,48
atmwav_control_noaero_p8_intel,derecho,intel,133.5625,6.946512236947727,124,147,293456.0625,688426.6461241444,1861,1871492,32
atmwav_control_noaero_p8_intel,gaeac6,intel,77.25531914893617,5.202290821093534,72,108,150898.55319148937,494294.1970137522,1738,1758468,47
atmwav_control_noaero_p8_intel,hera,intel,127.38775510204081,28.011765628132803,115,280,1993.0204081632653,53.71936716085993,1899,2039,49
atmwav_control_noaero_p8_intel,hercules,intel,131.22,36.23297066575285,96,245,1364898.66,901331.1167929173,1941,1961364,50
atmwav_control_noaero_p8_intel,orion,intel,183.77551020408163,89.55730598014753,127,597,118412.36734693877,460915.34973272175,1905,1910984,49
atmwav_control_noaero_p8_intel,ursa,intel,129.03225806451613,55.56406744828757,106,400,89723.48387096774,484537.38781445764,2675,2700488,31
