test_name,machine,compiler,core_mean,core_std,core_min,core_max,mem_mean,mem_std,mem_min,mem_max,n_hashes
atmwav_control_noaero_p8_intel,acorn,intel,127.20833333333333,4.589341645333093,120,135,1883.5416666666667,2.02072594216375,1878,1886,48
atmwav_control_noaero_p8_intel,derecho,intel,133.8695652173913,7.5876954689579,124,147,407553.47826086957,787033.1959722866,1861,1871492,23
atmwav_control_noaero_p8_intel,gaeac6,intel,77.36170212765957,5.189561143860328,72,108,150896.04255319148,494294.9710414058,1733,1758468,47
atmwav_control_noaero_p8_intel,hera,intel,125.125,28.801318675484435,106,280,2016.5625,37.54594702891195,1899,2039,48
atmwav_control_noaero_p8_intel,hercules,intel,124.71428571428571,34.80361571254726,92,245,995336.9795918367,983414.8483089316,1941,1961364,49
atmwav_control_noaero_p8_intel,orion,intel,170.0408163265306,88.89646580518858,120,597,118412.51020408163,460915.3128714429,1905,1910984,49
atmwav_control_noaero_p8_intel,ursa,intel,124.8780487804878,48.8667551214275,104,400,68496.75609756098,421324.1732294611,2675,2700488,41
