test_name,machine,compiler,core_mean,core_std,core_min,core_max,mem_mean,mem_std,mem_min,mem_max,n_hashes
control_ras_gnu,derecho,gnu,239.05555555555554,2.2353371168894824,236,244,614.2222222222222,1.6996731711975952,612,618,18
control_ras_gnu,hera,gnu,286.275,3.8695888604240523,280,298,607.95,4.044305905394693,601,617,40
control_ras_gnu,hercules,gnu,230.93478260869566,17.110623306931014,218,287,594.0434782608696,4.647372121193862,587,613,46
control_ras_gnu,ursa,gnu,235.0,200.06686382307288,185,1350,516.2244897959183,5.075534890212908,512,545,49
