test_name,machine,compiler,core_mean,core_std,core_min,core_max,mem_mean,mem_std,mem_min,mem_max,n_hashes
control_noqr_p8_intel,acorn,intel,178.0,5.081557066709204,165,188,1854.695652173913,2.8352508430462695,1850,1860,46
control_noqr_p8_intel,derecho,intel,203.16666666666666,7.950212723754073,194,227,1801.4444444444443,1.0416176459053663,1800,1803,18
control_noqr_p8_intel,gaeac6,intel,114.33333333333333,4.9817850032073645,107,141,144579.44444444444,944291.7636441891,1698,6338296,45
control_noqr_p8_intel,hera,intel,165.8,6.9141252668090925,157,179,2007.875,7.639933883456708,1977,2018,40
control_noqr_p8_intel,hercules,intel,181.93478260869566,61.58369270942973,135,505,1900.8695652173913,4.261500495533315,1893,1912,46
control_noqr_p8_intel,orion,intel,199.73333333333332,29.22670012163535,174,313,1880.1555555555556,5.88895559329478,1871,1894,45
control_noqr_p8_intel,ursa,intel,168.6530612244898,147.37756938959086,118,760,2505.714285714286,6.925195544772269,2493,2525,49
control_noqr_p8_intel,wcoss2,intel,218.02173913043478,51.851706981624176,179,405,1846.2173913043478,33.328608360771675,1748,1865,46
