test_name,machine,compiler,core_mean,core_std,core_min,core_max,mem_mean,mem_std,mem_min,mem_max,n_hashes
control_csawmg_intel,acorn,intel,397.375,8.84048954069563,378,421,961.4583333333334,2.3334599762997423,957,968,48
control_csawmg_intel,derecho,intel,373.3888888888889,10.971293499207448,341,394,265432.8333333333,438828.54669372126,945,954660,18
control_csawmg_intel,gaeac6,intel,247.59574468085106,4.924029696816829,237,267,70720.82978723405,231657.91992057365,814,823776,47
control_csawmg_intel,hera,intel,372.0833333333333,25.28798666370152,337,491,1157.4583333333333,16.32118885601648,1049,1165,48
control_csawmg_intel,hercules,intel,353.1666666666667,34.53972941123623,308,420,426356.6666666667,530978.9128361031,1066,1083784,48
control_csawmg_intel,orion,intel,432.125,111.4255070305775,366,847,44572.104166666664,210965.19738434217,1038,1048264,48
control_csawmg_intel,ursa,intel,306.51063829787233,138.0069110336942,252,958,39306.46808510638,257350.17736833845,1735,1766072,47
control_csawmg_intel,wcoss2,intel,443.875,54.11910623406919,400,753,958.0208333333334,2.637613229057524,950,961,48
