test_name,machine,compiler,core_mean,core_std,core_min,core_max,mem_mean,mem_std,mem_min,mem_max,n_hashes
control_csawmg_gnu,derecho,gnu,498.1794871794872,83.54068400450538,470,1003,853.1538461538462,4.4635274081243175,849,878,39
control_csawmg_gnu,hera,gnu,510.95238095238096,5.370997956396829,502,525,849.2857142857143,5.496752287877422,843,860,21
control_csawmg_gnu,hercules,gnu,428.8541666666667,37.04280995690725,398,564,18149.375,119962.66828522822,827,831960,48
control_csawmg_gnu,ursa,gnu,432.58,218.3978853526989,337,1206,753.94,5.1405153398452095,749,778,50
