test_name,machine,compiler,core_mean,core_std,core_min,core_max,mem_mean,mem_std,mem_min,mem_max,n_hashes
control_decomp_p8_intel,acorn,intel,185.85416666666666,4.757925452329941,177,194,1859.1041666666667,5.328524538637789,1846,1864,48
control_decomp_p8_intel,derecho,intel,184.34615384615384,8.428249202259302,167,202,356791.07692307694,741824.27847748,1837,1848960,26
control_decomp_p8_intel,gaeac6,intel,118.08510638297872,2.8954971581378666,114,128,147823.95744680852,484213.9185026081,1708,1719580,47
control_decomp_p8_intel,hera,intel,191.4375,34.488916659420106,179,359,1976.1458333333333,51.55042546136957,1868,2017,48
control_decomp_p8_intel,hercules,intel,201.0204081632653,57.22815805903534,148,474,1086987.4285714286,949466.3128845944,1890,1913652,49
control_decomp_p8_intel,orion,intel,227.59183673469389,89.45085204721525,189,734,116623.42857142857,453977.0535132164,1870,1883440,49
control_decomp_p8_intel,ursa,intel,153.10526315789474,101.6288396698082,128,762,68678.15789473684,407873.924280433,2495,2516816,38
control_decomp_p8_intel,wcoss2,intel,241.5,130.77461527376025,186,1073,1852.1666666666667,4.8524323066664055,1839,1862,48
