test_name,machine,compiler,core_mean,core_std,core_min,core_max,mem_mean,mem_std,mem_min,mem_max,n_hashes
control_wam_debug_gnu,derecho,gnu,377.7837837837838,6.133401879757972,364,389,1403.7837837837837,0.8542421961772403,1402,1405,37
control_wam_debug_gnu,hera,gnu,391.54545454545456,6.70271638415403,382,404,1398.3181818181818,2.1905938233048805,1395,1402,22
control_wam_debug_gnu,hercules,gnu,324.06382978723406,22.282186544138547,290,408,30767.59574468085,201462.71092088954,1377,1382540,47
control_wam_debug_gnu,ursa,gnu,309.3469387755102,118.0066295843176,269,800,1304.408163265306,1.256953448934824,1301,1309,49
