test_name,machine,compiler,core_mean,core_std,core_min,core_max,mem_mean,mem_std,mem_min,mem_max,n_hashes
control_iovr5_intel,acorn,intel,158.16129032258064,5.532309790033745,149,169,632.1290322580645,2.186960378910614,628,637,31
control_iovr5_intel,derecho,intel,146.0,2.738612787525826,144,152,577.4444444444445,0.527046276694734,577,578,9
control_iovr5_intel,gaeac6,intel,103.80645161290323,3.8420424675660043,96,114,207047.67741935485,1138177.8358350503,468,6339712,31
control_iovr5_intel,hera,intel,144.34375,3.6421313770568378,140,153,780.4375,3.202191789706639,774,789,32
control_iovr5_intel,hercules,intel,132.73333333333332,29.762199276046896,120,285,675.9666666666667,2.4138013136149126,672,680,30
control_iovr5_intel,orion,intel,160.0,2.936101097573518,155,167,653.6333333333333,4.604969829047487,647,666,30
control_iovr5_intel,ursa,intel,165.6875,149.60602831997585,99,579,1298.40625,8.123480006706204,1286,1320,32
control_iovr5_intel,wcoss2,intel,177.0,47.3898723357639,157,393,636.1612903225806,2.2225626979315183,631,642,31
