test_name,machine,compiler,core_mean,core_std,core_min,core_max,mem_mean,mem_std,mem_min,mem_max,n_hashes
control_c384gdas_intel,acorn,intel,573.0851063829788,16.132373322303675,523,603,1143.7659574468084,16.115362325052224,1128,1179,47
control_c384gdas_intel,derecho,intel,504.0416666666667,10.502501427368832,494,528,1119.625,5.071767550564258,1115,1132,24
control_c384gdas_intel,gaeac6,intel,636.0,56.439656117030836,573,983,138898.8510638298,924213.931729153,1142,6340156,47
control_c384gdas_intel,hera,intel,508.2,25.999773754671743,469,633,1371.2571428571428,19.82473626728037,1343,1409,35
control_c384gdas_intel,hercules,intel,497.8085106382979,67.60101565286425,422,782,1490.2978723404256,18.292211330909396,1471,1533,47
control_c384gdas_intel,orion,intel,674.7826086956521,176.52232002950515,587,1486,1310.8695652173913,17.50505793021255,1291,1351,46
control_c384gdas_intel,ursa,intel,387.3061224489796,29.421650249456793,348,541,1904.795918367347,24.52293109846086,1853,1958,49
control_c384gdas_intel,wcoss2,intel,607.5531914893617,111.37945492200707,528,1154,1123.3829787234042,50.04760915606909,1030,1188,47
