test_name,machine,compiler,core_mean,core_std,core_min,core_max,mem_mean,mem_std,mem_min,mem_max,n_hashes
control_p8_mynn_intel,acorn,intel,190.36170212765958,7.0907948040273725,178,205,1871.2553191489362,2.5235248390535787,1868,1875,47
control_p8_mynn_intel,derecho,intel,208.0909090909091,9.137335995294753,195,227,1812.0,0.8944271909999043,1811,1814,11
control_p8_mynn_intel,gaeac6,intel,120.3913043478261,3.4735717184321646,114,133,140777.54347826086,934082.6839017747,1706,6338296,46
control_p8_mynn_intel,hera,intel,179.10416666666666,9.074724269495805,168,195,2020.5833333333333,7.240057991225786,1995,2035,48
control_p8_mynn_intel,hercules,intel,167.02173913043478,33.42619673279214,144,306,43542.84782608696,282334.40337797755,1907,1916800,46
control_p8_mynn_intel,orion,intel,208.58695652173913,23.493333415585056,187,270,1894.6521739130435,5.835589625752733,1883,1906,46
control_p8_mynn_intel,ursa,intel,145.6530612244898,69.16693303776263,126,595,2525.714285714286,9.658761135190417,2512,2547,49
control_p8_mynn_intel,wcoss2,intel,230.5744680851064,49.547405793911835,192,441,1872.936170212766,5.214545940127611,1857,1880,47
