test_name,machine,compiler,core_mean,core_std,core_min,core_max,mem_mean,mem_std,mem_min,mem_max,n_hashes
control_p8_ugwpv1_tempo_intel,acorn,intel,178.15217391304347,4.699727610567073,168,187,1876.7826086956522,1.8963478757074848,1872,1880,46
control_p8_ugwpv1_tempo_intel,derecho,intel,200.1875,8.026778100001684,188,216,1827.875,1.3102162671356279,1826,1830,16
control_p8_ugwpv1_tempo_intel,gaeac6,intel,114.33333333333333,4.405574980532159,105,127,3677.6666666666665,2300.5708184946384,1724,6342,45
control_p8_ugwpv1_tempo_intel,hera,intel,166.73809523809524,8.106184100650278,156,197,2031.2142857142858,5.8080504024458515,2009,2042,42
control_p8_ugwpv1_tempo_intel,hercules,intel,166.80434782608697,31.540182177461176,134,280,1925.695652173913,4.283661804356957,1917,1934,46
control_p8_ugwpv1_tempo_intel,orion,intel,202.11111111111111,33.05864088818138,173,331,1903.5333333333333,5.025390079839104,1895,1915,45
control_p8_ugwpv1_tempo_intel,ursa,intel,125.6938775510204,5.3471335063465455,119,142,2529.387755102041,9.759218561891858,2515,2554,49
control_p8_ugwpv1_tempo_intel,wcoss2,intel,217.52173913043478,54.133883055679554,175,477,1874.7173913043478,24.334395450316197,1783,1885,46
