test_name,machine,compiler,core_mean,core_std,core_min,core_max,mem_mean,mem_std,mem_min,mem_max,n_hashes
control_debug_p8_intel,acorn,intel,189.7111111111111,7.584740129251808,176,208,1896.1777777777777,2.525226262489753,1891,1902,45
control_debug_p8_intel,derecho,intel,209.7826086956522,10.91769825859373,186,244,1837.1521739130435,4.200356552613413,1829,1843,46
control_debug_p8_intel,gaeac6,intel,118.63829787234043,2.599544541335401,115,131,6338.765957446809,0.4279763279439128,6338,6339,47
control_debug_p8_intel,hera,intel,159.5,1.7728105208558385,157,162,2038.875,10.31555690623218,2024,2057,8
control_debug_p8_intel,hercules,intel,177.85106382978722,31.22845603347959,134,240,42933.55319148936,281075.0495802028,1926,1928888,47
control_debug_p8_intel,orion,intel,204.02173913043478,36.21140957729868,161,322,43422.108695652176,281536.91275577806,1893,1911388,46
control_debug_p8_intel,ursa,intel,146.34,70.87632516847748,120,485,2544.32,9.470555874468392,2528,2563,50
control_debug_p8_intel,wcoss2,intel,200.3265306122449,7.160038859013613,192,221,1822.2244897959183,38.232438945941134,1797,1901,49
