test_name,machine,compiler,core_mean,core_std,core_min,core_max,mem_mean,mem_std,mem_min,mem_max,n_hashes
control_p8_ugwpv1_tempo_intel,acorn,intel,179.70212765957447,4.106807146661559,171,187,1877.4468085106382,1.8034810619455268,1873,1881,47
control_p8_ugwpv1_tempo_intel,derecho,intel,193.7,12.365273955719696,177,216,1847.1,21.501679520963553,1826,1872,10
control_p8_ugwpv1_tempo_intel,gaeac6,intel,113.95652173913044,3.5336887980889258,105,124,2536.9347826086955,1763.7952060785026,1724,6342,46
control_p8_ugwpv1_tempo_intel,hera,intel,169.64583333333334,8.438739402009958,156,197,2032.5,6.506952092332845,2009,2044,48
control_p8_ugwpv1_tempo_intel,hercules,intel,168.47826086956522,33.7525236129322,134,280,253508.8260869565,656762.956495748,1917,1935912,46
control_p8_ugwpv1_tempo_intel,orion,intel,218.3913043478261,76.67463096628784,173,624,1904.8260869565217,5.55099329580276,1895,1918,46
control_p8_ugwpv1_tempo_intel,ursa,intel,138.24489795918367,69.98884750808662,119,616,54086.34693877551,360881.1578902252,2515,2528700,49
control_p8_ugwpv1_tempo_intel,wcoss2,intel,230.08510638297872,65.05644030787356,175,488,1880.212765957447,4.075036250640451,1868,1885,47
