test_name,machine,compiler,core_mean,core_std,core_min,core_max,mem_mean,mem_std,mem_min,mem_max,n_hashes
control_wam_debug_gnu,hera,gnu,397.15555555555557,22.694568388568975,379,515,1399.0444444444445,5.6606920375017244,1382,1408,45
control_wam_debug_gnu,hercules,gnu,333.2857142857143,55.0412723932384,293,670,916519.2653061225,675107.2403093568,1383,1556080,49
control_wam_debug_gnu,ursa,gnu,336.05882352941177,195.17621271736778,264,952,39822.32352941176,224571.81058111464,1297,1310776,34
