test_name,machine,compiler,core_mean,core_std,core_min,core_max,mem_mean,mem_std,mem_min,mem_max,n_hashes
control_csawmg_debug_intel,acorn,intel,291.5777777777778,6.1735833446331325,281,303,1108.4666666666667,2.331601088600651,1105,1115,45
control_csawmg_debug_intel,derecho,intel,302.69444444444446,9.791598277370092,286,330,1048.7222222222222,1.8763355032175886,1045,1053,36
control_csawmg_debug_intel,gaeac6,intel,178.0212765957447,3.6205293974063797,172,193,140168.40425531915,923915.5170784699,947,6339432,47
control_csawmg_debug_intel,hera,intel,257.2173913043478,3.3838724688403197,251,264,1259.3478260869565,4.184481021933906,1249,1267,23
control_csawmg_debug_intel,hercules,intel,273.97872340425533,35.58485838332033,212,351,25683.191489361703,168152.03975629213,1147,1153948,47
control_csawmg_debug_intel,orion,intel,301.4347826086956,30.224825832721642,251,378,25825.630434782608,167470.85487044652,1126,1136976,46
control_csawmg_debug_intel,ursa,intel,219.42857142857142,97.93216189451418,180,548,1787.9591836734694,6.0997239817110955,1775,1799,49
control_csawmg_debug_intel,wcoss2,intel,305.4468085106383,22.865208534629613,293,451,1063.1063829787233,46.94086661291923,1013,1111,47
