test_name,machine,compiler,core_mean,core_std,core_min,core_max,mem_mean,mem_std,mem_min,mem_max,n_hashes
control_wam_debug_intel,acorn,intel,881.8913043478261,11.58970474337666,863,906,1695.9782608695652,2.1027931734801526,1691,1701,46
control_wam_debug_intel,derecho,intel,766.0,13.775985546514544,754,794,1629.157894736842,2.0619073665672043,1623,1631,19
control_wam_debug_intel,gaeac6,intel,531.8913043478261,11.09600180419262,509,553,141502.04347826086,934112.8826330232,1521,6339216,46
control_wam_debug_intel,hera,intel,811.1025641025641,19.713467039717962,785,905,1814.4615384615386,5.245781030836259,1803,1824,39
control_wam_debug_intel,orion,intel,806.0222222222222,19.32201863264822,772,863,1698.5777777777778,4.938203983824362,1685,1708,45
control_wam_debug_intel,ursa,intel,592.7551020408164,186.87445993369505,538,1628,2298.734693877551,10.162790607169379,2277,2317,49
control_wam_debug_intel,wcoss2,intel,884.2173913043479,27.02501971916497,857,995,1689.9347826086957,35.71268195156878,1594,1710,46
