test_name,machine,compiler,core_mean,core_std,core_min,core_max,mem_mean,mem_std,mem_min,mem_max,n_hashes
control_noqr_p8_intel,acorn,intel,179.74468085106383,5.252196580257512,169,191,1856.340425531915,2.815149974726568,1851,1860,47
control_noqr_p8_intel,derecho,intel,191.5,12.186057606953936,178,210,1821.6,22.64803155537653,1800,1851,10
control_noqr_p8_intel,gaeac6,intel,114.02173913043478,4.950820943977239,107,141,140169.02173913043,934173.5585869703,1698,6338296,46
control_noqr_p8_intel,hera,intel,171.79166666666666,19.75698996513055,157,296,2008.9583333333333,7.333857170200992,1977,2020,48
control_noqr_p8_intel,hercules,intel,185.7173913043478,61.42119179837174,135,505,250361.23913043478,648613.0598790754,1893,1911580,46
control_noqr_p8_intel,orion,intel,213.1304347826087,60.45920891004931,174,509,42864.02173913043,277968.2145551889,1864,1887152,46
control_noqr_p8_intel,ursa,intel,193.44897959183675,183.30178454583327,118,797,53696.0,358316.5834633297,2493,2510724,49
control_noqr_p8_intel,wcoss2,intel,225.7872340425532,50.14151112437017,187,405,1857.4893617021276,5.472748059508013,1845,1865,47
