test_name,machine,compiler,core_mean,core_std,core_min,core_max,mem_mean,mem_std,mem_min,mem_max,n_hashes
control_ras_debug_intel,acorn,intel,193.4102564102564,4.52314485797302,187,206,825.0512820512821,3.0860357635878284,819,833,39
control_ras_debug_intel,derecho,intel,176.7,4.0012928945012485,170,186,755.6333333333333,1.325696520463039,753,758,30
control_ras_debug_intel,gaeac6,intel,119.95,3.396453655785316,116,138,163648.325,1001372.7372131535,648,6338540,40
control_ras_debug_intel,hera,intel,164.0,2.4299715851758266,160,170,957.0454545454545,5.232474355291937,937,963,22
control_ras_debug_intel,hercules,intel,149.375,8.104090451820124,135,166,856.9,4.759875025293243,849,874,40
control_ras_debug_intel,orion,intel,168.05128205128204,7.082033301355724,162,208,831.1025641025641,4.109007254895369,823,844,39
control_ras_debug_intel,ursa,intel,153.1904761904762,90.34709170889518,117,464,1481.7380952380952,7.673392494910745,1454,1499,42
control_ras_debug_intel,wcoss2,intel,199.8,10.607689518602857,192,257,788.5,48.681592372245,728,838,40
