test_name,machine,compiler,core_mean,core_std,core_min,core_max,mem_mean,mem_std,mem_min,mem_max,n_hashes
control_stochy_gnu,derecho,gnu,159.08695652173913,2.8906281714008912,154,166,605.7391304347826,1.0538842141140994,604,609,23
control_stochy_gnu,hera,gnu,175.0,6.370889678382273,168,192,601.0285714285715,2.9752480300533435,593,606,35
control_stochy_gnu,hercules,gnu,143.04347826086956,9.964284044613487,133,174,586.804347826087,2.6214462947633597,583,593,46
control_stochy_gnu,ursa,gnu,200.22448979591837,274.2536284556477,117,1497,509.9591836734694,2.992763380733787,506,517,49
