test_name,machine,compiler,core_mean,core_std,core_min,core_max,mem_mean,mem_std,mem_min,mem_max,n_hashes
control_p8.v2.sfc_intel,acorn,intel,189.97826086956522,5.343694645445991,179,200,1858.6521739130435,2.734287567615327,1854,1863,46
control_p8.v2.sfc_intel,derecho,intel,211.84615384615384,7.312616424670379,203,230,1809.2307692307693,1.300887271176014,1808,1812,13
control_p8.v2.sfc_intel,gaeac6,intel,120.13333333333334,2.7846984494816396,112,125,144097.73333333334,944563.7406252301,1694,6339600,45
control_p8.v2.sfc_intel,hera,intel,180.55555555555554,13.339203253356002,168,250,2012.2444444444445,5.117508074140119,1998,2025,45
control_p8.v2.sfc_intel,hercules,intel,178.3695652173913,36.40717798313476,146,305,1908.3695652173913,6.311748113732673,1895,1920,46
control_p8.v2.sfc_intel,orion,intel,222.46666666666667,48.171379658276535,189,492,1884.2666666666667,3.9219661117631377,1875,1891,45
control_p8.v2.sfc_intel,ursa,intel,154.24489795918367,97.9454632717116,125,678,2519.8979591836733,9.122419493476752,2504,2546,49
control_p8.v2.sfc_intel,wcoss2,intel,231.91304347826087,50.66352011587233,194,464,1861.4347826086957,3.8160606442481493,1850,1867,46
