test_name,machine,compiler,core_mean,core_std,core_min,core_max,mem_mean,mem_std,mem_min,mem_max,n_hashes
control_flake_gnu,derecho,gnu,305.77777777777777,2.279132388529559,302,310,652.4444444444445,1.7400510848184347,651,656,9
control_flake_gnu,hera,gnu,334.63829787234044,16.565319367142592,322,438,649.6808510638298,3.884788523026698,640,657,47
control_flake_gnu,hercules,gnu,275.26666666666665,16.12226016187782,261,316,28982.333333333332,132927.78295033326,627,638932,45
control_flake_gnu,ursa,gnu,250.77083333333334,44.54079630474733,237,552,556.75,3.2321523031315396,551,562,48
