test_name,machine,compiler,core_mean,core_std,core_min,core_max,mem_mean,mem_std,mem_min,mem_max,n_hashes
control_ras_gnu,derecho,gnu,239.66666666666666,2.7957274463049915,236,248,614.7666666666667,1.8134237638033026,612,618,30
control_ras_gnu,hera,gnu,287.64285714285717,3.519409522383451,282,298,606.5714285714286,3.9480756815569884,601,617,28
control_ras_gnu,hercules,gnu,234.67391304347825,21.73073026111087,221,305,593.0652173913044,4.127965191030276,587,613,46
control_ras_gnu,ursa,gnu,224.875,127.82561675138649,187,842,514.6458333333334,3.981283783828507,511,539,48
