test_name,machine,compiler,core_mean,core_std,core_min,core_max,mem_mean,mem_std,mem_min,mem_max,n_hashes
control_iovr5_intel,acorn,intel,161.27083333333334,5.963504550582874,149,173,631.7083333333334,2.296698215925527,626,638,48
control_iovr5_intel,derecho,intel,128.7391304347826,1.7892962380969761,126,133,133393.21739130435,257596.03849614057,609,613432,23
control_iovr5_intel,gaeac6,intel,103.85106382978724,4.159738303872823,96,115,42153.82978723404,138096.11907532392,473,492316,47
control_iovr5_intel,hera,intel,155.29166666666666,22.355882022253287,140,263,767.7291666666666,42.041387704758804,663,793,48
control_iovr5_intel,hercules,intel,148.16326530612244,69.86246814837214,120,559,346348.14285714284,342204.4218376642,669,687220,49
control_iovr5_intel,orion,intel,193.69387755102042,113.80524374298996,155,856,40662.204081632655,158289.07173862052,643,657868,49
control_iovr5_intel,ursa,intel,144.4390243902439,122.34664866282355,99,661,32870.34146341463,202123.8465307359,1294,1295528,41
control_iovr5_intel,wcoss2,intel,180.60416666666666,38.232624802526686,157,371,635.3541666666666,5.175595693264852,613,640,48
