test_name,machine,compiler,core_mean,core_std,core_min,core_max,mem_mean,mem_std,mem_min,mem_max,n_hashes
control_gfs_mpas_gnu,derecho,gnu,68.0,,68,68,6358.0,,6358,6358,1
control_gfs_mpas_gnu,hera,gnu,47.0,4.074309757492673,38,55,6357.487804878048,15.079989972177035,6332,6388,41
control_gfs_mpas_gnu,hercules,gnu,40.02564102564103,12.280680547504343,34,101,662654.2307692308,1966549.5424666961,6399,6409672,39
