test_name,machine,compiler,core_mean,core_std,core_min,core_max,mem_mean,mem_std,mem_min,mem_max,n_hashes
control_stochy_restart_intel,acorn,intel,72.52083333333333,4.181975423136334,65,82,401.2916666666667,1.761990331720928,398,405,48
control_stochy_restart_intel,derecho,intel,55.0,1.4605934866804418,53,57,133089.0625,203236.76808572107,417,428480,16
control_stochy_restart_intel,gaeac6,intel,42.40425531914894,3.173665926283967,40,60,25157.191489361703,82430.85115934348,275,295704,47
control_stochy_restart_intel,hera,intel,64.83333333333333,26.971484810959172,55,208,629.3125,3.4093504092078657,616,635,48
control_stochy_restart_intel,hercules,intel,55.625,12.827206790355929,48,118,208841.29166666666,271788.6338755829,538,565680,48
control_stochy_restart_intel,orion,intel,73.47916666666667,35.551574513017144,64,293,20871.1875,98797.97244208114,479,489904,48
control_stochy_restart_intel,ursa,intel,62.55102040816327,70.50445057597719,40,425,25663.877551020407,171166.35189921144,1187,1199376,49
control_stochy_restart_intel,wcoss2,intel,86.35416666666667,17.118472768593527,71,171,406.0,3.4394457742552915,390,415,48
