test_name,machine,compiler,core_mean,core_std,core_min,core_max,mem_mean,mem_std,mem_min,mem_max,n_hashes
control_flake_intel,acorn,intel,241.35416666666666,6.954225971684281,222,253,679.7708333333334,2.460233368392178,674,684,48
control_flake_intel,derecho,intel,206.7741935483871,2.7167342824226104,203,213,106853.0,246156.60416883664,657,662104,31
control_flake_intel,gaeac6,intel,152.89361702127658,3.421378075731372,149,163,46286.36170212766,151628.82987032706,523,539472,47
control_flake_intel,hera,intel,210.44897959183675,27.668469738803307,197,370,790.7551020408164,55.71636900866924,701,837,49
control_flake_intel,hercules,intel,201.44,77.33446046563073,167,688,494185.46,341965.35616687126,719,735324,50
control_flake_intel,orion,intel,251.89795918367346,73.63514924329029,219,573,43676.5306122449,170038.24768368315,691,705928,49
control_flake_intel,ursa,intel,170.03125,39.77718942292299,150,365,43833.96875,240321.7871715371,1339,1360816,32
control_flake_intel,wcoss2,intel,259.3333333333333,41.78940786765324,234,464,684.9166666666666,3.6427329776006587,677,690,48
