test_name,machine,compiler,core_mean,core_std,core_min,core_max,mem_mean,mem_std,mem_min,mem_max,n_hashes
control_c48_lnd_iau_intel,acorn,intel,397.468085106383,12.454876928213642,375,420,1595.5531914893618,3.7463519103852687,1589,1601,47
control_c48_lnd_iau_intel,derecho,intel,338.2,3.3598941782277767,334,344,1555.0,0.6666666666666604,1554,1556,10
control_c48_lnd_iau_intel,gaeac6,intel,274.3695652173913,10.971394514123622,258,293,140547.80434782608,933972.6542916342,1556,6337336,46
control_c48_lnd_iau_intel,hera,intel,418.7291666666667,26.402562402510114,381,492,1722.2916666666667,5.7425560819734365,1701,1731,48
control_c48_lnd_iau_intel,hercules,intel,369.67391304347825,32.44965628842182,333,425,75826.0,351458.93763523625,1701,1710712,46
control_c48_lnd_iau_intel,orion,intel,538.6304347826087,19.874448918316208,507,563,38743.54347826087,251156.0782779157,1703,1705136,46
control_c48_lnd_iau_intel,ursa,intel,289.18367346938777,75.64326183623024,256,800,1669.4897959183672,2.7622639339527963,1664,1675,49
control_c48_lnd_iau_intel,wcoss2,intel,410.8510638297872,19.92265339780022,386,496,1597.6170212765958,4.00843236998642,1585,1605,47
