test_name,machine,compiler,core_mean,core_std,core_min,core_max,mem_mean,mem_std,mem_min,mem_max,n_hashes
control_wam_intel,acorn,intel,746.8510638297872,13.90648694956584,696,768,1660.2340425531916,8.241498296551633,1649,1668,47
control_wam_intel,derecho,intel,650.7,19.69235610303873,621,667,1609.5,22.667892123736003,1595,1643,10
control_wam_intel,gaeac6,intel,456.2826086956522,8.578171375916288,431,472,140239.5652173913,934379.2499957188,1497,6339728,46
control_wam_intel,hera,intel,665.625,26.984333516304435,617,705,1791.4791666666667,5.3673147267405525,1770,1801,48
control_wam_intel,hercules,intel,660.3913043478261,100.32535477930892,552,915,148150.76086956522,479854.0894102514,1674,1695596,46
control_wam_intel,orion,intel,768.5652173913044,40.29372830928902,728,1011,38118.065217391304,247184.56867265105,1662,1678160,46
control_wam_intel,ursa,intel,493.6938775510204,54.84911275552254,455,863,51613.91836734694,344397.97046808345,2390,2413200,49
control_wam_intel,wcoss2,intel,790.9148936170212,98.47286754697059,716,1192,1662.2553191489362,7.651280327945002,1646,1670,47
