test_name,machine,compiler,core_mean,core_std,core_min,core_max,mem_mean,mem_std,mem_min,mem_max,n_hashes
control_c48.v2.sfc_intel,acorn,intel,360.2448979591837,10.044755290376017,332,376,719.8979591836735,2.4600550295266443,708,724,49
control_c48.v2.sfc_intel,derecho,intel,321.35,2.455391489848617,316,328,176635.35,312637.5596094546,698,705920,20
control_c48.v2.sfc_intel,gaeac6,intel,257.125,7.448047009472959,239,270,58648.1875,194253.4100051365,680,699204,48
control_c48.v2.sfc_intel,hera,intel,400.0408163265306,30.494507144507107,361,554,851.2857142857143,4.082482904638651,835,859,49
control_c48.v2.sfc_intel,hercules,intel,355.2857142857143,19.682902902434556,322,456,343691.2244897959,417140.58727080974,828,849892,49
control_c48.v2.sfc_intel,orion,intel,500.734693877551,34.990936630197574,465,685,35221.02040816326,168401.42254168185,823,843612,49
control_c48.v2.sfc_intel,ursa,intel,322.7608695652174,145.96912683967852,233,697,18360.5,119065.68687031543,800,808348,46
control_c48.v2.sfc_intel,wcoss2,intel,377.265306122449,34.26780286107019,340,536,722.2448979591836,2.479336371599734,710,725,49
