test_name,machine,compiler,core_mean,core_std,core_min,core_max,mem_mean,mem_std,mem_min,mem_max,n_hashes
control_p8_rrtmgp_intel,acorn,intel,249.125,8.983732342880131,225,263,1912.7708333333333,3.592187642194815,1906,1919,48
control_p8_rrtmgp_intel,derecho,intel,241.21428571428572,7.148733846241281,232,260,679865.5,943923.1807932701,1891,1901996,14
control_p8_rrtmgp_intel,gaeac6,intel,176.38297872340425,72.63444900485352,145,451,115072.6170212766,438604.4135497594,1750,1781956,47
control_p8_rrtmgp_intel,hera,intel,251.47916666666666,21.547562021676914,225,378,2070.8958333333335,7.981999918255863,2047,2085,48
control_p8_rrtmgp_intel,hercules,intel,240.75,46.43847451083656,191,481,662605.5208333334,944162.2500996499,1961,1993520,48
control_p8_rrtmgp_intel,orion,intel,295.8333333333333,33.95574925990325,264,465,83396.45833333333,394753.47231938445,1929,1958976,48
control_p8_rrtmgp_intel,ursa,intel,189.69387755102042,62.57402419056457,155,508,55497.102040816324,370367.50601785415,2570,2595160,49
control_p8_rrtmgp_intel,wcoss2,intel,302.875,59.66916770383249,247,567,1915.5,5.783321581119114,1902,1922,48
