test_name,machine,compiler,core_mean,core_std,core_min,core_max,mem_mean,mem_std,mem_min,mem_max,n_hashes
control_p8_intel,acorn,intel,179.17777777777778,5.702028701535206,170,193,1852.3555555555556,1.0693148944227637,1850,1855,45
control_p8_intel,derecho,intel,208.61904761904762,7.692100417112704,193,228,1801.7619047619048,1.4948615044671167,1797,1804,42
control_p8_intel,gaeac6,intel,116.60416666666667,2.3405726098209376,109,121,138053.1875,914595.2885494416,1699,6342540,48
control_p8_intel,hera,intel,166.11111111111111,2.1389631597324947,163,171,2004.5,7.868402932354342,1980,2011,18
control_p8_intel,hercules,intel,181.625,51.51972355218549,141,403,41439.875,273938.22600636794,1894,1899800,48
control_p8_intel,orion,intel,228.06382978723406,38.050540906467354,181,325,41943.255319148935,274677.5759700079,1865,1884972,47
control_p8_intel,ursa,intel,241.74,234.15343042456553,119,881,2506.14,9.570383738281228,2492,2532,50
control_p8_intel,wcoss2,intel,199.125,23.383595813978,185,345,1796.2708333333333,48.868359682049686,1749,1857,48
