test_name,machine,compiler,core_mean,core_std,core_min,core_max,mem_mean,mem_std,mem_min,mem_max,n_hashes
control_p8_intel,acorn,intel,178.66666666666666,5.342794638150946,170,193,1852.3555555555556,1.0903618155863986,1850,1855,45
control_p8_intel,derecho,intel,209.0810810810811,7.896477338304362,193,228,1801.8108108108108,1.5245734893156675,1797,1804,37
control_p8_intel,gaeac6,intel,116.12765957446808,2.642602647231764,109,121,140461.10638297873,924334.3407369773,1697,6342540,47
control_p8_intel,hera,intel,165.8181818181818,2.217599810098507,163,171,2004.5,7.1163794968268235,1980,2011,22
control_p8_intel,hercules,intel,181.9787234042553,52.191740709952136,141,403,42281.085106382976,276837.13250870944,1894,1899800,47
control_p8_intel,orion,intel,223.1304347826087,38.98239414325519,180,325,42814.5,277647.11218121223,1865,1884972,46
control_p8_intel,ursa,intel,214.89795918367346,202.32350795384184,119,783,2505.530612244898,9.827898301977509,2491,2532,49
control_p8_intel,wcoss2,intel,200.12765957446808,23.543315326802276,185,345,1805.2553191489362,49.79500065927097,1749,1857,47
