test_name,machine,compiler,core_mean,core_std,core_min,core_max,mem_mean,mem_std,mem_min,mem_max,n_hashes
control_CubedSphereGrid_intel,acorn,intel,151.60416666666666,5.060231191982452,140,165,1573.5416666666667,3.325967037958778,1564,1578,48
control_CubedSphereGrid_intel,derecho,intel,125.4375,2.3655513804044337,121,130,486744.5,743259.198054353,1547,1557284,16
control_CubedSphereGrid_intel,gaeac6,intel,95.34042553191489,3.324981828944657,88,105,122731.91489361702,402039.0478108914,1411,1428880,47
control_CubedSphereGrid_intel,hera,intel,145.85416666666666,27.923900830447245,126,301,1721.5625,5.964099154390665,1708,1733,48
control_CubedSphereGrid_intel,hercules,intel,134.875,22.056624421045573,110,203,607081.7083333334,789934.34182956,1598,1623328,48
control_CubedSphereGrid_intel,orion,intel,166.14583333333334,46.532527896969775,147,400,67824.0625,321000.1337145878,1578,1591860,48
control_CubedSphereGrid_intel,ursa,intel,120.28571428571429,86.12200647918046,91,622,47185.38775510204,314808.4643995732,2193,2205872,49
control_CubedSphereGrid_intel,wcoss2,intel,175.97916666666666,48.58792844709621,148,438,1575.3333333333333,7.7276330177317485,1551,1583,48
