test_name,machine,compiler,core_mean,core_std,core_min,core_max,mem_mean,mem_std,mem_min,mem_max,n_hashes
control_restart_p8_intel,acorn,intel,112.23404255319149,4.076511541253864,106,121,1010.5106382978723,2.586523102087353,1006,1015,47
control_restart_p8_intel,derecho,intel,125.0,18.52925614624973,100,148,199933.6,419418.38034333,969,995944,10
control_restart_p8_intel,gaeac6,intel,69.76086956521739,3.0563942634614065,65,83,139257.76086956522,934485.2103057759,846,6339452,46
control_restart_p8_intel,hera,intel,102.39583333333333,4.0619646401204275,96,114,1270.1875,11.38991014852581,1252,1290,48
control_restart_p8_intel,hercules,intel,108.21739130434783,27.245316044722475,84,176,204558.39130434784,448109.4593038862,1160,1178552,46
control_restart_p8_intel,orion,intel,125.3913043478261,29.530006028422132,105,221,48799.65217391304,226116.2763435581,1094,1101292,46
control_restart_p8_intel,ursa,intel,78.81632653061224,4.101186156608406,72,87,38066.77551020408,253663.26358278486,1770,1777472,49
control_restart_p8_intel,wcoss2,intel,154.27659574468086,43.15780050791341,122,308,1012.8297872340426,5.506198676654391,1001,1018,47
