test_name,machine,compiler,core_mean,core_std,core_min,core_max,mem_mean,mem_std,mem_min,mem_max,n_hashes
control_c48_gnu,derecho,gnu,434.2307692307692,2.897017871986169,430,443,1510.6153846153845,0.9065662403697574,1510,1513,39
control_c48_gnu,hera,gnu,582.5238095238095,2.9600514796038264,576,588,1534.8095238095239,1.7210185245675647,1530,1537,21
control_c48_gnu,hercules,gnu,472.3958333333333,16.20840284219996,462,568,34445.6875,227694.70819079602,1577,1579096,48
control_c48_gnu,ursa,gnu,469.26,349.4902299297171,345,1790,1508.3,1.87627507665198,1496,1510,50
