test_name,machine,compiler,core_mean,core_std,core_min,core_max,mem_mean,mem_std,mem_min,mem_max,n_hashes
control_gfs_mpas_gnu,hera,gnu,46.48275862068966,4.571813407447017,38,55,6351.172413793103,12.84820433678588,6332,6382,29
control_gfs_mpas_gnu,hercules,gnu,40.172413793103445,13.443184586349323,34,101,888935.3448275862,2245368.045610122,6399,6409672,29
