test_name,machine,compiler,core_mean,core_std,core_min,core_max,mem_mean,mem_std,mem_min,mem_max,n_hashes
control_stochy_debug_gnu,hera,gnu,107.87755102040816,27.734329398975635,96,269,575.2244897959183,41.64546059002223,468,598,49
control_stochy_debug_gnu,hercules,gnu,81.26,7.4664145973000675,73,114,438004.82,279556.7483646056,574,727280,50
control_stochy_debug_gnu,ursa,gnu,89.33333333333333,56.27293912850936,70,366,17094.266666666666,90902.62946044514,496,498392,30
