test_name,machine,compiler,core_mean,core_std,core_min,core_max,mem_mean,mem_std,mem_min,mem_max,n_hashes
control_csawmg_debug_gnu,derecho,gnu,177.57894736842104,6.560113392259182,164,189,838.3157894736842,6.083243210099073,832,852,19
control_csawmg_debug_gnu,hera,gnu,139.97435897435898,3.6309139018273506,135,155,835.7179487179487,6.265816693728443,827,857,39
control_csawmg_debug_gnu,hercules,gnu,132.2826086956522,37.8738626046913,104,279,819.5217391304348,6.5514684712997475,810,840,46
control_csawmg_debug_gnu,ursa,gnu,119.61224489795919,48.4994915465318,103,369,738.1836734693877,5.670366939139863,730,757,49
