test_name,machine,compiler,core_mean,core_std,core_min,core_max,mem_mean,mem_std,mem_min,mem_max,n_hashes
control_wam_debug_intel,acorn,intel,881.5217391304348,12.047570765621492,863,906,1695.804347826087,1.9620801344763312,1691,1700,46
control_wam_debug_intel,derecho,intel,762.7058823529412,10.196596894812219,754,794,1629.1764705882354,2.186186580488009,1623,1631,17
control_wam_debug_intel,gaeac6,intel,531.5333333333333,11.436782764396641,509,553,144398.95555555556,944459.7296364002,1521,6339216,45
control_wam_debug_intel,hera,intel,810.1219512195122,19.708113966018214,785,905,1814.878048780488,5.441484732824361,1803,1824,41
control_wam_debug_intel,orion,intel,806.8,19.932385707686866,772,863,1699.0222222222221,4.933599501419262,1685,1708,45
control_wam_debug_intel,ursa,intel,591.8775510204082,187.07837402332453,538,1628,2299.387755102041,10.481762587407388,2277,2317,49
control_wam_debug_intel,wcoss2,intel,885.2173913043479,27.541413700081453,857,995,1694.0869565217392,30.76132209769386,1594,1710,46
