test_name,machine,compiler,core_mean,core_std,core_min,core_max,mem_mean,mem_std,mem_min,mem_max,n_hashes
control_flake_gnu,hera,gnu,332.83673469387753,22.596410978640975,321,468,651.734693877551,2.963496739524129,645,657,49
control_flake_gnu,hercules,gnu,277.7142857142857,35.12359131220307,260,473,260993.22448979592,316760.9450477642,630,641860,49
control_flake_gnu,ursa,gnu,252.34782608695653,48.16601724651213,236,552,12715.521739130434,82447.28112672004,553,559744,46
