test_name,machine,compiler,core_mean,core_std,core_min,core_max,mem_mean,mem_std,mem_min,mem_max,n_hashes
control_iovr5_intel,acorn,intel,158.8918918918919,5.4353972755948154,149,169,632.0540540540541,2.1851258029630376,628,637,37
control_iovr5_intel,derecho,intel,146.0,2.738612787525826,144,152,577.4444444444445,0.527046276694734,577,578,9
control_iovr5_intel,gaeac6,intel,103.72222222222223,3.582585747043699,96,114,178357.55555555556,1056235.6968292755,468,6339712,36
control_iovr5_intel,hera,intel,145.5,4.366642596728926,140,156,781.078947368421,3.3961948416662695,774,789,38
control_iovr5_intel,hercules,intel,132.63888888888889,27.109463585121265,120,285,675.6388888888889,2.485992504043114,671,680,36
control_iovr5_intel,orion,intel,160.75,3.24587650500051,155,168,653.9444444444445,4.490907922486805,647,666,36
control_iovr5_intel,ursa,intel,155.6153846153846,136.91230681383254,99,579,1299.4871794871794,8.117141689275849,1286,1320,39
control_iovr5_intel,wcoss2,intel,183.59459459459458,54.09274928791774,157,393,636.3243243243244,2.1220280401076277,631,642,37
