test_name,machine,compiler,core_mean,core_std,core_min,core_max,mem_mean,mem_std,mem_min,mem_max,n_hashes
control_p8_gnu,hera,gnu,267.1041666666667,19.659050845395445,255,368,1551.25,23.323351461662938,1453,1580,48
control_p8_gnu,hercules,gnu,248.57142857142858,96.91362133363917,200,862,991009.8775510204,762697.6598558631,1539,1752044,49
control_p8_gnu,ursa,gnu,207.28571428571428,144.76605294071405,173,1034,43554.77142857143,248992.69980287104,1443,1474528,35
