test_name,machine,compiler,core_mean,core_std,core_min,core_max,mem_mean,mem_std,mem_min,mem_max,n_hashes
control_csawmg_intel,acorn,intel,397.06382978723406,8.872047592981996,378,421,961.2553191489362,2.316932802936011,958,968,47
control_csawmg_intel,derecho,intel,379.9,20.371276074141495,341,407,191102.7,400899.53982098534,915,952180,10
control_csawmg_intel,gaeac6,intel,248.7608695652174,5.87720561948617,237,268,139219.34782608695,934507.9075450997,814,6339564,46
control_csawmg_intel,hera,intel,361.0208333333333,13.831031381571478,337,379,1159.5208333333333,3.3069210680562926,1153,1165,48
control_csawmg_intel,hercules,intel,348.17391304347825,33.52962494261259,308,420,188008.54347826086,411917.88795420574,1066,1081724,46
control_csawmg_intel,orion,intel,410.5,86.57937912048625,366,847,46463.891304347824,215398.63420037724,1037,1048264,46
control_csawmg_intel,ursa,intel,302.42857142857144,135.8550084955771,252,958,37771.4693877551,252043.82952591317,1735,1766072,49
control_csawmg_intel,wcoss2,intel,443.06382978723406,59.88046217449617,391,753,958.2127659574468,2.7341334388475995,950,961,47
