test_name,machine,compiler,core_mean,core_std,core_min,core_max,mem_mean,mem_std,mem_min,mem_max,n_hashes
control_lndp_intel,acorn,intel,107.34782608695652,4.468245448865174,100,120,635.304347826087,2.249637651982539,631,641,46
control_lndp_intel,derecho,intel,98.36363636363636,3.6324654430297376,86,104,579.9090909090909,1.1916012000302456,578,582,22
control_lndp_intel,gaeac6,intel,76.54347826086956,44.332434337621436,64,370,141342.23913043478,934193.3275257129,469,6339580,46
control_lndp_intel,hera,intel,92.33333333333333,4.585692033768888,87,114,782.75,6.044477999440015,763,798,36
control_lndp_intel,hercules,intel,84.58695652173913,7.830357128102352,75,106,679.195652173913,3.0522819530267684,675,689,46
control_lndp_intel,orion,intel,102.22222222222223,2.4391586560728187,97,111,657.2,3.0939824292854476,650,664,45
control_lndp_intel,ursa,intel,236.30612244897958,379.99573484896035,64,1295,1301.9183673469388,9.253010173933136,1288,1321,49
control_lndp_intel,wcoss2,intel,117.65217391304348,21.302287192072274,103,214,620.8260869565217,40.199670727134595,537,653,46
