test_name,machine,compiler,core_mean,core_std,core_min,core_max,mem_mean,mem_std,mem_min,mem_max,n_hashes
control_p8_rrtmgp_intel,acorn,intel,251.9777777777778,6.736902744277867,242,270,1906.888888888889,1.265310278552322,1904,1909,45
control_p8_rrtmgp_intel,derecho,intel,270.2682926829268,11.787757187531284,246,314,1855.3902439024391,2.6351285431690084,1852,1861,41
control_p8_rrtmgp_intel,gaeac6,intel,168.14583333333334,15.75205435211728,161,261,137902.25,914202.6291363699,1750,6339724,48
control_p8_rrtmgp_intel,hera,intel,235.42105263157896,2.1683529200674205,231,238,2065.1052631578946,5.205709865587836,2047,2073,19
control_p8_rrtmgp_intel,hercules,intel,239.79166666666666,40.187305253600904,204,378,42981.125,284140.48434844916,1958,1970552,48
control_p8_rrtmgp_intel,orion,intel,318.4255319148936,50.146630508353724,272,514,42947.765957446805,281157.5838353639,1915,1929456,47
control_p8_rrtmgp_intel,ursa,intel,236.96,170.32860917074623,165,789,2573.74,7.857948010694364,2558,2591,50
control_p8_rrtmgp_intel,wcoss2,intel,269.875,31.777568028205586,255,475,1856.0625,48.40186661162305,1808,1915,48
