test_name,machine,compiler,core_mean,core_std,core_min,core_max,mem_mean,mem_std,mem_min,mem_max,n_hashes
control_restart_p8_atmlnd_intel,acorn,intel,128.0408163265306,5.96852572414059,118,147,1028.8775510204082,3.8222629262716485,1022,1043,49
control_restart_p8_atmlnd_intel,derecho,intel,140.95454545454547,5.843003734441089,131,153,233750.5909090909,439217.3400512346,1021,1026292,22
control_restart_p8_atmlnd_intel,gaeac6,intel,95.97916666666667,41.1031342094976,80,353,86674.14583333333,287066.0579759856,1015,1031828,48
control_restart_p8_atmlnd_intel,hera,intel,116.53061224489795,23.516042432787884,101,248,1108.0,11.63686670314061,1090,1131,49
control_restart_p8_atmlnd_intel,hercules,intel,110.51020408163265,25.16952725103943,87,200,520936.7346938776,581774.9361592997,1140,1166084,49
control_restart_p8_atmlnd_intel,orion,intel,171.20408163265307,154.28828260648916,116,1194,66938.61224489796,260531.7429559381,1062,1081252,49
control_restart_p8_atmlnd_intel,ursa,intel,91.04545454545455,15.470834594306718,83,189,30015.636363636364,190651.99352919287,1200,1265916,44
