test_name,machine,compiler,core_mean,core_std,core_min,core_max,mem_mean,mem_std,mem_min,mem_max,n_hashes
control_latlon_intel,acorn,intel,157.875,4.43211202715777,150,168,1584.1666666666667,3.13072171227611,1574,1588,48
control_latlon_intel,derecho,intel,129.94117647058823,1.2976222599091591,128,132,459480.35294117645,731243.7518905667,1556,1559900,17
control_latlon_intel,gaeac6,intel,98.93617021276596,4.135762667267431,92,115,123448.0,404387.2707840516,1416,1438544,47
control_latlon_intel,hera,intel,152.85416666666666,25.609996039888813,133,287,1726.6666666666667,6.3692523805015835,1703,1737,48
control_latlon_intel,hercules,intel,136.52083333333334,14.779211367744974,114,178,609820.6875,793502.8556428299,1608,1635020,48
control_latlon_intel,orion,intel,176.45833333333334,45.30086577225995,154,391,68492.60416666667,324215.1737652765,1584,1607380,48
control_latlon_intel,ursa,intel,166.79166666666666,169.68656441169398,95,755,48504.208333333336,320627.7807254611,2210,2223600,48
control_latlon_intel,wcoss2,intel,184.3125,51.93250785722201,154,421,1587.1458333333333,5.527454045666087,1572,1593,48
