test_name,machine,compiler,core_mean,core_std,core_min,core_max,mem_mean,mem_std,mem_min,mem_max,n_hashes
control_debug_p8_gnu,hera,gnu,98.72916666666667,2.5990144067559187,95,105,1544.5833333333333,9.141519342348122,1514,1563,48
control_debug_p8_gnu,hercules,gnu,99.04166666666667,31.25458831564002,75,187,417833.6875,690319.31441028,1505,1549816,48
control_debug_p8_gnu,ursa,gnu,81.89795918367346,4.98850719971743,75,95,31273.632653061224,208759.5954342273,1428,1462768,49
