test_name,machine,compiler,core_mean,core_std,core_min,core_max,mem_mean,mem_std,mem_min,mem_max,n_hashes
control_stochy_debug_gnu,hera,gnu,105.91666666666667,28.0939406909408,96,269,592.75,5.249113400314532,570,599,48
control_stochy_debug_gnu,hercules,gnu,83.36734693877551,17.84854554946404,73,199,320466.4693877551,291748.39365839574,574,585644,49
control_stochy_debug_gnu,ursa,gnu,86.23076923076923,49.571565246335126,70,366,13264.410256410256,79726.86387077674,496,498392,39
