test_name,machine,compiler,core_mean,core_std,core_min,core_max,mem_mean,mem_std,mem_min,mem_max,n_hashes
control_wam_debug_gnu,hera,gnu,395.9583333333333,22.38916753019273,379,515,1399.2291666666667,5.520713734821325,1382,1408,48
control_wam_debug_gnu,hercules,gnu,332.8979591836735,54.83507275532359,293,670,793133.7959183673,692779.1722328438,1383,1392684,49
control_wam_debug_gnu,ursa,gnu,329.42105263157896,185.36576429274902,264,952,35768.44736842105,212423.63277119942,1297,1310776,38
