test_name,machine,compiler,core_mean,core_std,core_min,core_max,mem_mean,mem_std,mem_min,mem_max,n_hashes
control_CubedSphereGrid_debug_intel,acorn,intel,161.93333333333334,6.19163658787914,151,185,1603.8,2.9279220059159314,1599,1610,45
control_CubedSphereGrid_debug_intel,derecho,intel,147.5,3.0385124879675716,142,155,1545.3863636363637,2.903213208578044,1539,1550,44
control_CubedSphereGrid_debug_intel,gaeac6,intel,100.16666666666667,4.022983614572722,93,115,138160.83333333334,914011.7639863852,1440,6338692,48
control_CubedSphereGrid_debug_intel,hera,intel,132.125,4.014556845614053,128,144,1740.5625,4.530912343741209,1734,1748,16
control_CubedSphereGrid_debug_intel,hercules,intel,121.79166666666667,8.671200396257534,111,149,35641.166666666664,235604.72936790728,1625,1633952,48
control_CubedSphereGrid_debug_intel,orion,intel,139.12765957446808,5.750678679329551,132,162,36008.8085106383,235796.24459114828,1606,1618152,47
control_CubedSphereGrid_debug_intel,ursa,intel,114.72,45.85070715854638,96,353,2238.86,8.33485428297144,2220,2259,50
control_CubedSphereGrid_debug_intel,wcoss2,intel,164.97916666666666,4.483964731831875,158,178,1548.1041666666667,45.58239655707591,1507,1611,48
