test_name,machine,compiler,core_mean,core_std,core_min,core_max,mem_mean,mem_std,mem_min,mem_max,n_hashes
control_stochy_restart_intel,acorn,intel,72.12244897959184,4.357142857142854,65,82,401.0816326530612,1.9239362287365378,398,405,49
control_stochy_restart_intel,derecho,intel,54.77272727272727,1.411915894629171,53,57,96909.22727272728,182100.34908701456,417,428480,22
control_stochy_restart_intel,gaeac6,intel,42.145833333333336,3.2089607473470605,40,60,24640.458333333332,81627.75614348041,275,295704,48
control_stochy_restart_intel,hera,intel,64.95918367346938,26.651265748297856,55,208,618.204081632653,34.40989416325662,515,635,49
control_stochy_restart_intel,hercules,intel,55.46938775510204,12.752617445084764,48,118,250403.55102040817,279707.000471778,538,569140,49
control_stochy_restart_intel,orion,intel,81.55102040816327,54.99699280585325,64,345,30346.26530612245,118137.20307756844,479,489904,49
control_stochy_restart_intel,ursa,intel,64.97727272727273,74.09280435713906,40,425,28442.659090909092,180630.07260889598,1187,1199376,44
control_stochy_restart_intel,wcoss2,intel,85.0,17.436790606836645,71,171,405.1224489795918,4.304225893725556,390,415,49
