test_name,machine,compiler,core_mean,core_std,core_min,core_max,mem_mean,mem_std,mem_min,mem_max,n_hashes
control_c192_intel,acorn,intel,439.5531914893617,7.231598868968389,425,453,1703.2978723404256,3.021048577081818,1698,1712,47
control_c192_intel,derecho,intel,371.1111111111111,5.056095584945218,363,378,314613.14814814815,668900.5389502242,1683,1694420,27
control_c192_intel,gaeac6,intel,294.3478260869565,32.0376288422809,281,505,148924.76086956522,482352.41559005773,1684,1698720,46
control_c192_intel,hera,intel,462.5208333333333,25.53011536950316,448,608,1888.3958333333333,56.5259268637094,1777,1936,48
control_c192_intel,hercules,intel,455.53061224489795,138.3162291696122,374,1131,1116833.2653061224,896565.1286770519,1814,1835916,49
control_c192_intel,orion,intel,536.5,129.2289737619798,482,1176,112912.5625,434940.374193438,1767,1787648,48
control_c192_intel,ursa,intel,302.97222222222223,9.560293214604156,294,341,52217.0,302351.8289517316,1806,1815936,36
control_c192_intel,wcoss2,intel,472.8723404255319,62.756817409424556,425,706,1702.1914893617022,10.42705156097912,1678,1715,47
