test_name,machine,compiler,core_mean,core_std,core_min,core_max,mem_mean,mem_std,mem_min,mem_max,n_hashes
control_wrtGauss_netcdf_parallel_debug_intel,acorn,intel,167.79166666666666,4.341576992308416,160,177,1618.7708333333333,4.147491337804496,1610,1628,48
control_wrtGauss_netcdf_parallel_debug_intel,derecho,intel,132.6153846153846,1.709700828530224,130,136,613341.0769230769,805407.4034731803,1588,1599724,13
control_wrtGauss_netcdf_parallel_debug_intel,gaeac6,intel,96.63829787234043,2.689961466629571,92,107,63482.914893617024,297417.01297883666,1437,1460660,47
control_wrtGauss_netcdf_parallel_debug_intel,hera,intel,145.0625,30.303715276752264,132,260,1750.8958333333333,5.23994308615081,1740,1762,48
control_wrtGauss_netcdf_parallel_debug_intel,hercules,intel,126.33333333333333,22.575955325639015,110,257,516062.9375,771083.1701675748,1638,1653776,48
control_wrtGauss_netcdf_parallel_debug_intel,orion,intel,142.72916666666666,13.401714058892315,133,224,69215.54166666667,327591.07704491133,1615,1626176,48
control_wrtGauss_netcdf_parallel_debug_intel,ursa,intel,118.04081632653062,49.06796272504489,98,360,48037.63265306123,320463.2620223217,2240,2245500,49
control_wrtGauss_netcdf_parallel_debug_intel,wcoss2,intel,180.47916666666666,22.413891573329987,163,277,1619.9583333333333,2.938796492221798,1609,1625,48
