test_name,machine,compiler,core_mean,core_std,core_min,core_max,mem_mean,mem_std,mem_min,mem_max,n_hashes
control_stochy_debug_intel,acorn,intel,211.67391304347825,4.005853205420987,203,220,815.304347826087,2.6822011293992807,810,823,46
control_stochy_debug_intel,derecho,intel,191.26666666666668,3.7318141408180017,183,204,747.8333333333334,1.1167481527997303,745,750,30
control_stochy_debug_intel,gaeac6,intel,130.74468085106383,2.7620729857370407,124,136,139390.36170212767,924035.3132352215,643,6339448,47
control_stochy_debug_intel,hera,intel,181.6551724137931,3.154088753042463,177,193,952.9310344827586,4.6669891983312075,946,964,29
control_stochy_debug_intel,hercules,intel,166.19148936170214,13.219942606387843,149,209,849.8085106382979,4.509112984556139,843,862,47
control_stochy_debug_intel,orion,intel,184.52173913043478,5.476167071693618,179,210,825.1521739130435,4.125623946369801,817,838,46
control_stochy_debug_intel,ursa,intel,149.9591836734694,60.45416968789713,128,437,1478.8163265306123,7.392770875963234,1463,1497,49
control_stochy_debug_intel,wcoss2,intel,218.7872340425532,11.361521962906135,209,285,785.6382978723404,47.56479586559193,719,830,47
