test_name,machine,compiler,core_mean,core_std,core_min,core_max,mem_mean,mem_std,mem_min,mem_max,n_hashes
control_p8_ugwpv1_tempo_aerosol_intel,acorn,intel,187.85106382978722,4.9298501758884035,172,196,1885.468085106383,0.9747031617209754,1884,1887,47
control_p8_ugwpv1_tempo_aerosol_intel,derecho,intel,195.0,12.754084313139327,181,223,564042.9,905198.0346739909,1833,1879512,10
control_p8_ugwpv1_tempo_aerosol_intel,gaeac6,intel,121.21739130434783,16.419382913669455,111,228,139903.21739130435,934272.7156433957,1729,6338692,46
control_p8_ugwpv1_tempo_aerosol_intel,hera,intel,178.25,8.43372157321239,164,194,2042.4791666666667,8.968003604620309,2010,2055,48
control_p8_ugwpv1_tempo_aerosol_intel,hercules,intel,180.65217391304347,34.63217347515929,142,291,382317.652173913,779772.7472700468,1931,1951896,46
control_p8_ugwpv1_tempo_aerosol_intel,orion,intel,221.56521739130434,75.5232568076919,181,647,43622.108695652176,282854.1919655762,1894,1920328,46
control_p8_ugwpv1_tempo_aerosol_intel,ursa,intel,190.0,127.75627838453447,125,683,54379.30612244898,362797.8513253629,2532,2542136,49
control_p8_ugwpv1_tempo_aerosol_intel,wcoss2,intel,242.72340425531914,75.06741958940165,192,555,1883.8936170212767,3.324703599428317,1876,1889,47
