test_name,machine,compiler,core_mean,core_std,core_min,core_max,mem_mean,mem_std,mem_min,mem_max,n_hashes
control_p8_ugwpv1_gnu,derecho,gnu,272.25,13.468524892901153,254,328,1563.5681818181818,9.926234273373476,1537,1583,44
control_p8_ugwpv1_gnu,hera,gnu,263.1875,2.9937434759845436,258,269,1549.125,8.973107971414723,1533,1558,16
control_p8_ugwpv1_gnu,hercules,gnu,220.72916666666666,27.08201851691182,204,338,33931.958333333336,224382.98730878695,1519,1556116,48
control_p8_ugwpv1_gnu,ursa,gnu,275.76,212.71285234094438,179,1131,1463.82,9.228814680562339,1445,1491,50
