test_name,machine,compiler,core_mean,core_std,core_min,core_max,mem_mean,mem_std,mem_min,mem_max,n_hashes
control_p8_ugwpv1_tempo_aerosol_intel,acorn,intel,185.44444444444446,4.510369645986276,178,203,1884.088888888889,1.2581050364847146,1882,1887,45
control_p8_ugwpv1_tempo_aerosol_intel,derecho,intel,215.4,13.534002762273648,195,264,1834.825,1.3182642044827004,1832,1837,40
control_p8_ugwpv1_tempo_aerosol_intel,gaeac6,intel,121.72916666666667,3.5173707741892333,114,132,137783.02083333334,914068.2868369065,1731,6338692,48
control_p8_ugwpv1_tempo_aerosol_intel,hera,intel,170.6,2.087557121815369,168,175,2042.8,4.443801123031115,2035,2050,20
control_p8_ugwpv1_tempo_aerosol_intel,hercules,intel,190.89583333333334,49.37060870139336,144,377,42356.6875,280034.33545375813,1924,1942072,48
control_p8_ugwpv1_tempo_aerosol_intel,orion,intel,229.95744680851064,30.277669664226508,184,286,42606.63829787234,278972.28841725056,1894,1914452,47
control_p8_ugwpv1_tempo_aerosol_intel,ursa,intel,171.2,124.50440529867011,124,683,2544.94,8.421086264701923,2529,2561,50
control_p8_ugwpv1_tempo_aerosol_intel,wcoss2,intel,210.58333333333334,52.0763896080549,190,555,1829.6666666666667,45.481038056480635,1782,1883,48
