test_name,machine,compiler,core_mean,core_std,core_min,core_max,mem_mean,mem_std,mem_min,mem_max,n_hashes
control_p8_lndp_intel,acorn,intel,305.9148936170213,6.500266841459345,284,316,1867.595744680851,3.366455848050377,1861,1873,47
control_p8_lndp_intel,derecho,intel,288.35714285714283,6.068829197686182,274,297,332709.14285714284,722630.8258878195,1845,1860244,28
control_p8_lndp_intel,gaeac6,intel,196.02173913043478,2.909670698701,190,206,151851.23913043478,491838.9650686802,1708,1731272,46
control_p8_lndp_intel,hera,intel,317.8333333333333,29.12944940597118,305,476,1984.75,59.225318047878325,1866,2034,48
control_p8_lndp_intel,hercules,intel,310.0204081632653,91.72161000275017,255,888,1209804.4081632653,929965.9745637856,1902,1924028,49
control_p8_lndp_intel,orion,intel,389.9166666666667,154.7478158967767,327,1302,120063.3125,462535.09402450966,1874,1902768,48
control_p8_lndp_intel,ursa,intel,255.71428571428572,173.3577686934928,211,1190,74404.34285714285,425268.63553038926,2506,2518444,35
control_p8_lndp_intel,wcoss2,intel,349.70212765957444,66.86583416052883,300,675,1865.276595744681,8.396951122824897,1848,1873,47
