test_name,machine,compiler,core_mean,core_std,core_min,core_max,mem_mean,mem_std,mem_min,mem_max,n_hashes
control_lndp_intel,acorn,intel,108.25531914893617,4.9671445961848075,100,121,636.4255319148937,1.9420370395772217,631,641,47
control_lndp_intel,derecho,intel,96.8,4.341018825626589,86,102,578.8,0.6324555320336717,578,580,10
control_lndp_intel,gaeac6,intel,76.34782608695652,44.377780922591505,64,370,139815.73913043478,934422.4136025285,469,6339580,46
control_lndp_intel,hera,intel,93.16666666666667,4.473721537731549,87,114,783.25,5.377257071874209,763,798,48
control_lndp_intel,hercules,intel,82.43478260869566,5.201077554648519,75,106,30082.217391304348,139436.4780985574,675,678300,46
control_lndp_intel,orion,intel,103.65217391304348,7.6368038436809345,97,150,14943.41304347826,96901.1963229846,649,657872,46
control_lndp_intel,ursa,intel,174.26530612244898,281.58271250130366,64,1270,1302.8367346938776,8.332533975267035,1288,1320,49
control_lndp_intel,wcoss2,intel,129.17021276595744,47.40221933390708,103,408,642.0212765957447,5.561863003886906,633,653,47
