test_name,machine,compiler,core_mean,core_std,core_min,core_max,mem_mean,mem_std,mem_min,mem_max,n_hashes
control_gfs_mpas_gnu,derecho,gnu,60.4054054054054,14.428866628817117,39,108,6484.189189189189,253.41586789722157,6356,7007,37
control_gfs_mpas_gnu,hera,gnu,47.65,3.4834193727307357,41,57,6373.15,8.486986942868509,6361,6392,20
control_gfs_mpas_gnu,hercules,gnu,60.583333333333336,76.40286096161954,36,381,141353.625,936469.7110876921,1181,6494232,48
control_gfs_mpas_gnu,ursa,gnu,201.33333333333334,86.3153134347164,125,295,1115.0,1.0,1114,1116,3
