test_name,machine,compiler,core_mean,core_std,core_min,core_max,mem_mean,mem_std,mem_min,mem_max,n_hashes
control_ras_intel,acorn,intel,204.28571428571428,2.8526419574783834,199,210,664.3214285714286,2.0914919613373093,659,667,28
control_ras_intel,derecho,intel,188.46666666666667,3.1811224795479123,183,197,621.0333333333333,1.325696520462992,618,624,30
control_ras_intel,gaeac6,intel,135.93333333333334,6.967576798054082,133,171,6338.733333333334,0.4497764451088825,6338,6339,30
control_ras_intel,hera,intel,189.1818181818182,2.6764970322487485,186,196,868.0,2.863564212655239,860,870,11
control_ras_intel,hercules,intel,168.41935483870967,2.4327514402199997,166,179,851.2258064516129,11.158583175951321,832,873,31
control_ras_intel,orion,intel,203.43333333333334,1.330888563259936,202,208,742.5333333333333,2.224213667070144,739,748,30
control_ras_intel,ursa,intel,230.38709677419354,189.8979861959845,133,693,1617.9032258064517,69.11987405404699,1567,1801,31
control_ras_intel,wcoss2,intel,209.72413793103448,5.567100756896577,203,226,614.7586206896551,47.253612992941584,573,673,29
