test_name,machine,compiler,core_mean,core_std,core_min,core_max,mem_mean,mem_std,mem_min,mem_max,n_hashes
control_restart_p8_atmlnd_intel,acorn,intel,125.65957446808511,3.8008957510879315,117,135,1029.8297872340424,2.119466185214631,1024,1033,47
control_restart_p8_atmlnd_intel,derecho,intel,137.28571428571428,6.9693205243716925,131,147,293309.71428571426,499171.91484287736,1021,1025108,7
control_restart_p8_atmlnd_intel,gaeac6,intel,94.78260869565217,42.32094991765151,80,353,139396.10869565216,934485.973676182,998,6339596,46
control_restart_p8_atmlnd_intel,hera,intel,108.66666666666667,4.553854263421522,101,118,1114.8333333333333,11.03636799131473,1096,1131,48
control_restart_p8_atmlnd_intel,hercules,intel,105.32608695652173,20.788944014468722,87,200,202998.9347826087,444690.293929277,1160,1166084,46
control_restart_p8_atmlnd_intel,orion,intel,162.80434782608697,158.9784918458004,116,1194,48046.282608695656,222647.9267550915,1062,1081252,46
control_restart_p8_atmlnd_intel,ursa,intel,87.59183673469387,3.334906091549776,83,98,27099.530612244896,180660.73826432953,1212,1265916,49
