test_name,machine,compiler,core_mean,core_std,core_min,core_max,mem_mean,mem_std,mem_min,mem_max,n_hashes
control_wam_debug_gnu,derecho,gnu,378.22222222222223,7.172478263783337,367,389,1403.888888888889,0.9279607271383387,1403,1405,9
control_wam_debug_gnu,hera,gnu,390.4791666666667,7.107052485767995,379,408,1398.9166666666667,2.959538012634256,1387,1404,48
control_wam_debug_gnu,hercules,gnu,320.17391304347825,19.28649999677505,295,357,91829.15217391304,346199.3150755127,1377,1391256,46
control_wam_debug_gnu,ursa,gnu,336.7551020408163,189.15839158980904,270,952,1306.204081632653,3.9527395132823284,1297,1312,49
