test_name,machine,compiler,core_mean,core_std,core_min,core_max,mem_mean,mem_std,mem_min,mem_max,n_hashes
control_CubedSphereGrid_parallel_intel,acorn,intel,161.29787234042553,5.433050602830253,149,171,1581.8297872340424,4.360490344067297,1573,1587,47
control_CubedSphereGrid_parallel_intel,derecho,intel,134.4,6.203941399536977,130,146,469841.6,754020.9678844335,1519,1564204,10
control_CubedSphereGrid_parallel_intel,gaeac6,intel,101.54347826086956,4.172430795586817,94,112,139644.95652173914,934449.2235914506,1421,6339604,46
control_CubedSphereGrid_parallel_intel,hera,intel,149.39583333333334,6.350538872539159,137,157,1730.2083333333333,7.816943771646161,1703,1745,48
control_CubedSphereGrid_parallel_intel,hercules,intel,140.04347826086956,17.95297130683276,118,190,319291.5652173913,651225.1454550587,1613,1637620,46
control_CubedSphereGrid_parallel_intel,orion,intel,181.82608695652175,70.38191192749774,157,587,71411.97826086957,331068.92949391063,1591,1609368,46
control_CubedSphereGrid_parallel_intel,ursa,intel,139.0612244897959,105.18246213193554,96,593,48010.42857142857,320476.5626651451,2207,2245564,49
control_CubedSphereGrid_parallel_intel,wcoss2,intel,190.80851063829786,45.61732999156864,155,369,1585.787234042553,4.553718834825218,1569,1593,47
