test_name,machine,compiler,core_mean,core_std,core_min,core_max,mem_mean,mem_std,mem_min,mem_max,n_hashes
control_ras_debug_gnu,hera,gnu,96.24489795918367,28.264767977882595,87,265,599.2448979591836,4.697209332167767,585,621,49
control_ras_debug_gnu,hercules,gnu,75.85714285714286,12.338962679253067,68,153,239373.0,290552.2032779423,574,610016,49
control_ras_debug_gnu,ursa,gnu,71.82608695652173,12.147801534664774,65,143,11508.934782608696,74622.97245677459,499,506624,46
