test_name,machine,compiler,core_mean,core_std,core_min,core_max,mem_mean,mem_std,mem_min,mem_max,n_hashes
control_noqr_p8_intel,acorn,intel,180.20408163265307,5.139631925199562,169,191,1858.4489795918366,1.826440350447075,1853,1863,49
control_noqr_p8_intel,derecho,intel,184.45,5.915857369904434,175,193,463461.0,820317.6904785762,1839,1852148,20
control_noqr_p8_intel,gaeac6,intel,113.45833333333333,4.649220174066867,107,141,144882.875,479856.2430239372,1698,1723656,48
control_noqr_p8_intel,hera,intel,182.59183673469389,35.188728289602274,157,351,2003.591836734694,28.596268963615675,1894,2021,49
control_noqr_p8_intel,hercules,intel,194.83673469387756,58.599398083788486,135,505,778835.1632653062,945251.3414164277,1893,1911692,49
control_noqr_p8_intel,orion,intel,212.51020408163265,66.73271388187968,174,509,78810.0612244898,376788.15247720253,1864,1887152,49
control_noqr_p8_intel,ursa,intel,180.2173913043478,153.31158005744425,119,797,57037.86956521739,369815.75594152935,2500,2510724,46
control_noqr_p8_intel,wcoss2,intel,223.81632653061226,40.930160776919635,187,382,1858.8979591836735,5.497139020887681,1845,1865,49
