test_name,machine,compiler,core_mean,core_std,core_min,core_max,mem_mean,mem_std,mem_min,mem_max,n_hashes
control_ras_debug_intel,acorn,intel,197.04166666666666,4.717366436825836,186,208,830.0625,3.686699786957046,822,838,48
control_ras_debug_intel,derecho,intel,158.625,1.7841898254763573,156,163,254334.4375,388374.0174956728,803,815184,16
control_ras_debug_intel,gaeac6,intel,114.8936170212766,2.1991504540853968,111,122,57352.234042553195,187883.54749745023,648,669540,47
control_ras_debug_intel,hera,intel,177.27083333333334,33.840514295758254,160,317,962.4166666666666,5.945974262396197,937,978,48
control_ras_debug_intel,hercules,intel,146.77083333333334,11.970246061804325,132,189,324772.5416666667,422601.6095164222,849,873720,48
control_ras_debug_intel,orion,intel,167.3125,7.56013128896469,158,204,35598.0,168472.01604585012,828,837268,48
control_ras_debug_intel,ursa,intel,158.3673469387755,89.4514984683392,119,433,31869.61224489796,212648.68163679584,1479,1490032,49
control_ras_debug_intel,wcoss2,intel,206.3125,20.411882490561975,192,319,833.125,2.855565674108867,826,839,48
