test_name,machine,compiler,core_mean,core_std,core_min,core_max,mem_mean,mem_std,mem_min,mem_max,n_hashes
control_p8_atmlnd_intel,acorn,intel,208.86666666666667,18.35334995431228,191,320,1861.9777777777779,1.4692126662215372,1859,1865,45
control_p8_atmlnd_intel,gaeac6,intel,148.6595744680851,4.574392788141781,142,163,6338.851063829788,0.7216744841371552,6338,6342,47
control_p8_atmlnd_intel,hera,intel,184.375,1.9226098333849626,182,187,1845.625,8.991066995317409,1837,1864,8
control_p8_atmlnd_intel,hercules,intel,184.4468085106383,28.499281844985603,154,301,41994.51063829787,275000.200781972,1873,1887188,47
control_p8_atmlnd_intel,orion,intel,234.56521739130434,29.890654187044287,209,328,42104.717391304344,272968.4774495777,1848,1853220,46
control_p8_atmlnd_intel,ursa,intel,146.66,7.723830074542573,138,177,1910.58,11.076892660868765,1892,1941,50
