test_name,machine,compiler,core_mean,core_std,core_min,core_max,mem_mean,mem_std,mem_min,mem_max,n_hashes
control_c48.v2.sfc_intel,acorn,intel,355.4468085106383,12.014137524705411,332,373,720.0851063829788,1.5993176158170597,718,724,47
control_c48.v2.sfc_intel,derecho,intel,317.7,5.9637795622127845,306,322,211639.2,339651.61729853594,681,705920,10
control_c48.v2.sfc_intel,gaeac6,intel,253.34782608695653,9.168102654322391,239,270,138962.76086956522,934404.678056145,680,6338624,46
control_c48.v2.sfc_intel,hera,intel,386.9791666666667,15.407223483191043,361,403,850.2083333333334,4.151176881746432,835,857,48
control_c48.v2.sfc_intel,hercules,intel,345.2608695652174,18.25673060984326,320,377,165129.76086956522,336799.3473345606,828,845680,46
control_c48.v2.sfc_intel,orion,intel,494.2173913043478,36.46118974317652,465,685,37464.565217391304,173682.4719063373,830,843612,46
control_c48.v2.sfc_intel,ursa,intel,304.0816326530612,133.3150774066669,233,690,17284.836734693876,115363.37801239664,799,808348,49
control_c48.v2.sfc_intel,wcoss2,intel,373.4255319148936,37.5393965118219,340,536,723.2978723404256,1.121235607576079,721,725,47
