test_name,machine,compiler,core_mean,core_std,core_min,core_max,mem_mean,mem_std,mem_min,mem_max,n_hashes
control_csawmg_debug_gnu,derecho,gnu,181.2826086956522,8.234515552041389,164,204,837.804347826087,6.287976410817318,829,852,46
control_csawmg_debug_gnu,hera,gnu,139.11111111111111,2.0275875100994063,137,143,832.8888888888889,5.372253820428729,827,845,9
control_csawmg_debug_gnu,hercules,gnu,126.1875,28.21924516836587,106,216,17786.270833333332,117557.41788368048,803,815280,48
control_csawmg_debug_gnu,ursa,gnu,126.62,50.00322030445966,103,291,740.04,9.104741980452431,731,767,50
