test_name,machine,compiler,core_mean,core_std,core_min,core_max,mem_mean,mem_std,mem_min,mem_max,n_hashes
control_c48.v2.sfc_intel,acorn,intel,348.04347826086956,11.075411247421796,331,370,720.0869565217391,1.517689573829927,717,723,46
control_c48.v2.sfc_intel,derecho,intel,307.6111111111111,1.8830166313622765,305,313,681.5555555555555,0.6156987634551824,681,683,18
control_c48.v2.sfc_intel,gaeac6,intel,247.93333333333334,6.843709786100191,239,268,144040.6222222222,944425.297717186,680,6338624,45
control_c48.v2.sfc_intel,hera,intel,378.975,13.552343916866386,361,403,848.55,4.063281483020374,835,855,40
control_c48.v2.sfc_intel,hercules,intel,332.7826086956522,15.604718721489714,320,377,839.8478260869565,5.137951997113008,828,847,46
control_c48.v2.sfc_intel,orion,intel,478.46666666666664,10.614312806943106,465,504,841.0444444444445,4.93574879441976,826,855,45
control_c48.v2.sfc_intel,ursa,intel,275.7755102040816,102.9460346707039,233,690,804.1224489795918,4.070384160111235,799,827,49
control_c48.v2.sfc_intel,wcoss2,intel,362.7391304347826,39.29796985573949,331,536,723.695652173913,1.1327364156941007,721,725,46
