test_name,machine,compiler,core_mean,core_std,core_min,core_max,mem_mean,mem_std,mem_min,mem_max,n_hashes
control_stochy_gnu,hera,gnu,182.08163265306123,21.639890571478823,165,250,587.1428571428571,39.23168362433607,488,608,49
control_stochy_gnu,hercules,gnu,139.72,11.002856771895992,131,177,444631.9,283101.479155894,587,724144,50
control_stochy_gnu,ursa,gnu,146.26666666666668,139.82055823714597,115,884,17626.033333333333,93724.38905292303,512,513864,30
