test_name,machine,compiler,core_mean,core_std,core_min,core_max,mem_mean,mem_std,mem_min,mem_max,n_hashes
control_stochy_intel,acorn,intel,113.97916666666667,4.319621650755282,106,126,635.6875,2.6908533013454563,629,643,48
control_stochy_intel,derecho,intel,88.75,1.2880570286640716,87,91,256434.91666666666,316153.556035515,612,618368,12
control_stochy_intel,gaeac6,intel,81.0,28.008539070604254,69,186,156273.44680851063,926913.0921828368,472,6339168,47
control_stochy_intel,hera,intel,99.75,3.4855324084295582,93,110,784.2083333333334,3.168719006451008,775,789,48
control_stochy_intel,hercules,intel,91.45833333333333,13.906922099066476,82,175,199607.47916666666,313298.40716880484,672,689880,48
control_stochy_intel,orion,intel,122.64583333333333,66.2819540227807,104,525,28114.958333333332,133081.99677241998,648,662096,48
control_stochy_intel,ursa,intel,139.9795918367347,135.07366659776162,69,515,27730.938775510203,184978.65489196856,1293,1296156,49
control_stochy_intel,wcoss2,intel,134.83333333333334,44.62006672574493,107,344,639.6458333333334,2.2359688588145907,633,644,48
