test_name,machine,compiler,core_mean,core_std,core_min,core_max,mem_mean,mem_std,mem_min,mem_max,n_hashes
control_CubedSphereGrid_parallel_intel,acorn,intel,161.70833333333334,5.422405579583981,149,171,1583.8333333333333,3.04807810625708,1574,1587,48
control_CubedSphereGrid_parallel_intel,derecho,intel,132.875,2.418677324489562,130,138,488917.75,746573.333894847,1560,1564204,16
control_CubedSphereGrid_parallel_intel,gaeac6,intel,101.31914893617021,4.118391322595686,94,112,123996.0425531915,406195.18582840456,1421,1444020,47
control_CubedSphereGrid_parallel_intel,hera,intel,156.625,25.344120976769073,137,291,1731.5833333333333,7.508387744704043,1703,1745,48
control_CubedSphereGrid_parallel_intel,hercules,intel,144.97916666666666,23.021257136434677,118,242,611122.2083333334,795194.090515762,1615,1637620,48
control_CubedSphereGrid_parallel_intel,orion,intel,182.375,68.72195753038842,157,587,68504.5,324254.66771239636,1591,1609368,48
control_CubedSphereGrid_parallel_intel,ursa,intel,132.57142857142858,83.73047035976012,96,583,48012.57142857143,320476.25011607073,2209,2245564,49
control_CubedSphereGrid_parallel_intel,wcoss2,intel,188.54166666666666,41.78565280262884,155,369,1586.375,4.983483358352731,1569,1593,48
