test_name,machine,compiler,core_mean,core_std,core_min,core_max,mem_mean,mem_std,mem_min,mem_max,n_hashes
control_wam_debug_gnu,hera,gnu,398.125,23.85123498388312,379,515,1399.075,5.594812157429713,1382,1408,40
control_wam_debug_gnu,hercules,gnu,332.7,54.55618710119327,293,670,1084787.66,618237.3672052855,1383,1557592,50
control_wam_debug_gnu,ursa,gnu,349.4642857142857,213.30268567058815,264,952,48075.03571428572,247466.1283133635,1297,1310776,28
