test_name,machine,compiler,core_mean,core_std,core_min,core_max,mem_mean,mem_std,mem_min,mem_max,n_hashes
control_p8_atmlnd_debug_intel,acorn,intel,341.6808510638298,7.6331837991835325,329,361,1913.8936170212767,4.65895137741258,1907,1923,47
control_p8_atmlnd_debug_intel,derecho,intel,308.037037037037,8.33196569974052,296,324,355447.3703703704,755704.185404384,1905,1914772,27
control_p8_atmlnd_debug_intel,gaeac6,intel,203.17391304347825,6.624212650324183,197,230,166875.39130434784,540484.9307991844,1875,1906832,46
control_p8_atmlnd_debug_intel,hera,intel,302.5208333333333,29.22472691267733,282,461,1884.1458333333333,11.179368503714546,1853,1909,48
control_p8_atmlnd_debug_intel,hercules,intel,310.0408163265306,72.34407346829728,234,551,1177952.836734694,945625.0067881768,1906,1936072,49
control_p8_atmlnd_debug_intel,orion,intel,360.1666666666667,109.65969280893665,283,858,120409.39583333333,463855.4528768239,1886,1902876,48
control_p8_atmlnd_debug_intel,ursa,intel,218.27777777777777,19.86326273171672,208,328,55933.86111111111,323862.5382672763,1933,1945132,36
