test_name,machine,compiler,core_mean,core_std,core_min,core_max,mem_mean,mem_std,mem_min,mem_max,n_hashes
control_p8_ugwpv1_tempo_intel,acorn,intel,178.82222222222222,8.566024029663224,168,209,1875.8,1.3584750809103543,1872,1878,45
control_p8_ugwpv1_tempo_intel,derecho,intel,204.22727272727272,10.757071522391378,188,253,1828.409090909091,1.3350059980386038,1826,1832,44
control_p8_ugwpv1_tempo_intel,gaeac6,intel,116.35416666666667,3.1113353727006743,108,127,6242.6875,665.6514056794134,1727,6342,48
control_p8_ugwpv1_tempo_intel,hera,intel,164.125,3.7749172176353785,161,177,2029.8125,4.277362894744072,2023,2038,16
control_p8_ugwpv1_tempo_intel,hercules,intel,181.125,50.48978198711481,137,394,41936.125,277198.86692590447,1919,1922416,48
control_p8_ugwpv1_tempo_intel,orion,intel,221.85106382978722,34.536671577126135,176,318,42343.21276595745,277257.6929848081,1895,1902684,47
control_p8_ugwpv1_tempo_intel,ursa,intel,162.16,120.05617052710225,119,638,2529.72,9.38526852605308,2515,2548,50
control_p8_ugwpv1_tempo_intel,wcoss2,intel,191.77083333333334,8.272588890447453,178,214,1818.6041666666667,47.14203959485766,1778,1883,48
