test_name,machine,compiler,core_mean,core_std,core_min,core_max,mem_mean,mem_std,mem_min,mem_max,n_hashes
control_lndp_debug_intel,acorn,intel,195.5,4.75978524258769,189,209,820.4782608695652,4.902331102806685,813,832,46
control_lndp_debug_intel,derecho,intel,173.64285714285714,2.6488645711858254,169,179,749.9285714285714,0.8287419301647281,748,751,14
control_lndp_debug_intel,gaeac6,intel,116.33333333333333,2.5316182392080515,112,121,143537.53333333333,944647.5196573108,639,6339580,45
control_lndp_debug_intel,hera,intel,169.72727272727272,25.940328337349005,158,264,952.6136363636364,3.919040634211445,944,959,44
control_lndp_debug_intel,hercules,intel,148.84782608695653,14.321650108690298,135,211,852.0217391304348,5.026547878502661,842,862,46
control_lndp_debug_intel,orion,intel,167.53333333333333,15.583499431945787,159,267,826.6444444444444,5.596896687026853,815,836,45
control_lndp_debug_intel,ursa,intel,125.9795918367347,27.01580540159035,116,305,1476.6326530612246,6.5564658847552275,1462,1488,49
control_lndp_debug_intel,wcoss2,intel,202.32608695652175,13.595839801328255,190,280,821.4565217391304,14.908173033219237,725,830,46
