test_name,machine,compiler,core_mean,core_std,core_min,core_max,mem_mean,mem_std,mem_min,mem_max,n_hashes
control_decomp_p8_intel,acorn,intel,184.47916666666666,5.069682869486327,175,194,1859.625,5.34202527535718,1845,1864,48
control_decomp_p8_intel,derecho,intel,186.75,9.051703338782884,167,202,578629.75,883566.4771508329,1838,1848960,16
control_decomp_p8_intel,gaeac6,intel,117.40425531914893,3.3921877926128263,113,128,147821.17021276595,484214.77781017066,1700,1719580,47
control_decomp_p8_intel,hera,intel,188.16666666666666,35.927428823170345,163,359,2001.2291666666667,8.249408962280318,1983,2017,48
control_decomp_p8_intel,hercules,intel,188.875,44.28468108413342,139,308,715233.3958333334,930663.8006686008,1887,1913652,48
control_decomp_p8_intel,orion,intel,204.27083333333334,42.921372736535965,179,438,80058.91666666667,378911.7907992225,1868,1883440,48
control_decomp_p8_intel,ursa,intel,167.83673469387756,132.49407957508507,123,762,53823.0,359186.4792756218,2493,2516816,49
control_decomp_p8_intel,wcoss2,intel,244.97916666666666,129.88792052059006,182,1073,1852.8125,4.275891097870873,1839,1858,48
