test_name,machine,compiler,core_mean,core_std,core_min,core_max,mem_mean,mem_std,mem_min,mem_max,n_hashes
control_CubedSphereGrid_intel,acorn,intel,151.5625,5.160843778941418,140,165,1572.125,4.310427732144848,1563,1577,48
control_CubedSphereGrid_intel,derecho,intel,125.36363636363636,2.7666849214439724,121,130,707286.5454545454,810828.4646041188,1548,1557284,11
control_CubedSphereGrid_intel,gaeac6,intel,95.19148936170212,3.411223788258397,88,105,197031.89361702127,960391.7272349417,1406,6338688,47
control_CubedSphereGrid_intel,hera,intel,138.60416666666666,7.195564778547231,126,151,1720.8958333333333,5.516858431241068,1708,1732,48
control_CubedSphereGrid_intel,hercules,intel,133.22916666666666,22.615415175187458,110,203,438825.7916666667,724988.8040108064,1598,1623328,48
control_CubedSphereGrid_intel,orion,intel,165.125,46.774072195899656,147,400,67822.95833333333,321000.3663914498,1578,1591860,48
control_CubedSphereGrid_intel,ursa,intel,125.6938775510204,103.31247183537278,91,622,47185.22448979592,314808.48820382485,2194,2205872,49
control_CubedSphereGrid_intel,wcoss2,intel,177.4375,49.31699730725965,151,438,1574.8958333333333,7.688730585355714,1551,1583,48
