test_name,machine,compiler,core_mean,core_std,core_min,core_max,mem_mean,mem_std,mem_min,mem_max,n_hashes
control_restart_p8_intel,acorn,intel,110.71739130434783,5.158221241553291,99,121,1012.0869565217391,1.7742113986097072,1006,1015,46
control_restart_p8_intel,derecho,intel,147.0,12.128936932440162,134,176,970.0526315789474,1.0259783520851555,968,972,19
control_restart_p8_intel,gaeac6,intel,70.32608695652173,2.3099239797600593,65,75,141159.10869565216,934201.052409389,846,6339452,46
control_restart_p8_intel,hera,intel,100.84615384615384,3.3208944700143124,96,109,1276.076923076923,8.67053272018634,1256,1290,39
control_restart_p8_intel,hercules,intel,100.6086956521739,20.077049651413272,84,164,1213.108695652174,11.187747784209819,1168,1228,46
control_restart_p8_intel,orion,intel,124.33333333333333,29.38769068226293,105,252,1127.8444444444444,8.176895264195077,1101,1138,45
control_restart_p8_intel,ursa,intel,87.44897959183673,69.0718409895601,72,560,1848.7755102040817,15.754979776410414,1782,1901,49
control_restart_p8_intel,wcoss2,intel,144.58695652173913,40.7750338030824,115,308,1003.6739130434783,33.128741699165865,917,1019,46
