test_name,machine,compiler,core_mean,core_std,core_min,core_max,mem_mean,mem_std,mem_min,mem_max,n_hashes
control_p8_atmlnd_intel,acorn,intel,207.1304347826087,17.92776703657972,194,320,1862.2826086956522,1.9167454300136169,1859,1868,46
control_p8_atmlnd_intel,gaeac6,intel,146.4255319148936,5.037876885679483,138,162,139744.72340425532,923948.307234247,1847,6339228,47
control_p8_atmlnd_intel,hera,intel,183.6551724137931,2.8319082671402924,177,189,1845.6896551724137,8.763167432399978,1821,1864,29
control_p8_atmlnd_intel,hercules,intel,179.91489361702128,25.053707342804007,154,301,1881.404255319149,4.861828133836121,1874,1891,47
control_p8_atmlnd_intel,orion,intel,226.45652173913044,21.664827123693303,210,288,1857.2173913043478,4.309746285279215,1848,1867,46
control_p8_atmlnd_intel,ursa,intel,144.89795918367346,7.349163495366845,138,178,1908.142857142857,10.212329149937668,1890,1930,49
