test_name,machine,compiler,core_mean,core_std,core_min,core_max,mem_mean,mem_std,mem_min,mem_max,n_hashes
control_wrtGauss_netcdf_parallel_intel,acorn,intel,159.85416666666666,5.148805204652924,149,169,1581.3333333333333,4.714546675408998,1572,1586,48
control_wrtGauss_netcdf_parallel_intel,derecho,intel,131.5,2.635231383473649,128,136,780314.9,820882.706484029,1555,1560900,10
control_wrtGauss_netcdf_parallel_intel,gaeac6,intel,100.69565217391305,3.9601883525205706,94,111,170508.0652173913,953550.5002126035,1410,6339716,46
control_wrtGauss_netcdf_parallel_intel,hera,intel,149.625,7.280475200763781,136,158,1723.6458333333333,7.910374505843304,1706,1739,48
control_wrtGauss_netcdf_parallel_intel,hercules,intel,137.08510638297872,14.400829968886669,118,179,415689.1914893617,714808.4353403224,1604,1628720,47
control_wrtGauss_netcdf_parallel_intel,orion,intel,181.0212765957447,74.66693854296126,155,602,69789.08510638298,326965.3678678357,1583,1604292,47
control_wrtGauss_netcdf_parallel_intel,ursa,intel,178.75510204081633,181.95632839276809,96,803,47426.32653061225,316407.82756313804,2206,2217080,49
control_wrtGauss_netcdf_parallel_intel,wcoss2,intel,191.08333333333334,57.31764175834164,160,420,1584.25,7.018213387247234,1566,1591,48
