test_name,machine,compiler,core_mean,core_std,core_min,core_max,mem_mean,mem_std,mem_min,mem_max,n_hashes
control_stochy_debug_gnu,derecho,gnu,109.90625,3.1557359450433635,106,119,596.3125,2.7759043861938606,585,600,32
control_stochy_debug_gnu,hera,gnu,98.14814814814815,2.1068332726503156,95,104,587.925925925926,2.9990501820246727,583,595,27
control_stochy_debug_gnu,hercules,gnu,81.93617021276596,8.429771917382666,75,126,573.7446808510638,3.158618885762402,570,583,47
control_stochy_debug_gnu,ursa,gnu,75.63265306122449,20.964944826176527,70,218,491.9795918367347,1.9946782940109988,482,498,49
