test_name,machine,compiler,core_mean,core_std,core_min,core_max,mem_mean,mem_std,mem_min,mem_max,n_hashes
control_c192_intel,acorn,intel,433.10869565217394,10.07356995281231,414,452,1703.4130434782608,1.7330267287355767,1701,1708,46
control_c192_intel,derecho,intel,383.875,5.463515351859092,379,395,1656.125,0.9574271077563143,1655,1658,16
control_c192_intel,gaeac6,intel,284.5777777777778,34.424811935109766,265,505,144373.6888888889,944404.8041995412,1677,6338832,45
control_c192_intel,hera,intel,425.3095238095238,22.022702360970772,397,464,1918.7619047619048,6.9801443964710295,1894,1938,42
control_c192_intel,hercules,intel,406.8478260869565,89.07324511417039,342,874,1817.3695652173913,4.1277311263220176,1808,1825,46
control_c192_intel,orion,intel,474.4222222222222,14.825483111688126,454,509,1787.3333333333333,4.972652484064564,1777,1801,45
control_c192_intel,ursa,intel,290.53061224489795,10.914634748844323,273,321,1823.0,15.253414918196663,1799,1861,49
control_c192_intel,wcoss2,intel,464.69565217391306,71.32861964650884,421,710,1701.2391304347825,23.487287135913142,1608,1716,46
