test_name,machine,compiler,core_mean,core_std,core_min,core_max,mem_mean,mem_std,mem_min,mem_max,n_hashes
control_p8_ugwpv1_intel,acorn,intel,180.3125,4.520196992506392,172,195,1864.2083333333333,1.9456261184789359,1859,1868,48
control_p8_ugwpv1_intel,derecho,intel,182.19230769230768,6.112408564677135,167,195,357552.76923076925,743405.8324270698,1846,1857328,26
control_p8_ugwpv1_intel,gaeac6,intel,115.74468085106383,9.909301921419228,110,180,148560.95744680852,486642.1487313078,1714,1731948,47
control_p8_ugwpv1_intel,hera,intel,185.39583333333334,31.353672005475698,172,320,1991.6458333333333,50.237093010885815,1875,2028,48
control_p8_ugwpv1_intel,hercules,intel,196.51020408163265,78.61221344066593,144,654,1093316.4285714286,954988.9900585678,1903,1923328,49
control_p8_ugwpv1_intel,orion,intel,241.71428571428572,119.25305726339543,184,844,117202.28571428571,456223.7542933749,1877,1888336,49
control_p8_ugwpv1_intel,ursa,intel,133.18421052631578,11.97261574336472,124,180,68463.55263157895,406506.8580612737,2505,2508396,38
control_p8_ugwpv1_intel,wcoss2,intel,226.66666666666666,69.49769117038483,180,623,1863.1875,6.973067489474467,1848,1870,48
