test_name,machine,compiler,core_mean,core_std,core_min,core_max,mem_mean,mem_std,mem_min,mem_max,n_hashes
control_noqr_p8_intel,acorn,intel,178.8,8.398051722112251,165,215,1852.5555555555557,1.2350111437766151,1850,1855,45
control_noqr_p8_intel,derecho,intel,207.1818181818182,12.36700924021522,194,268,1802.0681818181818,1.5157733044091373,1799,1806,44
control_noqr_p8_intel,gaeac6,intel,116.20833333333333,4.375747149981062,109,142,138158.0625,913953.76965164,1707,6338296,48
control_noqr_p8_intel,hera,intel,162.9375,2.815877601506611,160,169,2009.1875,5.890316912809807,1999,2018,16
control_noqr_p8_intel,hercules,intel,174.45833333333334,39.68383471375534,138,311,41489.895833333336,274282.27456587757,1892,1902184,48
control_noqr_p8_intel,orion,intel,222.0212765957447,35.04747671975589,178,313,41854.85106382979,274060.62731740176,1869,1880744,47
control_noqr_p8_intel,ursa,intel,227.0,207.56479194974963,117,760,2507.42,8.757713801010455,2493,2530,50
control_noqr_p8_intel,wcoss2,intel,194.75,12.860131364935757,179,254,1791.8541666666667,47.5949172967266,1748,1857,48
