test_name,machine,compiler,core_mean,core_std,core_min,core_max,mem_mean,mem_std,mem_min,mem_max,n_hashes
control_csawmg_gnu,derecho,gnu,484.0,5.354126134736337,478,489,852.5,0.5773502691896257,852,853,4
control_csawmg_gnu,hera,gnu,505.4791666666667,5.827263812982819,491,518,853.125,5.326069965424378,843,868,48
control_csawmg_gnu,hercules,gnu,428.6521739130435,72.33539701858109,391,845,128768.82608695653,305309.875544125,827,853440,46
control_csawmg_gnu,ursa,gnu,355.3673469387755,86.4078733578792,332,946,16232.877551020409,108326.03883620515,747,759040,49
