test_name,machine,compiler,core_mean,core_std,core_min,core_max,mem_mean,mem_std,mem_min,mem_max,n_hashes
control_iovr5_intel,acorn,intel,161.5625,5.660261816363905,149,173,631.625,2.130078412301615,626,637,48
control_iovr5_intel,derecho,intel,129.25,1.6124515496596976,126,133,191483.25,292395.40154033434,609,613432,16
control_iovr5_intel,gaeac6,intel,103.48936170212765,3.982965578700131,96,115,42151.51063829787,138096.83413678658,468,492316,47
control_iovr5_intel,hera,intel,153.125,22.908351167019624,140,263,783.875,3.647354039486939,777,793,48
control_iovr5_intel,hercules,intel,139.35416666666666,36.32096257941184,120,319,240673.9375,327519.931668834,669,681500,48
control_iovr5_intel,orion,intel,184.83333333333334,109.08426048942543,155,856,28001.020833333332,132532.87887105832,647,657868,48
control_iovr5_intel,ursa,intel,138.51020408163265,112.5590812360668,99,661,27715.367346938776,184889.34239280957,1289,1295528,49
control_iovr5_intel,wcoss2,intel,181.22916666666666,38.03203553519525,157,371,636.4375,2.277608394786058,629,642,48
