test_name,machine,compiler,core_mean,core_std,core_min,core_max,mem_mean,mem_std,mem_min,mem_max,n_hashes
control_CubedSphereGrid_parallel_intel,acorn,intel,159.41304347826087,5.760308969169082,147,169,1579.195652173913,4.66008853143084,1573,1586,46
control_CubedSphereGrid_parallel_intel,derecho,intel,147.06666666666666,2.4918916127158885,143,151,1520.3333333333333,1.2344267996967284,1519,1522,15
control_CubedSphereGrid_parallel_intel,gaeac6,intel,101.04444444444445,3.350410799477064,94,112,144132.06666666668,944559.597885664,1421,6339604,45
control_CubedSphereGrid_parallel_intel,hera,intel,146.93023255813952,6.21976629800285,137,157,1728.860465116279,7.376221110687809,1703,1745,43
control_CubedSphereGrid_parallel_intel,hercules,intel,135.47826086956522,16.89278495615449,118,190,1622.108695652174,5.3342843355018355,1613,1632,46
control_CubedSphereGrid_parallel_intel,orion,intel,165.42222222222222,5.479253801588519,157,180,1597.4444444444443,4.659084749934342,1587,1608,45
control_CubedSphereGrid_parallel_intel,ursa,intel,158.12244897959184,134.92229749209068,96,612,2227.4285714285716,10.484114968211008,2207,2246,49
control_CubedSphereGrid_parallel_intel,wcoss2,intel,184.41304347826087,42.78918663346644,155,369,1580.6304347826087,21.762719086294947,1479,1593,46
