test_name,machine,compiler,core_mean,core_std,core_min,core_max,mem_mean,mem_std,mem_min,mem_max,n_hashes
control_stochy_gnu,hera,gnu,175.3469387755102,17.32838593705926,165,250,603.7755102040817,1.939343812161413,598,608,49
control_stochy_gnu,hercules,gnu,139.18367346938774,10.44763424055847,131,174,229860.75510204083,291081.27420630096,583,596684,49
control_stochy_gnu,ursa,gnu,142.87234042553192,115.44067119582448,115,884,11436.446808510638,74879.77755703921,508,513864,47
