test_name,machine,compiler,core_mean,core_std,core_min,core_max,mem_mean,mem_std,mem_min,mem_max,n_hashes
control_p8_ugwpv1_tempo_aerosol_intel,acorn,intel,187.6818181818182,7.491926591951928,178,208,1884.0227272727273,1.3027455152017895,1882,1887,44
control_p8_ugwpv1_tempo_aerosol_intel,derecho,intel,216.13636363636363,13.126559104015229,195,264,1834.7272727272727,1.4037099740801613,1832,1837,44
control_p8_ugwpv1_tempo_aerosol_intel,gaeac6,intel,122.31914893617021,3.079429527764232,117,132,6338.787234042553,0.41368808943188784,6338,6339,47
control_p8_ugwpv1_tempo_aerosol_intel,hera,intel,170.23076923076923,2.1273554065179106,168,175,2042.8461538461538,3.954873656771558,2035,2048,13
control_p8_ugwpv1_tempo_aerosol_intel,hercules,intel,193.8913043478261,49.8367237468157,144,377,44114.54347826087,286057.19479150843,1924,1942072,46
control_p8_ugwpv1_tempo_aerosol_intel,orion,intel,236.15555555555557,34.30939147572199,184,347,44416.51111111111,285104.0777664776,1908,1914452,45
control_p8_ugwpv1_tempo_aerosol_intel,ursa,intel,183.12,134.47610211787193,124,683,2546.14,9.100370030601924,2529,2566,50
control_p8_ugwpv1_tempo_aerosol_intel,wcoss2,intel,202.75,11.514098665770865,190,247,1816.25,41.61551470100778,1782,1883,48
