test_name,machine,compiler,core_mean,core_std,core_min,core_max,mem_mean,mem_std,mem_min,mem_max,n_hashes
control_flake_gnu,derecho,gnu,305.77777777777777,2.279132388529559,302,310,652.4444444444445,1.7400510848184347,651,656,9
control_flake_gnu,hera,gnu,336.79411764705884,18.866001827505368,322,438,649.0588235294117,4.249357715963349,640,657,34
control_flake_gnu,hercules,gnu,279.0625,17.690780358068412,262,316,633.53125,4.063880038552096,627,643,32
control_flake_gnu,ursa,gnu,254.02857142857144,51.92556081109012,239,552,555.8,3.2249030993194605,551,562,35
