test_name,machine,compiler,core_mean,core_std,core_min,core_max,mem_mean,mem_std,mem_min,mem_max,n_hashes
control_csawmg_gnu,derecho,gnu,481.0,,481,481,853.0,,853,853,1
control_csawmg_gnu,hera,gnu,505.0625,6.210513563579448,490,518,853.25,4.98294965196749,845,868,48
control_csawmg_gnu,hercules,gnu,428.54347826086956,72.42335612271289,391,845,183457.34782608695,350331.7509597133,827,853440,46
control_csawmg_gnu,ursa,gnu,355.16326530612247,86.44226082063282,332,946,16233.673469387755,108325.92277731966,747,759040,49
