test_name,machine,compiler,core_mean,core_std,core_min,core_max,mem_mean,mem_std,mem_min,mem_max,n_hashes
control_c48_gnu,derecho,gnu,434.6511627906977,3.138726773483564,430,443,1510.5581395348838,0.9077005375016611,1509,1513,43
control_c48_gnu,hera,gnu,583.2352941176471,2.562455164600592,577,588,1534.7058823529412,1.7945997423643216,1530,1537,17
control_c48_gnu,hercules,gnu,472.1458333333333,16.033196391388163,462,568,34445.791666666664,227694.69283548323,1577,1579096,48
control_c48_gnu,ursa,gnu,469.16,349.51992498165777,345,1790,1508.24,1.901234829670174,1496,1510,50
