test_name,machine,compiler,core_mean,core_std,core_min,core_max,mem_mean,mem_std,mem_min,mem_max,n_hashes
control_stochy_gnu,derecho,gnu,159.80555555555554,4.374075866116142,154,180,606.2777777777778,1.6494347276067278,604,612,36
control_stochy_gnu,hera,gnu,177.0,6.934760925288566,170,192,599.7826086956521,2.3540395018530655,593,604,23
control_stochy_gnu,hercules,gnu,142.29787234042553,8.177155063949227,135,171,13081.148936170213,85659.14652600906,583,587836,47
control_stochy_gnu,ursa,gnu,225.42857142857142,285.4947460112007,117,1497,508.3265306122449,0.9440108381713933,506,511,49
