test_name,machine,compiler,core_mean,core_std,core_min,core_max,mem_mean,mem_std,mem_min,mem_max,n_hashes
control_csawmg_gnu,hera,gnu,504.4791666666667,6.077477021787451,490,521,853.5,4.635661948646379,845,868,48
control_csawmg_gnu,hercules,gnu,429.3958333333333,73.02513108172792,389,845,280689.0625,399967.90559681994,827,853440,48
control_csawmg_gnu,ursa,gnu,354.14285714285717,86.54815615212915,332,946,16234.510204081633,108325.8007448138,747,759040,49
