test_name,machine,compiler,core_mean,core_std,core_min,core_max,mem_mean,mem_std,mem_min,mem_max,n_hashes
control_p8_gnu,derecho,gnu,276.4782608695652,11.724123526463226,258,304,1554.4130434782608,8.800444652797761,1536,1574,46
control_p8_gnu,hera,gnu,265.44444444444446,2.1278575558006194,261,268,1538.5555555555557,4.77260702109216,1534,1545,9
control_p8_gnu,hercules,gnu,231.8125,35.215842814085605,206,327,33496.583333333336,221460.07786226136,1509,1535852,48
control_p8_gnu,ursa,gnu,242.04,158.11258711463051,181,980,1457.52,13.386316498116797,1426,1494,50
