test_name,machine,compiler,core_mean,core_std,core_min,core_max,mem_mean,mem_std,mem_min,mem_max,n_hashes
control_csawmg_intel,acorn,intel,396.9583333333333,7.601674880768534,381,412,959.0416666666666,2.8580482354768595,954,964,48
control_csawmg_intel,derecho,intel,372.3939393939394,8.746211300969819,341,394,145219.0,346679.44804963557,945,954660,33
control_csawmg_intel,gaeac6,intel,248.08510638297872,4.200568218467811,243,267,70723.25531914894,231657.17213227978,814,823776,47
control_csawmg_intel,hera,intel,379.8979591836735,25.751411691043902,368,491,1116.7551020408164,57.067405543884774,1031,1165,49
control_csawmg_intel,hercules,intel,374.2,88.28871932010155,320,940,774014.26,486939.336954477,1066,1085928,50
control_csawmg_intel,orion,intel,465.40816326530614,126.97898749519985,380,847,64792.91836734694,252230.68562229536,1031,1048264,49
control_csawmg_intel,ursa,intel,290.6,87.23396997294907,262,746,60574.26666666667,322117.0976115977,1743,1766072,30
control_csawmg_intel,wcoss2,intel,436.1666666666667,54.44940393294017,396,753,958.4791666666666,3.7472803376687063,948,963,48
