test_name,machine,compiler,core_mean,core_std,core_min,core_max,mem_mean,mem_std,mem_min,mem_max,n_hashes
control_ras_debug_gnu,hera,gnu,89.60416666666667,1.9865460599308908,87,97,597.4375,4.120040538945353,585,604,48
control_ras_debug_gnu,hercules,gnu,75.43478260869566,12.812584393500776,68,153,140473.10869565216,252323.64833965202,574,610016,46
control_ras_debug_gnu,ursa,gnu,69.79591836734694,5.151777977216273,65,86,10833.408163265307,72302.79479035785,498,506624,49
