test_name,machine,compiler,core_mean,core_std,core_min,core_max,mem_mean,mem_std,mem_min,mem_max,n_hashes
control_wam_intel,acorn,intel,749.4130434782609,13.076826130315895,696,768,1652.8695652173913,5.953929405217991,1645,1668,46
control_wam_intel,derecho,intel,663.9,4.079807297680479,659,676,1595.1666666666667,0.7914775938769381,1593,1597,30
control_wam_intel,gaeac6,intel,461.1489361702128,8.551579369521669,431,477,139651.1914893617,924037.1381261555,1497,6339728,47
control_wam_intel,hera,intel,644.1034482758621,9.933150944424884,617,659,1790.7586206896551,5.018929683947945,1777,1801,29
control_wam_intel,hercules,intel,642.1063829787234,89.47072245021374,552,854,1682.127659574468,4.623272985557163,1674,1693,47
control_wam_intel,orion,intel,752.304347826087,8.951398562899772,729,781,1669.3695652173913,5.18698668957946,1660,1679,46
control_wam_intel,ursa,intel,497.2244897959184,57.27683697989762,459,863,2410.714285714286,16.955824957813107,2382,2468,49
control_wam_intel,wcoss2,intel,770.1489361702128,64.44680270795787,716,1192,1626.595744680851,46.37496493586765,1555,1670,47
