test_name,machine,compiler,core_mean,core_std,core_min,core_max,mem_mean,mem_std,mem_min,mem_max,n_hashes
control_ras_debug_intel,acorn,intel,192.0,3.611094017053558,187,201,823.8076923076923,2.742542335414043,819,831,26
control_ras_debug_intel,derecho,intel,176.66666666666666,4.187894642712672,170,186,755.4444444444445,1.2194996872404433,753,758,27
control_ras_debug_intel,gaeac6,intel,120.88888888888889,3.69337591385248,118,138,6338.481481481482,0.5091750772171322,6338,6339,27
control_ras_debug_intel,hera,intel,164.0,2.2677868380553634,162,169,958.625,2.5035688811888406,955,963,8
control_ras_debug_intel,hercules,intel,148.67857142857142,8.119722543282755,135,166,856.3571428571429,3.8606685826113,849,864,28
control_ras_debug_intel,orion,intel,166.96296296296296,2.3118670690005785,163,172,831.0,3.6055512754640024,824,837,27
control_ras_debug_intel,ursa,intel,148.53571428571428,86.56981004127253,117,464,1482.1785714285713,9.035131315238216,1454,1499,28
control_ras_debug_intel,wcoss2,intel,198.59259259259258,5.651815632433527,192,215,768.5555555555555,47.74719752817819,728,832,27
