test_name,machine,compiler,core_mean,core_std,core_min,core_max,mem_mean,mem_std,mem_min,mem_max,n_hashes
control_2threads_p8_intel,acorn,intel,263.8510638297872,93.05771437858014,160,363,1938.6382978723404,5.862280057670484,1930,1953,47
control_2threads_p8_intel,derecho,intel,282.82142857142856,7.358812159725002,272,301,346587.75,752766.6115661527,1927,1933752,28
control_2threads_p8_intel,gaeac6,intel,129.15217391304347,2.5730862688335785,125,136,158390.9347826087,513015.9403913035,1790,1808156,46
control_2threads_p8_intel,hera,intel,206.10416666666666,29.603219766899947,194,368,2015.4375,24.222291693677892,1966,2041,48
control_2threads_p8_intel,hercules,intel,214.9387755102041,54.88336426886919,175,497,1260606.4897959183,969014.2456366444,1981,1999464,49
control_2threads_p8_intel,orion,intel,264.0625,92.5256505550666,219,792,125021.79166666667,481613.3253891354,1961,1976384,48
control_2threads_p8_intel,ursa,intel,169.94285714285715,108.99674653998862,104,383,59787.62857142857,341336.31147146685,2018,2021464,35
control_2threads_p8_intel,wcoss2,intel,301.4255319148936,87.16419904306817,187,415,1933.5744680851064,7.045642134006028,1914,1949,47
