test_name,machine,compiler,core_mean,core_std,core_min,core_max,mem_mean,mem_std,mem_min,mem_max,n_hashes
control_c192_intel,acorn,intel,429.35555555555555,7.404407641753158,417,444,1702.6222222222223,1.7358373521535289,1700,1708,45
control_c192_intel,derecho,intel,386.2894736842105,7.773509745897181,376,405,1655.4736842105262,3.011122104799913,1641,1658,38
control_c192_intel,gaeac6,intel,283.2340425531915,15.99485347386227,271,373,140478.085106383,923779.0164552539,1677,6338832,47
control_c192_intel,hera,intel,414.1904761904762,5.316192694203681,409,432,1917.6666666666667,7.241086474648208,1894,1926,21
control_c192_intel,hercules,intel,397.93617021276594,74.23329976304115,358,819,40726.82978723404,266745.94507380656,1806,1830536,47
control_c192_intel,orion,intel,471.80434782608694,9.413039573361083,464,509,40385.47826086957,261800.12608941353,1769,1777400,46
control_c192_intel,ursa,intel,291.7755102040816,14.780709988194138,278,343,1821.0204081632653,14.287946254212567,1799,1852,49
control_c192_intel,wcoss2,intel,444.82978723404256,41.11506607862134,427,710,1655.9787234042553,47.14016535438962,1604,1711,47
