test_name,machine,compiler,core_mean,core_std,core_min,core_max,mem_mean,mem_std,mem_min,mem_max,n_hashes
control_lndp_intel,acorn,intel,108.70212765957447,5.170631504687006,100,121,636.7659574468086,1.867488035669051,632,641,47
control_lndp_intel,derecho,intel,92.5,8.422852512328843,81,102,589.5,17.621010186706094,578,617,10
control_lndp_intel,gaeac6,intel,76.41304347826087,44.386973107461515,64,370,139434.45652173914,934479.2259209927,469,6339580,46
control_lndp_intel,hera,intel,93.25,4.455453268724429,87,114,783.1458333333334,5.786961071211387,763,798,48
control_lndp_intel,hercules,intel,82.19565217391305,5.1321191863590965,75,106,59564.260869565216,192917.82417627514,675,678764,46
control_lndp_intel,orion,intel,103.69565217391305,7.6648391016450095,97,150,14943.152173913044,96901.2356391731,649,657872,46
control_lndp_intel,ursa,intel,160.6326530612245,266.16126799035067,64,1270,27944.34693877551,186487.53290865396,1288,1306716,49
control_lndp_intel,wcoss2,intel,129.06382978723406,47.45038793780993,103,408,642.4042553191489,5.428025401514026,633,653,47
