test_name,machine,compiler,core_mean,core_std,core_min,core_max,mem_mean,mem_std,mem_min,mem_max,n_hashes
control_flake_intel,acorn,intel,242.30612244897958,5.553542719264332,229,253,680.795918367347,2.557501969995418,674,685,49
control_flake_intel,derecho,intel,208.05,2.4381831026617493,204,213,165256.3,292497.3166038136,657,662104,20
control_flake_intel,gaeac6,intel,152.14583333333334,3.338935894533074,145,162,45330.8125,150153.09759462829,518,539472,48
control_flake_intel,hera,intel,207.6326530612245,28.526080082933913,189,370,822.0,26.372333988481206,719,837,49
control_flake_intel,hercules,intel,192.3877551020408,34.15761038097916,166,329,296890.97959183675,360333.6365361904,719,731720,49
control_flake_intel,orion,intel,237.79591836734693,52.05365004486426,215,446,29481.244897959183,140967.60651143856,693,705928,49
control_flake_intel,ursa,intel,167.30434782608697,36.49710464328636,144,365,30903.043478260868,200442.41163918228,1339,1360816,46
control_flake_intel,wcoss2,intel,270.3469387755102,64.09061001829366,233,568,686.3061224489796,3.6753915983689738,677,695,49
