test_name,machine,compiler,core_mean,core_std,core_min,core_max,mem_mean,mem_std,mem_min,mem_max,n_hashes
control_2threads_p8_intel,acorn,intel,167.46808510638297,5.974041905464976,154,178,1933.8510638297873,7.07407613695884,1924,1950,47
control_2threads_p8_intel,derecho,intel,305.4166666666667,6.598323937779864,296,318,1887.0833333333333,5.791189755816895,1880,1896,12
control_2threads_p8_intel,gaeac6,intel,127.97826086956522,3.7682246361134744,121,140,140949.0,934206.9814880305,1781,6339292,46
control_2threads_p8_intel,hera,intel,212.4468085106383,22.94777483826594,181,250,2021.5106382978724,9.52998093073874,2002,2047,47
control_2threads_p8_intel,hercules,intel,209.7608695652174,32.604829078329075,165,303,1989.2826086956522,6.810655192754024,1978,2007,46
control_2threads_p8_intel,orion,intel,225.2826086956522,25.492188819739585,199,316,1967.6739130434783,7.740382843894002,1954,1988,46
control_2threads_p8_intel,ursa,intel,104.61224489795919,3.2839021918203017,98,113,2016.9183673469388,4.911028128499264,2010,2026,49
control_2threads_p8_intel,wcoss2,intel,204.6595744680851,42.09837164864171,169,389,1932.0212765957447,5.8290478068784335,1924,1946,47
