test_name,machine,compiler,core_mean,core_std,core_min,core_max,mem_mean,mem_std,mem_min,mem_max,n_hashes
control_p8_ugwpv1_tempo_aerosol_intel,acorn,intel,185.3913043478261,4.474511821265797,178,203,1884.1304347826087,1.275559931989296,1882,1887,46
control_p8_ugwpv1_tempo_aerosol_intel,derecho,intel,215.46153846153845,13.705254762213137,195,264,1834.8461538461538,1.32860159048335,1832,1837,39
control_p8_ugwpv1_tempo_aerosol_intel,gaeac6,intel,121.5625,3.5961341536522045,114,132,137687.0,914082.6306003613,1729,6338692,48
control_p8_ugwpv1_tempo_aerosol_intel,hera,intel,170.47619047619048,2.1123221255066027,168,175,2042.7619047619048,4.334798287172792,2035,2050,21
control_p8_ugwpv1_tempo_aerosol_intel,hercules,intel,190.83333333333334,49.422767315054436,144,377,42356.604166666664,280034.34773846593,1924,1942072,48
control_p8_ugwpv1_tempo_aerosol_intel,orion,intel,228.61702127659575,30.76174444613151,184,286,42606.744680851065,278972.27256278787,1894,1914452,47
control_p8_ugwpv1_tempo_aerosol_intel,ursa,intel,171.08,124.54584271976127,124,683,2544.74,8.417207836040554,2529,2561,50
control_p8_ugwpv1_tempo_aerosol_intel,wcoss2,intel,210.6875,52.05363692405437,190,555,1831.6041666666667,45.692189184610925,1782,1883,48
