test_name,machine,compiler,core_mean,core_std,core_min,core_max,mem_mean,mem_std,mem_min,mem_max,n_hashes
control_p8_ugwpv1_intel,acorn,intel,178.04166666666666,6.878762671187662,163,195,1863.25,2.6052320515748915,1858,1868,48
control_p8_ugwpv1_intel,derecho,intel,181.37142857142857,5.724486693072105,167,195,266088.4,656688.9793998731,1846,1857328,35
control_p8_ugwpv1_intel,gaeac6,intel,114.06382978723404,2.6326070341934273,110,123,148561.78723404257,486641.892905144,1718,1731948,47
control_p8_ugwpv1_intel,hera,intel,185.20408163265307,30.901712190856525,172,320,1967.3673469387754,61.47617894950252,1875,2028,49
control_p8_ugwpv1_intel,hercules,intel,193.42,76.48771810171986,144,654,1453306.58,823905.5431037127,1905,1923328,50
control_p8_ugwpv1_intel,orion,intel,254.77551020408163,124.76966533478841,184,844,117200.42857142857,456224.23348826874,1876,1888336,49
control_p8_ugwpv1_intel,ursa,intel,134.21428571428572,12.386842310849941,124,180,92012.75,473566.60387559904,2505,2508396,28
control_p8_ugwpv1_intel,wcoss2,intel,217.64583333333334,63.2070187266577,180,623,1862.2708333333333,6.6580285349067125,1848,1870,48
