test_name,machine,compiler,core_mean,core_std,core_min,core_max,mem_mean,mem_std,mem_min,mem_max,n_hashes
control_diag_debug_intel,acorn,intel,194.0,3.7821089125099228,188,205,1672.8085106382978,3.524068164668865,1667,1683,47
control_diag_debug_intel,derecho,intel,175.96,4.62313025268955,171,190,1604.92,1.9561867668161192,1601,1608,25
control_diag_debug_intel,gaeac6,intel,116.85106382978724,3.2967620702760914,109,127,139128.46808510637,924055.2197565584,1494,6339324,47
control_diag_debug_intel,hera,intel,163.7058823529412,2.023040192903583,160,167,1808.3823529411766,5.841412790310963,1798,1821,34
control_diag_debug_intel,hercules,intel,146.5744680851064,9.719421795405472,134,168,1703.936170212766,5.541951686196675,1693,1719,47
control_diag_debug_intel,orion,intel,167.8913043478261,3.665019392821607,162,181,1683.4782608695652,4.987714374940738,1674,1696,46
control_diag_debug_intel,ursa,intel,153.9387755102041,91.8976804575033,118,492,2318.122448979592,9.475038814918808,2289,2341,49
control_diag_debug_intel,wcoss2,intel,210.95744680851064,44.259097540264314,190,467,1649.2978723404256,42.22605567636354,1574,1682,47
