test_name,machine,compiler,core_mean,core_std,core_min,core_max,mem_mean,mem_std,mem_min,mem_max,n_hashes
control_iovr5_intel,acorn,intel,161.1875,5.94891819237535,149,173,631.5625,2.102746431025717,626,637,48
control_iovr5_intel,derecho,intel,129.35294117647058,1.6179144164088166,126,133,180255.70588235295,286870.3724887699,609,613432,17
control_iovr5_intel,gaeac6,intel,103.48936170212765,3.9829655787001266,96,115,42152.1914893617,138096.62420780954,468,492316,47
control_iovr5_intel,hera,intel,153.45833333333334,22.840760815041378,140,263,784.1666666666666,3.5209605394788785,777,793,48
control_iovr5_intel,hercules,intel,138.9375,36.397571961339,120,319,254816.08333333334,331566.93441165367,669,681500,48
control_iovr5_intel,orion,intel,185.02083333333334,109.04176236523469,155,856,28001.145833333332,132532.85252857598,647,657868,48
control_iovr5_intel,ursa,intel,139.0,113.69537500651616,99,661,28266.020833333332,186805.2881510915,1291,1295528,48
control_iovr5_intel,wcoss2,intel,181.14583333333334,38.06097548158651,157,371,635.5416666666666,5.242860731745814,613,642,48
