test_name,machine,compiler,core_mean,core_std,core_min,core_max,mem_mean,mem_std,mem_min,mem_max,n_hashes
control_c48.v2.sfc_intel,acorn,intel,344.2340425531915,7.431462978320602,331,368,719.7021276595744,1.9439414646874729,715,723,47
control_c48.v2.sfc_intel,derecho,intel,307.5,1.6216132799251555,305,313,681.6785714285714,0.5479640045336536,681,683,28
control_c48.v2.sfc_intel,gaeac6,intel,245.63829787234042,4.390828048651134,239,264,139142.72340425532,923949.6258634237,680,6338624,47
control_c48.v2.sfc_intel,hera,intel,372.96774193548384,8.526366443637214,361,403,847.8387096774194,4.313519631681661,835,855,31
control_c48.v2.sfc_intel,hercules,intel,326.3829787234043,6.920521441428857,320,356,840.2978723404256,5.158003041357462,828,847,47
control_c48.v2.sfc_intel,orion,intel,474.4782608695652,4.534995432729714,465,496,841.5652173913044,4.92906199736957,826,855,46
control_c48.v2.sfc_intel,ursa,intel,271.7959183673469,99.23771535892925,233,679,803.734693877551,4.0351348087976024,799,827,49
control_c48.v2.sfc_intel,wcoss2,intel,349.59574468085106,20.30598495461063,331,458,724.3829787234042,1.5259094435687934,721,728,47
