test_name,machine,compiler,core_mean,core_std,core_min,core_max,mem_mean,mem_std,mem_min,mem_max,n_hashes
control_p8_atmlnd_intel,acorn,intel,207.08510638297872,17.760275393519493,194,320,1862.4893617021276,2.0094595901853847,1859,1868,47
control_p8_atmlnd_intel,gaeac6,intel,146.06382978723406,4.958103842148553,138,162,139554.1489361702,923976.8733028318,1847,6339228,47
control_p8_atmlnd_intel,hera,intel,183.80645161290323,3.477732545195788,177,194,1846.032258064516,8.665963577766913,1821,1864,31
control_p8_atmlnd_intel,hercules,intel,178.12765957446808,18.62515482430729,154,222,1881.723404255319,4.812583721054149,1874,1891,47
control_p8_atmlnd_intel,orion,intel,225.2826086956522,21.141494789450608,209,288,1857.4565217391305,4.520110724991455,1848,1868,46
control_p8_atmlnd_intel,ursa,intel,144.87755102040816,7.468357285522545,138,178,1908.6734693877552,10.02577460661195,1890,1930,49
