test_name,machine,compiler,core_mean,core_std,core_min,core_max,mem_mean,mem_std,mem_min,mem_max,n_hashes
control_stochy_debug_gnu,derecho,gnu,109.91111111111111,2.826998265284078,106,119,596.1777777777778,2.405381172674825,585,600,45
control_stochy_debug_gnu,hera,gnu,98.25,2.7010099121355604,95,104,586.4166666666666,2.574643252722177,583,592,12
control_stochy_debug_gnu,hercules,gnu,82.0,8.518522019182926,74,126,12691.936170212766,83082.79346437303,563,570160,47
control_stochy_debug_gnu,ursa,gnu,92.18,102.41446206867626,70,774,494.68,7.3746393893158855,482,512,50
