test_name,machine,compiler,core_mean,core_std,core_min,core_max,mem_mean,mem_std,mem_min,mem_max,n_hashes
control_lndp_intel,acorn,intel,111.2,6.13707066633881,99,127,633.4666666666667,1.9140627898886875,628,637,45
control_lndp_intel,derecho,intel,99.73913043478261,2.3327121326301294,94,105,580.0434782608696,1.2464442179278497,578,582,46
control_lndp_intel,gaeac6,intel,73.34782608695652,6.165197631523972,70,103,6338.847826086957,0.3631584474729322,6338,6339,46
control_lndp_intel,hera,intel,95.71428571428571,8.15913160645351,91,114,779.1428571428571,8.234653836654232,763,785,7
control_lndp_intel,hercules,intel,88.42553191489361,9.331444458880773,78,125,15183.425531914894,99435.69226624389,672,682376,47
control_lndp_intel,orion,intel,106.21739130434783,9.411371475161221,100,160,14871.739130434782,96403.17346861215,646,654496,46
control_lndp_intel,ursa,intel,450.14,500.3404559264968,64,1302,1305.5,11.616754262350446,1287,1336,50
control_lndp_intel,wcoss2,intel,111.57142857142857,8.403868156985808,104,151,558.3265306122449,37.53297869602033,535,639,49
