test_name,machine,compiler,core_mean,core_std,core_min,core_max,mem_mean,mem_std,mem_min,mem_max,n_hashes
control_wam_debug_gnu,hera,gnu,395.1666666666667,22.52972819370597,379,515,1400.3333333333333,3.404210992619234,1387,1408,48
control_wam_debug_gnu,hercules,gnu,323.8125,25.597254049870596,293,431,549621.8125,684479.749948126,1381,1392684,48
control_wam_debug_gnu,ursa,gnu,330.63829787234044,181.44066289991758,264,952,29169.510638297874,191005.46579179948,1297,1310776,47
