test_name,machine,compiler,core_mean,core_std,core_min,core_max,mem_mean,mem_std,mem_min,mem_max,n_hashes
control_iovr4_gfdlmpv3_intel,acorn,intel,179.61702127659575,4.958756819525406,171,194,914.5744680851063,2.7484753152869073,910,922,47
control_iovr4_gfdlmpv3_intel,derecho,intel,208.59259259259258,8.495515827410905,196,227,873.4444444444445,1.4500221041638695,871,875,27
control_iovr4_gfdlmpv3_intel,gaeac6,intel,119.7872340425532,3.381125167833192,112,130,139075.51063829788,924102.6993912355,767,6339584,47
control_iovr4_gfdlmpv3_intel,hera,intel,171.875,3.498847736594287,167,182,1075.375,4.770541323175916,1058,1082,32
control_iovr4_gfdlmpv3_intel,hercules,intel,173.7872340425532,37.10791323682672,140,312,973.9148936170212,3.8268490116545752,967,981,47
control_iovr4_gfdlmpv3_intel,orion,intel,214.1304347826087,29.880955432926523,185,283,949.6739130434783,3.2114679774284562,942,958,46
control_iovr4_gfdlmpv3_intel,ursa,intel,230.6734693877551,192.95977427898262,122,705,1595.9183673469388,7.96564690481859,1581,1611,49
control_iovr4_gfdlmpv3_intel,wcoss2,intel,206.95744680851064,41.2900437766616,184,426,890.8085106382979,42.015855339472616,824,923,47
