test_name,machine,compiler,core_mean,core_std,core_min,core_max,mem_mean,mem_std,mem_min,mem_max,n_hashes
control_csawmg_intel,acorn,intel,397.6041666666667,8.653469562030754,378,421,961.4583333333334,2.333459976299769,957,968,48
control_csawmg_intel,derecho,intel,373.94117647058823,11.048023512348792,341,394,280990.0588235294,447188.3023829937,945,954660,17
control_csawmg_intel,gaeac6,intel,247.59574468085106,4.924029696816841,237,267,70720.68085106384,231657.9658360769,814,823776,47
control_csawmg_intel,hera,intel,371.6666666666667,25.503719656396328,337,491,1159.7291666666667,3.2924128340023633,1153,1165,48
control_csawmg_intel,hercules,intel,352.8958333333333,34.735621291763636,308,420,403800.2916666667,525424.7278794459,1066,1081724,48
control_csawmg_intel,orion,intel,431.6875,111.62744958118499,366,847,44571.979166666664,210965.22372651444,1037,1048264,48
control_csawmg_intel,ursa,intel,305.5208333333333,136.7029688207142,252,958,38524.104166666664,254655.3831932221,1735,1766072,48
control_csawmg_intel,wcoss2,intel,443.6458333333333,54.28862565847957,399,753,957.9791666666666,2.621430365872918,950,961,48
