test_name,machine,compiler,core_mean,core_std,core_min,core_max,mem_mean,mem_std,mem_min,mem_max,n_hashes
control_noqr_p8_intel,acorn,intel,176.6595744680851,4.714808289452547,165,185,1853.127659574468,2.1530263965404184,1850,1859,47
control_noqr_p8_intel,derecho,intel,205.6551724137931,8.804527496322411,194,227,1801.7241379310344,1.0315228591102734,1800,1804,29
control_noqr_p8_intel,gaeac6,intel,115.44680851063829,6.432960339019996,107,142,139582.95744680852,923833.760173238,1700,6338296,47
control_noqr_p8_intel,hera,intel,162.16666666666666,3.018144364058633,157,169,2006.2,8.027538807775754,1977,2018,30
control_noqr_p8_intel,hercules,intel,169.7872340425532,38.82342198154456,135,311,1900.531914893617,3.740791963520366,1893,1910,47
control_noqr_p8_intel,orion,intel,205.7173913043478,33.49073705667037,174,313,1880.2173913043478,6.432255673049559,1869,1894,46
control_noqr_p8_intel,ursa,intel,181.48979591836735,167.97049870549935,117,760,2505.6326530612246,7.204436935987926,2493,2525,49
control_noqr_p8_intel,wcoss2,intel,201.5531914893617,32.99723869253455,179,405,1822.9148936170213,47.94282363999213,1748,1865,47
