test_name,machine,compiler,core_mean,core_std,core_min,core_max,mem_mean,mem_std,mem_min,mem_max,n_hashes
control_c48_gnu,derecho,gnu,433.10526315789474,1.6962290477574473,430,436,1511.1052631578948,1.0485300208760038,1510,1513,19
control_c48_gnu,hera,gnu,577.1794871794872,7.15568156624256,566,588,1535.923076923077,2.3773560655375277,1530,1541,39
control_c48_gnu,hercules,gnu,469.39130434782606,6.4617791181671125,460,484,1581.4782608695652,2.268030280365973,1577,1587,46
control_c48_gnu,ursa,gnu,387.6326530612245,191.53118695980373,339,1666,1509.6734693877552,2.831281770256423,1496,1514,49
