test_name,machine,compiler,core_mean,core_std,core_min,core_max,mem_mean,mem_std,mem_min,mem_max,n_hashes
control_p8_atmlnd_debug_intel,acorn,intel,339.4791666666667,5.750077088598266,329,358,1910.6041666666667,3.2468615506484126,1904,1919,48
control_p8_atmlnd_debug_intel,derecho,intel,308.5882352941176,8.470971192323615,298,324,563404.9411764706,896636.1333113665,1905,1914772,17
control_p8_atmlnd_debug_intel,gaeac6,intel,203.36170212765958,6.71605970114494,197,230,163355.6170212766,535122.1442068585,1871,1906832,47
control_p8_atmlnd_debug_intel,hera,intel,298.7083333333333,29.315567234312617,282,461,1881.4791666666667,6.565511382696085,1868,1895,48
control_p8_atmlnd_debug_intel,hercules,intel,309.0416666666667,70.15604441084093,234,551,722323.1875,939891.8363794815,1899,1936072,48
control_p8_atmlnd_debug_intel,orion,intel,342.875,84.2949797854017,283,858,80967.66666666667,383231.3099117196,1878,1902876,48
control_p8_atmlnd_debug_intel,ursa,intel,217.5625,17.607911966777525,207,328,42436.291666666664,280473.6715570271,1933,1945132,48
