test_name,machine,compiler,core_mean,core_std,core_min,core_max,mem_mean,mem_std,mem_min,mem_max,n_hashes
control_stochy_intel,acorn,intel,112.06382978723404,4.551178802479298,105,127,632.5106382978723,3.3157879280374027,627,643,47
control_stochy_intel,derecho,intel,106.42857142857143,2.658718313169535,103,112,580.0,1.217161238900425,578,583,28
control_stochy_intel,gaeac6,intel,76.08510638297872,4.822185086677596,69,97,139084.914893617,924039.6089512947,472,6339168,47
control_stochy_intel,hera,intel,98.6774193548387,4.592654256340178,93,113,781.6129032258065,3.783097666858371,769,787,31
control_stochy_intel,hercules,intel,91.38297872340425,7.839568509336526,82,113,678.2553191489362,3.626401289015493,672,687,47
control_stochy_intel,orion,intel,109.52173913043478,2.419725700109019,104,115,655.1521739130435,3.3794634110846307,648,665,46
control_stochy_intel,ursa,intel,161.69387755102042,157.46880697480384,68,578,1302.8163265306123,7.854599155345648,1292,1328,49
control_stochy_intel,wcoss2,intel,123.17021276595744,30.450472366534004,107,288,609.6595744680851,44.652901262060524,541,644,47
