test_name,machine,compiler,core_mean,core_std,core_min,core_max,mem_mean,mem_std,mem_min,mem_max,n_hashes
control_wrtGauss_netcdf_parallel_debug_intel,acorn,intel,168.33333333333334,8.420753583206858,160,208,1612.5555555555557,2.4913993471682896,1608,1618,45
control_wrtGauss_netcdf_parallel_debug_intel,derecho,intel,150.75,3.679768698494326,145,167,1548.7272727272727,4.933811378091716,1537,1554,44
control_wrtGauss_netcdf_parallel_debug_intel,gaeac6,intel,102.39583333333333,3.6943866754579715,96,117,138179.20833333334,914139.9544612309,1437,6339580,48
control_wrtGauss_netcdf_parallel_debug_intel,hera,intel,137.75,3.193743884534264,134,148,1747.5625,5.999652767730275,1736,1760,16
control_wrtGauss_netcdf_parallel_debug_intel,hercules,intel,126.41666666666667,22.599033431913355,114,272,35874.458333333336,237170.60770479564,1632,1644808,48
control_wrtGauss_netcdf_parallel_debug_intel,orion,intel,144.5744680851064,8.050775498295762,137,181,36037.36170212766,235956.52484647933,1608,1619256,47
control_wrtGauss_netcdf_parallel_debug_intel,ursa,intel,125.64,74.54426434635178,98,424,2253.64,9.07510611620649,2232,2284,50
control_wrtGauss_netcdf_parallel_debug_intel,wcoss2,intel,169.875,5.959526612643698,163,194,1554.7291666666667,47.2691431820287,1515,1622,48
