test_name,machine,compiler,core_mean,core_std,core_min,core_max,mem_mean,mem_std,mem_min,mem_max,n_hashes
control_csawmg_debug_gnu,derecho,gnu,179.03225806451613,7.534294353013388,164,204,838.0322580645161,5.799332553364767,832,852,31
control_csawmg_debug_gnu,hera,gnu,140.10714285714286,3.803889682887331,135,155,834.3928571428571,5.626256473425471,827,847,28
control_csawmg_debug_gnu,hercules,gnu,129.40425531914894,32.67339003350006,105,219,817.9574468085107,5.449201963145858,810,835,47
control_csawmg_debug_gnu,ursa,gnu,121.75510204081633,51.42937334030885,103,369,736.1224489795918,4.333169803298444,730,750,49
