test_name,machine,compiler,core_mean,core_std,core_min,core_max,mem_mean,mem_std,mem_min,mem_max,n_hashes
control_flake_intel,acorn,intel,242.45833333333334,5.70165460618467,229,253,680.9583333333334,2.6413917457677516,674,685,48
control_flake_intel,derecho,intel,208.33333333333334,2.225394561056748,206,213,220120.86666666667,321262.207507883,657,662104,15
control_flake_intel,gaeac6,intel,152.17021276595744,3.338309575715188,145,162,46282.17021276596,151630.12219919998,513,539472,47
control_flake_intel,hera,intel,203.22916666666666,16.25100924307288,189,303,828.2083333333334,3.6259016975874427,821,837,48
control_flake_intel,hercules,intel,189.75,28.03455314808435,166,272,257815.875,350850.74804007745,718,731720,48
control_flake_intel,orion,intel,233.625,44.45778537951552,215,446,30080.875,142396.2030157518,693,705928,48
control_flake_intel,ursa,intel,198.3469387755102,232.6998738558253,144,1776,29093.34693877551,194209.5536692208,1337,1360816,49
control_flake_intel,wcoss2,intel,271.7916666666667,64.34546334033402,233,568,686.8541666666666,2.9317744487664306,680,695,48
