test_name,machine,compiler,core_mean,core_std,core_min,core_max,mem_mean,mem_std,mem_min,mem_max,n_hashes
control_diag_debug_gnu,hera,gnu,98.97916666666667,16.703279819771588,90,188,1368.1875,31.65146378249293,1257,1393,48
control_diag_debug_gnu,hercules,gnu,81.79591836734694,29.199015103136563,69,266,944378.2040816327,666844.4445096741,1368,1622816,49
control_diag_debug_gnu,ursa,gnu,85.06060606060606,22.454035541995832,72,195,40262.06060606061,223899.70379906424,1283,1287492,33
