test_name,machine,compiler,core_mean,core_std,core_min,core_max,mem_mean,mem_std,mem_min,mem_max,n_hashes
control_ras_intel,acorn,intel,203.95555555555555,2.8916459260456064,198,210,665.6,2.972602165841113,659,674,45
control_ras_intel,derecho,intel,188.46666666666667,3.1811224795479123,183,197,621.0333333333333,1.325696520462992,618,624,30
control_ras_intel,gaeac6,intel,134.3913043478261,6.180536693235059,128,171,142364.0,933976.3830450723,513,6339168,46
control_ras_intel,hera,intel,187.92857142857142,2.1417986803856346,184,196,867.6785714285714,3.7322773449857776,858,875,28
control_ras_intel,hercules,intel,169.34782608695653,5.978544569465217,166,206,851.4130434782609,10.866004247614608,832,879,46
control_ras_intel,orion,intel,202.88888888888889,1.6127647382709365,198,208,742.5111111111111,2.464495358838682,739,751,45
control_ras_intel,ursa,intel,200.95833333333334,158.81729879696076,132,693,1608.4791666666667,56.94603252701091,1567,1801,48
control_ras_intel,wcoss2,intel,215.54347826086956,27.957671594147183,203,392,635.3260869565217,46.13653859184407,573,675,46
