test_name,machine,compiler,core_mean,core_std,core_min,core_max,mem_mean,mem_std,mem_min,mem_max,n_hashes
control_p8_atmlnd_debug_intel,acorn,intel,341.2083333333333,8.170935344081657,328,361,1915.1041666666667,5.091668552889399,1909,1928,48
control_p8_atmlnd_debug_intel,derecho,intel,306.71875,8.748214103461342,288,324,300208.25,704263.1539937968,1905,1914772,32
control_p8_atmlnd_debug_intel,gaeac6,intel,203.46808510638297,6.45334784645784,198,230,163368.27659574468,535118.2413605549,1875,1906832,47
control_p8_atmlnd_debug_intel,hera,intel,304.0816326530612,28.632613059451014,282,461,1883.0204081632653,12.305977199309764,1853,1909,49
control_p8_atmlnd_debug_intel,hercules,intel,311.56,71.19222612915324,234,551,1346608.16,889256.753714351,1913,1936072,50
control_p8_atmlnd_debug_intel,orion,intel,362.61224489795916,108.82723623679313,283,858,117990.75510204081,459310.334413434,1886,1902876,49
control_p8_atmlnd_debug_intel,ursa,intel,218.16129032258064,21.114129193810083,208,328,64640.967741935485,349004.36529079726,1933,1945132,31
