test_name,machine,compiler,core_mean,core_std,core_min,core_max,mem_mean,mem_std,mem_min,mem_max,n_hashes
control_c384_intel,acorn,intel,524.063829787234,6.888567262277447,510,535,2003.5106382978724,8.994859257485961,1981,2022,47
control_c384_intel,derecho,intel,410.9230769230769,6.52945986692976,400,420,385260.26923076925,801039.8677719134,1974,2008164,26
control_c384_intel,gaeac6,intel,582.8695652173913,6.312628245217683,569,596,173701.13043478262,562611.3393322885,1952,1983040,46
control_c384_intel,hera,intel,513.8541666666666,31.165303664207553,491,670,2002.1666666666667,13.858453650701847,1954,2020,48
control_c384_intel,hercules,intel,481.6734693877551,82.49732009665071,422,830,1157930.4081632653,1011445.7697657126,2010,2044936,49
control_c384_intel,orion,intel,665.8333333333334,200.55946572221455,581,1481,126202.97916666667,486154.82159836695,1975,1998524,48
control_c384_intel,ursa,intel,354.3783783783784,14.648381312454793,340,404,58707.08108108108,344285.8664513141,2081,2096316,37
control_c384_intel,wcoss2,intel,584.5957446808511,128.07091438704347,518,1131,1996.9787234042553,11.33000894451108,1971,2015,47
