test_name,machine,compiler,core_mean,core_std,core_min,core_max,mem_mean,mem_std,mem_min,mem_max,n_hashes
control_lndp_debug_intel,acorn,intel,194.33333333333334,7.141428428542848,182,212,817.1555555555556,2.4116719545082628,813,822,45
control_lndp_debug_intel,derecho,intel,174.5121951219512,3.241311086732587,169,183,749.6829268292682,1.3497967326647042,746,752,41
control_lndp_debug_intel,gaeac6,intel,119.125,1.7700222381100872,115,123,137806.77083333334,914195.9611721889,642,6339580,48
control_lndp_debug_intel,hera,intel,162.68421052631578,3.0377738848437357,158,170,950.578947368421,3.56395207402749,944,957,19
control_lndp_debug_intel,hercules,intel,148.33333333333334,9.182159698980879,136,176,18439.583333333332,121870.39928020384,842,845192,48
control_lndp_debug_intel,orion,intel,168.08510638297872,6.639243629111493,161,191,18317.212765957447,119926.67945021136,815,823000,47
control_lndp_debug_intel,ursa,intel,139.94,73.15524727647109,115,522,1473.3,7.194811055368258,1440,1491,50
control_lndp_debug_intel,wcoss2,intel,198.08333333333334,12.751025546295068,191,280,765.2291666666666,47.923360617842825,722,825,48
