test_name,machine,compiler,core_mean,core_std,core_min,core_max,mem_mean,mem_std,mem_min,mem_max,n_hashes
control_flake_intel,acorn,intel,239.78947368421052,5.4424151845422095,231,252,682.421052631579,2.1425786507976365,677,685,19
control_flake_intel,derecho,intel,218.77777777777777,3.270236145058096,216,226,626.0,0.5000000000000336,625,627,9
control_flake_intel,gaeac6,intel,153.57894736842104,2.7752034855060503,150,159,337515.0,1453433.3073118436,513,6339432,19
control_flake_intel,hera,intel,196.7,4.8024116748501315,192,211,826.4,3.2670604846752296,819,831,20
control_flake_intel,hercules,intel,174.27777777777777,6.658082708969389,169,195,722.7222222222222,3.8927618436325586,715,731,18
control_flake_intel,orion,intel,240.61111111111111,72.52597010636453,220,531,699.3333333333334,3.7729688731351922,692,705,18
control_flake_intel,ursa,intel,237.2,362.6941004845761,148,1776,1343.4,5.789282293487154,1335,1356,20
control_flake_intel,wcoss2,intel,247.42105263157896,10.05162114881466,240,281,683.6315789473684,2.0058394284851064,680,687,19
