test_name,machine,compiler,core_mean,core_std,core_min,core_max,mem_mean,mem_std,mem_min,mem_max,n_hashes
control_p8_ugwpv1_intel,acorn,intel,178.0222222222222,5.825059066766033,169,192,1856.6222222222223,1.3019022601368062,1853,1860,45
control_p8_ugwpv1_intel,derecho,intel,206.73170731707316,14.203915640139344,192,247,1814.780487804878,3.2520162601219464,1808,1818,41
control_p8_ugwpv1_intel,gaeac6,intel,115.45833333333333,2.6252321748049594,109,123,137877.04166666666,914054.2369120155,1706,6338692,48
control_p8_ugwpv1_intel,hera,intel,164.31578947368422,3.334210410926024,160,175,2011.3157894736842,3.0377738848436944,2008,2021,19
control_p8_ugwpv1_intel,hercules,intel,183.83333333333334,51.484487782918684,138,404,41556.979166666664,274698.1018779343,1899,1905072,48
control_p8_ugwpv1_intel,orion,intel,228.85106382978722,50.364747299900095,180,471,41892.255319148935,274266.68379005545,1879,1882164,47
control_p8_ugwpv1_intel,ursa,intel,203.14,176.6779625447939,120,696,2511.48,8.043859364098026,2499,2529,50
control_p8_ugwpv1_intel,wcoss2,intel,198.02083333333334,37.7536750829572,181,449,1807.6875,48.76131892601211,1759,1867,48
