test_name,machine,compiler,core_mean,core_std,core_min,core_max,mem_mean,mem_std,mem_min,mem_max,n_hashes
control_restart_p8_intel,acorn,intel,112.12765957446808,4.147377491319564,106,121,1010.5744680851063,2.5854499301573433,1006,1015,47
control_restart_p8_intel,derecho,intel,125.3,18.76788036335839,100,148,100480.1,314633.9432142445,969,995944,10
control_restart_p8_intel,gaeac6,intel,69.56521739130434,2.7215369343487064,65,83,139376.63043478262,934467.5634824679,846,6339452,46
control_restart_p8_intel,hera,intel,102.33333333333333,4.091159817519018,96,114,1270.7291666666667,11.318859395459612,1252,1290,48
control_restart_p8_intel,hercules,intel,106.45652173913044,25.809306264506073,84,176,179184.23913043478,424755.6172569605,1160,1178552,46
control_restart_p8_intel,orion,intel,125.43478260869566,29.502280268867384,105,221,48800.260869565216,226116.14513051911,1094,1101292,46
control_restart_p8_intel,ursa,intel,78.73469387755102,4.137106024566382,72,87,38067.183673469386,253663.20406821533,1770,1777472,49
control_restart_p8_intel,wcoss2,intel,153.91489361702128,43.299678574584696,122,308,1013.0212765957447,5.561863003886962,1001,1019,47
