test_name,machine,compiler,core_mean,core_std,core_min,core_max,mem_mean,mem_std,mem_min,mem_max,n_hashes
control_debug_p8_gnu,derecho,gnu,151.2391304347826,9.789302057992122,134,177,1550.2608695652175,10.414593996692476,1525,1573,46
control_debug_p8_gnu,hera,gnu,98.3,3.233505150074074,95,104,1534.7,8.844960900610754,1520,1551,10
control_debug_p8_gnu,hercules,gnu,104.14583333333333,35.09136378165912,75,218,33392.791666666664,220759.56167277484,1507,1530996,48
control_debug_p8_gnu,ursa,gnu,94.18,32.220978082166106,78,208,1449.32,12.74144771193285,1422,1476,50
