test_name,machine,compiler,core_mean,core_std,core_min,core_max,mem_mean,mem_std,mem_min,mem_max,n_hashes
control_ras_gnu,hera,gnu,288.8541666666667,19.255272373674604,278,379,610.9583333333334,4.399991940676058,603,635,48
control_ras_gnu,hercules,gnu,226.91666666666666,13.662860566705941,216,287,237085.14583333334,295265.368443443,589,605032,48
control_ras_gnu,ursa,gnu,276.6808510638298,278.2470833772667,185,1374,11611.829787234043,76042.94630676717,514,521844,47
