test_name,machine,compiler,core_mean,core_std,core_min,core_max,mem_mean,mem_std,mem_min,mem_max,n_hashes
control_debug_p8_gnu,derecho,gnu,151.9047619047619,10.816213579181763,139,177,1551.095238095238,10.108930516650844,1525,1570,21
control_debug_p8_gnu,hera,gnu,98.1891891891892,2.2953798746109038,95,104,1540.8918918918919,9.842605187493666,1514,1563,37
control_debug_p8_gnu,hercules,gnu,99.67391304347827,32.255269576596895,75,187,1532.5217391304348,10.609721182711583,1505,1557,46
control_debug_p8_gnu,ursa,gnu,86.51020408163265,23.014599034253948,77,208,1447.3673469387754,10.617779659512571,1422,1474,49
