test_name,machine,compiler,core_mean,core_std,core_min,core_max,mem_mean,mem_std,mem_min,mem_max,n_hashes
control_restart_p8_atmlnd_intel,acorn,intel,128.6304347826087,16.53999690400639,117,234,1030.2608695652175,1.1630378346515118,1028,1033,46
control_restart_p8_atmlnd_intel,gaeac6,intel,85.70212765957447,4.069584390792698,80,100,139504.06382978722,924039.955830972,998,6339596,47
control_restart_p8_atmlnd_intel,hera,intel,104.6896551724138,2.5086058774299063,101,112,1121.8275862068965,3.3173673460101774,1115,1128,29
control_restart_p8_atmlnd_intel,hercules,intel,99.02127659574468,12.08212722722597,87,153,1201.0,6.213589594765145,1182,1212,47
control_restart_p8_atmlnd_intel,orion,intel,128.15217391304347,20.98885142302863,117,230,1105.608695652174,5.882094339300051,1088,1113,46
control_restart_p8_atmlnd_intel,ursa,intel,85.38775510204081,3.1544698876528914,82,96,1310.6530612244899,14.101641483068805,1277,1337,49
