test_name,machine,compiler,core_mean,core_std,core_min,core_max,mem_mean,mem_std,mem_min,mem_max,n_hashes
control_CubedSphereGrid_parallel_intel,acorn,intel,159.35416666666666,7.955968142093965,143,171,1583.1458333333333,2.5598336326703435,1579,1587,48
control_CubedSphereGrid_parallel_intel,derecho,intel,130.74285714285713,2.7901386971940796,127,138,224356.0285714286,553691.4862467602,1560,1564204,35
control_CubedSphereGrid_parallel_intel,gaeac6,intel,101.34042553191489,3.357513286222422,98,112,123999.0425531915,406194.26091657596,1431,1444020,47
control_CubedSphereGrid_parallel_intel,hera,intel,161.3877551020408,23.819474111297584,151,291,1680.795918367347,64.04587535243655,1587,1742,49
control_CubedSphereGrid_parallel_intel,hercules,intel,159.68,92.76290602764595,125,786,1234324.78,699773.4751940187,1615,1637620,50
control_CubedSphereGrid_parallel_intel,orion,intel,208.85714285714286,91.88489175774944,165,587,99685.10204081633,388065.1605999009,1589,1609368,49
control_CubedSphereGrid_parallel_intel,ursa,intel,130.75,89.61713832454974,103,583,82351.10714285714,423949.87765915244,2218,2245564,28
control_CubedSphereGrid_parallel_intel,wcoss2,intel,176.6875,23.196804851512404,160,323,1580.7916666666667,8.310358400068345,1561,1592,48
