test_name,machine,compiler,core_mean,core_std,core_min,core_max,mem_mean,mem_std,mem_min,mem_max,n_hashes
control_CubedSphereGrid_debug_intel,acorn,intel,160.87234042553192,4.3719313276588645,153,172,1607.127659574468,3.8199534556496975,1600,1615,47
control_CubedSphereGrid_debug_intel,derecho,intel,144.0,9.237604307034012,128,155,1556.2,19.44679350889955,1545,1593,10
control_CubedSphereGrid_debug_intel,gaeac6,intel,105.21739130434783,38.264525517030506,91,248,140273.54347826086,934218.2025452965,1430,6338692,46
control_CubedSphereGrid_debug_intel,hera,intel,139.41666666666666,31.596413298558645,127,260,1743.5833333333333,4.867754663188525,1734,1754,48
control_CubedSphereGrid_debug_intel,hercules,intel,128.56521739130434,28.394562995923504,110,253,144232.97826086957,467168.9550316882,1627,1642940,46
control_CubedSphereGrid_debug_intel,orion,intel,138.2391304347826,7.30657172264559,131,168,36842.02173913043,238907.11828569966,1604,1621964,46
control_CubedSphereGrid_debug_intel,ursa,intel,113.06122448979592,47.512458087004795,96,355,2242.816326530612,7.546173062629439,2224,2258,49
control_CubedSphereGrid_debug_intel,wcoss2,intel,176.19148936170214,28.852426842297028,160,323,1608.8936170212767,3.9244719531433017,1598,1615,47
