test_name,machine,compiler,core_mean,core_std,core_min,core_max,mem_mean,mem_std,mem_min,mem_max,n_hashes
control_p8_ugwpv1_tempo_aerosol_intel,acorn,intel,187.80851063829786,5.467843935117162,172,203,1885.3191489361702,1.0447879539122118,1884,1887,47
control_p8_ugwpv1_tempo_aerosol_intel,derecho,intel,205.3,14.142528455375679,184,223,1841.4,16.13278235973788,1833,1872,10
control_p8_ugwpv1_tempo_aerosol_intel,gaeac6,intel,122.0,16.56770620480967,111,228,140501.84782608695,934183.5299394982,1729,6338692,46
control_p8_ugwpv1_tempo_aerosol_intel,hera,intel,176.54166666666666,8.567524862496978,164,194,2041.9583333333333,8.562556620923663,2010,2053,48
control_p8_ugwpv1_tempo_aerosol_intel,hercules,intel,178.17391304347825,34.08505984075466,142,291,170853.89130434784,553394.2957935641,1931,1949836,46
control_p8_ugwpv1_tempo_aerosol_intel,orion,intel,207.19565217391303,24.275840358693507,181,283,1916.5869565217392,5.623664629468358,1894,1927,46
control_p8_ugwpv1_tempo_aerosol_intel,ursa,intel,186.0612244897959,126.78301807998338,125,683,2549.5714285714284,9.282600210429521,2532,2570,49
control_p8_ugwpv1_tempo_aerosol_intel,wcoss2,intel,240.82978723404256,75.73274495652063,192,555,1883.659574468085,3.2522674080165332,1876,1889,47
