test_name,machine,compiler,core_mean,core_std,core_min,core_max,mem_mean,mem_std,mem_min,mem_max,n_hashes
control_stochy_restart_intel,acorn,intel,72.36170212765957,4.469342583281628,65,82,400.59574468085106,1.9962962931180281,398,404,47
control_stochy_restart_intel,derecho,intel,54.48148148148148,1.4242506901841503,53,57,79050.22222222222,168050.11479828853,417,428480,27
control_stochy_restart_intel,gaeac6,intel,41.80434782608695,1.857352538993683,40,51,25700.67391304348,83256.5378886392,279,295704,46
control_stochy_restart_intel,hera,intel,65.5,26.81139802080054,57,208,600.4583333333334,51.92341263959677,492,635,48
control_stochy_restart_intel,hercules,intel,59.83673469387755,28.742641767630076,48,234,341021.4693877551,273819.43150338624,538,569140,49
control_stochy_restart_intel,orion,intel,85.91666666666667,56.91757135611123,64,345,30967.8125,119306.37423816764,479,489904,48
control_stochy_restart_intel,ursa,intel,69.33333333333333,81.38831084902267,41,425,34495.333333333336,199693.8292297915,1188,1199376,36
control_stochy_restart_intel,wcoss2,intel,84.63829787234043,18.007758632123586,68,171,404.0,4.515673188775538,390,415,47
