test_name,machine,compiler,core_mean,core_std,core_min,core_max,mem_mean,mem_std,mem_min,mem_max,n_hashes
control_p8_atmlnd_intel,acorn,intel,207.55555555555554,18.37309737280862,191,320,1861.9777777777779,1.339757252247397,1859,1865,45
control_p8_atmlnd_intel,gaeac6,intel,148.08333333333334,4.16588645177446,139,162,138180.4375,914087.8414957608,1848,6339228,48
control_p8_atmlnd_intel,hera,intel,184.375,2.061552812808828,182,189,1844.625,9.918837297452411,1821,1864,16
control_p8_atmlnd_intel,hercules,intel,183.16666666666666,27.225874218293797,154,301,41158.708333333336,272120.5554012239,1873,1887188,48
control_p8_atmlnd_intel,orion,intel,232.61702127659575,29.07154083612519,209,328,41247.70212765958,270049.0482845433,1848,1853220,47
control_p8_atmlnd_intel,ursa,intel,146.4,8.502100580780862,138,177,1908.58,10.26802049559505,1892,1930,50
