test_name,machine,compiler,core_mean,core_std,core_min,core_max,mem_mean,mem_std,mem_min,mem_max,n_hashes
control_c192_intel,acorn,intel,428.5652173913044,6.427898132059589,417,444,1702.8478260869565,2.0436067386890335,1700,1708,46
control_c192_intel,derecho,intel,384.5882352941176,6.10075825917552,376,396,1656.2941176470588,1.1422840427076502,1653,1658,34
control_c192_intel,gaeac6,intel,282.27659574468083,16.2770872937331,269,373,140082.04255319148,923838.7053920124,1677,6338832,47
control_c192_intel,hera,intel,414.32,5.3285395122240775,409,432,1916.76,7.055021852080502,1894,1926,25
control_c192_intel,hercules,intel,398.7659574468085,75.56287700404599,358,819,40726.89361702128,266745.9355568462,1808,1830536,47
control_c192_intel,orion,intel,470.1304347826087,8.207337355892589,464,509,40385.86956521739,261800.06710801352,1769,1777400,46
control_c192_intel,ursa,intel,288.9795918367347,10.59184001153395,278,320,1820.1632653061224,13.901958703086148,1799,1852,49
control_c192_intel,wcoss2,intel,444.78723404255317,41.15819754060981,427,710,1663.7021276595744,46.86656122004295,1604,1711,47
