test_name,machine,compiler,core_mean,core_std,core_min,core_max,mem_mean,mem_std,mem_min,mem_max,n_hashes
control_p8_lndp_intel,acorn,intel,305.2857142857143,7.239935542991141,285,316,1868.265306122449,3.2709294691014903,1858,1873,49
control_p8_lndp_intel,derecho,intel,290.4736842105263,5.092133596185765,281,297,489429.94736842107,838232.9666541578,1845,1860244,19
control_p8_lndp_intel,gaeac6,intel,194.64583333333334,4.909780006916001,181,206,145593.85416666666,482215.13493200194,1708,1731272,48
control_p8_lndp_intel,hera,intel,312.0204081632653,32.2919557810187,276,476,2013.1020408163265,26.442740731909094,1881,2034,49
control_p8_lndp_intel,hercules,intel,292.61224489795916,40.46954427227272,233,433,742904.0204081633,940760.9272286249,1896,1924028,49
control_p8_lndp_intel,orion,intel,349.3673469387755,69.9370829977294,303,667,79301.63265306123,379146.93066154525,1874,1902768,49
control_p8_lndp_intel,ursa,intel,265.8723404255319,185.97435739805832,198,1190,56049.425531914894,366985.3630019065,2500,2518444,47
control_p8_lndp_intel,wcoss2,intel,352.7142857142857,64.0920561900355,304,675,1868.9795918367347,5.8576509651849635,1854,1875,49
