test_name,machine,compiler,core_mean,core_std,core_min,core_max,mem_mean,mem_std,mem_min,mem_max,n_hashes
control_p8_ugwpv1_intel,acorn,intel,179.10416666666666,6.267917579239688,163,195,1863.6666666666667,2.3640330966951306,1859,1868,48
control_p8_ugwpv1_intel,derecho,intel,181.625,5.840625242712152,167,195,290860.21875,682336.6103463055,1846,1857328,32
control_p8_ugwpv1_intel,gaeac6,intel,114.12765957446808,2.601145410546769,110,123,148561.44680851063,486641.9978590551,1714,1731948,47
control_p8_ugwpv1_intel,hera,intel,185.0,30.940130359561618,172,320,1974.857142857143,59.31729652189708,1875,2028,49
control_p8_ugwpv1_intel,hercules,intel,193.3,77.36535373914911,144,654,1338827.16,884112.7601728777,1903,1923328,50
control_p8_ugwpv1_intel,orion,intel,248.18367346938774,119.50517308701671,184,844,117200.87755102041,456224.1176401424,1876,1888336,49
control_p8_ugwpv1_intel,ursa,intel,133.58064516129033,11.974345336449886,124,180,83352.58064516129,450069.01101540535,2505,2508396,31
control_p8_ugwpv1_intel,wcoss2,intel,223.20833333333334,66.31965092859564,180,623,1862.5833333333333,6.737741692923971,1848,1870,48
