test_name,machine,compiler,core_mean,core_std,core_min,core_max,mem_mean,mem_std,mem_min,mem_max,n_hashes
control_p8_lndp_intel,acorn,intel,302.9148936170213,8.216710934150806,285,316,1863.8936170212767,5.549124656992031,1857,1870,47
control_p8_lndp_intel,derecho,intel,305.9,9.290975310602335,288,318,1817.4,10.834102536794484,1811,1848,10
control_p8_lndp_intel,gaeac6,intel,192.95652173913044,5.010905980355372,181,206,140603.69565217392,934302.1727048331,1708,6339580,46
control_p8_lndp_intel,hera,intel,295.3125,14.376630342329934,276,315,2016.1041666666667,7.44408828229542,1995,2031,48
control_p8_lndp_intel,hercules,intel,268.2608695652174,29.737693837663453,233,350,126181.89130434782,475694.474257175,1896,1909836,46
control_p8_lndp_intel,orion,intel,330.4782608695652,24.811949746876916,303,438,43022.739130434784,278989.67605362786,1874,1894088,46
control_p8_lndp_intel,ursa,intel,262.53061224489795,197.34984820119325,198,1319,2515.081632653061,9.810361730278439,2500,2535,49
control_p8_lndp_intel,wcoss2,intel,354.48936170212767,74.13028259361896,303,675,1868.6808510638298,4.961181411627181,1854,1875,47
