test_name,machine,compiler,core_mean,core_std,core_min,core_max,mem_mean,mem_std,mem_min,mem_max,n_hashes
control_latlon_intel,acorn,intel,156.06382978723406,4.944932651403813,144,168,1579.531914893617,5.085576637091585,1573,1587,47
control_latlon_intel,derecho,intel,143.53846153846155,5.316881677189248,139,159,1515.3076923076924,1.377474463442404,1514,1518,13
control_latlon_intel,gaeac6,intel,98.15217391304348,2.5903014951446806,92,103,140808.15217391305,934232.3291497312,1415,6339316,46
control_latlon_intel,hera,intel,142.8695652173913,6.148563321449538,133,155,1722.8260869565217,7.6892546895758125,1697,1736,46
control_latlon_intel,hercules,intel,128.84782608695653,12.319753589354598,114,177,1616.1304347826087,5.9539294052179965,1605,1629,46
control_latlon_intel,orion,intel,167.7173913043478,34.18294769389377,154,386,1593.5217391304348,6.544681064921966,1582,1607,46
control_latlon_intel,ursa,intel,165.59183673469389,175.45178805578695,95,813,2224.8979591836733,8.498149058175303,2210,2244,49
control_latlon_intel,wcoss2,intel,179.61702127659575,51.169604255162774,154,421,1585.3191489361702,4.492052803605462,1572,1593,47
