test_name,machine,compiler,core_mean,core_std,core_min,core_max,mem_mean,mem_std,mem_min,mem_max,n_hashes
control_lndp_debug_intel,acorn,intel,198.48888888888888,11.061033615646625,182,232,816.8222222222222,2.3959140302615314,813,822,45
control_lndp_debug_intel,derecho,intel,173.97826086956522,3.051332171253023,169,183,749.2173913043479,1.7373420756784737,745,752,46
control_lndp_debug_intel,gaeac6,intel,119.52173913043478,2.2875424021307,116,129,6338.652173913043,0.48154341234301196,6338,6339,46
control_lndp_debug_intel,hera,intel,162.85714285714286,2.7945525240230893,159,168,949.7142857142857,2.7516228977511883,946,954,7
control_lndp_debug_intel,hercules,intel,146.85106382978722,7.801835690913457,136,170,18813.14893617021,123160.17334984672,842,845192,47
control_lndp_debug_intel,orion,intel,169.45652173913044,7.14207104024885,161,191,18697.434782608696,121223.23124726955,817,823000,46
control_lndp_debug_intel,ursa,intel,156.9,97.11748618271058,115,522,1473.7,7.47581133403197,1440,1491,50
control_lndp_debug_intel,wcoss2,intel,196.12244897959184,3.8710068299540716,191,211,742.795918367347,37.68619309057182,722,825,49
