test_name,machine,compiler,core_mean,core_std,core_min,core_max,mem_mean,mem_std,mem_min,mem_max,n_hashes
control_CubedSphereGrid_debug_intel,acorn,intel,160.29787234042553,4.3334637898719395,153,172,1607.404255319149,3.6095258900284684,1600,1615,47
control_CubedSphereGrid_debug_intel,derecho,intel,139.6,11.749231653365436,128,155,1570.3,23.594019957984646,1547,1597,10
control_CubedSphereGrid_debug_intel,gaeac6,intel,105.28260869565217,38.263799569409244,91,248,139954.89130434784,934265.6968158284,1430,6338692,46
control_CubedSphereGrid_debug_intel,hera,intel,139.5,31.5709265663097,127,260,1744.2083333333333,4.967804144104825,1734,1754,48
control_CubedSphereGrid_debug_intel,hercules,intel,128.45652173913044,28.476662196526338,108,253,215396.65217391305,558021.7975054068,1627,1642940,46
control_CubedSphereGrid_debug_intel,orion,intel,139.2391304347826,9.850402772608279,131,183,36842.54347826087,238907.0396509633,1604,1621964,46
control_CubedSphereGrid_debug_intel,ursa,intel,113.12244897959184,47.4932594572909,96,355,48139.30612244898,321275.0179458924,2224,2251168,49
control_CubedSphereGrid_debug_intel,wcoss2,intel,176.5531914893617,29.012597346848505,160,323,1608.8936170212767,3.9189286610167287,1598,1615,47
