test_name,machine,compiler,core_mean,core_std,core_min,core_max,mem_mean,mem_std,mem_min,mem_max,n_hashes
control_csawmg_intel,acorn,intel,398.2888888888889,11.852545223825526,382,435,958.9111111111112,1.3621877827802085,954,962,45
control_csawmg_intel,derecho,intel,406.97727272727275,12.53550981581902,387,432,916.6363636363636,1.8563644025153017,913,920,44
control_csawmg_intel,gaeac6,intel,254.64583333333334,6.369774314894915,247,273,138280.9375,914122.326499389,6338,6339564,48
control_csawmg_intel,hera,intel,348.6666666666667,3.2877840272018815,345,357,1159.2666666666667,2.9146591730832045,1154,1166,15
control_csawmg_intel,hercules,intel,333.70212765957444,21.52542974738101,316,392,23902.82978723404,156508.21140290247,1066,1074040,47
control_csawmg_intel,orion,intel,389.8478260869565,28.41984235729549,371,474,23653.282608695652,153365.46955044827,1033,1041216,46
control_csawmg_intel,ursa,intel,361.58,242.4772734984978,258,1102,1770.14,54.67380449501553,1718,1985,50
control_csawmg_intel,wcoss2,intel,405.875,10.395631242794774,390,431,899.7916666666666,43.08722392134615,864,961,48
