test_name,machine,compiler,core_mean,core_std,core_min,core_max,mem_mean,mem_std,mem_min,mem_max,n_hashes
control_p8_ugwpv1_gnu,derecho,gnu,268.3076923076923,8.679950372066566,254,296,1562.7307692307693,10.069985868143714,1537,1582,26
control_p8_ugwpv1_gnu,hera,gnu,261.6666666666667,4.607511982259696,252,273,1550.2121212121212,9.068343205065016,1533,1565,33
control_p8_ugwpv1_gnu,hercules,gnu,216.48936170212767,18.753402404833945,196,277,1547.1914893617022,9.777165717768577,1519,1562,47
control_p8_ugwpv1_gnu,ursa,gnu,244.6122448979592,212.94001662503956,178,1131,1463.9183673469388,7.905263896854496,1445,1483,49
