test_name,machine,compiler,core_mean,core_std,core_min,core_max,mem_mean,mem_std,mem_min,mem_max,n_hashes
control_debug_p8_intel,acorn,intel,187.33333333333334,5.076684673359895,176,202,1897.4888888888888,2.389581764682033,1894,1902,45
control_debug_p8_intel,derecho,intel,209.81578947368422,11.495840054083711,186,244,1839.1315789473683,2.9789446038921423,1832,1843,38
control_debug_p8_intel,gaeac6,intel,117.61702127659575,2.3549503040022035,112,123,140501.12765957447,923887.6266969027,1734,6339584,47
control_debug_p8_intel,hera,intel,160.71428571428572,2.1941480611585225,157,165,2035.904761904762,9.833131555637618,2015,2057,21
control_debug_p8_intel,hercules,intel,182.48936170212767,31.8923954002569,134,240,42932.914893617024,281075.14471175097,1926,1928888,47
control_debug_p8_intel,orion,intel,202.52173913043478,36.13969140274983,161,322,43422.80434782609,281536.80791159393,1893,1911388,46
control_debug_p8_intel,ursa,intel,138.59183673469389,57.03102896937879,120,485,2542.3469387755104,9.204960212679353,2522,2561,49
control_debug_p8_intel,wcoss2,intel,202.29787234042553,12.998185314174039,192,274,1846.7021276595744,47.81482164860289,1798,1903,47
