test_name,machine,compiler,core_mean,core_std,core_min,core_max,mem_mean,mem_std,mem_min,mem_max,n_hashes
control_iovr4_gfdlmpv3_intel,acorn,intel,183.5744680851064,6.191665789946533,172,195,916.4468085106383,2.701114992306916,911,922,47
control_iovr4_gfdlmpv3_intel,derecho,intel,208.25,6.743683913653777,196,220,872.3333333333334,1.3026778945578692,871,875,12
control_iovr4_gfdlmpv3_intel,gaeac6,intel,119.41304347826087,2.753390531742608,112,124,140269.04347826086,934354.6538644605,762,6339584,46
control_iovr4_gfdlmpv3_intel,hera,intel,177.72340425531914,16.089021544086144,167,277,1076.2978723404256,5.1664254467080255,1058,1084,47
control_iovr4_gfdlmpv3_intel,hercules,intel,169.65217391304347,28.750433729137495,140,245,973.3260869565217,3.4451534255536176,967,981,46
control_iovr4_gfdlmpv3_intel,orion,intel,210.5,26.719738854345948,185,283,949.1521739130435,3.1620485013101263,942,958,46
control_iovr4_gfdlmpv3_intel,ursa,intel,186.08163265306123,141.83776482521236,122,615,1598.3877551020407,7.756224184836505,1581,1611,49
control_iovr4_gfdlmpv3_intel,wcoss2,intel,227.2340425531915,50.68153456976195,185,426,917.5531914893617,2.491799686958402,905,923,47
