test_name,machine,compiler,core_mean,core_std,core_min,core_max,mem_mean,mem_std,mem_min,mem_max,n_hashes
control_stochy_debug_gnu,derecho,gnu,110.14285714285714,3.1355912956106406,106,119,596.2571428571429,2.66063744178695,585,600,35
control_stochy_debug_gnu,hera,gnu,98.125,2.1328180990131957,95,104,587.4166666666666,2.5693285650851236,583,592,24
control_stochy_debug_gnu,hercules,gnu,81.74468085106383,8.489041747290095,75,126,12692.234042553191,83082.74904895113,569,570160,47
control_stochy_debug_gnu,ursa,gnu,90.0204081632653,101.92347819890796,70,774,491.7755102040816,1.6865312790167888,482,494,49
