test_name,machine,compiler,core_mean,core_std,core_min,core_max,mem_mean,mem_std,mem_min,mem_max,n_hashes
control_p8_rrtmgp_intel,acorn,intel,250.68085106382978,7.253504049704193,232,263,1912.127659574468,2.5419696341068767,1906,1916,47
control_p8_rrtmgp_intel,derecho,intel,239.41379310344828,6.287841109061825,227,260,329197.5517241379,729755.7507797477,1891,1901996,29
control_p8_rrtmgp_intel,gaeac6,intel,177.2173913043478,73.17950928853065,154,451,156175.13043478262,505837.52204915276,1760,1781956,46
control_p8_rrtmgp_intel,hera,intel,263.5833333333333,32.11338511502797,246,419,2038.7083333333333,51.05856392765696,1950,2085,48
control_p8_rrtmgp_intel,hercules,intel,251.51020408163265,54.80842485762704,210,481,1295602.2857142857,952658.2211927886,1969,1993520,49
control_p8_rrtmgp_intel,orion,intel,330.0833333333333,106.69699258625036,284,988,123970.875,477588.61858635,1941,1958976,48
control_p8_rrtmgp_intel,ursa,intel,208.7941176470588,106.17046881877211,169,743,78843.4705882353,444621.8374609662,2578,2595160,34
control_p8_rrtmgp_intel,wcoss2,intel,293.2340425531915,55.221377699597724,250,567,1912.531914893617,7.500292932916442,1897,1921,47
