test_name,machine,compiler,core_mean,core_std,core_min,core_max,mem_mean,mem_std,mem_min,mem_max,n_hashes
control_wrtGauss_netcdf_parallel_intel,acorn,intel,157.7173913043478,5.040560125304683,149,169,1577.7173913043478,5.1149586442481265,1571,1585,46
control_wrtGauss_netcdf_parallel_intel,derecho,intel,145.6,7.209121206598521,141,171,1515.2666666666667,1.3345232785352332,1514,1518,15
control_wrtGauss_netcdf_parallel_intel,gaeac6,intel,100.68888888888888,4.471232401913279,94,123,144131.26666666666,944576.8018699358,1410,6339716,45
control_wrtGauss_netcdf_parallel_intel,hera,intel,146.27906976744185,7.041798949657509,136,158,1720.5348837209303,6.68811610320634,1706,1739,43
control_wrtGauss_netcdf_parallel_intel,hercules,intel,134.02173913043478,15.362999027873258,118,180,1617.1521739130435,5.456769053424873,1603,1630,46
control_wrtGauss_netcdf_parallel_intel,orion,intel,162.6,4.524679797811912,155,172,1593.8666666666666,5.002726529330926,1583,1604,45
control_wrtGauss_netcdf_parallel_intel,ursa,intel,162.44897959183675,158.73642477711414,96,803,2222.612244897959,9.70999555125746,2206,2249,49
control_wrtGauss_netcdf_parallel_intel,wcoss2,intel,181.43478260869566,46.00949282432583,156,411,1579.0869565217392,21.08904516773957,1485,1591,46
