test_name,machine,compiler,core_mean,core_std,core_min,core_max,mem_mean,mem_std,mem_min,mem_max,n_hashes
control_ras_intel,acorn,intel,204.27586206896552,2.801741189792742,199,210,664.4137931034483,2.1131770492268873,659,667,29
control_ras_intel,derecho,intel,188.46666666666667,3.1811224795479123,183,197,621.0333333333333,1.325696520462992,618,624,30
control_ras_intel,gaeac6,intel,135.90322580645162,6.852517000877254,133,171,6338.741935483871,0.4448027229746417,6338,6339,31
control_ras_intel,hera,intel,189.0,2.628514962691083,186,196,867.5833333333334,3.0883456393154156,860,870,12
control_ras_intel,hercules,intel,168.41935483870967,2.4327514402199997,166,179,851.2258064516129,11.158583175951321,832,873,31
control_ras_intel,orion,intel,203.43333333333334,1.330888563259936,202,208,742.5333333333333,2.224213667070144,739,748,30
control_ras_intel,ursa,intel,227.34375,187.60160419133226,133,693,1616.875,68.24422461680105,1567,1801,32
control_ras_intel,wcoss2,intel,209.8,5.486032420988592,203,226,616.6,47.51449869468155,573,673,30
