test_name,machine,compiler,core_mean,core_std,core_min,core_max,mem_mean,mem_std,mem_min,mem_max,n_hashes
control_ras_debug_intel,acorn,intel,196.3913043478261,4.479475469638363,188,206,828.0652173913044,3.3954359819095674,822,838,46
control_ras_debug_intel,derecho,intel,175.30769230769232,3.7279264876652163,170,184,755.6923076923077,1.315587028960526,753,758,13
control_ras_debug_intel,gaeac6,intel,117.28888888888889,2.3608763995045114,113,123,143392.4,944510.964855031,648,6338540,45
control_ras_debug_intel,hera,intel,171.4,25.684625751604784,160,266,960.3111111111111,6.0783603583913886,937,978,45
control_ras_debug_intel,hercules,intel,148.04347826086956,12.192814863661178,135,189,859.6521739130435,5.250258792793445,849,874,46
control_ras_debug_intel,orion,intel,167.6,6.800401057691708,162,208,834.0,5.334280218974805,823,844,45
control_ras_debug_intel,ursa,intel,153.48979591836735,84.69605521337745,117,409,1487.408163265306,7.664632974869334,1473,1503,49
control_ras_debug_intel,wcoss2,intel,208.82608695652175,21.7135946640973,192,319,831.2608695652174,3.006916342986612,826,838,46
