test_name,machine,compiler,core_mean,core_std,core_min,core_max,mem_mean,mem_std,mem_min,mem_max,n_hashes
control_p8_atmlnd_intel,acorn,intel,212.16666666666666,8.397905851760637,202,235,1873.2083333333333,5.9033287880770215,1866,1884,48
control_p8_atmlnd_intel,derecho,intel,216.6,12.093265019155472,180,242,268900.6,663630.865350442,1863,1877728,35
control_p8_atmlnd_intel,gaeac6,intel,153.5744680851064,6.794322056755608,145,185,161509.3404255319,529038.1212510476,1868,1881168,47
control_p8_atmlnd_intel,hera,intel,205.75510204081633,27.596444979565845,191,359,1857.8367346938776,8.966016717713236,1830,1877,49
control_p8_atmlnd_intel,hercules,intel,211.28,73.67829686258655,165,653,1439074.24,815845.1846116034,1889,1904612,50
control_p8_atmlnd_intel,orion,intel,341.83673469387753,214.52712988287126,221,1206,115984.91836734694,451491.4789932749,1857,1869476,49
control_p8_atmlnd_intel,ursa,intel,157.57142857142858,21.632329323437922,145,259,70032.28571428571,360396.74041408935,1907,1908964,28
