test_name,machine,compiler,core_mean,core_std,core_min,core_max,mem_mean,mem_std,mem_min,mem_max,n_hashes
control_debug_p8_intel,acorn,intel,188.95454545454547,7.107004554808719,176,208,1896.3863636363637,2.678214513621408,1891,1902,44
control_debug_p8_intel,derecho,intel,209.5,10.711883328548929,186,244,1837.7173913043478,4.209317936188965,1829,1843,46
control_debug_p8_intel,gaeac6,intel,118.6875,2.5942346061004913,115,131,6338.75,0.4375949744937246,6338,6339,48
control_debug_p8_intel,hera,intel,160.27272727272728,2.8667371379639612,157,165,2035.909090909091,11.229020842927907,2015,2057,11
control_debug_p8_intel,hercules,intel,175.79166666666666,30.95292124070575,134,240,42079.354166666664,278131.7820504005,1926,1928888,48
control_debug_p8_intel,orion,intel,200.04255319148936,34.90854974806908,161,322,42539.34042553192,278525.67201272934,1893,1911388,47
control_debug_p8_intel,ursa,intel,146.48,70.86095611859056,120,485,2544.26,9.882596535613391,2523,2563,50
control_debug_p8_intel,wcoss2,intel,199.97916666666666,6.8804056762304056,192,221,1826.6041666666667,40.89516414387671,1798,1901,48
