test_name,machine,compiler,core_mean,core_std,core_min,core_max,mem_mean,mem_std,mem_min,mem_max,n_hashes
control_restart_p8_intel,acorn,intel,111.97916666666667,4.0971686296931775,104,121,1010.4166666666666,2.583361930749915,1006,1015,48
control_restart_p8_intel,derecho,intel,120.75,13.850664572175196,100,138,415496.9166666667,512252.68591912335,994,997384,12
control_restart_p8_intel,gaeac6,intel,69.06382978723404,3.046054149788091,65,83,172859.82978723405,936110.451827257,846,6339452,47
control_restart_p8_intel,hera,intel,102.79166666666667,3.9677333329520077,96,114,1267.5208333333333,11.665533126289915,1252,1290,48
control_restart_p8_intel,hercules,intel,109.5,27.5248437103028,83,176,342040.8333333333,536792.9763713672,1160,1178552,48
control_restart_p8_intel,orion,intel,123.95833333333333,28.65863527606513,105,221,46810.916666666664,221462.83785637078,1094,1101292,48
control_restart_p8_intel,ursa,intel,78.93877551020408,3.981248564967319,72,87,38060.36734693877,253664.1981104723,1770,1777472,49
control_restart_p8_intel,wcoss2,intel,155.4375,42.248457733402105,122,308,1012.2083333333334,5.263112635117222,1001,1018,48
