test_name,machine,compiler,core_mean,core_std,core_min,core_max,mem_mean,mem_std,mem_min,mem_max,n_hashes
control_ras_intel,acorn,intel,204.7173913043478,3.3110122217181783,198,213,666.195652173913,2.9860383655896325,659,674,46
control_ras_intel,derecho,intel,188.43478260869566,2.9973637956244437,183,195,620.7826086956521,1.312752893008766,618,623,23
control_ras_intel,gaeac6,intel,133.0,2.2010098692292335,128,138,141478.04347826086,934110.6655397707,513,6339168,46
control_ras_intel,hera,intel,189.45714285714286,4.571927493782384,184,200,867.3142857142857,3.9315573068623593,858,875,35
control_ras_intel,hercules,intel,182.1086956521739,68.51284656856359,164,623,850.0869565217391,11.471367422038272,828,879,46
control_ras_intel,orion,intel,203.82222222222222,3.498628880062018,198,216,742.4444444444445,2.4173196609952803,739,751,45
control_ras_intel,ursa,intel,177.9387755102041,125.52330596401636,132,693,1602.795918367347,50.85927463429401,1567,1801,49
control_ras_intel,wcoss2,intel,221.97826086956522,38.13513348340478,201,392,649.9130434782609,39.531605407407355,573,675,46
