test_name,machine,compiler,core_mean,core_std,core_min,core_max,mem_mean,mem_std,mem_min,mem_max,n_hashes
control_p8_ugwpv1_tempo_aerosol_hail_intel,acorn,intel,141.30434782608697,4.471487772380766,133,153,2431.413043478261,2.729070553678843,2428,2438,46
control_p8_ugwpv1_tempo_aerosol_hail_intel,derecho,intel,185.8181818181818,20.228778094671537,158,236,2394.181818181818,3.4453054828461065,2382,2398,22
control_p8_ugwpv1_tempo_aerosol_hail_intel,gaeac6,intel,97.76086956521739,34.954055420482526,82,324,142231.04347826086,934058.0398916204,2412,6339588,46
control_p8_ugwpv1_tempo_aerosol_hail_intel,hera,intel,124.33333333333333,4.035556254807296,118,138,2390.0,13.497089633377737,2371,2420,36
control_p8_ugwpv1_tempo_aerosol_hail_intel,hercules,intel,123.02173913043478,27.469165849435033,93,180,2427.086956521739,4.130246626784862,2420,2440,46
control_p8_ugwpv1_tempo_aerosol_hail_intel,orion,intel,151.42222222222222,29.490744995744695,124,224,2406.222222222222,8.02521279493823,2395,2437,45
control_p8_ugwpv1_tempo_aerosol_hail_intel,ursa,intel,307.2040816326531,248.62471548432163,97,634,2406.795918367347,18.751643918863717,2381,2445,49
control_p8_ugwpv1_tempo_aerosol_hail_intel,wcoss2,intel,169.3695652173913,43.69966117115131,142,408,2419.0,34.99714274051556,2337,2443,46
