test_name,machine,compiler,core_mean,core_std,core_min,core_max,mem_mean,mem_std,mem_min,mem_max,n_hashes
control_stochy_debug_intel,acorn,intel,214.14893617021278,4.63905314272802,205,222,823.1063829787234,3.0233442651790443,817,829,47
control_stochy_debug_intel,derecho,intel,171.92592592592592,2.319249313661074,169,180,148673.37037037036,316087.38227854605,795,803812,27
control_stochy_debug_intel,gaeac6,intel,128.6304347826087,25.080633250602105,122,294,58118.391304347824,188245.3153037255,645,662500,46
control_stochy_debug_intel,hera,intel,194.22916666666666,30.911155862205945,175,334,927.125,53.71779094331581,816,965,48
control_stochy_debug_intel,hercules,intel,180.55102040816325,129.06281759032592,147,1052,527212.2653061225,423238.0322463735,852,866908,49
control_stochy_debug_intel,orion,intel,186.72916666666666,14.819107250988905,173,243,52848.416666666664,203591.7635899166,820,839492,48
control_stochy_debug_intel,ursa,intel,187.75,100.88872937194576,129,493,42869.083333333336,248290.1000651542,1479,1491228,36
control_stochy_debug_intel,wcoss2,intel,219.0,10.707575538516814,205,260,824.8085106382979,4.008893905090997,811,834,47
