test_name,machine,compiler,core_mean,core_std,core_min,core_max,mem_mean,mem_std,mem_min,mem_max,n_hashes
control_wam_debug_gnu,derecho,gnu,379.2391304347826,7.947563659131153,364,418,1403.5869565217392,0.8838322353761082,1402,1405,46
control_wam_debug_gnu,hera,gnu,389.57142857142856,5.623081683476382,383,398,1398.5714285714287,2.2990681342044583,1395,1402,7
control_wam_debug_gnu,hercules,gnu,328.468085106383,22.51168881292542,290,408,30767.382978723403,201462.7426410621,1375,1382540,47
control_wam_debug_gnu,ursa,gnu,297.04,76.97573431588286,269,625,1309.68,8.311388793304475,1303,1326,50
