test_name,machine,compiler,core_mean,core_std,core_min,core_max,mem_mean,mem_std,mem_min,mem_max,n_hashes
control_csawmg_gnu,hera,gnu,508.265306122449,18.270850543744178,490,602,841.734693877551,33.60789559401938,735,868,49
control_csawmg_gnu,hercules,gnu,458.24,127.24531345365284,389,1076,593996.24,415958.4728427783,835,1059004,50
control_csawmg_gnu,ursa,gnu,344.3125,22.929678612887773,334,465,24456.09375,134046.26108160822,756,759040,32
