test_name,machine,compiler,core_mean,core_std,core_min,core_max,mem_mean,mem_std,mem_min,mem_max,n_hashes
control_stochy_debug_intel,acorn,intel,215.0,3.6771917451276273,208,222,819.0851063829788,4.529275723048211,810,829,47
control_stochy_debug_intel,derecho,intel,190.8,2.8982753492378883,186,195,747.7,0.48304589153965516,747,748,10
control_stochy_debug_intel,gaeac6,intel,131.69565217391303,24.67735765182992,123,294,139935.65217391305,934384.2387811991,643,6339448,46
control_stochy_debug_intel,hera,intel,187.58333333333334,20.9536807646927,177,267,955.4583333333334,5.08212693509297,946,965,48
control_stochy_debug_intel,hercules,intel,166.84782608695653,21.382201727713582,147,272,38284.217391304344,177500.87154126103,843,863540,46
control_stochy_debug_intel,orion,intel,184.1304347826087,9.231849930544618,174,226,18909.08695652174,122622.55376666618,817,832496,46
control_stochy_debug_intel,ursa,intel,160.69387755102042,73.49042003373428,128,465,1482.2448979591836,7.9018210249412775,1463,1502,49
control_stochy_debug_intel,wcoss2,intel,222.7659574468085,13.9255985211431,209,285,822.3191489361702,4.086597303480501,811,830,47
