test_name,machine,compiler,core_mean,core_std,core_min,core_max,mem_mean,mem_std,mem_min,mem_max,n_hashes
control_iovr5_intel,acorn,intel,161.375,5.792970795567496,149,173,631.8125,1.9963397357226973,628,637,48
control_iovr5_intel,derecho,intel,128.63636363636363,1.2862913567871936,126,131,278242.9090909091,318977.6276381949,609,613432,11
control_iovr5_intel,gaeac6,intel,103.87234042553192,4.003351972038662,96,115,156400.2340425532,926968.8534066105,468,6339712,47
control_iovr5_intel,hera,intel,147.5625,4.3608814744318245,140,156,783.4375,3.7468071514007004,777,793,48
control_iovr5_intel,hercules,intel,138.5625,36.432920727907025,120,319,184081.14583333334,304121.5780472622,669,679596,48
control_iovr5_intel,orion,intel,184.45833333333334,109.1647122341424,155,856,28000.4375,132533.00180114215,647,657868,48
control_iovr5_intel,ursa,intel,146.77551020408163,126.92965002087483,99,661,27714.979591836734,184889.39895543968,1286,1295528,49
control_iovr5_intel,wcoss2,intel,186.04166666666666,48.64109038414811,157,393,636.4791666666666,2.2596326507448237,629,642,48
