test_name,machine,compiler,core_mean,core_std,core_min,core_max,mem_mean,mem_std,mem_min,mem_max,n_hashes
control_diag_debug_gnu,derecho,gnu,109.65217391304348,9.08287128195912,103,166,1385.0,1.7126976771553066,1382,1388,46
control_diag_debug_gnu,hera,gnu,94.1,3.510302297840204,91,103,1368.4,4.195235392680601,1359,1374,10
control_diag_debug_gnu,hercules,gnu,75.3125,3.9580580344728795,71,86,29686.291666666668,196223.4770858416,1355,1360840,48
control_diag_debug_gnu,ursa,gnu,115.54,132.19345903729467,75,962,1284.34,8.438517134459888,1279,1302,50
