test_name,machine,compiler,core_mean,core_std,core_min,core_max,mem_mean,mem_std,mem_min,mem_max,n_hashes
control_CubedSphereGrid_parallel_intel,acorn,intel,157.63829787234042,5.21463464022957,147,167,1577.3191489361702,4.258527929873092,1573,1586,47
control_CubedSphereGrid_parallel_intel,derecho,intel,147.66666666666666,2.7452198243597854,143,153,1520.7083333333333,1.122077524511659,1519,1522,24
control_CubedSphereGrid_parallel_intel,gaeac6,intel,103.31914893617021,12.42036613438261,94,182,138999.1914893617,924116.3567359583,1421,6339604,47
control_CubedSphereGrid_parallel_intel,hera,intel,145.05714285714285,5.324432348329055,137,157,1728.1714285714286,6.017062573782001,1718,1745,35
control_CubedSphereGrid_parallel_intel,hercules,intel,135.85106382978722,18.00118199428829,118,190,1621.212765957447,4.308415275152054,1613,1632,47
control_CubedSphereGrid_parallel_intel,orion,intel,163.7826086956522,3.909606649599081,157,180,1598.0217391304348,4.523956628315444,1587,1608,46
control_CubedSphereGrid_parallel_intel,ursa,intel,163.9387755102041,144.43473268851477,96,612,2225.612244897959,10.268918164641763,2207,2246,49
control_CubedSphereGrid_parallel_intel,wcoss2,intel,180.36170212765958,43.039125542633414,155,369,1561.1063829787233,44.19189087651064,1478,1593,47
