test_name,machine,compiler,core_mean,core_std,core_min,core_max,mem_mean,mem_std,mem_min,mem_max,n_hashes
control_iovr4_intel,acorn,intel,159.53846153846155,4.914244354002981,151,170,632.2307692307693,2.006063682432757,628,636,39
control_iovr4_intel,derecho,intel,145.11111111111111,6.697843765803381,130,156,577.2222222222222,0.4409585518440938,577,578,9
control_iovr4_intel,gaeac6,intel,103.60526315789474,3.613334715565952,97,116,168990.3947368421,1028042.7474713068,470,6339480,38
control_iovr4_intel,hera,intel,145.725,4.782379517160237,137,156,780.95,4.402505114369712,772,793,40
control_iovr4_intel,hercules,intel,129.97368421052633,10.509935690664625,119,180,676.6052631578947,2.696739509654254,671,683,38
control_iovr4_intel,orion,intel,162.28947368421052,8.1602460705374,156,208,654.578947368421,4.176068103846708,646,664,38
control_iovr4_intel,ursa,intel,161.1219512195122,128.3166386564796,99,554,1298.0487804878048,8.194361535568829,1285,1323,41
control_iovr4_intel,wcoss2,intel,185.48717948717947,53.278746525317594,155,403,635.5128205128206,4.210711871754785,624,644,39
