test_name,machine,compiler,core_mean,core_std,core_min,core_max,mem_mean,mem_std,mem_min,mem_max,n_hashes
control_p8_lndp_intel,acorn,intel,302.5531914893617,8.17687223777952,285,316,1863.3617021276596,5.588908005322042,1856,1870,47
control_p8_lndp_intel,derecho,intel,307.3636363636364,8.72092572233851,288,318,1814.090909090909,1.7002673586554176,1811,1817,11
control_p8_lndp_intel,gaeac6,intel,192.7608695652174,4.9494546618062225,181,206,140804.02173913043,934272.2175752625,1708,6339580,46
control_p8_lndp_intel,hera,intel,294.1666666666667,14.04450878280744,276,315,2015.7708333333333,7.173353716783929,1995,2031,48
control_p8_lndp_intel,hercules,intel,268.0217391304348,29.02986135415647,233,350,43280.45652173913,280604.51601780567,1896,1905060,46
control_p8_lndp_intel,orion,intel,329.32608695652175,24.47861138747329,303,438,1888.0217391304348,6.031359273496262,1874,1900,46
control_p8_lndp_intel,ursa,intel,262.48979591836735,197.3609344206045,198,1319,2514.5714285714284,9.645810835106905,2500,2535,49
control_p8_lndp_intel,wcoss2,intel,353.36170212765956,74.6421682696604,303,675,1868.6808510638298,4.908317621002146,1854,1875,47
