test_name,machine,compiler,core_mean,core_std,core_min,core_max,mem_mean,mem_std,mem_min,mem_max,n_hashes
control_diag_debug_intel,acorn,intel,198.48888888888888,9.3215835131119,186,220,1672.4222222222222,2.7591903365174324,1667,1677,45
control_diag_debug_intel,derecho,intel,175.91304347826087,4.525611496835522,171,190,1604.8695652173913,1.927677885173105,1601,1608,46
control_diag_debug_intel,gaeac6,intel,118.8695652173913,2.1869176243407473,115,127,6338.760869565217,0.4312659714889691,6338,6339,46
control_diag_debug_intel,hera,intel,163.71428571428572,2.4976179127511178,160,167,1805.4285714285713,4.157609203101487,1800,1810,7
control_diag_debug_intel,hercules,intel,146.10638297872342,7.280808730023205,134,161,37783.085106382976,247352.75052133715,1693,1697468,47
control_diag_debug_intel,orion,intel,170.32608695652175,4.109903204191797,164,180,38190.36956521739,247605.9315695323,1671,1681028,46
control_diag_debug_intel,ursa,intel,164.4,97.58115408547421,118,460,2319.58,9.523526186261577,2289,2341,50
control_diag_debug_intel,wcoss2,intel,199.20408163265307,6.380241609312085,190,221,1595.9591836734694,36.272096244722256,1574,1672,49
