test_name,machine,compiler,core_mean,core_std,core_min,core_max,mem_mean,mem_std,mem_min,mem_max,n_hashes
control_wrtGauss_netcdf_parallel_intel,acorn,intel,159.6818181818182,6.6952698584748,151,173,1574.2045454545455,2.1303951533726635,1570,1579,44
control_wrtGauss_netcdf_parallel_intel,derecho,intel,146.7111111111111,4.688584891289512,141,171,1515.8222222222223,1.266507166991265,1513,1518,45
control_wrtGauss_netcdf_parallel_intel,gaeac6,intel,119.60416666666667,70.63895001247717,100,514,6338.708333333333,0.459339643185262,6338,6339,48
control_wrtGauss_netcdf_parallel_intel,hera,intel,144.08333333333334,3.342789617107608,141,151,1719.5833333333333,4.9992423668416235,1711,1727,12
control_wrtGauss_netcdf_parallel_intel,hercules,intel,137.61702127659575,16.370112203128475,121,180,35795.574468085106,234328.12613658764,1603,1608088,47
control_wrtGauss_netcdf_parallel_intel,orion,intel,163.7173913043478,5.106262140105827,159,187,36220.413043478264,234858.46044151552,1583,1594480,46
control_wrtGauss_netcdf_parallel_intel,ursa,intel,209.9,186.22745035387806,98,674,2223.76,8.950111161093002,2207,2250,50
control_wrtGauss_netcdf_parallel_intel,wcoss2,intel,164.25,8.504066611696443,156,210,1508.9583333333333,45.53462948426734,1465,1584,48
