test_name,machine,compiler,core_mean,core_std,core_min,core_max,mem_mean,mem_std,mem_min,mem_max,n_hashes
control_p8_faster_intel,acorn,intel,185.64444444444445,4.156897638840534,175,194,1860.0222222222221,3.041298234224222,1852,1863,45
control_p8_faster_intel,derecho,intel,186.27272727272728,7.875162335989133,172,196,838046.7272727273,960728.6077815202,1837,1844572,11
control_p8_faster_intel,gaeac6,intel,116.72727272727273,4.23366154332452,111,131,79926.34090909091,362552.17610486003,1703,1726428,44
control_p8_faster_intel,hera,intel,169.95555555555555,2.82002220780711,164,178,2014.2666666666667,8.24731361221233,1990,2026,45
control_p8_faster_intel,hercules,intel,163.35555555555555,31.81420177127558,139,264,553370.3333333334,874978.8469214815,1900,1914424,45
control_p8_faster_intel,orion,intel,216.24444444444444,56.06009582077383,185,464,85808.15555555555,393527.42533641425,1876,1894592,45
control_p8_faster_intel,ursa,intel,159.93478260869566,101.86884861841024,124,559,57512.04347826087,372955.7977525521,2507,2532032,46
control_p8_faster_intel,wcoss2,intel,231.51111111111112,45.087602721722945,193,436,1858.3111111111111,5.783291852091208,1847,1864,45
