test_name,machine,compiler,core_mean,core_std,core_min,core_max,mem_mean,mem_std,mem_min,mem_max,n_hashes
control_c48_lnd_iau_intel,acorn,intel,397.5,11.09916615614445,372,417,1595.1458333333333,6.441189210053785,1581,1606,48
control_c48_lnd_iau_intel,derecho,intel,347.0,4.788875998951422,339,356,256813.0,591640.8970861181,1575,1585828,31
control_c48_lnd_iau_intel,gaeac6,intel,280.63829787234044,4.931820071098552,273,291,135749.1914893617,444682.96760196314,1563,1580820,47
control_c48_lnd_iau_intel,hera,intel,481.42857142857144,178.22410985423193,429,1327,1721.1836734693877,9.093664161995425,1701,1735,49
control_c48_lnd_iau_intel,hercules,intel,407.64,48.04027222135655,379,675,1162080.3,804153.2215284229,1703,1731112,50
control_c48_lnd_iau_intel,orion,intel,569.3469387755102,60.56764504131181,536,918,106013.28571428571,412682.66754821234,1682,1717744,49
control_c48_lnd_iau_intel,ursa,intel,304.34375,90.8481929001662,274,800,53848.40625,295157.0626109974,1668,1671332,32
control_c48_lnd_iau_intel,wcoss2,intel,406.7291666666667,12.60317349993662,385,446,1595.25,7.694983168106857,1580,1605,48
