test_name,machine,compiler,core_mean,core_std,core_min,core_max,mem_mean,mem_std,mem_min,mem_max,n_hashes
control_c192_intel,acorn,intel,430.17391304347825,9.182844748832453,414,452,1703.0,1.75119007154178,1700,1708,46
control_c192_intel,derecho,intel,384.45454545454544,5.096471914376253,379,395,1656.1363636363637,0.940893928815312,1655,1658,22
control_c192_intel,gaeac6,intel,285.30434782608694,36.49893122649386,265,505,141878.0,933998.147482769,1677,6338832,46
control_c192_intel,hera,intel,419.5833333333333,18.185355175446624,397,462,1918.7222222222222,7.46271153750852,1894,1938,36
control_c192_intel,hercules,intel,398.7826086956522,84.49113380006955,342,874,1817.9347826086957,4.47909799408093,1808,1828,46
control_c192_intel,orion,intel,471.26666666666665,12.368214393061244,454,509,1787.2222222222222,5.191290297170347,1777,1801,45
control_c192_intel,ursa,intel,289.3469387755102,11.555213506624334,273,321,1823.2448979591836,14.938109279408046,1799,1861,49
control_c192_intel,wcoss2,intel,453.9347826086956,60.4572951848063,421,710,1688.6521739130435,37.92519970872754,1606,1716,46
