test_name,machine,compiler,core_mean,core_std,core_min,core_max,mem_mean,mem_std,mem_min,mem_max,n_hashes
control_restart_p8_intel,acorn,intel,109.8,5.220588611885207,99,122,1012.5555555555555,1.9949431018948671,1010,1018,45
control_restart_p8_intel,derecho,intel,148.13953488372093,10.00614429178591,134,176,970.3720930232558,0.9264179817204335,968,972,43
control_restart_p8_intel,gaeac6,intel,73.83333333333333,7.771561176531225,68,123,138050.25,914140.4917102604,850,6339452,48
control_restart_p8_intel,hera,intel,100.17647058823529,1.9116515803633982,98,105,1275.1176470588234,8.161512979689965,1261,1283,17
control_restart_p8_intel,hercules,intel,105.0625,25.88140402814509,84,180,26579.895833333332,175745.24101256163,1188,1218812,48
control_restart_p8_intel,orion,intel,133.0,34.05813444302448,107,252,24835.55319148936,162524.9838459371,1108,1115344,47
control_restart_p8_intel,ursa,intel,150.04,149.1078174492866,73,560,1862.6,27.407730177258227,1834,1956,50
control_restart_p8_intel,wcoss2,intel,128.35416666666666,17.516544863974495,115,227,955.2916666666666,48.123050757245366,914,1019,48
