test_name,machine,compiler,core_mean,core_std,core_min,core_max,mem_mean,mem_std,mem_min,mem_max,n_hashes
control_ras_debug_gnu,derecho,gnu,102.66666666666667,2.895620034572108,99,109,601.8518518518518,3.097191081059183,593,607,27
control_ras_debug_gnu,hera,gnu,89.875,1.246423454758226,88,92,595.125,9.963325606586245,589,619,8
control_ras_debug_gnu,hercules,gnu,74.89285714285714,7.489940343501161,68,95,580.2857142857143,2.5365059498969025,576,585,28
control_ras_debug_gnu,ursa,gnu,69.89285714285714,17.90993782836426,65,161,500.60714285714283,4.621522001296292,498,524,28
