test_name,machine,compiler,core_mean,core_std,core_min,core_max,mem_mean,mem_std,mem_min,mem_max,n_hashes
control_diag_debug_gnu,hera,gnu,97.89795918367346,16.73350543316112,90,188,1378.0408163265306,3.894222128537934,1365,1393,49
control_diag_debug_gnu,hercules,gnu,77.93877551020408,27.671742629188614,69,266,644486.4285714285,690860.8821748233,1366,1376384,49
control_diag_debug_gnu,ursa,gnu,88.04651162790698,25.585480897955062,72,195,31197.883720930233,196144.5580013215,1283,1287492,43
