test_name,machine,compiler,core_mean,core_std,core_min,core_max,mem_mean,mem_std,mem_min,mem_max,n_hashes
control_restart_p8_atmlnd_intel,acorn,intel,126.45833333333333,3.919174540386559,118,137,1028.4791666666667,3.114752702408876,1022,1033,48
control_restart_p8_atmlnd_intel,derecho,intel,141.41176470588235,6.423188689519894,131,153,302196.9411764706,480931.29533807514,1021,1026292,17
control_restart_p8_atmlnd_intel,gaeac6,intel,95.23404255319149,41.715502678707836,80,353,88493.97872340426,289889.5564909902,998,1031828,47
control_restart_p8_atmlnd_intel,hera,intel,116.22916666666667,23.929185939273236,101,248,1109.9583333333333,12.00878815317368,1090,1131,48
control_restart_p8_atmlnd_intel,hercules,intel,106.83333333333333,20.42352974820676,87,200,436077.75,567384.9944359519,1160,1166084,48
control_restart_p8_atmlnd_intel,orion,intel,166.45833333333334,155.15880105910617,116,1194,46085.104166666664,218066.4875189704,1062,1081252,48
control_restart_p8_atmlnd_intel,ursa,intel,90.72916666666667,14.880716614140416,83,189,27623.583333333332,182534.9296993135,1200,1265916,48
