test_name,machine,compiler,core_mean,core_std,core_min,core_max,mem_mean,mem_std,mem_min,mem_max,n_hashes
control_ras_debug_intel,acorn,intel,196.26530612244898,5.077628671453816,185,208,830.3265306122449,3.508250722119471,822,838,49
control_ras_debug_intel,derecho,intel,158.85714285714286,1.7687768170607194,156,163,193972.04761904763,354073.9187755116,803,815184,21
control_ras_debug_intel,gaeac6,intel,114.5625,2.21125024806657,111,122,56172.854166666664,186053.55029782443,649,669540,48
control_ras_debug_intel,hera,intel,177.44897959183675,33.422211442199256,160,317,954.4285714285714,30.85449724108306,849,978,49
control_ras_debug_intel,hercules,intel,147.3265306122449,16.24857398243259,132,227,371044.6530612245,431887.9394178131,853,873720,49
control_ras_debug_intel,orion,intel,168.42857142857142,10.584973626167745,158,220,34888.69387755102,166781.785804736,830,837268,49
control_ras_debug_intel,ursa,intel,142.9777777777778,66.35664277526433,119,433,34570.688888888886,221898.43850046908,1481,1490032,45
control_ras_debug_intel,wcoss2,intel,205.81632653061226,20.379394689027354,192,319,832.8163265306123,3.8442243983006184,819,839,49
