test_name,machine,compiler,core_mean,core_std,core_min,core_max,mem_mean,mem_std,mem_min,mem_max,n_hashes
control_flake_gnu,hera,gnu,329.7916666666667,5.287312527065679,321,343,650.75,3.271410652849059,644,657,48
control_flake_gnu,hercules,gnu,278.17021276595744,35.12296359495988,260,473,163490.12765957447,281134.16389198275,627,640176,47
control_flake_gnu,ursa,gnu,250.6326530612245,44.53401971038124,236,552,11970.081632653062,79883.69648037197,553,559744,49
