test_name,machine,compiler,core_mean,core_std,core_min,core_max,mem_mean,mem_std,mem_min,mem_max,n_hashes
control_stochy_intel,acorn,intel,113.64583333333333,4.128209046194005,106,126,635.8958333333334,2.5452465778081463,629,643,48
control_stochy_intel,derecho,intel,88.875,1.1474609652039038,87,91,192480.5,293917.4279383015,612,618368,16
control_stochy_intel,gaeac6,intel,80.53191489361703,28.133108349130275,69,186,42117.89361702128,137978.2956782372,472,492184,47
control_stochy_intel,hera,intel,106.25,29.48963034478968,93,269,784.7291666666666,3.3437116803663924,775,791,48
control_stochy_intel,hercules,intel,91.41666666666667,13.940349110884325,82,175,242371.97916666666,329841.23272997467,672,689880,48
control_stochy_intel,orion,intel,122.58333333333333,66.29554502966351,104,525,28115.458333333332,133081.89141436093,648,662096,48
control_stochy_intel,ursa,intel,142.12244897959184,141.0742465059122,69,542,27731.20408163265,184978.6161978121,1293,1296156,49
control_stochy_intel,wcoss2,intel,131.52083333333334,38.45361371576693,107,344,639.4166666666666,2.4480416257528135,633,644,48
