test_name,machine,compiler,core_mean,core_std,core_min,core_max,mem_mean,mem_std,mem_min,mem_max,n_hashes
control_stochy_debug_intel,acorn,intel,214.97916666666666,3.812016740677522,207,222,821.5625,4.428660284430601,811,829,48
control_stochy_debug_intel,derecho,intel,171.83333333333334,2.03752672412294,169,174,333510.0,411177.5930512928,796,803812,12
control_stochy_debug_intel,gaeac6,intel,129.87234042553192,24.61407958808429,122,294,163618.89361702127,930217.5629417872,643,6339448,47
control_stochy_debug_intel,hera,intel,187.85416666666666,21.25727868667861,175,267,956.5208333333334,4.7489733866332315,946,965,48
control_stochy_debug_intel,hercules,intel,165.33333333333334,21.015023332696046,147,272,252274.625,395955.10767373646,846,866908,48
control_stochy_debug_intel,orion,intel,185.20833333333334,13.32084965236801,173,243,35630.729166666664,168654.87429353365,821,839492,48
control_stochy_debug_intel,ursa,intel,169.20408163265307,77.65977605122573,129,465,31887.79591836735,212820.4465391522,1468,1491228,49
control_stochy_debug_intel,wcoss2,intel,222.1875,14.054084361282401,209,285,823.625,3.955201261791395,811,830,48
