test_name,machine,compiler,core_mean,core_std,core_min,core_max,mem_mean,mem_std,mem_min,mem_max,n_hashes
control_p8_ugwpv1_gnu,derecho,gnu,273.8478260869565,13.801718719548155,254,328,1564.7608695652175,9.355176303603109,1543,1585,46
control_p8_ugwpv1_gnu,hera,gnu,262.5,3.4641016151377606,258,269,1550.75,6.840008354213794,1536,1557,8
control_p8_ugwpv1_gnu,hercules,gnu,221.19148936170214,25.99551658490726,204,338,34620.59574468085,226757.54297311167,1519,1556116,47
control_p8_ugwpv1_gnu,ursa,gnu,248.56,145.66205786697105,179,815,1467.22,11.606279088739647,1447,1491,50
