test_name,machine,compiler,core_mean,core_std,core_min,core_max,mem_mean,mem_std,mem_min,mem_max,n_hashes
control_CubedSphereGrid_debug_intel,acorn,intel,160.84782608695653,4.173819946626821,153,172,1605.8260869565217,3.573385247297462,1600,1614,46
control_CubedSphereGrid_debug_intel,derecho,intel,146.8125,3.410156399150439,142,155,1546.4375,1.9653244007033026,1543,1550,16
control_CubedSphereGrid_debug_intel,gaeac6,intel,103.26666666666667,31.774346427725167,91,248,144226.93333333332,944406.1387003618,1430,6338692,45
control_CubedSphereGrid_debug_intel,hera,intel,140.28571428571428,33.74241429785491,127,260,1742.904761904762,5.112440703023182,1734,1754,42
control_CubedSphereGrid_debug_intel,hercules,intel,128.34782608695653,28.234114425483646,111,253,1635.9782608695652,5.583663195966471,1627,1647,46
control_CubedSphereGrid_debug_intel,orion,intel,137.51111111111112,5.778574148690938,131,162,1615.6444444444444,5.236044462775517,1604,1626,45
control_CubedSphereGrid_debug_intel,ursa,intel,112.04081632653062,47.72532485644348,96,355,2240.285714285714,8.049327094028978,2220,2257,49
control_CubedSphereGrid_debug_intel,wcoss2,intel,175.2173913043478,28.945859840957688,160,323,1603.391304347826,23.73883668484533,1512,1615,46
