test_name,machine,compiler,core_mean,core_std,core_min,core_max,mem_mean,mem_std,mem_min,mem_max,n_hashes
control_debug_p8_gnu,derecho,gnu,148.0,5.056820005836535,139,158,1552.6,10.755729370234004,1525,1570,15
control_debug_p8_gnu,hera,gnu,98.25581395348837,2.16127192771177,95,104,1542.2558139534883,9.899718666651507,1514,1563,43
control_debug_p8_gnu,hercules,gnu,97.34782608695652,32.454561323866905,75,187,1534.3260869565217,10.815738219683201,1505,1560,46
control_debug_p8_gnu,ursa,gnu,84.12244897959184,14.765715713917077,77,176,1449.5714285714287,10.2265993044284,1422,1474,49
