test_name,machine,compiler,core_mean,core_std,core_min,core_max,mem_mean,mem_std,mem_min,mem_max,n_hashes
control_ras_intel,acorn,intel,208.70833333333334,5.637859610961217,198,219,667.75,2.2550180449341557,662,674,48
control_ras_intel,derecho,intel,174.5,1.5092308563562356,171,177,325893.6,342836.7350899777,648,652496,10
control_ras_intel,gaeac6,intel,132.80434782608697,2.7294245646484243,128,141,149820.84782608695,936032.1459403216,512,6339168,46
control_ras_intel,hera,intel,195.33333333333334,6.913856987218951,184,206,867.4583333333334,4.5192653014896305,850,876,48
control_ras_intel,hercules,intel,191.46808510638297,67.84568521855468,164,623,219593.82978723405,377628.7891681182,828,870260,47
control_ras_intel,orion,intel,222.27659574468086,73.58689100165563,198,671,32406.212765957447,151812.03297340748,739,744900,47
control_ras_intel,ursa,intel,160.08163265306123,81.06500394094593,132,609,33962.4693877551,226552.3090574321,1572,1587464,49
control_ras_intel,wcoss2,intel,232.125,43.44848992307725,201,392,670.6875,3.403104027395662,661,675,48
