test_name,machine,compiler,core_mean,core_std,core_min,core_max,mem_mean,mem_std,mem_min,mem_max,n_hashes
control_flake_gnu,derecho,gnu,305.77777777777777,2.279132388529559,302,310,652.4444444444445,1.7400510848184347,651,656,9
control_flake_gnu,hera,gnu,338.1,19.731560575854612,322,438,648.3666666666667,3.917100734078623,640,656,30
control_flake_gnu,hercules,gnu,277.64285714285717,15.80017413339177,262,316,632.8928571428571,3.803889682887357,627,643,28
control_flake_gnu,ursa,gnu,255.56666666666666,56.043507319257586,241,552,555.0,2.703764935712116,551,560,30
