test_name,machine,compiler,core_mean,core_std,core_min,core_max,mem_mean,mem_std,mem_min,mem_max,n_hashes
control_wam_debug_intel,acorn,intel,867.9574468085107,11.59827094836436,839,897,1697.3191489361702,4.160405409691263,1691,1705,47
control_wam_debug_intel,derecho,intel,732.8928571428571,9.362412184088143,721,756,302062.46428571426,656067.3902632645,1675,1687712,28
control_wam_debug_intel,gaeac6,intel,520.9130434782609,20.11503151261823,509,651,135733.02173913043,439643.65385811107,1527,1554188,46
control_wam_debug_intel,hera,intel,809.25,35.01701713969513,780,988,1785.5208333333333,55.278401608559264,1677,1827,48
control_wam_debug_intel,orion,intel,824.5833333333334,59.515001982633876,771,1013,107876.66666666667,415572.7301251536,1683,1703296,48
control_wam_debug_intel,ursa,intel,546.6,13.24919531407806,536,605,68396.45714285714,391027.041867149,2288,2315648,35
control_wam_debug_intel,wcoss2,intel,875.2978723404256,34.84931219682886,848,1039,1697.0851063829787,10.288934087763844,1678,1709,47
