test_name,machine,compiler,core_mean,core_std,core_min,core_max,mem_mean,mem_std,mem_min,mem_max,n_hashes
control_c384gdas_intel,acorn,intel,570.1702127659574,16.797151866412168,523,603,1155.0,19.20144922066842,1130,1185,47
control_c384gdas_intel,derecho,intel,501.1818181818182,6.013620902886744,495,514,1119.6363636363637,4.522670168666426,1115,1128,11
control_c384gdas_intel,gaeac6,intel,632.0217391304348,55.72212372535497,573,983,140436.95652173914,934414.9413942146,1142,6340156,46
control_c384gdas_intel,hera,intel,511.0,23.001387562215328,469,633,1379.9375,22.374383386249722,1343,1420,48
control_c384gdas_intel,hercules,intel,502.0,94.07869046707653,422,782,34456.608695652176,223520.78770674436,1471,1517492,46
control_c384gdas_intel,orion,intel,699.0217391304348,239.1446321213666,587,1486,1320.9130434782608,19.614989831426264,1296,1351,46
control_c384gdas_intel,ursa,intel,386.51020408163265,30.647269079655626,348,541,1911.1020408163265,30.23329076942005,1817,1961,49
control_c384gdas_intel,wcoss2,intel,637.936170212766,140.40769894896903,528,1154,1156.1702127659576,20.689546981545355,1131,1189,47
