test_name,machine,compiler,core_mean,core_std,core_min,core_max,mem_mean,mem_std,mem_min,mem_max,n_hashes
control_p8_ugwpv1_tempo_aerosol_intel,acorn,intel,188.0,5.2527049308817135,172,197,1885.9777777777779,1.0972877489703756,1884,1889,45
control_p8_ugwpv1_tempo_aerosol_intel,derecho,intel,191.42857142857142,6.034698204349776,181,205,670997.2857142857,931611.847619319,1870,1879512,14
control_p8_ugwpv1_tempo_aerosol_intel,gaeac6,intel,120.63636363636364,16.786055825901293,111,228,120958.93181818182,445808.1374531653,1729,1751232,44
control_p8_ugwpv1_tempo_aerosol_intel,hera,intel,180.55555555555554,8.046895379742754,164,194,2043.4666666666667,9.245637792051891,2010,2055,45
control_p8_ugwpv1_tempo_aerosol_intel,hercules,intel,186.9111111111111,35.94302449851723,142,291,693264.0666666667,941241.0298407872,1933,1952376,45
control_p8_ugwpv1_tempo_aerosol_intel,orion,intel,217.66666666666666,76.25733943812764,181,647,44551.46666666667,285979.35269665887,1912,1920328,45
control_p8_ugwpv1_tempo_aerosol_intel,ursa,intel,181.34782608695653,108.76421335292319,125,608,57759.434782608696,374441.37052982167,2532,2542136,46
control_p8_ugwpv1_tempo_aerosol_intel,wcoss2,intel,239.42222222222222,58.75081774629682,195,484,1884.8,3.209361307176251,1876,1889,45
