test_name,machine,compiler,core_mean,core_std,core_min,core_max,mem_mean,mem_std,mem_min,mem_max,n_hashes
control_2threads_p8_intel,acorn,intel,211.5625,79.621954165333,154,363,1939.0625,6.521343844018107,1926,1953,48
control_2threads_p8_intel,derecho,intel,286.6875,6.2152366541159765,278,301,605078.1875,923949.5535385193,1927,1933752,16
control_2threads_p8_intel,gaeac6,intel,128.19148936170214,3.3727701030996227,121,136,155056.46808510637,507923.72596439987,1784,1808156,47
control_2threads_p8_intel,hera,intel,203.91666666666666,30.683583061688623,181,368,2027.7291666666667,9.208551953375464,2002,2047,48
control_2threads_p8_intel,hercules,intel,208.14583333333334,37.71730771699432,165,349,749064.25,974676.0304800792,1978,1999464,48
control_2threads_p8_intel,orion,intel,233.14583333333334,44.26515347377366,199,464,84188.22916666667,398458.2336745364,1956,1976384,48
control_2threads_p8_intel,ursa,intel,150.9591836734694,96.63159403624881,98,383,43282.06122448979,288484.884470025,2010,2021464,49
control_2threads_p8_intel,wcoss2,intel,250.8125,78.97633802655771,173,400,1935.0416666666667,4.9377328475485,1924,1946,48
