test_name,machine,compiler,core_mean,core_std,core_min,core_max,mem_mean,mem_std,mem_min,mem_max,n_hashes
control_c48_intel,acorn,intel,381.3636363636364,7.557811019043677,367,399,1592.8636363636363,2.64655026965484,1588,1599,44
control_c48_intel,derecho,intel,331.34090909090907,4.153693687232779,325,340,1554.8636363636363,1.8750616621291722,1551,1559,44
control_c48_intel,gaeac6,intel,264.8936170212766,7.419814958882201,256,301,6337.744680851064,0.48758879264432375,6337,6339,47
control_c48_intel,hera,intel,394.3076923076923,2.719822769489939,391,399,1720.1538461538462,4.9639727679577055,1711,1728,13
control_c48_intel,hercules,intel,344.6304347826087,24.9179620137337,331,494,38907.86956521739,252298.47497197168,1698,1712880,46
control_c48_intel,orion,intel,515.6444444444444,4.14594849086295,509,529,39652.48888888889,254520.76961701445,1697,1709088,45
control_c48_intel,ursa,intel,276.94,76.54034816983254,251,757,1666.76,1.9225832961440765,1663,1671,50
control_c48_intel,wcoss2,intel,383.6041666666667,6.380620870654797,372,397,1597.0833333333333,2.988156290120112,1591,1602,48
