test_name,machine,compiler,core_mean,core_std,core_min,core_max,mem_mean,mem_std,mem_min,mem_max,n_hashes
control_csawmg_gnu,derecho,gnu,484.2608695652174,11.177157677824034,470,510,853.0869565217391,5.526079026499244,850,878,23
control_csawmg_gnu,hera,gnu,507.6857142857143,6.360592964271722,497,525,851.2571428571429,5.622135124785289,843,865,35
control_csawmg_gnu,hercules,gnu,426.2826086956522,68.38864851988826,394,845,836.1739130434783,7.648687172249714,827,854,46
control_csawmg_gnu,ursa,gnu,393.7142857142857,182.59985852495436,332,1206,756.1836734693877,6.930228078821761,747,778,49
