test_name,machine,compiler,core_mean,core_std,core_min,core_max,mem_mean,mem_std,mem_min,mem_max,n_hashes
control_p8_ugwpv1_intel,acorn,intel,176.58695652173913,4.901591972485503,169,192,1857.5,2.714160398109802,1853,1866,46
control_p8_ugwpv1_intel,derecho,intel,205.26666666666668,13.582273775754201,193,247,1816.3333333333333,1.1841869998335484,1814,1818,30
control_p8_ugwpv1_intel,gaeac6,intel,114.06382978723404,3.2464311864967415,107,123,139692.21276595743,923876.3945065789,1706,6338692,47
control_p8_ugwpv1_intel,hera,intel,163.48275862068965,3.24720417826928,157,175,2010.896551724138,6.137384433513048,1990,2023,29
control_p8_ugwpv1_intel,hercules,intel,174.08510638297872,49.39232020362205,135,404,1907.9787234042553,3.6918792298663163,1899,1918,47
control_p8_ugwpv1_intel,orion,intel,217.5,51.22792207380659,174,471,1887.304347826087,5.2909548191749245,1879,1898,46
control_p8_ugwpv1_intel,ursa,intel,189.28571428571428,155.7523408063798,120,679,2512.0,8.06742420685395,2499,2529,49
control_p8_ugwpv1_intel,wcoss2,intel,203.82978723404256,38.839311746093905,182,449,1830.212765957447,47.468037837014194,1759,1871,47
