test_name,machine,compiler,core_mean,core_std,core_min,core_max,mem_mean,mem_std,mem_min,mem_max,n_hashes
control_c48_intel,acorn,intel,394.6808510638298,7.8660149099968155,369,406,1593.9787234042553,5.483133671233484,1584,1602,47
control_c48_intel,derecho,intel,346.7931034482759,4.798655394593289,339,356,274346.2413793103,608177.6335701399,1573,1584732,29
control_c48_intel,gaeac6,intel,279.1521739130435,3.025575363495921,273,288,138586.97826086957,448890.10818528803,1560,1582144,46
control_c48_intel,hera,intel,442.7916666666667,28.342854053297533,425,569,1719.8541666666667,8.651625313626166,1697,1733,48
control_c48_intel,hercules,intel,399.38775510204084,51.71388285820461,379,751,1114984.7959183673,819882.1351381342,1705,1727976,49
control_c48_intel,orion,intel,565.0833333333334,49.87167930963545,536,813,108647.6875,418564.46718364675,1689,1724356,48
control_c48_intel,ursa,intel,296.2647058823529,61.198291134554246,275,640,50741.26470588235,286126.35297145555,1668,1670060,34
control_c48_intel,wcoss2,intel,413.4255319148936,41.17710670456025,387,617,1594.9574468085107,4.568119424733918,1585,1601,47
