test_name,machine,compiler,core_mean,core_std,core_min,core_max,mem_mean,mem_std,mem_min,mem_max,n_hashes
control_CubedSphereGrid_parallel_intel,acorn,intel,159.9777777777778,7.750333977815193,147,184,1575.3333333333333,2.3548788812706687,1571,1580,45
control_CubedSphereGrid_parallel_intel,derecho,intel,148.63636363636363,3.717281509138338,143,164,1520.3863636363637,1.2798239175926354,1518,1522,44
control_CubedSphereGrid_parallel_intel,gaeac6,intel,105.5,11.966264636957606,95,182,138179.54166666666,914143.4435670334,1433,6339604,48
control_CubedSphereGrid_parallel_intel,hera,intel,144.25,2.863564212655271,141,150,1726.5,4.289522117905408,1718,1735,16
control_CubedSphereGrid_parallel_intel,hercules,intel,137.72916666666666,17.164708454036056,120,193,35373.666666666664,233857.5691760004,1610,1621832,48
control_CubedSphereGrid_parallel_intel,orion,intel,165.2340425531915,4.065831996558247,160,181,35496.85106382979,232403.58341957635,1587,1594876,47
control_CubedSphereGrid_parallel_intel,ursa,intel,209.86,196.59478785625242,98,713,2226.06,9.929157228350642,2207,2247,50
control_CubedSphereGrid_parallel_intel,wcoss2,intel,167.85416666666666,11.381189376827262,159,218,1518.0833333333333,48.72451143094607,1473,1586,48
