test_name,machine,compiler,core_mean,core_std,core_min,core_max,mem_mean,mem_std,mem_min,mem_max,n_hashes
control_p8_gnu,derecho,gnu,274.225,11.407346935311649,258,304,1554.025,8.179046085687192,1537,1574,40
control_p8_gnu,hera,gnu,266.75,3.8234043799514033,261,280,1541.85,11.240317470699159,1514,1559,20
control_p8_gnu,hercules,gnu,224.60416666666666,26.997824643126215,206,312,33498.8125,221459.74925688308,1511,1535852,48
control_p8_gnu,ursa,gnu,225.24,117.31651935804146,181,683,1451.64,10.316936738851759,1415,1471,50
