test_name,machine,compiler,core_mean,core_std,core_min,core_max,mem_mean,mem_std,mem_min,mem_max,n_hashes
control_p8_lndp_intel,acorn,intel,306.8958333333333,5.392033458974009,295,316,1867.9166666666667,3.0862311473761537,1861,1873,48
control_p8_lndp_intel,derecho,intel,288.65384615384613,6.124980376734694,274,297,358159.26923076925,744674.6224407844,1845,1860244,26
control_p8_lndp_intel,gaeac6,intel,196.2127659574468,2.702142227556928,191,206,148656.4255319149,486956.33485786617,1708,1731272,47
control_p8_lndp_intel,hera,intel,317.8333333333333,29.120683103202833,305,476,1992.3541666666667,54.99341917431828,1866,2034,48
control_p8_lndp_intel,hercules,intel,311.0816326530612,91.27039423573001,255,888,1093219.551020408,954905.934598601,1902,1924028,49
control_p8_lndp_intel,orion,intel,383.85714285714283,153.14481164353342,327,1302,117652.3469387755,458002.7092067137,1874,1902768,49
control_p8_lndp_intel,ursa,intel,253.18421052631578,166.4781221342909,211,1190,68729.1052631579,408136.67037891684,2506,2518444,38
control_p8_lndp_intel,wcoss2,intel,349.5416666666667,66.20437677031708,300,675,1865.7708333333333,8.468312860011471,1848,1873,48
