test_name,machine,compiler,core_mean,core_std,core_min,core_max,mem_mean,mem_std,mem_min,mem_max,n_hashes
control_diag_debug_intel,acorn,intel,194.125,4.979212105493141,183,205,1676.9583333333333,4.690226748287922,1669,1686,48
control_diag_debug_intel,derecho,intel,155.75,1.6532795690183006,153,159,517030.3125,789500.0717032452,1646,1652072,16
control_diag_debug_intel,gaeac6,intel,111.80851063829788,2.6013232240897493,108,118,130493.4255319149,427467.9949432647,1494,1520628,47
control_diag_debug_intel,hera,intel,168.91666666666666,24.319533636812544,156,284,1811.0625,6.134680799409037,1787,1821,48
control_diag_debug_intel,hercules,intel,147.58333333333334,17.556999372055436,128,196,606195.9375,824931.676879852,1696,1716340,48
control_diag_debug_intel,orion,intel,168.125,9.247483844095566,157,201,72217.22916666667,341827.1472058704,1677,1695304,48
control_diag_debug_intel,ursa,intel,136.16326530612244,46.98641068559767,117,391,49611.142857142855,331017.29174753843,2305,2319444,49
control_diag_debug_intel,wcoss2,intel,208.3125,39.579790808258856,186,467,1674.4791666666667,4.598749059016138,1661,1682,48
