test_name,machine,compiler,core_mean,core_std,core_min,core_max,mem_mean,mem_std,mem_min,mem_max,n_hashes
control_CubedSphereGrid_intel,acorn,intel,150.1304347826087,5.725609897264405,138,165,1568.2391304347825,4.43313173781607,1563,1576,46
control_CubedSphereGrid_intel,derecho,intel,137.27777777777777,3.102286738284513,133,147,1514.5,1.382665796887436,1512,1517,18
control_CubedSphereGrid_intel,gaeac6,intel,94.97777777777777,3.3268118022630615,88,108,144431.66666666666,944374.425107917,1406,6338688,45
control_CubedSphereGrid_intel,hera,intel,134.425,6.303794136297649,126,149,1717.875,6.152704220972187,1693,1732,40
control_CubedSphereGrid_intel,hercules,intel,128.06521739130434,17.795632640139587,110,181,1608.7826086956522,5.261656027771914,1597,1618,46
control_CubedSphereGrid_intel,orion,intel,152.77777777777777,4.56712008366168,147,164,1589.7111111111112,5.691389917403193,1578,1600,45
control_CubedSphereGrid_intel,ursa,intel,131.87755102040816,113.24303375430009,91,622,2210.1020408163267,9.005195023705227,2194,2226,49
control_CubedSphereGrid_intel,wcoss2,intel,171.67391304347825,50.493587864786726,147,438,1563.5869565217392,33.623124375251656,1463,1583,46
