test_name,machine,compiler,core_mean,core_std,core_min,core_max,mem_mean,mem_std,mem_min,mem_max,n_hashes
control_CubedSphereGrid_intel,acorn,intel,151.91489361702128,5.1660673262038825,140,165,1571.1063829787233,4.536010709256201,1563,1576,47
control_CubedSphereGrid_intel,derecho,intel,127.5,6.0598863208992855,121,137,312480.6,655525.2661995909,1512,1557284,10
control_CubedSphereGrid_intel,gaeac6,intel,95.3695652173913,3.4919507165427226,88,105,139721.8260869565,934299.8152429159,1406,6338688,46
control_CubedSphereGrid_intel,hera,intel,137.375,6.917830800093582,126,149,1720.3333333333333,5.524927392738749,1708,1732,48
control_CubedSphereGrid_intel,hercules,intel,130.5,20.746887316735812,110,203,281987.23913043475,617821.2775784194,1597,1617148,46
control_CubedSphereGrid_intel,orion,intel,165.1086956521739,47.842904157888135,147,400,70701.82608695653,327746.1157283047,1578,1591860,46
control_CubedSphereGrid_intel,ursa,intel,125.95918367346938,103.25856687293825,91,622,47184.4693877551,314808.59832954465,2194,2205872,49
control_CubedSphereGrid_intel,wcoss2,intel,177.04255319148936,50.066893273251466,148,438,1574.5531914893618,7.683433648860931,1551,1583,47
