test_name,machine,compiler,core_mean,core_std,core_min,core_max,mem_mean,mem_std,mem_min,mem_max,n_hashes
control_restart_noqr_p8_intel,acorn,intel,110.27659574468085,4.884323315063046,95,120,1012.5744680851063,2.365923671552286,1007,1018,47
control_restart_noqr_p8_intel,derecho,intel,119.85714285714286,10.412650019244882,95,137,180006.89285714287,390956.2841673619,1001,1005884,28
control_restart_noqr_p8_intel,gaeac6,intel,67.32608695652173,3.0987764454599214,64,83,76657.30434782608,248284.9101738538,864,878844,46
control_restart_noqr_p8_intel,hera,intel,108.14583333333333,24.766990371394296,98,235,1247.6041666666667,58.32036963346844,1130,1290,48
control_restart_noqr_p8_intel,hercules,intel,116.06122448979592,35.698627519874215,83,234,770894.7142857143,592617.3462459777,1208,1237832,49
control_restart_noqr_p8_intel,orion,intel,133.35416666666666,40.310755432590184,106,288,72027.83333333333,277495.5968697509,1102,1136500,48
control_restart_noqr_p8_intel,ursa,intel,90.17142857142858,63.84101839924,74,453,54717.171428571426,312735.6062681557,1827,1852024,35
control_restart_noqr_p8_intel,wcoss2,intel,143.53191489361703,37.8543266516982,115,363,1011.7446808510638,4.561026224657829,1002,1017,47
