test_name,machine,compiler,core_mean,core_std,core_min,core_max,mem_mean,mem_std,mem_min,mem_max,n_hashes
control_restart_p8_intel,acorn,intel,111.36170212765957,4.724706256868359,97,120,1008.4042553191489,2.516550213461472,1003,1013,47
control_restart_p8_intel,derecho,intel,120.25,10.1383942040659,100,138,178640.89285714287,387993.28236809187,986,997384,28
control_restart_p8_intel,gaeac6,intel,68.54347826086956,3.3513282390991717,64,83,76653.65217391304,248282.84070105897,850,873784,46
control_restart_p8_intel,hera,intel,109.95833333333333,25.18945940762181,100,239,1226.4166666666667,57.98526347393668,1123,1281,48
control_restart_p8_intel,hercules,intel,119.93877551020408,49.23642290150711,83,398,738673.1428571428,567818.0103402777,1157,1178668,49
control_restart_p8_intel,orion,intel,140.0,62.550745356716995,105,509,69409.60416666667,267352.7181211272,1081,1101292,48
control_restart_p8_intel,ursa,intel,92.37142857142857,68.78700531961206,75,487,52538.2,300142.5298365663,1770,1777472,35
control_restart_p8_intel,wcoss2,intel,148.93617021276594,43.072438607798524,115,308,1006.7872340425532,5.945170382656477,992,1015,47
