test_name,machine,compiler,core_mean,core_std,core_min,core_max,mem_mean,mem_std,mem_min,mem_max,n_hashes
control_iovr4_intel,acorn,intel,157.97916666666666,6.47249362756467,142,168,632.0625,2.1278922745089695,627,638,48
control_iovr4_intel,derecho,intel,127.75,2.4230079946082395,124,133,95999.40625,225202.68247884687,609,612552,32
control_iovr4_intel,gaeac6,intel,105.25531914893617,5.810291039280826,99,129,42126.744680851065,138001.12389326023,476,491496,47
control_iovr4_intel,hera,intel,158.10204081632654,28.76430433856575,149,322,740.5510204081633,59.751590363942775,641,788,49
control_iovr4_intel,hercules,intel,146.98,88.93921106748205,123,756,474769.38,313532.5221983793,667,685124,50
control_iovr4_intel,orion,intel,203.10204081632654,114.32669652104433,160,882,40596.142857142855,158034.06666799728,642,656580,49
control_iovr4_intel,ursa,intel,116.74193548387096,16.895695195197867,103,165,43068.25806451613,232535.7748754612,1294,1296008,31
control_iovr4_intel,wcoss2,intel,178.66666666666666,33.403613852990766,156,380,635.1666666666666,4.06507351655976,624,639,48
