test_name,machine,compiler,core_mean,core_std,core_min,core_max,mem_mean,mem_std,mem_min,mem_max,n_hashes
control_wam_intel,acorn,intel,741.3260869565217,79.1889594851948,219,772,1651.6521739130435,4.418231880159749,1645,1667,46
control_wam_intel,derecho,intel,651.9090909090909,80.12231416573492,208,698,1595.121212121212,0.780927963930419,1593,1597,33
control_wam_intel,gaeac6,intel,456.6170212765957,47.43670986807825,141,479,139959.7659574468,923990.7732955292,1497,6339728,47
control_wam_intel,hera,intel,645.8461538461538,7.603642851645819,619,659,1790.076923076923,4.681222719957495,1777,1796,26
control_wam_intel,hercules,intel,642.4468085106383,111.13618917319772,200,854,1681.659574468085,4.760693207400206,1674,1693,47
control_wam_intel,orion,intel,743.2391304347826,79.24846574963769,222,794,1669.0652173913043,5.092051208230945,1660,1679,46
control_wam_intel,ursa,intel,493.2857142857143,73.85515102776066,171,863,2408.061224489796,25.42505995016309,2277,2468,49
control_wam_intel,wcoss2,intel,761.1914893617021,100.9127126687632,236,1192,1619.8936170212767,47.227126528204,1555,1670,47
