test_name,machine,compiler,core_mean,core_std,core_min,core_max,mem_mean,mem_std,mem_min,mem_max,n_hashes
control_iovr4_intel,acorn,intel,159.66666666666666,5.099019513592781,151,170,632.1666666666666,2.077085870705801,628,636,36
control_iovr4_intel,derecho,intel,145.11111111111111,6.697843765803381,130,156,577.2222222222222,0.4409585518440938,577,578,9
control_iovr4_intel,gaeac6,intel,103.52777777777777,3.69931353563342,97,116,178351.52777777778,1056196.957795426,470,6339480,36
control_iovr4_intel,hera,intel,145.3783783783784,4.809431424880758,137,156,780.9459459459459,4.582248028751521,772,793,37
control_iovr4_intel,hercules,intel,129.97142857142856,10.963806000509436,119,180,676.5714285714286,2.8105443714457734,671,683,35
control_iovr4_intel,orion,intel,162.22857142857143,8.509806503246063,156,208,654.2857142857143,4.2257712736425805,646,664,35
control_iovr4_intel,ursa,intel,164.3684210526316,132.86172878529737,99,554,1297.9736842105262,8.515444925308389,1285,1323,38
control_iovr4_intel,wcoss2,intel,185.94444444444446,55.48999623841835,155,403,636.4722222222222,2.6347795907938316,631,644,36
