test_name,machine,compiler,core_mean,core_std,core_min,core_max,mem_mean,mem_std,mem_min,mem_max,n_hashes
control_debug_p8_intel,acorn,intel,187.91489361702128,5.52791252067747,176,202,1898.2340425531916,3.177452944662043,1894,1906,47
control_debug_p8_intel,derecho,intel,210.59259259259258,11.446394323975701,196,244,1839.6296296296296,1.9044108345576682,1837,1843,27
control_debug_p8_intel,gaeac6,intel,116.19148936170212,2.8714357707867957,110,122,139424.46808510637,924049.4562277133,1730,6339584,47
control_debug_p8_intel,hera,intel,160.0625,2.368305505576068,156,165,2037.59375,9.143513036309471,2015,2057,32
control_debug_p8_intel,hercules,intel,178.5531914893617,32.80827607058018,134,240,1933.9574468085107,4.201228840980115,1926,1944,47
control_debug_p8_intel,orion,intel,196.6304347826087,29.883000515456324,159,259,1913.4347826086957,6.625379398488401,1893,1939,46
control_debug_p8_intel,ursa,intel,138.77551020408163,57.2331726747851,120,485,2542.7551020408164,9.353097998891505,2522,2568,49
control_debug_p8_intel,wcoss2,intel,210.61702127659575,20.826982072270297,192,294,1870.7021276595744,44.93033975118921,1798,1909,47
