test_name,machine,compiler,core_mean,core_std,core_min,core_max,mem_mean,mem_std,mem_min,mem_max,n_hashes
control_p8_ugwpv1_gnu,hera,gnu,261.2708333333333,18.39026058535233,252,361,1556.5833333333333,8.86982293313955,1538,1576,48
control_p8_ugwpv1_gnu,hercules,gnu,251.08163265306123,101.24101539039853,196,817,763216.387755102,785462.7364417055,1533,1576764,49
control_p8_ugwpv1_gnu,ursa,gnu,227.97619047619048,201.17732598991032,176,1204,36537.59523809524,227276.47914165538,1453,1474388,42
