test_name,machine,compiler,core_mean,core_std,core_min,core_max,mem_mean,mem_std,mem_min,mem_max,n_hashes
control_csawmg_debug_intel,acorn,intel,291.40425531914894,5.3310394388536055,281,309,1114.9574468085107,3.9779689312212385,1106,1122,47
control_csawmg_debug_intel,derecho,intel,275.88461538461536,7.426045639918565,259,292,213433.96153846153,443755.5429838804,1099,1105780,26
control_csawmg_debug_intel,gaeac6,intel,171.80434782608697,2.197165499429674,167,177,85024.08695652174,275387.79042343795,951,969356,46
control_csawmg_debug_intel,hera,intel,271.5416666666667,44.83015623217722,248,416,1240.6875,52.6858034291852,1120,1284,48
control_csawmg_debug_intel,hercules,intel,304.7755102040816,136.56855197209606,211,1185,689592.306122449,577645.9411408588,1155,1178480,49
control_csawmg_debug_intel,orion,intel,294.875,26.993005398168094,254,352,72256.1875,278350.5990811524,1131,1143264,48
control_csawmg_debug_intel,ursa,intel,197.1891891891892,56.530639596710856,182,529,50299.97297297297,295045.75285354635,1787,1796488,37
control_csawmg_debug_intel,wcoss2,intel,315.1489361702128,20.274184402621195,288,379,1112.6382978723404,4.151613263774865,1092,1119,47
