test_name,machine,compiler,core_mean,core_std,core_min,core_max,mem_mean,mem_std,mem_min,mem_max,n_hashes
control_iovr4_gfdlmpv3_intel,acorn,intel,180.52272727272728,6.124630549327071,171,199,913.2954545454545,1.56382871622815,910,916,44
control_iovr4_gfdlmpv3_intel,derecho,intel,209.8409090909091,8.132459171590709,196,229,873.1590909090909,1.5839776516244384,870,876,44
control_iovr4_gfdlmpv3_intel,gaeac6,intel,121.34042553191489,2.2772656729992886,118,130,6338.744680851064,0.4407545460262271,6338,6339,47
control_iovr4_gfdlmpv3_intel,hera,intel,171.92307692307693,2.956956161932361,170,180,1075.076923076923,5.751254043851927,1058,1080,13
control_iovr4_gfdlmpv3_intel,hercules,intel,180.7173913043478,39.55736371593271,143,312,22161.108695652172,143700.82626967708,966,975600,46
control_iovr4_gfdlmpv3_intel,orion,intel,232.6888888888889,33.16886698959941,187,296,22121.244444444445,142021.63512442796,939,953660,45
control_iovr4_gfdlmpv3_intel,ursa,intel,259.4,217.0936034365389,123,705,1599.92,19.468278751626222,1580,1676,50
control_iovr4_gfdlmpv3_intel,wcoss2,intel,192.64583333333334,7.929180106613844,184,219,852.375,41.827724186695846,821,919,48
