test_name,machine,compiler,core_mean,core_std,core_min,core_max,mem_mean,mem_std,mem_min,mem_max,n_hashes
control_ras_intel,acorn,intel,204.16666666666666,2.817229420759938,199,210,664.5333333333333,2.177206899919572,659,668,30
control_ras_intel,derecho,intel,188.46666666666667,3.1811224795479123,183,197,621.0333333333333,1.325696520462992,618,624,30
control_ras_intel,gaeac6,intel,135.90322580645162,6.852517000877254,133,171,6338.741935483871,0.4448027229746417,6338,6339,31
control_ras_intel,hera,intel,188.92307692307693,2.531848417709166,186,196,868.0,3.3166247903553785,860,873,13
control_ras_intel,hercules,intel,168.41935483870967,2.4327514402199997,166,179,851.2258064516129,11.158583175951321,832,873,31
control_ras_intel,orion,intel,203.43333333333334,1.330888563259936,202,208,742.5333333333333,2.224213667070144,739,748,30
control_ras_intel,ursa,intel,224.54545454545453,185.34546981736074,133,693,1616.1515151515152,67.2979017188321,1567,1801,33
control_ras_intel,wcoss2,intel,209.61290322580646,5.493495665207712,203,226,618.3225806451613,47.690241557209,573,673,31
