test_name,machine,compiler,core_mean,core_std,core_min,core_max,mem_mean,mem_std,mem_min,mem_max,n_hashes
control_stochy_debug_gnu,derecho,gnu,109.5,2.7942248133771046,106,115,596.6428571428571,2.0978796202591994,594,600,14
control_stochy_debug_gnu,hera,gnu,97.93181818181819,1.9695085831741421,95,104,590.6363636363636,4.329943922999702,583,599,44
control_stochy_debug_gnu,hercules,gnu,83.76086956521739,19.25291871969165,75,199,575.9347826086956,3.7970876202868533,571,583,46
control_stochy_debug_gnu,ursa,gnu,73.79591836734694,4.212973968571838,70,91,494.2040816326531,3.505826054802283,482,499,49
