test_name,machine,compiler,core_mean,core_std,core_min,core_max,mem_mean,mem_std,mem_min,mem_max,n_hashes
control_ras_gnu,hera,gnu,290.5833333333333,19.315778285643624,278,379,602.6875,27.503312179646045,495,635,48
control_ras_gnu,hercules,gnu,231.12244897959184,34.861411721427515,216,459,398466.71428571426,294603.8402691542,593,726632,49
control_ras_gnu,ursa,gnu,305.38235294117646,323.05642763566885,185,1374,15853.5,89406.25055542139,518,521844,34
