test_name,machine,compiler,core_mean,core_std,core_min,core_max,mem_mean,mem_std,mem_min,mem_max,n_hashes
control_p8_ugwpv1_tempo_aerosol_hail_intel,acorn,intel,141.34782608695653,4.493043468911308,133,153,2431.608695652174,2.855624165043778,2428,2438,46
control_p8_ugwpv1_tempo_aerosol_hail_intel,derecho,intel,186.25,21.215374266393642,158,236,2394.6,2.087557121815383,2390,2398,20
control_p8_ugwpv1_tempo_aerosol_hail_intel,gaeac6,intel,97.6086956521739,34.979027532934055,82,324,142060.60869565216,934083.7360599715,2412,6339588,46
control_p8_ugwpv1_tempo_aerosol_hail_intel,hera,intel,124.71052631578948,4.261124675398359,118,138,2390.2368421052633,13.314154651441736,2371,2420,38
control_p8_ugwpv1_tempo_aerosol_hail_intel,hercules,intel,122.0,27.269844965537388,93,180,2427.217391304348,4.294249609669295,2420,2440,46
control_p8_ugwpv1_tempo_aerosol_hail_intel,orion,intel,151.15555555555557,30.28872844321912,124,224,2406.177777777778,8.037663864832927,2395,2437,45
control_p8_ugwpv1_tempo_aerosol_hail_intel,ursa,intel,328.2040816326531,253.1620017886963,97,636,2405.938775510204,18.279551602890084,2381,2445,49
control_p8_ugwpv1_tempo_aerosol_hail_intel,wcoss2,intel,175.06521739130434,49.846164311994535,143,408,2422.782608695652,32.06930899957367,2337,2443,46
