test_name,machine,compiler,core_mean,core_std,core_min,core_max,mem_mean,mem_std,mem_min,mem_max,n_hashes
control_csawmg_debug_gnu,hera,gnu,145.41666666666666,25.517481144729604,134,300,828.4375,33.54888858862408,714,857,48
control_csawmg_debug_gnu,hercules,gnu,141.40816326530611,38.00872617315822,104,295,573821.612244898,407572.9840730888,820,1048728,49
control_csawmg_debug_gnu,ursa,gnu,120.06060606060606,54.94994278542254,102,416,23266.333333333332,129380.05731846453,739,743976,33
