test_name,machine,compiler,core_mean,core_std,core_min,core_max,mem_mean,mem_std,mem_min,mem_max,n_hashes
control_p8_ugwpv1_tempo_intel,acorn,intel,179.48936170212767,4.185234606823561,171,187,1877.276595744681,1.884745717591835,1873,1881,47
control_p8_ugwpv1_tempo_intel,derecho,intel,199.3,9.68446637088945,184,216,1834.8,16.450599448719885,1826,1866,10
control_p8_ugwpv1_tempo_intel,gaeac6,intel,114.26086956521739,3.98572331430122,105,124,2836.6739130434785,1985.0994271695292,1724,6342,46
control_p8_ugwpv1_tempo_intel,hera,intel,168.91666666666666,8.386497083606065,156,197,2031.9375,6.382843526936982,2009,2042,48
control_p8_ugwpv1_tempo_intel,hercules,intel,169.58695652173913,34.58103275043933,134,280,169448.36956521738,548833.1080340608,1917,1932356,46
control_p8_ugwpv1_tempo_intel,orion,intel,201.65217391304347,31.88675614406872,173,331,1903.9565217391305,5.01090598035532,1895,1915,46
control_p8_ugwpv1_tempo_intel,ursa,intel,137.85714285714286,70.03332540060244,119,616,2531.4489795918366,10.460364127843071,2515,2554,49
control_p8_ugwpv1_tempo_intel,wcoss2,intel,229.48936170212767,65.31424784319918,175,488,1880.2340425531916,4.08184083556011,1868,1885,47
