test_name,machine,compiler,core_mean,core_std,core_min,core_max,mem_mean,mem_std,mem_min,mem_max,n_hashes
control_stochy_intel,acorn,intel,114.0,4.272624386596155,106,126,635.7916666666666,2.5261048421945516,629,643,48
control_stochy_intel,derecho,intel,88.85714285714286,1.2314558524297676,87,91,219889.35714285713,305295.8623390173,612,618368,14
control_stochy_intel,gaeac6,intel,80.87234042553192,28.049348610026733,69,186,31765.531914893618,121090.4636041298,472,492184,47
control_stochy_intel,hera,intel,100.22916666666667,3.9638772300659744,93,113,784.4791666666666,3.274593256101894,775,791,48
control_stochy_intel,hercules,intel,91.375,13.944609268802568,82,175,228142.6875,325096.65143272793,672,689880,48
control_stochy_intel,orion,intel,122.625,66.28681233368899,104,525,28115.125,133081.96165339596,648,662096,48
control_stochy_intel,ursa,intel,132.81632653061226,128.63395635636476,69,515,27730.85714285714,184978.6667941964,1293,1296156,49
control_stochy_intel,wcoss2,intel,134.91666666666666,44.58214189433393,107,344,639.6666666666666,2.2534449592562114,633,644,48
