test_name,machine,compiler,core_mean,core_std,core_min,core_max,mem_mean,mem_std,mem_min,mem_max,n_hashes
control_csawmg_debug_intel,acorn,intel,292.17391304347825,6.100289056270055,282,309,1110.6304347826087,3.7259372908908044,1105,1119,46
control_csawmg_debug_intel,derecho,intel,303.2,11.754506414674827,286,330,1048.1,1.7740824166459805,1045,1051,20
control_csawmg_debug_intel,gaeac6,intel,176.2391304347826,3.848144041013329,170,193,141323.13043478262,934173.2007744508,947,6339432,46
control_csawmg_debug_intel,hera,intel,260.2105263157895,21.089459253555958,251,385,1263.0526315789473,6.669605800665796,1249,1276,38
control_csawmg_debug_intel,hercules,intel,271.19565217391306,42.36750304195023,212,415,1157.6304347826087,5.790255015117798,1147,1177,46
control_csawmg_debug_intel,orion,intel,298.4,27.673748637225923,251,378,1135.9333333333334,5.698484647055555,1126,1150,45
control_csawmg_debug_intel,ursa,intel,193.77551020408163,39.846719493852554,180,462,1789.4897959183672,6.583193402456753,1779,1808,49
control_csawmg_debug_intel,wcoss2,intel,317.8695652173913,37.959984015716216,291,502,1096.4565217391305,34.646600937490675,1013,1119,46
