test_name,machine,compiler,core_mean,core_std,core_min,core_max,mem_mean,mem_std,mem_min,mem_max,n_hashes
control_diag_debug_intel,acorn,intel,194.02173913043478,3.872920978823676,186,205,1671.891304347826,2.330743904799136,1667,1677,46
control_diag_debug_intel,derecho,intel,175.88235294117646,4.276537156798238,171,190,1605.264705882353,1.9895000670857415,1601,1608,34
control_diag_debug_intel,gaeac6,intel,117.95744680851064,2.8204027372646605,112,127,140053.72340425532,923916.4116169842,1494,6339324,47
control_diag_debug_intel,hera,intel,164.16,1.929594085120844,160,167,1806.0,4.193248541803044,1798,1816,25
control_diag_debug_intel,hercules,intel,146.7659574468085,8.797758523716595,134,168,37782.89361702128,247352.7790541128,1693,1697468,47
control_diag_debug_intel,orion,intel,168.2608695652174,3.4540461465661787,162,179,38190.565217391304,247605.9020663147,1674,1681028,46
control_diag_debug_intel,ursa,intel,164.9795918367347,104.26618375499284,118,492,2317.8571428571427,9.567740938521922,2289,2341,49
control_diag_debug_intel,wcoss2,intel,203.12765957446808,22.08148646272097,190,346,1630.3617021276596,46.84545615379551,1574,1676,47
