test_name,machine,compiler,core_mean,core_std,core_min,core_max,mem_mean,mem_std,mem_min,mem_max,n_hashes
control_CubedSphereGrid_intel,acorn,intel,151.4468085106383,5.5041822464072805,138,165,1570.5531914893618,4.6382554377709075,1563,1576,47
control_CubedSphereGrid_intel,derecho,intel,131.5,7.835106182362122,121,142,1529.0,20.231987873991365,1512,1558,10
control_CubedSphereGrid_intel,gaeac6,intel,95.32608695652173,3.445153425553623,88,105,140041.97826086957,934252.1764894695,1406,6338688,46
control_CubedSphereGrid_intel,hera,intel,136.77083333333334,6.801875784252258,126,149,1719.7083333333333,6.779061421676689,1693,1732,48
control_CubedSphereGrid_intel,hercules,intel,129.1304347826087,20.784191316855512,110,203,176889.63043478262,507472.43155279366,1597,1617148,46
control_CubedSphereGrid_intel,orion,intel,159.58695652173913,32.23219652387381,147,371,36130.52173913043,234267.92922214698,1578,1590472,46
control_CubedSphereGrid_intel,ursa,intel,125.9795918367347,103.25484044261523,91,622,47184.28571428572,314808.6251229334,2194,2205872,49
control_CubedSphereGrid_intel,wcoss2,intel,176.38297872340425,50.26691936292365,148,438,1574.404255319149,7.59765288261446,1551,1583,47
