test_name,machine,compiler,core_mean,core_std,core_min,core_max,mem_mean,mem_std,mem_min,mem_max,n_hashes
control_wrtGauss_netcdf_parallel_debug_intel,acorn,intel,166.53333333333333,4.836414900616899,160,178,1612.3333333333333,2.2462089273829093,1608,1616,45
control_wrtGauss_netcdf_parallel_debug_intel,derecho,intel,151.05405405405406,3.915396573826255,145,167,1550.5135135135135,2.8734572829183804,1542,1554,37
control_wrtGauss_netcdf_parallel_debug_intel,gaeac6,intel,102.1063829787234,3.7777037110392437,96,117,140359.21276595743,923908.5551243916,1437,6339580,47
control_wrtGauss_netcdf_parallel_debug_intel,hera,intel,137.5909090909091,2.872846454867847,134,148,1747.5,5.360792407666556,1736,1760,22
control_wrtGauss_netcdf_parallel_debug_intel,hercules,intel,125.93617021276596,22.68537572909908,114,272,36603.02127659575,239680.3883134959,1632,1644808,47
control_wrtGauss_netcdf_parallel_debug_intel,orion,intel,143.15217391304347,6.673221415326411,137,181,36785.782608695656,238507.44897828557,1612,1619256,46
control_wrtGauss_netcdf_parallel_debug_intel,ursa,intel,120.59183673469387,61.462359201705375,98,404,2252.8367346938776,8.209108099075863,2232,2270,49
control_wrtGauss_netcdf_parallel_debug_intel,wcoss2,intel,172.3404255319149,14.778475234264485,163,263,1568.2978723404256,49.4952412704304,1515,1622,47
