test_name,machine,compiler,core_mean,core_std,core_min,core_max,mem_mean,mem_std,mem_min,mem_max,n_hashes
control_csawmg_debug_gnu,hera,gnu,145.375,25.488942116391684,134,300,838.3125,5.551140385044136,829,857,48
control_csawmg_debug_gnu,hercules,gnu,138.70833333333334,41.87263277949602,104,295,327145.3125,407422.96480847243,814,837692,48
control_csawmg_debug_gnu,ursa,gnu,122.59574468085107,58.99471589250805,102,416,16556.382978723403,108411.68805821975,730,743976,47
