test_name,machine,compiler,core_mean,core_std,core_min,core_max,mem_mean,mem_std,mem_min,mem_max,n_hashes
control_lndp_debug_intel,acorn,intel,193.6875,4.167535370435364,186,202,824.3333333333334,3.7035539764849448,818,833,48
control_lndp_debug_intel,derecho,intel,155.7391304347826,2.1995328285869333,151,160,174525.39130434784,337026.65455349634,796,802296,23
control_lndp_debug_intel,gaeac6,intel,113.25531914893617,2.444764460125944,109,121,56747.89361702128,185890.48066106418,647,661020,47
control_lndp_debug_intel,hera,intel,175.6875,33.986953848718095,157,316,938.5833333333334,40.145391793697875,840,963,48
control_lndp_debug_intel,hercules,intel,166.3265306122449,130.50788414164583,133,1047,436823.02040816325,431598.98586156196,841,861624,49
control_lndp_debug_intel,orion,intel,171.6530612244898,19.194781213922184,158,267,51629.4693877551,200982.1254054804,819,835220,49
control_lndp_debug_intel,ursa,intel,136.1219512195122,61.80986778903155,116,485,37586.365853658535,231180.58010706215,1462,1481760,41
control_lndp_debug_intel,wcoss2,intel,199.85416666666666,8.412224092616475,189,227,825.75,3.812074880379061,811,831,48
