test_name,machine,compiler,core_mean,core_std,core_min,core_max,mem_mean,mem_std,mem_min,mem_max,n_hashes
control_restart_p8_atmlnd_intel,acorn,intel,128.65217391304347,16.531743729100018,117,234,1030.2173913043478,1.133589058958005,1028,1033,46
control_restart_p8_atmlnd_intel,gaeac6,intel,85.82978723404256,3.9799450997752217,80,100,139617.17021276595,924022.9618668274,998,6339596,47
control_restart_p8_atmlnd_intel,hera,intel,104.82142857142857,2.450299625345491,102,112,1121.7857142857142,3.3704285127841813,1115,1128,28
control_restart_p8_atmlnd_intel,hercules,intel,98.97872340425532,12.089322205084677,87,153,1201.1063829787233,6.325359733895158,1182,1212,47
control_restart_p8_atmlnd_intel,orion,intel,126.78260869565217,19.24683297870444,117,230,1105.608695652174,5.882094339299965,1088,1113,46
control_restart_p8_atmlnd_intel,ursa,intel,85.38775510204081,3.1544698876528927,82,96,1310.734693877551,14.2211337894875,1277,1337,49
