test_name,machine,compiler,core_mean,core_std,core_min,core_max,mem_mean,mem_std,mem_min,mem_max,n_hashes
control_p8_mynn_intel,acorn,intel,186.82222222222222,6.205894884150975,177,209,1868.0444444444445,1.7575235101953168,1865,1871,45
control_p8_mynn_intel,derecho,intel,212.0,7.89092305542682,195,234,1813.804347826087,1.9392961520142704,1810,1818,46
control_p8_mynn_intel,gaeac6,intel,124.35555555555555,13.040418906328329,118,209,6338.822222222222,0.3866457674602819,6338,6339,45
control_p8_mynn_intel,hera,intel,172.0,1.2649110640673518,170,173,2020.8333333333333,5.810909280540057,2012,2028,6
control_p8_mynn_intel,hercules,intel,184.68085106382978,44.99183809217087,144,348,42544.04255319149,278547.62472432497,1900,1911540,47
control_p8_mynn_intel,orion,intel,242.3913043478261,38.44677605953432,192,325,43012.04347826087,278882.16791620525,1883,1893364,46
control_p8_mynn_intel,ursa,intel,220.9,206.6151159098699,123,768,2527.4,12.06276104719116,2499,2554,50
control_p8_mynn_intel,wcoss2,intel,200.73469387755102,10.825847753956118,188,235,1787.0,37.876993896911365,1762,1874,49
