test_name,machine,compiler,core_mean,core_std,core_min,core_max,mem_mean,mem_std,mem_min,mem_max,n_hashes
control_p8.v2.sfc_intel,acorn,intel,190.97916666666666,5.714816812958543,179,201,1861.3125,1.8119725938465951,1857,1864,48
control_p8.v2.sfc_intel,derecho,intel,188.95652173913044,8.493196533212842,174,209,402854.2173913043,777955.5153240946,1841,1847868,23
control_p8.v2.sfc_intel,gaeac6,intel,121.51063829787235,2.918250968329071,112,128,148200.02127659574,485455.97372884525,1708,1727452,47
control_p8.v2.sfc_intel,hera,intel,195.14583333333334,26.06047760321751,168,309,1996.7916666666667,43.55478737803813,1880,2028,48
control_p8.v2.sfc_intel,hercules,intel,202.20408163265307,71.02522427274127,146,626,977483.9387755102,965773.9689325907,1898,1922504,49
control_p8.v2.sfc_intel,orion,intel,243.59183673469389,90.01618335225128,192,689,117326.97959183673,456724.87012973183,1880,1889104,49
control_p8.v2.sfc_intel,ursa,intel,184.29268292682926,134.40670442772543,130,678,64249.14634146341,395234.58106924046,2508,2533260,41
control_p8.v2.sfc_intel,wcoss2,intel,233.0625,40.63349747463633,194,384,1860.2083333333333,7.357029735213991,1839,1867,48
