test_name,machine,compiler,core_mean,core_std,core_min,core_max,mem_mean,mem_std,mem_min,mem_max,n_hashes
control_wam_debug_intel,acorn,intel,882.0,11.75658927173803,863,906,1695.7021276595744,2.0099198947591552,1691,1700,47
control_wam_debug_intel,derecho,intel,764.5,11.634587932696055,754,794,1629.3333333333333,2.3868325657594034,1623,1631,12
control_wam_debug_intel,gaeac6,intel,528.2391304347826,11.231275345824235,509,553,140771.60869565216,934222.5429749588,1521,6339216,46
control_wam_debug_intel,hera,intel,808.6595744680851,18.948759963723585,785,905,1814.9574468085107,5.421204129071818,1803,1824,47
control_wam_debug_intel,orion,intel,806.0434782608696,20.148290825487074,772,863,1699.9347826086957,5.351644291090124,1685,1708,46
control_wam_debug_intel,ursa,intel,567.8775510204082,110.69338896494322,536,1322,2301.0204081632655,9.955086212414171,2277,2317,49
control_wam_debug_intel,wcoss2,intel,885.3829787234042,27.769668463748268,857,995,1702.9148936170213,5.789156983136058,1681,1710,47
