test_name,machine,compiler,core_mean,core_std,core_min,core_max,mem_mean,mem_std,mem_min,mem_max,n_hashes
control_p8_lndp_intel,acorn,intel,298.3404255319149,6.581517585483594,285,312,1860.1914893617022,4.757777604468402,1855,1870,47
control_p8_lndp_intel,derecho,intel,311.5,12.057831660287269,288,335,1815.6666666666667,1.9034674690671143,1811,1818,24
control_p8_lndp_intel,gaeac6,intel,192.5744680851064,5.907786611388263,181,215,139120.93617021278,924094.2722249812,1708,6339580,47
control_p8_lndp_intel,hera,intel,287.65714285714284,10.538285542955952,276,315,2013.5714285714287,6.709456514702852,1995,2024,35
control_p8_lndp_intel,hercules,intel,272.97872340425533,42.29990716492132,233,409,1908.1914893617022,3.8877639592888773,1896,1915,47
control_p8_lndp_intel,orion,intel,329.2826086956522,24.645633413990634,303,401,1887.195652173913,6.1232510073122155,1874,1899,46
control_p8_lndp_intel,ursa,intel,266.53061224489795,212.09776657247954,198,1319,2512.9591836734694,9.495523470898881,2499,2534,49
control_p8_lndp_intel,wcoss2,intel,330.8723404255319,49.88579000480326,302,578,1845.0,43.29323674462417,1761,1875,47
