test_name,machine,compiler,core_mean,core_std,core_min,core_max,mem_mean,mem_std,mem_min,mem_max,n_hashes
control_p8_rrtmgp_intel,acorn,intel,248.06382978723406,8.117089474412312,225,265,1908.2340425531916,4.006585697906865,1904,1919,47
control_p8_rrtmgp_intel,derecho,intel,268.25,10.929487806100699,246,293,1854.392857142857,1.4230714230606956,1852,1856,28
control_p8_rrtmgp_intel,gaeac6,intel,165.2127659574468,17.401819208013315,145,261,139533.1914893617,924054.021335042,1750,6339724,47
control_p8_rrtmgp_intel,hera,intel,234.96774193548387,4.976503933269767,225,255,2066.1290322580644,6.307360438323125,2047,2077,31
control_p8_rrtmgp_intel,hercules,intel,231.12765957446808,37.02092065498182,191,378,1969.9148936170213,5.170273675516739,1958,1984,47
control_p8_rrtmgp_intel,orion,intel,299.95652173913044,45.45814021797741,264,514,1938.4347826086957,6.1847560767963765,1928,1953,46
control_p8_rrtmgp_intel,ursa,intel,208.3673469387755,129.36893204410129,155,712,2574.591836734694,8.497348526028011,2558,2591,49
control_p8_rrtmgp_intel,wcoss2,intel,274.0425531914894,35.72841850672478,247,475,1882.5106382978724,46.88880108272141,1808,1922,47
