test_name,machine,compiler,core_mean,core_std,core_min,core_max,mem_mean,mem_std,mem_min,mem_max,n_hashes
control_ras_debug_intel,acorn,intel,196.10204081632654,5.177052322345136,185,208,830.7142857142857,3.278719262151009,825,838,49
control_ras_debug_intel,derecho,intel,158.72727272727272,1.8304779022565016,156,163,185192.04545454544,347986.15582074894,803,815184,22
control_ras_debug_intel,gaeac6,intel,114.4375,2.1626053042864,111,122,56173.625,186053.31540575513,652,669540,48
control_ras_debug_intel,hera,intel,177.6326530612245,33.373326348517104,160,317,949.8163265306123,37.56143493741709,842,978,49
control_ras_debug_intel,hercules,intel,147.3469387755102,16.718940133383857,132,227,405979.2448979592,435202.2107324331,853,873720,49
control_ras_debug_intel,orion,intel,169.85714285714286,14.150971698084902,158,234,51777.06122448979,201537.68072201454,830,837268,49
control_ras_debug_intel,ursa,intel,143.8372093023256,67.79061960413323,119,433,36109.46511627907,227000.18201129153,1481,1490032,43
control_ras_debug_intel,wcoss2,intel,205.53061224489795,20.394139314208537,192,319,832.8367346938776,3.8207053165150913,819,839,49
