test_name,machine,compiler,core_mean,core_std,core_min,core_max,mem_mean,mem_std,mem_min,mem_max,n_hashes
control_debug_p8_intel,acorn,intel,187.0,5.2389701765364425,179,200,1903.0,3.202392722471117,1895,1910,48
control_debug_p8_intel,derecho,intel,182.0,6.072478900745559,172,198,555807.5882352941,884550.3567089228,1877,1892400,17
control_debug_p8_intel,gaeac6,intel,110.34042553191489,2.845871118600022,106,118,150717.10638297873,493715.16466728563,1730,1757104,47
control_debug_p8_intel,hera,intel,175.875,46.27697603169743,155,322,2039.2708333333333,5.290455409481911,2028,2052,48
control_debug_p8_intel,hercules,intel,191.75,38.823386240112235,129,320,728769.0833333334,948272.3779388389,1929,1949896,48
control_debug_p8_intel,orion,intel,204.29166666666666,28.0978217777194,159,251,81865.16666666667,387472.68167547,1908,1927484,48
control_debug_p8_intel,ursa,intel,133.33333333333334,37.95817033308457,117,377,55861.916666666664,369356.67782820814,2533,2561528,48
control_debug_p8_intel,wcoss2,intel,223.14583333333334,28.990819958117285,189,295,1902.4375,5.465194512899787,1893,1910,48
