test_name,machine,compiler,core_mean,core_std,core_min,core_max,mem_mean,mem_std,mem_min,mem_max,n_hashes
control_wam_debug_intel,acorn,intel,885.4888888888889,12.90634484948149,863,911,1696.8,2.117030510365497,1693,1702,45
control_wam_debug_intel,derecho,intel,767.1951219512196,12.94453458451701,748,794,1627.5853658536585,3.7213949653061054,1618,1631,41
control_wam_debug_intel,gaeac6,intel,540.6666666666666,9.165925179552971,524,576,137873.14583333334,914132.124205481,1525,6339216,48
control_wam_debug_intel,hera,intel,812.2631578947369,12.01315068887773,794,840,1811.7894736842106,4.30218222880256,1804,1819,19
control_wam_debug_intel,orion,intel,812.0851063829788,15.798775113822327,776,851,37646.53191489362,246455.63641316784,1689,1691312,47
control_wam_debug_intel,ursa,intel,671.62,276.1094791741057,538,1628,2296.98,10.17096708423397,2277,2316,50
control_wam_debug_intel,wcoss2,intel,887.25,17.489814665149463,868,981,1642.7291666666667,49.92920076120269,1593,1704,48
