test_name,machine,compiler,core_mean,core_std,core_min,core_max,mem_mean,mem_std,mem_min,mem_max,n_hashes
control_c384gdas_intel,acorn,intel,596.5111111111111,23.23655253554989,568,638,1134.888888888889,5.625519055737399,1128,1149,45
control_c384gdas_intel,derecho,intel,511.2826086956522,14.815401960989833,494,577,1120.391304347826,4.5824702744726435,1115,1132,46
control_c384gdas_intel,gaeac6,intel,644.7333333333333,32.25988220685255,625,823,6338.644444444444,0.6794234037887761,6338,6340,45
control_c384gdas_intel,hera,intel,504.3333333333333,6.50128192487194,497,514,1363.6666666666667,10.171856598805686,1347,1374,6
control_c384gdas_intel,hercules,intel,507.02127659574467,45.43915633866519,455,626,33044.382978723406,216368.57548541855,1457,1484832,47
control_c384gdas_intel,orion,intel,665.8695652173913,50.61207967171131,630,889,29568.347826086956,191707.7798228007,1290,1301528,46
control_c384gdas_intel,ursa,intel,406.18,40.730417856627874,369,573,1887.96,23.61766893057579,1794,1937,50
control_c384gdas_intel,wcoss2,intel,586.3265306122449,19.653655040795485,555,656,1055.1020408163265,36.36461472477926,1029,1142,49
