test_name,machine,compiler,core_mean,core_std,core_min,core_max,mem_mean,mem_std,mem_min,mem_max,n_hashes
control_p8_atmlnd_intel,acorn,intel,206.93333333333334,18.248785762844108,191,320,1861.9555555555555,1.4764138917654284,1859,1865,45
control_p8_atmlnd_intel,gaeac6,intel,147.2127659574468,4.5727746795704185,139,162,140317.085106383,923862.2651998093,1847,6339228,47
control_p8_atmlnd_intel,hera,intel,184.2173913043478,2.0439827818864367,181,189,1844.608695652174,8.783968508982607,1821,1864,23
control_p8_atmlnd_intel,hercules,intel,181.9787234042553,26.190347841790985,154,301,41994.085106382976,275000.2641963814,1874,1887188,47
control_p8_atmlnd_intel,orion,intel,230.7391304347826,28.071681881773628,209,328,42103.782608695656,272968.6183418578,1848,1853220,46
control_p8_atmlnd_intel,ursa,intel,145.46938775510205,7.73816849782171,138,177,1907.8163265306123,10.17282628170868,1890,1930,49
