test_name,machine,compiler,core_mean,core_std,core_min,core_max,mem_mean,mem_std,mem_min,mem_max,n_hashes
control_csawmg_debug_intel,acorn,intel,290.06382978723406,5.7423077292456455,274,301,1114.1914893617022,4.785114136444246,1105,1122,47
control_csawmg_debug_intel,derecho,intel,275.8,6.974831600982827,259,292,185124.6,418505.19869119744,1099,1105780,30
control_csawmg_debug_intel,gaeac6,intel,171.69565217391303,2.1895668289757007,167,177,85024.76086956522,275387.58013285644,956,969356,46
control_csawmg_debug_intel,hera,intel,273.5,44.69232881959888,248,416,1229.3125,59.2898241242194,1120,1284,48
control_csawmg_debug_intel,hercules,intel,304.0,135.49461858932506,211,1185,784729.9387755102,551273.3168120648,1155,1178480,49
control_csawmg_debug_intel,orion,intel,294.3333333333333,26.2381347719699,254,352,72255.08333333333,278350.8871989067,1126,1143264,48
control_csawmg_debug_intel,ursa,intel,198.06060606060606,59.89362413580608,182,529,56179.393939393936,312415.9941494212,1787,1796488,33
control_csawmg_debug_intel,wcoss2,intel,315.51063829787233,21.572801253697765,288,379,1112.1063829787233,3.9740136460302713,1092,1119,47
