test_name,machine,compiler,core_mean,core_std,core_min,core_max,mem_mean,mem_std,mem_min,mem_max,n_hashes
control_lndp_debug_intel,acorn,intel,194.0204081632653,4.351674945343688,186,202,824.3469387755102,3.9240233413772465,815,833,49
control_lndp_debug_intel,derecho,intel,155.71428571428572,2.216818827573812,151,160,191069.85714285713,348769.98339511466,796,802296,21
control_lndp_debug_intel,gaeac6,intel,113.4375,2.30546298484016,109,121,55578.083333333336,184080.79230596795,639,661020,48
control_lndp_debug_intel,hera,intel,175.0408163265306,33.79161581398156,157,316,945.734693877551,31.246850181394326,840,963,49
control_lndp_debug_intel,hercules,intel,148.73469387755102,23.54143112879581,133,276,367371.387755102,427613.4938821708,841,861624,49
control_lndp_debug_intel,orion,intel,170.10204081632654,18.419017457009822,158,267,34846.163265306124,166603.86178989406,816,835220,49
control_lndp_debug_intel,ursa,intel,135.2888888888889,59.02065209515541,116,485,34376.86666666667,220666.84617690905,1462,1481760,45
control_lndp_debug_intel,wcoss2,intel,200.16326530612244,8.384874623330969,189,227,826.0204081632653,3.7052316387236526,811,831,49
