test_name,machine,compiler,core_mean,core_std,core_min,core_max,mem_mean,mem_std,mem_min,mem_max,n_hashes
control_diag_debug_intel,acorn,intel,194.54166666666666,4.658363941334881,186,205,1676.3333333333333,4.4450945151062395,1669,1686,48
control_diag_debug_intel,derecho,intel,155.54545454545453,1.6348477827391965,153,158,751294.1818181818,861272.0197318404,1650,1652072,11
control_diag_debug_intel,gaeac6,intel,112.48936170212765,2.619926487730161,108,118,201010.46808510637,965709.9908480457,1494,6339324,47
control_diag_debug_intel,hera,intel,164.22916666666666,4.173062467134891,156,182,1810.2708333333333,6.360582013157198,1787,1821,48
control_diag_debug_intel,hercules,intel,149.95833333333334,17.44896306537261,128,196,464093.6875,766726.7062034155,1696,1716340,48
control_diag_debug_intel,orion,intel,168.66666666666666,9.07025377517627,157,201,72216.5625,341827.28769420827,1676,1695304,48
control_diag_debug_intel,ursa,intel,142.9387755102041,69.16237180338297,117,492,49609.77551020408,331017.49117401044,2296,2319444,49
control_diag_debug_intel,wcoss2,intel,212.0625,43.997295008728734,190,467,1674.2708333333333,4.606838503020047,1661,1682,48
