test_name,machine,compiler,core_mean,core_std,core_min,core_max,mem_mean,mem_std,mem_min,mem_max,n_hashes
control_p8_ugwpv1_tempo_aerosol_intel,acorn,intel,188.1860465116279,5.297150239935788,172,197,1886.0232558139535,1.0798671014577168,1884,1889,43
control_p8_ugwpv1_tempo_aerosol_intel,derecho,intel,191.42857142857142,6.034698204349776,181,205,670997.2857142857,931611.847619319,1870,1879512,14
control_p8_ugwpv1_tempo_aerosol_intel,gaeac6,intel,120.88095238095238,17.150982878686406,111,228,126636.5,455755.75310152053,1733,1751232,42
control_p8_ugwpv1_tempo_aerosol_intel,hera,intel,181.0,7.928249671720931,164,194,2043.3488372093022,9.405883976407006,2010,2055,43
control_p8_ugwpv1_tempo_aerosol_intel,hercules,intel,188.65116279069767,35.828216946536784,142,291,725418.976744186,950949.2814329191,1936,1952376,43
control_p8_ugwpv1_tempo_aerosol_intel,orion,intel,219.06976744186048,77.76074274239794,181,647,46534.395348837206,292554.43740350753,1912,1920328,43
control_p8_ugwpv1_tempo_aerosol_intel,ursa,intel,183.86363636363637,110.59345010023874,125,608,60269.59090909091,382856.72843903117,2532,2542136,44
control_p8_ugwpv1_tempo_aerosol_intel,wcoss2,intel,241.1860465116279,59.53440614426387,195,484,1884.953488372093,3.1993562475397006,1876,1889,43
