test_name,machine,compiler,core_mean,core_std,core_min,core_max,mem_mean,mem_std,mem_min,mem_max,n_hashes
control_p8_atmlnd_debug_intel,acorn,intel,342.8695652173913,17.58611661466343,330,451,1905.7608695652175,2.487165120808074,1901,1913,46
control_p8_atmlnd_debug_intel,gaeac6,intel,208.9787234042553,4.285919117610747,198,218,139869.17021276595,924084.6342885416,1866,6340268,47
control_p8_atmlnd_debug_intel,hera,intel,295.07142857142856,5.836847014337719,286,313,1873.25,6.125991983163039,1864,1892,28
control_p8_atmlnd_debug_intel,hercules,intel,279.72340425531917,32.7505075484465,246,369,1908.4468085106382,5.981160679268739,1899,1921,47
control_p8_atmlnd_debug_intel,orion,intel,344.5217391304348,90.86785010978788,293,907,1884.5,4.974378799854781,1872,1895,46
control_p8_atmlnd_debug_intel,ursa,intel,219.75510204081633,12.198925178482082,210,273,1943.7755102040817,8.297251819434104,1925,1962,49
