test_name,machine,compiler,core_mean,core_std,core_min,core_max,mem_mean,mem_std,mem_min,mem_max,n_hashes
control_CubedSphereGrid_intel,acorn,intel,148.74468085106383,5.8994033784796045,136,165,1567.0851063829787,4.127478371333815,1563,1576,47
control_CubedSphereGrid_intel,derecho,intel,138.125,3.5178118198675676,133,147,1514.5833333333333,1.3160106602801305,1512,1517,24
control_CubedSphereGrid_intel,gaeac6,intel,97.51063829787235,15.288347851174159,88,197,138974.085106383,923983.5988049324,1406,6338688,47
control_CubedSphereGrid_intel,hera,intel,133.11428571428573,5.582385261703468,126,149,1717.8857142857144,6.262734924894672,1693,1732,35
control_CubedSphereGrid_intel,hercules,intel,126.42553191489361,16.465701744840583,110,168,1608.2978723404256,5.441047268187717,1597,1618,47
control_CubedSphereGrid_intel,orion,intel,152.2173913043478,4.032716445817527,147,164,1589.3478260869565,5.498352849533294,1578,1600,46
control_CubedSphereGrid_intel,ursa,intel,129.0408163265306,107.1375593928341,91,549,2209.408163265306,9.052896330611,2194,2223,49
control_CubedSphereGrid_intel,wcoss2,intel,169.87234042553192,50.074126366416536,147,438,1551.7659574468084,43.442221881461684,1463,1583,47
