test_name,machine,compiler,core_mean,core_std,core_min,core_max,mem_mean,mem_std,mem_min,mem_max,n_hashes
control_stochy_gnu,derecho,gnu,159.46666666666667,4.681094282126869,154,180,605.9666666666667,1.2452207485597597,604,610,30
control_stochy_gnu,hera,gnu,175.93103448275863,6.573382660846044,169,192,600.2758620689655,2.671229675691634,593,606,29
control_stochy_gnu,hercules,gnu,142.3404255319149,8.85947440718172,133,174,586.5744680851063,2.4293914146754045,583,592,47
control_stochy_gnu,ursa,gnu,216.0,280.4384216424941,117,1497,508.8979591836735,2.0940878877527225,506,517,49
