test_name,machine,compiler,core_mean,core_std,core_min,core_max,mem_mean,mem_std,mem_min,mem_max,n_hashes
control_stochy_gnu,derecho,gnu,158.11764705882354,2.204607474732647,154,163,605.7058823529412,1.2126781251816399,604,609,17
control_stochy_gnu,hera,gnu,174.3170731707317,6.113260277422544,168,192,601.390243902439,2.9144300367352476,593,606,41
control_stochy_gnu,hercules,gnu,142.45652173913044,10.299312861090685,133,174,587.2608695652174,3.1583032196185488,583,594,46
control_stochy_gnu,ursa,gnu,199.77551020408163,274.3845587026022,117,1497,510.7959183673469,3.297597558809096,507,517,49
