test_name,machine,compiler,core_mean,core_std,core_min,core_max,mem_mean,mem_std,mem_min,mem_max,n_hashes
control_diag_debug_gnu,derecho,gnu,107.27272727272727,2.0538212722098845,103,110,1384.5454545454545,1.8635254955935927,1382,1387,11
control_diag_debug_gnu,hera,gnu,93.5625,2.211250248066572,91,103,1374.1666666666667,4.969409971112537,1359,1381,48
control_diag_debug_gnu,hercules,gnu,75.04347826086956,5.324812033152516,70,96,31150.217391304348,201998.55330438085,1362,1371388,46
control_diag_debug_gnu,ursa,gnu,92.93877551020408,43.00940215196425,74,303,1282.9591836734694,4.212873048138014,1264,1287,49
