test_name,machine,compiler,core_mean,core_std,core_min,core_max,mem_mean,mem_std,mem_min,mem_max,n_hashes
control_restart_p8_intel,acorn,intel,109.84782608695652,4.8349072899503955,99,121,1012.0869565217391,1.4881171841031842,1010,1015,46
control_restart_p8_intel,derecho,intel,147.0,10.605030252982148,134,176,970.258064516129,0.9989241524588224,968,972,31
control_restart_p8_intel,gaeac6,intel,71.63829787234043,3.454206835999393,65,85,139571.17021276595,924008.5409067507,846,6339452,47
control_restart_p8_intel,hera,intel,99.57142857142857,1.9706846230683124,96,105,1274.75,8.65651114394161,1256,1290,28
control_restart_p8_intel,hercules,intel,99.7872340425532,23.29950192620543,84,180,1213.531914893617,8.734865330411557,1194,1228,47
control_restart_p8_intel,orion,intel,128.06521739130434,33.12495009566928,105,252,1128.0217391304348,6.7147900784090915,1108,1138,46
control_restart_p8_intel,ursa,intel,133.44897959183675,132.74161323546488,73,560,1859.795918367347,27.19909587332886,1834,1956,49
control_restart_p8_intel,wcoss2,intel,131.93617021276594,19.099743061462274,115,227,979.063829787234,48.513738195582604,915,1019,47
