test_name,machine,compiler,core_mean,core_std,core_min,core_max,mem_mean,mem_std,mem_min,mem_max,n_hashes
control_c48.v2.sfc_intel,acorn,intel,352.78723404255317,11.819174123676,332,373,720.0425531914893,1.4589669783268875,718,724,47
control_c48.v2.sfc_intel,derecho,intel,307.9,2.3781411975649247,305,313,681.1,0.31622776601686625,681,682,10
control_c48.v2.sfc_intel,gaeac6,intel,251.1086956521739,8.75145260544294,239,270,139943.65217391305,934258.7970160496,680,6338624,46
control_c48.v2.sfc_intel,hera,intel,383.0833333333333,14.906564787329936,361,403,849.3125,4.079821908920823,835,857,48
control_c48.v2.sfc_intel,hercules,intel,339.39130434782606,18.69935026900916,320,377,37355.934782608696,173173.51326001872,828,841480,46
control_c48.v2.sfc_intel,orion,intel,483.32608695652175,13.326755623892005,465,505,19143.347826086956,124139.64628437468,826,842796,46
control_c48.v2.sfc_intel,ursa,intel,302.2448979591837,134.08494363217497,233,690,804.8163265306123,4.314092553228687,799,827,49
control_c48.v2.sfc_intel,wcoss2,intel,369.97872340425533,38.62837961108842,340,536,723.4468085106383,1.1191710954074967,721,725,47
