test_name,machine,compiler,core_mean,core_std,core_min,core_max,mem_mean,mem_std,mem_min,mem_max,n_hashes
control_p8_ugwpv1_tempo_aerosol_intel,acorn,intel,188.1904761904762,5.36127985829237,172,197,1886.0238095238096,1.0929506993119826,1884,1889,42
control_p8_ugwpv1_tempo_aerosol_intel,derecho,intel,191.42857142857142,6.034698204349776,181,205,670997.2857142857,931611.847619319,1870,1879512,14
control_p8_ugwpv1_tempo_aerosol_intel,gaeac6,intel,121.04878048780488,17.32909579221056,111,228,129682.90243902439,460984.39312257664,1733,1751232,41
control_p8_ugwpv1_tempo_aerosol_intel,hera,intel,181.26190476190476,7.833821370123352,164,194,2043.5,9.466887092361013,2010,2055,42
control_p8_ugwpv1_tempo_aerosol_intel,hercules,intel,189.5952380952381,35.71708583680414,142,291,742644.7619047619,955662.2059363917,1936,1952376,42
control_p8_ugwpv1_tempo_aerosol_intel,orion,intel,219.9047619047619,78.50797987211533,181,647,47596.666666666664,296016.735861391,1912,1920328,42
control_p8_ugwpv1_tempo_aerosol_intel,ursa,intel,185.06976744186048,111.60909575257088,125,608,61612.023255813954,387282.94025787554,2532,2542136,43
control_p8_ugwpv1_tempo_aerosol_intel,wcoss2,intel,241.92857142857142,60.05420025810949,195,484,1885.047619047619,3.177300441449935,1876,1889,42
