test_name,machine,compiler,core_mean,core_std,core_min,core_max,mem_mean,mem_std,mem_min,mem_max,n_hashes
control_debug_p8_intel,acorn,intel,187.95833333333334,5.4653972752112345,179,202,1902.4166666666667,3.463077793151245,1895,1910,48
control_debug_p8_intel,derecho,intel,182.5,4.576510072581994,173,187,943554.1,992615.8690610774,1878,1892400,10
control_debug_p8_intel,gaeac6,intel,111.47826086956522,2.8026902190160308,106,118,177483.0,963563.1560613158,1730,6339584,46
control_debug_p8_intel,hera,intel,170.79166666666666,39.55494876284388,155,322,2038.5,6.263708370701134,2020,2052,48
control_debug_p8_intel,hercules,intel,193.59574468085106,33.08070472309913,129,299,497105.1914893617,854810.1957079137,1928,1949896,47
control_debug_p8_intel,orion,intel,205.27659574468086,29.762613057075466,159,259,83565.46808510639,391480.6498669008,1906,1927484,47
control_debug_p8_intel,ursa,intel,128.3265306122449,12.41703761487625,117,167,54772.22448979592,365568.55073719675,2522,2561528,49
control_debug_p8_intel,wcoss2,intel,223.625,27.54618944956796,193,295,1901.5625,5.5693165859055815,1893,1910,48
