test_name,machine,compiler,core_mean,core_std,core_min,core_max,mem_mean,mem_std,mem_min,mem_max,n_hashes
control_p8_gnu,hera,gnu,265.6458333333333,18.70543166459586,255,368,1550.75,10.78118929215097,1527,1574,48
control_p8_gnu,hercules,gnu,229.27083333333334,29.075645715252215,200,285,582258.3958333334,757656.1173643676,1522,1567080,48
control_p8_gnu,ursa,gnu,201.46938775510205,122.22368531385673,173,1034,31524.591836734693,210437.99742163948,1415,1474528,49
