test_name,machine,compiler,core_mean,core_std,core_min,core_max,mem_mean,mem_std,mem_min,mem_max,n_hashes
control_stochy_intel,acorn,intel,112.56521739130434,4.156131609043539,106,126,634.0,3.2863353450310013,627,643,46
control_stochy_intel,derecho,intel,105.73333333333333,2.404361117002266,103,112,579.5333333333333,1.4074631010979886,578,583,15
control_stochy_intel,gaeac6,intel,81.93333333333334,28.28619965476258,69,186,143553.6222222222,944582.5953134317,472,6339168,45
control_stochy_intel,hera,intel,99.51162790697674,4.267106151230517,93,113,782.5116279069767,3.750378349315208,769,789,43
control_stochy_intel,hercules,intel,92.21739130434783,14.29671763957379,82,175,678.5217391304348,3.7102807946136673,672,687,46
control_stochy_intel,orion,intel,109.24444444444444,2.2779132751026494,104,115,655.3111111111111,3.3427140729858436,648,665,45
control_stochy_intel,ursa,intel,151.20408163265307,144.90226297862478,69,515,1304.1632653061224,7.619456834248693,1292,1328,49
control_stochy_intel,wcoss2,intel,128.1304347826087,32.72077742600745,107,288,635.6086956521739,19.94267145914852,543,644,46
