test_name,machine,compiler,core_mean,core_std,core_min,core_max,mem_mean,mem_std,mem_min,mem_max,n_hashes
control_c48.v2.sfc_intel,acorn,intel,347.3636363636364,6.8644378793588965,331,362,719.2045454545455,1.9238955811550613,715,723,44
control_c48.v2.sfc_intel,derecho,intel,308.67391304347825,2.2514622194484666,305,313,679.7608695652174,3.135352417609305,674,683,46
control_c48.v2.sfc_intel,gaeac6,intel,246.89583333333334,3.4036249970534898,243,264,6337.479166666667,0.6838434352771768,6336,6338,48
control_c48.v2.sfc_intel,hera,intel,376.0,6.899275324264129,372,396,848.0909090909091,3.419197141275846,843,853,11
control_c48.v2.sfc_intel,hercules,intel,327.5625,6.89713554480441,320,359,18342.75,121262.01953401601,829,840968,48
control_c48.v2.sfc_intel,orion,intel,479.29787234042556,21.662344501177536,471,623,18807.31914893617,123180.11890425133,825,845320,47
control_c48.v2.sfc_intel,ursa,intel,270.18,94.4149957822984,235,654,802.64,4.4892615637491184,792,827,50
control_c48.v2.sfc_intel,wcoss2,intel,340.5208333333333,7.665866825375821,331,363,724.5208333333334,1.4730137485937038,722,728,48
