test_name,machine,compiler,core_mean,core_std,core_min,core_max,mem_mean,mem_std,mem_min,mem_max,n_hashes
control_p8_intel,acorn,intel,179.14583333333334,6.937378201601573,163,190,1863.3541666666667,2.555674398511115,1859,1867,48
control_p8_intel,derecho,intel,181.5,6.8633855061522375,169,201,273328.17647058825,663633.2127920019,1844,1848712,34
control_p8_intel,gaeac6,intel,114.02127659574468,3.17249978039625,110,125,148056.8085106383,484971.5666927934,1706,1723416,47
control_p8_intel,hera,intel,186.0612244897959,22.72609381605326,175,295,1968.2448979591836,59.94112757956933,1875,2032,49
control_p8_intel,hercules,intel,195.56,59.61959683300964,148,512,1414139.2,845613.9274314254,1902,1922692,50
control_p8_intel,orion,intel,242.28571428571428,97.48055361626407,187,778,117185.08163265306,456161.038915847,1873,1890304,49
control_p8_intel,ursa,intel,167.93103448275863,114.30814588973426,122,643,89419.20689655172,467975.59020342224,2502,2522644,29
control_p8_intel,wcoss2,intel,212.16666666666666,25.73790427194989,177,301,1861.8333333333333,6.547155735657286,1848,1869,48
