test_name,machine,compiler,core_mean,core_std,core_min,core_max,mem_mean,mem_std,mem_min,mem_max,n_hashes
control_wrtGauss_netcdf_parallel_intel,acorn,intel,156.08695652173913,4.4911076928947935,149,168,1574.2826086956522,3.377461528546514,1570,1585,46
control_wrtGauss_netcdf_parallel_intel,derecho,intel,146.06666666666666,5.501932784741749,141,171,1515.9,1.2415229801920533,1514,1518,30
control_wrtGauss_netcdf_parallel_intel,gaeac6,intel,109.0,41.08368977121445,94,373,139626.1914893617,924039.1683170296,1410,6339716,47
control_wrtGauss_netcdf_parallel_intel,hera,intel,142.20689655172413,4.279346665295218,136,155,1719.0344827586207,5.659901302904602,1710,1730,29
control_wrtGauss_netcdf_parallel_intel,hercules,intel,134.29787234042553,16.618369738513994,118,180,1615.9574468085107,5.200156547846337,1603,1624,47
control_wrtGauss_netcdf_parallel_intel,orion,intel,160.84782608695653,2.707745198125376,155,167,1592.0217391304348,4.7398505857125,1583,1602,46
control_wrtGauss_netcdf_parallel_intel,ursa,intel,172.0612244897959,169.0478739099353,96,803,2220.204081632653,7.604767122877325,2206,2238,49
control_wrtGauss_netcdf_parallel_intel,wcoss2,intel,167.7659574468085,17.621889507775176,156,270,1546.723404255319,49.96681600024737,1465,1591,47
