test_name,machine,compiler,core_mean,core_std,core_min,core_max,mem_mean,mem_std,mem_min,mem_max,n_hashes
control_flake_intel,acorn,intel,242.41666666666666,5.779027869855579,229,253,681.25,2.613386162441776,674,685,48
control_flake_intel,derecho,intel,207.7,2.213594362117865,206,213,329851.4,347004.32037470525,657,662104,10
control_flake_intel,gaeac6,intel,152.2391304347826,3.3940129156350554,145,162,150174.0652173913,936210.7652561145,513,6339432,46
control_flake_intel,hera,intel,200.0625,6.808649848975749,189,229,827.6041666666666,3.2729684836606285,821,834,48
control_flake_intel,hercules,intel,190.14893617021278,28.19418589725336,166,272,185779.3404255319,319462.25580777874,718,730132,47
control_flake_intel,orion,intel,233.48936170212767,44.97626056933935,215,446,30705.297872340427,143869.22455358016,692,705928,47
control_flake_intel,ursa,intel,198.14285714285714,232.74234681295107,144,1776,29093.0,194209.60426366664,1337,1360816,49
control_flake_intel,wcoss2,intel,272.2708333333333,64.3443990134119,233,568,686.625,3.0361299554503454,680,695,48
