test_name,machine,compiler,core_mean,core_std,core_min,core_max,mem_mean,mem_std,mem_min,mem_max,n_hashes
control_stochy_debug_intel,acorn,intel,213.25531914893617,5.828968456381867,196,222,822.936170212766,3.2397279496570905,817,829,47
control_stochy_debug_intel,derecho,intel,172.06896551724137,2.297996557295047,169,180,138475.62068965516,306967.06161776354,795,803812,29
control_stochy_debug_intel,gaeac6,intel,128.5,25.096923228865244,122,294,58119.15217391304,188245.07787987063,649,662500,46
control_stochy_debug_intel,hera,intel,194.8125,30.74580493785447,175,334,920.9583333333334,57.78756338754471,814,965,48
control_stochy_debug_intel,hercules,intel,181.6122448979592,128.93810148131328,147,1052,562110.4897959183,413333.2542390443,852,866908,49
control_stochy_debug_intel,orion,intel,187.91666666666666,15.332947882913507,173,243,52848.270833333336,203591.80164572102,820,839492,48
control_stochy_debug_intel,ursa,intel,184.52941176470588,99.5122149633713,129,493,45302.82352941176,255488.48937345797,1479,1491228,34
control_stochy_debug_intel,wcoss2,intel,219.14893617021278,10.623965368355229,205,260,824.5106382978723,4.020990254551362,811,834,47
