test_name,machine,compiler,core_mean,core_std,core_min,core_max,mem_mean,mem_std,mem_min,mem_max,n_hashes
control_debug_p8_intel,acorn,intel,186.6734693877551,5.336149341605634,178,200,1903.0204081632653,3.424725024961687,1894,1910,49
control_debug_p8_intel,derecho,intel,180.8,6.45306944509029,171,198,472720.8,836699.5404848997,1877,1892400,20
control_debug_p8_intel,gaeac6,intel,110.10416666666667,2.7923877019522654,106,118,147614.52083333334,488907.39830225566,1732,1757104,48
control_debug_p8_intel,hera,intel,176.0408163265306,45.73335725689067,155,322,2032.469387755102,29.273211616892127,1888,2052,49
control_debug_p8_intel,hercules,intel,195.89795918367346,47.775623534200285,129,391,792865.7142857143,962280.4187323292,1931,1949896,49
control_debug_p8_intel,orion,intel,205.24489795918367,28.678193379468727,159,266,80233.61224489796,383585.32482317503,1908,1927484,49
control_debug_p8_intel,ursa,intel,133.84782608695653,38.708579233552264,117,377,58179.97826086957,377300.71891715174,2533,2561528,46
control_debug_p8_intel,wcoss2,intel,222.0204081632653,29.30265189642851,189,295,1902.1020408163265,5.7599366965531065,1889,1910,49
