test_name,machine,compiler,core_mean,core_std,core_min,core_max,mem_mean,mem_std,mem_min,mem_max,n_hashes
control_p8_ugwpv1_tempo_intel,acorn,intel,180.72727272727272,3.834650630050339,172,187,1878.8484848484848,1.3019507508258075,1877,1882,33
control_p8_ugwpv1_tempo_intel,derecho,intel,186.85714285714286,6.286213766368717,177,199,668869.2142857143,928659.8672022934,1864,1873316,14
control_p8_ugwpv1_tempo_intel,gaeac6,intel,115.03125,2.533445632768448,111,124,165105.96875,516047.3490163528,1730,1747792,32
control_p8_ugwpv1_tempo_intel,hera,intel,176.87878787878788,4.364326807750367,171,197,2035.5151515151515,5.2685458864448815,2019,2046,33
control_p8_ugwpv1_tempo_intel,hercules,intel,186.78787878787878,35.37279814327456,148,280,937719.0,979551.0678553211,1923,1939528,33
control_p8_ugwpv1_tempo_intel,orion,intel,223.24242424242425,85.43236736705472,183,624,59845.51515151515,332822.4540889933,1901,1913828,33
control_p8_ugwpv1_tempo_intel,ursa,intel,145.8235294117647,83.4155245300317,125,616,76836.64705882352,433233.25051236316,2523,2528700,34
control_p8_ugwpv1_tempo_intel,wcoss2,intel,237.42424242424244,59.68669779724285,199,488,1878.939393939394,4.62290083402306,1868,1884,33
