test_name,machine,compiler,core_mean,core_std,core_min,core_max,mem_mean,mem_std,mem_min,mem_max,n_hashes
control_csawmg_intel,acorn,intel,397.6041666666667,8.636241261137139,378,421,961.4375,2.3238472319511314,957,968,48
control_csawmg_intel,derecho,intel,374.0,11.77163661397295,341,394,318329.06666666665,464594.8582598555,945,954660,15
control_csawmg_intel,gaeac6,intel,247.74468085106383,4.905489760180325,237,267,70720.27659574468,231658.09046774294,814,823776,47
control_csawmg_intel,hera,intel,367.8958333333333,19.139176246011353,337,463,1159.6458333333333,3.3101364845123005,1153,1165,48
control_csawmg_intel,hercules,intel,354.8333333333333,34.66271117641103,308,420,381636.75,519346.16244616,1066,1081724,48
control_csawmg_intel,orion,intel,417.2708333333333,84.81964334494177,366,847,44572.229166666664,210965.17104965498,1037,1048264,48
control_csawmg_intel,ursa,intel,303.9387755102041,135.4874545488845,252,958,37773.0,252043.60626850536,1735,1766072,49
control_csawmg_intel,wcoss2,intel,443.8958333333333,54.31007883552156,395,753,958.125,2.6707636966613464,950,961,48
