test_name,machine,compiler,core_mean,core_std,core_min,core_max,mem_mean,mem_std,mem_min,mem_max,n_hashes
control_csawmg_intel,acorn,intel,393.54347826086956,6.904769757973695,382,413,959.7173913043479,1.7341413946998285,957,968,46
control_csawmg_intel,derecho,intel,402.45454545454544,10.868793944968393,387,432,917.4242424242424,1.3235913037617948,915,920,33
control_csawmg_intel,gaeac6,intel,250.63829787234042,5.176978856751906,242,268,139796.2340425532,923991.4003496912,815,6339564,47
control_csawmg_intel,hera,intel,348.3076923076923,2.753459362608869,345,357,1159.3461538461538,3.0058916506395663,1153,1166,26
control_csawmg_intel,hercules,intel,329.7659574468085,20.913083865866323,315,393,1074.4468085106382,3.7752541557881267,1066,1083,47
control_csawmg_intel,orion,intel,382.60869565217394,22.88956895945746,369,452,1042.0869565217392,3.3851051974891146,1037,1049,46
control_csawmg_intel,ursa,intel,320.83673469387753,197.82297925784295,258,1102,1761.204081632653,36.53136756715427,1718,1909,49
control_csawmg_intel,wcoss2,intel,409.63829787234044,27.991012169215477,390,579,922.0212765957447,44.286365239890216,868,961,47
