test_name,machine,compiler,core_mean,core_std,core_min,core_max,mem_mean,mem_std,mem_min,mem_max,n_hashes
control_restart_p8_intel,acorn,intel,110.84782608695652,5.210960207120493,99,121,1011.9347826086956,1.9596164467459944,1006,1015,46
control_restart_p8_intel,derecho,intel,143.58823529411765,6.928733862775832,134,165,969.9411764705883,1.0289915108550511,968,972,17
control_restart_p8_intel,gaeac6,intel,70.13333333333334,2.2319986966434846,65,75,144033.6888888889,944552.2886983601,846,6339452,45
control_restart_p8_intel,hera,intel,101.0,3.3090784215548563,96,109,1275.341463414634,9.068102767661944,1256,1290,41
control_restart_p8_intel,hercules,intel,100.32608695652173,19.160206850920176,84,164,1211.3695652173913,13.596337244766664,1168,1228,46
control_restart_p8_intel,orion,intel,124.33333333333333,29.38691731180576,105,252,1126.6666666666667,9.5750623069418,1101,1137,45
control_restart_p8_intel,ursa,intel,87.36734693877551,69.02254881484716,72,560,1846.6530612244899,17.170166739153668,1782,1901,49
control_restart_p8_intel,wcoss2,intel,146.19565217391303,40.482434909870285,116,308,1007.2826086956521,27.536370327645873,919,1019,46
