test_name,machine,compiler,core_mean,core_std,core_min,core_max,mem_mean,mem_std,mem_min,mem_max,n_hashes
control_ras_debug_intel,acorn,intel,195.7391304347826,4.5089283408154275,187,206,827.0434782608696,3.9041659899772387,819,838,46
control_ras_debug_intel,derecho,intel,176.2,4.124381931367348,170,184,755.3,1.2607433062326614,753,758,20
control_ras_debug_intel,gaeac6,intel,117.8913043478261,2.3591736865037607,113,123,141152.95652173914,934064.8540876938,648,6338540,46
control_ras_debug_intel,hera,intel,164.42105263157896,2.532294963257406,160,171,960.4736842105264,6.587198240097043,937,978,38
control_ras_debug_intel,hercules,intel,149.56521739130434,11.684086374044618,135,189,857.6304347826087,4.9993719412306,849,874,46
control_ras_debug_intel,orion,intel,167.86666666666667,6.837729554065843,162,208,832.8444444444444,5.098821412638387,823,844,45
control_ras_debug_intel,ursa,intel,147.85714285714286,78.49230323201546,117,409,1486.0408163265306,7.345517861462282,1473,1503,49
control_ras_debug_intel,wcoss2,intel,205.8913043478261,21.210299658284015,192,319,816.0434782608696,36.17608572999519,728,838,46
