test_name,machine,compiler,core_mean,core_std,core_min,core_max,mem_mean,mem_std,mem_min,mem_max,n_hashes
control_gfs_mpas_gnu,hera,gnu,45.38461538461539,5.315675898360459,39,54,6352.461538461538,12.142318453899003,6336,6368,13
control_gfs_mpas_gnu,hercules,gnu,41.0,9.10128196098403,35,59,1975119.0,3073652.2301225243,6401,6409672,13
