test_name,machine,compiler,core_mean,core_std,core_min,core_max,mem_mean,mem_std,mem_min,mem_max,n_hashes
control_restart_p8_intel,acorn,intel,109.86363636363636,5.333487488963113,99,125,1013.0,2.230861758613995,1010,1018,44
control_restart_p8_intel,derecho,intel,148.0909090909091,9.89436809930612,134,176,970.4090909090909,0.9479029932259017,968,972,44
control_restart_p8_intel,gaeac6,intel,74.14893617021276,7.768326783650154,70,123,6338.808510638298,0.6473456798590282,6338,6342,47
control_restart_p8_intel,hera,intel,100.07692307692308,1.9348358440936901,98,105,1275.5384615384614,8.4124449935338,1261,1283,13
control_restart_p8_intel,hercules,intel,106.1304347826087,25.963742835519415,86,180,27682.891304347828,179525.1261970162,1188,1218812,46
control_restart_p8_intel,orion,intel,133.17777777777778,34.46426930294415,107,252,25889.533333333333,166097.3350854306,1108,1115344,45
control_restart_p8_intel,ursa,intel,157.92,154.8821592866852,73,560,1869.76,35.72260474539781,1834,1966,50
control_restart_p8_intel,wcoss2,intel,124.75,6.821430560638803,115,146,947.3333333333334,45.0405648529135,914,1019,48
