test_name,machine,compiler,core_mean,core_std,core_min,core_max,mem_mean,mem_std,mem_min,mem_max,n_hashes
control_restart_noqr_p8_intel,acorn,intel,108.32608695652173,5.354351699842272,95,122,1012.4782608695652,1.4868180854844644,1009,1015,46
control_restart_noqr_p8_intel,derecho,intel,142.80645161290323,8.61943290802324,126,161,970.4516129032259,1.0595190631420646,968,973,31
control_restart_noqr_p8_intel,gaeac6,intel,70.80851063829788,8.967667279132975,63,128,139573.8510638298,924027.8140777491,847,6339584,47
control_restart_noqr_p8_intel,hera,intel,97.03571428571429,2.486737306967191,94,105,1278.4285714285713,3.1438189966341525,1272,1283,28
control_restart_noqr_p8_intel,hercules,intel,97.25531914893617,21.71702206055283,81,169,1215.787234042553,7.581258844111882,1196,1230,47
control_restart_noqr_p8_intel,orion,intel,120.23913043478261,27.8577216764909,102,185,1127.6304347826087,7.159635917658803,1111,1140,46
control_restart_noqr_p8_intel,ursa,intel,113.46938775510205,112.99946571422663,72,629,1857.061224489796,20.01812529024766,1835,1945,49
control_restart_noqr_p8_intel,wcoss2,intel,130.63829787234042,34.68518386355295,112,340,979.0851063829788,48.619565656866506,916,1019,47
