test_name,machine,compiler,core_mean,core_std,core_min,core_max,mem_mean,mem_std,mem_min,mem_max,n_hashes
control_lndp_intel,acorn,intel,107.64583333333333,7.262522811575357,90,121,636.5,3.0804807582790437,629,642,48
control_lndp_intel,derecho,intel,82.03125,2.039676998464344,79,87,96965.8125,227474.57328797074,611,619408,32
control_lndp_intel,gaeac6,intel,70.53191489361703,5.886059669030044,65,90,42281.425531914894,138507.96760314592,478,494268,47
control_lndp_intel,hera,intel,101.87755102040816,29.106580479521885,91,265,742.7755102040817,58.3788864895102,650,790,49
control_lndp_intel,hercules,intel,94.04,47.75616639316255,76,400,476204.94,314486.6849111818,677,690088,50
control_lndp_intel,orion,intel,126.06122448979592,71.47418186638717,100,480,40685.510204081635,158382.51821435904,645,657872,49
control_lndp_intel,ursa,intel,159.41935483870967,264.92109192406065,66,1319,43417.67741935484,234458.24608209557,1299,1306716,31
control_lndp_intel,wcoss2,intel,128.72916666666666,53.16003121180156,103,408,641.7083333333334,5.303384440602373,630,648,48
