test_name,machine,compiler,core_mean,core_std,core_min,core_max,mem_mean,mem_std,mem_min,mem_max,n_hashes
control_csawmg_gnu,derecho,gnu,498.0952380952381,80.48505679326502,470,1003,853.2857142857143,4.340876129874346,849,878,42
control_csawmg_gnu,hera,gnu,510.8333333333333,5.813270821754194,502,525,849.0,5.412404054305148,843,860,18
control_csawmg_gnu,hercules,gnu,428.7708333333333,36.86388971945617,398,564,18149.395833333332,119962.66521408033,827,831960,48
control_csawmg_gnu,ursa,gnu,433.04,218.21670188047437,337,1206,754.86,7.899909583569404,749,795,50
