test_name,machine,compiler,core_mean,core_std,core_min,core_max,mem_mean,mem_std,mem_min,mem_max,n_hashes
control_decomp_p8_intel,acorn,intel,184.625,4.992014900414198,175,194,1860.25,4.464993864807191,1846,1864,48
control_decomp_p8_intel,derecho,intel,186.5,8.535393440051283,167,202,514542.1111111111,850667.0828447718,1837,1848960,18
control_decomp_p8_intel,gaeac6,intel,117.46808510638297,3.354756933006616,113,128,147821.95744680852,484214.5351054076,1705,1719580,47
control_decomp_p8_intel,hera,intel,188.77083333333334,35.69149107926136,163,359,1997.9375,20.58961342160323,1871,2017,48
control_decomp_p8_intel,hercules,intel,189.125,44.06311961990773,139,308,754702.1875,939893.6997322453,1890,1913652,48
control_decomp_p8_intel,orion,intel,204.89583333333334,42.72636317227432,179,438,80059.14583333333,378911.74250886706,1868,1883440,48
control_decomp_p8_intel,ursa,intel,169.59574468085106,135.0562941524543,123,762,56006.914893617024,366749.0680369789,2495,2516816,47
control_decomp_p8_intel,wcoss2,intel,245.125,129.8391189453727,182,1073,1853.0416666666667,4.476692991689802,1839,1862,48
