test_name,machine,compiler,core_mean,core_std,core_min,core_max,mem_mean,mem_std,mem_min,mem_max,n_hashes
control_flake_gnu,derecho,gnu,305.77777777777777,2.279132388529559,302,310,652.4444444444445,1.7400510848184347,651,656,9
control_flake_gnu,hera,gnu,349.3333333333333,33.70459909270542,329,438,646.7777777777778,2.990726407487739,640,650,9
control_flake_gnu,hercules,gnu,285.22222222222223,16.429986136465374,271,312,631.0,2.061552812808825,627,634,9
control_flake_gnu,ursa,gnu,245.44444444444446,2.5055493963954856,242,251,553.4444444444445,1.3333333333333417,551,556,9
