test_name,machine,compiler,core_mean,core_std,core_min,core_max,mem_mean,mem_std,mem_min,mem_max,n_hashes
control_p8_ugwpv1_intel,acorn,intel,176.51063829787233,4.876172503036678,169,192,1857.659574468085,2.8988498149731305,1853,1866,47
control_p8_ugwpv1_intel,derecho,intel,205.48275862068965,13.770103977341568,193,247,1816.3103448275863,1.1983157309878671,1814,1818,29
control_p8_ugwpv1_intel,gaeac6,intel,113.93617021276596,3.325816377837695,107,123,139593.74468085106,923891.162974497,1706,6338692,47
control_p8_ugwpv1_intel,hera,intel,163.4,3.222763859880481,157,175,2011.0,6.057198624150692,1990,2023,30
control_p8_ugwpv1_intel,hercules,intel,173.29787234042553,48.97022826416289,135,404,1908.0851063829787,3.7926117376795725,1899,1918,47
control_p8_ugwpv1_intel,orion,intel,216.7826086956522,51.007586818467296,174,471,1887.695652173913,5.620872076337407,1879,1901,46
control_p8_ugwpv1_intel,ursa,intel,189.12244897959184,155.82209843454234,120,679,2512.3061224489797,8.271950801837994,2499,2529,49
control_p8_ugwpv1_intel,wcoss2,intel,204.17021276595744,38.78554142804751,182,449,1832.2553191489362,47.01593998205225,1759,1871,47
