test_name,machine,compiler,core_mean,core_std,core_min,core_max,mem_mean,mem_std,mem_min,mem_max,n_hashes
control_c48_lnd_iau_intel,acorn,intel,400.6666666666667,10.839905262468433,379,420,1598.2291666666667,3.1436500220274652,1589,1606,48
control_c48_lnd_iau_intel,derecho,intel,350.25,2.2949219304077983,347,356,496095.4375,757535.506713973,1578,1585828,16
control_c48_lnd_iau_intel,gaeac6,intel,279.17021276595744,9.675875758445684,258,293,135749.4255319149,444682.89544767526,1556,1580820,47
control_c48_lnd_iau_intel,hera,intel,437.1041666666667,35.76533421073644,381,589,1724.9375,5.248733383175345,1701,1735,48
control_c48_lnd_iau_intel,hercules,intel,393.9791666666667,38.64485850216663,333,529,645335.2083333334,839717.0876123002,1703,1731112,48
control_c48_lnd_iau_intel,orion,intel,559.2708333333334,62.764585346824965,507,918,72951.16666666667,345266.4171392642,1703,1717744,48
control_c48_lnd_iau_intel,ursa,intel,295.1224489795918,74.6178130690714,256,800,35745.71428571428,238523.00001039382,1665,1671332,49
control_c48_lnd_iau_intel,wcoss2,intel,411.2708333333333,13.894342309981814,386,455,1599.6041666666667,3.700141362068561,1585,1605,48
