test_name,machine,compiler,core_mean,core_std,core_min,core_max,mem_mean,mem_std,mem_min,mem_max,n_hashes
control_iovr5_intel,acorn,intel,161.14285714285714,5.884301147969922,149,173,631.5510204081633,2.0822786445962396,626,637,49
control_iovr5_intel,derecho,intel,129.1578947368421,1.641921567173204,126,133,161346.52631578947,276331.0451150472,609,613432,19
control_iovr5_intel,gaeac6,intel,103.4375,3.962087618651603,96,115,41284.604166666664,136751.77687526445,468,492316,48
control_iovr5_intel,hera,intel,153.79591836734693,22.575779417918895,140,263,779.4489795918367,23.589423145845302,667,793,49
control_iovr5_intel,hercules,intel,139.30612244897958,36.14565677092284,120,319,263640.7551020408,333859.2655962695,669,687220,49
control_iovr5_intel,orion,intel,186.89795918367346,108.76201943117965,155,856,27442.918367346938,131203.23804023743,647,657868,49
control_iovr5_intel,ursa,intel,139.7659574468085,114.79929797656078,99,661,28839.957446808512,188782.08067803626,1294,1295528,47
control_iovr5_intel,wcoss2,intel,180.73469387755102,37.77387518190982,157,371,635.6530612244898,5.214367253113252,613,642,49
