test_name,machine,compiler,core_mean,core_std,core_min,core_max,mem_mean,mem_std,mem_min,mem_max,n_hashes
control_iovr4_gfdlmpv3_intel,acorn,intel,183.68085106382978,6.118775037178331,172,195,916.5106382978723,2.70162865875497,911,922,47
control_iovr4_gfdlmpv3_intel,derecho,intel,207.8181818181818,6.896639497874045,196,220,872.0909090909091,1.044465935734191,871,874,11
control_iovr4_gfdlmpv3_intel,gaeac6,intel,119.54347826086956,2.964280101768241,112,127,140148.28260869565,934372.7071487209,762,6339584,46
control_iovr4_gfdlmpv3_intel,hera,intel,177.875,15.951555650141906,167,277,1076.3541666666667,5.126026968546836,1058,1084,48
control_iovr4_gfdlmpv3_intel,hercules,intel,169.8695652173913,28.581741410015336,140,245,22008.630434782608,142669.38130226647,967,968604,46
control_iovr4_gfdlmpv3_intel,orion,intel,209.69565217391303,25.799112444007655,185,283,949.304347826087,3.224004171608766,942,958,46
control_iovr4_gfdlmpv3_intel,ursa,intel,186.51020408163265,141.680997674497,122,615,1598.1632653061224,7.719960434849823,1581,1611,49
control_iovr4_gfdlmpv3_intel,wcoss2,intel,227.95744680851064,50.45357635740549,185,426,917.6170212765958,2.4632356900538115,905,923,47
