test_name,machine,compiler,core_mean,core_std,core_min,core_max,mem_mean,mem_std,mem_min,mem_max,n_hashes
control_2threads_p8_intel,acorn,intel,271.2340425531915,92.56119309994394,160,363,1938.9148936170213,6.013860032328378,1930,1953,47
control_2threads_p8_intel,derecho,intel,282.4,7.308945864840738,272,301,323610.6,731589.9828573944,1927,1933752,30
control_2threads_p8_intel,gaeac6,intel,128.95652173913044,2.674625803436025,125,136,158391.0,513015.92004190705,1790,1808156,46
control_2threads_p8_intel,hera,intel,206.125,29.61499404592926,194,368,2012.8541666666667,25.413172646712937,1966,2041,48
control_2threads_p8_intel,hercules,intel,215.57142857142858,54.54012284547955,175,497,1341423.2857142857,942338.2322281945,1981,1999464,49
control_2threads_p8_intel,orion,intel,268.2291666666667,92.96035292699815,219,792,125021.47916666667,481613.4069325194,1961,1976384,48
control_2threads_p8_intel,ursa,intel,173.78787878787878,111.1574776993651,104,383,63288.48484848485,351526.95482797985,2018,2021464,33
control_2threads_p8_intel,wcoss2,intel,306.531914893617,86.93922191464009,187,415,1932.9148936170213,7.027368198179506,1914,1949,47
