test_name,machine,compiler,core_mean,core_std,core_min,core_max,mem_mean,mem_std,mem_min,mem_max,n_hashes
control_wrtGauss_netcdf_parallel_debug_intel,acorn,intel,167.79166666666666,4.361135579880458,160,177,1618.1666666666667,4.328693642715071,1610,1628,48
control_wrtGauss_netcdf_parallel_debug_intel,derecho,intel,132.5,1.9578900207451246,130,136,796864.8,838296.2147562293,1588,1599724,10
control_wrtGauss_netcdf_parallel_debug_intel,gaeac6,intel,97.41304347826087,3.685262462876948,92,114,139450.0652173913,934474.4794901903,1437,6339580,46
control_wrtGauss_netcdf_parallel_debug_intel,hera,intel,144.97916666666666,30.265836075240564,132,260,1751.2291666666667,5.380182640787197,1740,1762,48
control_wrtGauss_netcdf_parallel_debug_intel,hercules,intel,127.21739130434783,22.852097441765014,110,257,395178.32608695654,709731.209062074,1638,1653776,46
control_wrtGauss_netcdf_parallel_debug_intel,orion,intel,143.04347826086956,13.623438172240155,133,224,72154.13043478261,334475.1965952771,1615,1626176,46
control_wrtGauss_netcdf_parallel_debug_intel,ursa,intel,118.04081632653062,49.06456595806246,98,360,48037.69387755102,320463.2531059661,2239,2245500,49
control_wrtGauss_netcdf_parallel_debug_intel,wcoss2,intel,180.25,22.319250349646886,163,277,1619.5416666666667,2.91699592872991,1609,1624,48
