test_name,machine,compiler,core_mean,core_std,core_min,core_max,mem_mean,mem_std,mem_min,mem_max,n_hashes
control_debug_p8_gnu,derecho,gnu,147.84615384615384,5.429029284721067,139,158,1551.2307692307693,10.925153287664855,1525,1570,13
control_debug_p8_gnu,hera,gnu,98.37777777777778,2.348005816247335,95,105,1542.5777777777778,9.8592109422631,1514,1563,45
control_debug_p8_gnu,hercules,gnu,95.67391304347827,31.32840695160869,75,187,1534.8695652173913,10.845600635285138,1505,1560,46
control_debug_p8_gnu,ursa,gnu,84.24489795918367,14.740152945052413,77,176,1449.1224489795918,10.254333744530589,1422,1474,49
