test_name,machine,compiler,core_mean,core_std,core_min,core_max,mem_mean,mem_std,mem_min,mem_max,n_hashes
control_CubedSphereGrid_parallel_intel,acorn,intel,157.2391304347826,4.747793792249171,147,167,1575.804347826087,3.3705889048083892,1571,1586,46
control_CubedSphereGrid_parallel_intel,derecho,intel,147.5,3.0028721883074434,143,155,1520.8666666666666,1.0742546199601264,1519,1522,30
control_CubedSphereGrid_parallel_intel,gaeac6,intel,103.7872340425532,12.605961616240164,95,182,139625.82978723405,924022.5226009354,1421,6339604,47
control_CubedSphereGrid_parallel_intel,hera,intel,143.3793103448276,4.100642746687471,137,157,1726.9310344827586,5.181912460546658,1718,1738,29
control_CubedSphereGrid_parallel_intel,hercules,intel,134.4255319148936,16.072856785724003,118,172,1620.6808510638298,3.9733152458058396,1613,1632,47
control_CubedSphereGrid_parallel_intel,orion,intel,163.2173913043478,3.418336460120531,157,180,1597.9130434782608,4.059699424869965,1587,1608,46
control_CubedSphereGrid_parallel_intel,ursa,intel,190.14285714285714,169.28304699526174,96,612,2226.061224489796,10.554241176073305,2207,2246,49
control_CubedSphereGrid_parallel_intel,wcoss2,intel,172.9787234042553,25.542368350322782,155,305,1547.8085106382978,49.06368456797521,1478,1593,47
