test_name,machine,compiler,core_mean,core_std,core_min,core_max,mem_mean,mem_std,mem_min,mem_max,n_hashes
control_restart_p8_intel,acorn,intel,109.89583333333333,5.728761268700143,96,119,1007.75,2.522241488767375,1003,1012,48
control_restart_p8_intel,derecho,intel,120.36363636363636,9.49282025341449,100,138,151726.0909090909,362216.164155153,986,997384,33
control_restart_p8_intel,gaeac6,intel,68.34042553191489,3.3380324570847635,64,83,75040.9574468085,245818.04423729828,850,873784,47
control_restart_p8_intel,hera,intel,109.75510204081633,24.95623720656229,100,239,1212.0,62.21066360895606,1121,1280,49
control_restart_p8_intel,hercules,intel,120.4,49.594272217008026,83,398,840100.68,528511.0044079919,1157,1178668,50
control_restart_p8_intel,orion,intel,143.0,62.953355748522256,105,509,68012.0,264733.96581954055,1081,1101292,49
control_restart_p8_intel,ursa,intel,94.26666666666667,74.29342261383682,75,487,60987.2,324192.2228277964,1770,1777472,30
control_restart_p8_intel,wcoss2,intel,143.08333333333334,35.68290211776642,115,308,1006.1875,5.393677346592868,992,1014,48
