test_name,machine,compiler,core_mean,core_std,core_min,core_max,mem_mean,mem_std,mem_min,mem_max,n_hashes
control_csawmg_intel,acorn,intel,395.0888888888889,8.056116316253771,382,413,959.2666666666667,1.095445115010346,957,962,45
control_csawmg_intel,derecho,intel,405.5,12.142318453899055,387,432,916.95,1.6322078801741586,914,920,40
control_csawmg_intel,gaeac6,intel,253.0625,6.234448737765821,244,273,137705.77083333334,914208.696144847,815,6339564,48
control_csawmg_intel,hera,intel,348.65,2.9068883707497286,345,357,1159.3,2.6773907172154763,1154,1166,20
control_csawmg_intel,hercules,intel,333.6041666666667,22.38800931286452,316,393,23427.708333333332,154869.26542965727,1067,1074040,48
control_csawmg_intel,orion,intel,389.02127659574467,28.335328510767898,371,474,23172.744680851065,151725.0636670141,1034,1041216,47
control_csawmg_intel,ursa,intel,334.5,213.32482179023782,258,1102,1763.02,41.01741292750318,1718,1909,50
control_csawmg_intel,wcoss2,intel,408.4166666666667,27.203592795675124,390,579,909.5208333333334,44.9888825904533,866,961,48
