test_name,machine,compiler,core_mean,core_std,core_min,core_max,mem_mean,mem_std,mem_min,mem_max,n_hashes
control_latlon_intel,acorn,intel,154.06521739130434,4.286423911804665,144,163,1577.8695652173913,4.612103379646146,1573,1586,46
control_latlon_intel,derecho,intel,143.8,4.443801123031117,139,159,1515.75,1.292692009559485,1514,1518,20
control_latlon_intel,gaeac6,intel,100.19565217391305,12.904124345370086,92,183,141554.63043478262,934120.181760412,1415,6339316,46
control_latlon_intel,hera,intel,141.44736842105263,5.740785182293981,133,152,1721.8947368421052,7.900699502675843,1697,1736,38
control_latlon_intel,hercules,intel,132.8913043478261,17.61719899652303,114,177,1616.1304347826087,6.198955810464845,1605,1629,46
control_latlon_intel,orion,intel,166.66666666666666,34.69935812872415,154,386,1592.2222222222222,6.119599247458583,1582,1607,45
control_latlon_intel,ursa,intel,167.57142857142858,180.16323616838886,95,813,2224.1632653061224,8.837295350708125,2209,2244,49
control_latlon_intel,wcoss2,intel,176.8913043478261,52.442234150590046,153,421,1570.3695652173913,36.615939877874176,1482,1593,46
