test_name,machine,compiler,core_mean,core_std,core_min,core_max,mem_mean,mem_std,mem_min,mem_max,n_hashes
control_stochy_gnu,derecho,gnu,158.21428571428572,2.259290951691615,154,163,605.7857142857143,1.251372872462109,604,609,14
control_stochy_gnu,hera,gnu,174.20454545454547,5.967273326350518,168,192,601.6136363636364,2.95088405429679,593,606,44
control_stochy_gnu,hercules,gnu,142.06521739130434,10.414524417398031,133,174,587.6739130434783,3.3136374630782264,583,594,46
control_stochy_gnu,ursa,gnu,199.6326530612245,274.42733509054443,116,1497,511.0816326530612,3.340638254223039,507,517,49
