test_name,machine,compiler,core_mean,core_std,core_min,core_max,mem_mean,mem_std,mem_min,mem_max,n_hashes
control_diag_debug_intel,acorn,intel,194.9787234042553,4.493905833372902,186,205,1676.212765957447,4.491228989412367,1669,1686,47
control_diag_debug_intel,derecho,intel,157.5,5.967504596656057,153,174,661494.4,851861.5565128461,1608,1652072,10
control_diag_debug_intel,gaeac6,intel,113.0,2.882899774725276,108,121,139603.97826086957,934412.9316153653,1494,6339324,46
control_diag_debug_intel,hera,intel,164.4375,4.078517930650583,156,182,1810.0833333333333,6.297021698350955,1787,1821,48
control_diag_debug_intel,hercules,intel,151.30434782608697,16.936311503482543,128,196,372660.02173913043,711613.0909941469,1696,1716340,46
control_diag_debug_intel,orion,intel,169.2173913043478,8.998550607930051,157,201,75282.91304347826,349010.5595516067,1676,1695304,46
control_diag_debug_intel,ursa,intel,143.18367346938774,69.09042187277353,117,492,49609.38775510204,331017.5477198311,2296,2319444,49
control_diag_debug_intel,wcoss2,intel,212.4255319148936,44.395331071032324,190,467,1674.0212765957447,4.622672677434678,1661,1682,47
