test_name,machine,compiler,core_mean,core_std,core_min,core_max,mem_mean,mem_std,mem_min,mem_max,n_hashes
control_latlon_intel,acorn,intel,157.02272727272728,7.884304798550597,144,176,1575.1818181818182,1.4828120248557919,1573,1578,44
control_latlon_intel,derecho,intel,144.5909090909091,3.7745671664270235,139,159,1515.840909090909,1.274858529646763,1513,1519,44
control_latlon_intel,gaeac6,intel,103.31914893617021,12.44484594377497,98,183,6338.787234042553,0.413688089431991,6338,6339,47
control_latlon_intel,hera,intel,140.92307692307693,3.2522181779399513,137,147,1717.2307692307693,8.889636720678746,1697,1727,13
control_latlon_intel,hercules,intel,135.84782608695653,16.899661260647733,118,177,36782.52173913043,238519.39507402177,1605,1619332,46
control_latlon_intel,orion,intel,167.0888888888889,33.719310775754586,157,386,36890.28888888889,236790.71218613954,1582,1590032,45
control_latlon_intel,ursa,intel,180.36,180.0257079147422,96,813,2223.0,9.766665505792698,2205,2247,50
control_latlon_intel,wcoss2,intel,163.3125,13.937789210814838,153,224,1512.0416666666667,45.943516817812856,1477,1587,48
