test_name,machine,compiler,core_mean,core_std,core_min,core_max,mem_mean,mem_std,mem_min,mem_max,n_hashes
control_ras_intel,acorn,intel,210.10416666666666,4.492260878602044,202,219,667.2708333333334,2.018421368965102,662,671,48
control_ras_intel,derecho,intel,173.96153846153845,1.7545545128212818,171,177,125746.65384615384,261441.29311858024,648,652496,26
control_ras_intel,gaeac6,intel,133.74468085106383,3.975293727766125,129,149,45306.65957446808,148421.30443983007,512,528032,47
control_ras_intel,hera,intel,204.77083333333334,19.983226565588225,196,315,844.2916666666666,45.438271587096004,741,876,48
control_ras_intel,hercules,intel,201.42857142857142,81.14056733019969,167,623,489339.10204081633,427488.23536542326,828,873032,49
control_ras_intel,orion,intel,239.24489795918367,81.35865314873932,207,671,46202.08163265306,179852.62695338888,737,744900,49
control_ras_intel,ursa,intel,163.1578947368421,88.09133046762426,136,609,43333.13157894737,257261.1364923987,1572,1587464,38
control_ras_intel,wcoss2,intel,227.33333333333334,36.521828700534776,204,387,670.1041666666666,4.08025647573796,661,675,48
