test_name,machine,compiler,core_mean,core_std,core_min,core_max,mem_mean,mem_std,mem_min,mem_max,n_hashes
control_ras_intel,acorn,intel,204.28571428571428,2.8526419574783834,199,210,664.3214285714286,2.0914919613373093,659,667,28
control_ras_intel,derecho,intel,188.58620689655172,3.1681139204277162,183,197,621.1034482758621,1.291312388513689,618,624,29
control_ras_intel,gaeac6,intel,135.9655172413793,7.088636573623052,133,171,6338.724137931034,0.4548588261474248,6338,6339,29
control_ras_intel,hera,intel,189.5,2.592724864350673,187,196,868.1,2.9981475762358185,860,870,10
control_ras_intel,hercules,intel,168.4,2.4719111690322157,166,179,851.4333333333333,11.288331886581359,832,873,30
control_ras_intel,orion,intel,203.41379310344828,1.3500592944467935,202,208,742.551724137931,2.2612608192357744,739,748,29
control_ras_intel,ursa,intel,233.63333333333333,192.26750103442595,133,693,1619.0,70.02659593276715,1567,1801,30
control_ras_intel,wcoss2,intel,209.72413793103448,5.567100756896577,203,226,614.7586206896551,47.253612992941584,573,673,29
