test_name,machine,compiler,core_mean,core_std,core_min,core_max,mem_mean,mem_std,mem_min,mem_max,n_hashes
control_c48_gnu,derecho,gnu,433.875,1.1259916264596013,433,436,1512.125,0.3535533905932738,1512,1513,8
control_c48_gnu,hera,gnu,574.6875,7.509302741238609,563,588,1536.4791666666667,2.0832624101401693,1533,1541,48
control_c48_gnu,hercules,gnu,467.7391304347826,7.841300296389895,455,484,139330.5,451289.5966876726,1577,1587916,46
control_c48_gnu,ursa,gnu,374.9591836734694,86.35343053976717,339,731,1510.2448979591836,3.625894212954516,1496,1514,49
