test_name,machine,compiler,core_mean,core_std,core_min,core_max,mem_mean,mem_std,mem_min,mem_max,n_hashes
control_restart_p8_atmlnd_intel,acorn,intel,130.375,8.454194477022579,118,150,1028.7083333333333,3.864504775921563,1022,1043,48
control_restart_p8_atmlnd_intel,derecho,intel,140.5625,5.309380013620438,131,153,161026.1875,377747.2940517021,1021,1026292,32
control_restart_p8_atmlnd_intel,gaeac6,intel,98.46808510638297,40.92987165970052,82,353,88499.93617021276,289887.7198551944,1015,1031828,47
control_restart_p8_atmlnd_intel,hera,intel,118.28571428571429,23.0416289933387,107,248,1099.2857142857142,9.34745954791997,1079,1126,49
control_restart_p8_atmlnd_intel,hercules,intel,126.86,68.99837620094655,92,502,809009.68,534265.3510134531,1140,1166084,50
control_restart_p8_atmlnd_intel,orion,intel,205.81632653061226,177.81552630340755,122,1194,66930.20408163265,260533.9122422437,1062,1081252,49
control_restart_p8_atmlnd_intel,ursa,intel,92.7741935483871,18.080762663522346,86,189,42050.51612903226,227139.82245845412,1200,1265916,31
