test_name,machine,compiler,core_mean,core_std,core_min,core_max,mem_mean,mem_std,mem_min,mem_max,n_hashes
control_wrtGauss_netcdf_parallel_intel,acorn,intel,159.6875,5.066184304213116,149,169,1583.3541666666667,3.2713429042465303,1573,1587,48
control_wrtGauss_netcdf_parallel_intel,derecho,intel,132.0,2.207940216581962,128,136,459650.4705882353,731515.1551692315,1555,1560900,17
control_wrtGauss_netcdf_parallel_intel,gaeac6,intel,100.7872340425532,3.850105420424365,94,111,123362.91489361702,404108.2132214539,1415,1437184,47
control_wrtGauss_netcdf_parallel_intel,hera,intel,156.77083333333334,25.031248201494513,136,288,1725.1666666666667,7.346538722805005,1706,1739,48
control_wrtGauss_netcdf_parallel_intel,hercules,intel,138.27083333333334,13.81140383474919,118,179,610177.6875,793962.8438206627,1606,1629856,48
control_wrtGauss_netcdf_parallel_intel,orion,intel,181.79166666666666,73.63855325047264,155,602,68369.875,323617.7189271991,1583,1604292,48
control_wrtGauss_netcdf_parallel_intel,ursa,intel,154.35416666666666,133.34988206256236,96,600,48368.625,319686.6630013211,2211,2217080,48
control_wrtGauss_netcdf_parallel_intel,wcoss2,intel,189.58333333333334,56.01855062552401,158,420,1584.4583333333333,7.718334991140292,1566,1591,48
