test_name,machine,compiler,core_mean,core_std,core_min,core_max,mem_mean,mem_std,mem_min,mem_max,n_hashes
control_lndp_intel,acorn,intel,108.70833333333333,5.11134879702243,99,121,637.375,2.1598364792319593,633,642,48
control_lndp_intel,derecho,intel,82.875,2.0936411663256256,79,87,193311.4375,295188.7287312912,613,619408,16
control_lndp_intel,gaeac6,intel,75.02127659574468,44.113238356924946,64,370,42277.48936170213,138509.181166083,475,494268,47
control_lndp_intel,hera,intel,99.77083333333333,29.87152603024971,87,265,784.5625,4.237152044334555,768,792,48
control_lndp_intel,hercules,intel,84.9375,17.072319577160005,75,195,256070.02083333334,333202.79604357295,675,690088,48
control_lndp_intel,orion,intel,115.83333333333333,62.53180750909579,97,480,28026.791666666668,132651.65616323566,649,657872,48
control_lndp_intel,ursa,intel,147.87755102040816,233.00828245767906,65,1319,27948.0,186487.00014589934,1288,1306716,49
control_lndp_intel,wcoss2,intel,132.72916666666666,53.80767151795734,103,408,644.5,4.676787404354822,635,653,48
