test_name,machine,compiler,core_mean,core_std,core_min,core_max,mem_mean,mem_std,mem_min,mem_max,n_hashes
control_c48.v2.sfc_intel,acorn,intel,362.0851063829787,6.4228863457308565,343,376,716.5957446808511,6.572867729862279,703,724,47
control_c48.v2.sfc_intel,derecho,intel,319.7586206896552,3.192123928110198,315,328,122034.10344827586,270530.6031294723,696,705920,29
control_c48.v2.sfc_intel,gaeac6,intel,259.7608695652174,3.3078007639094054,253,270,61168.04347826087,198130.49362791816,683,699204,46
control_c48.v2.sfc_intel,hera,intel,405.0833333333333,26.717460490014027,392,554,847.4166666666666,9.452756737009434,826,859,48
control_c48.v2.sfc_intel,hercules,intel,368.1224489795918,69.47050712744378,347,832,545442.7551020408,401125.7488916626,829,849892,49
control_c48.v2.sfc_intel,orion,intel,508.2916666666667,33.36322241524456,488,685,53016.895833333336,204262.53006345802,808,843612,48
control_c48.v2.sfc_intel,ursa,intel,335.0882352941176,152.72243939173165,254,697,24556.823529411766,138492.3832349243,800,808348,34
control_c48.v2.sfc_intel,wcoss2,intel,378.74468085106383,33.165243780268305,359,536,718.5531914893617,6.855047364940504,704,725,47
