test_name,machine,compiler,core_mean,core_std,core_min,core_max,mem_mean,mem_std,mem_min,mem_max,n_hashes
control_p8_ugwpv1_tempo_aerosol_hail_intel,acorn,intel,142.2826086956522,4.455523630422804,136,153,2429.9347826086955,1.356501610156636,2426,2433,46
control_p8_ugwpv1_tempo_aerosol_hail_intel,derecho,intel,183.73529411764707,17.378685697645263,155,236,2394.294117647059,2.949364716030246,2382,2398,34
control_p8_ugwpv1_tempo_aerosol_hail_intel,gaeac6,intel,94.36170212765957,7.044657340125067,86,124,140255.59574468085,923924.9280507553,2412,6339588,47
control_p8_ugwpv1_tempo_aerosol_hail_intel,hera,intel,124.2,4.020779360604939,120,138,2387.04,13.01114906532089,2371,2420,25
control_p8_ugwpv1_tempo_aerosol_hail_intel,hercules,intel,130.14893617021278,33.28139493536387,97,214,53894.82978723404,352849.3899683793,2420,2421440,47
control_p8_ugwpv1_tempo_aerosol_hail_intel,orion,intel,161.54347826086956,33.05867277146237,125,230,54456.586956521736,353027.72317448235,2395,2396756,46
control_p8_ugwpv1_tempo_aerosol_hail_intel,ursa,intel,185.83673469387756,176.2567193682243,97,625,2411.081632653061,21.280700112517668,2381,2462,49
control_p8_ugwpv1_tempo_aerosol_hail_intel,wcoss2,intel,160.7872340425532,38.26051215037837,142,408,2396.723404255319,42.00139859351468,2337,2436,47
