test_name,machine,compiler,core_mean,core_std,core_min,core_max,mem_mean,mem_std,mem_min,mem_max,n_hashes
control_stochy_restart_intel,acorn,intel,71.75,5.181025309319958,65,87,398.90909090909093,1.7496601905058398,394,402,44
control_stochy_restart_intel,derecho,intel,71.88888888888889,2.1869678284849745,69,79,390.2888888888889,2.865327382708847,383,396,45
control_stochy_restart_intel,gaeac6,intel,46.375,1.2138386446802347,44,49,6338.75,0.43759497449362256,6338,6339,48
control_stochy_restart_intel,hera,intel,58.0,2.2563042992710654,56,63,624.4166666666666,2.8109633849474367,620,629,12
control_stochy_restart_intel,hercules,intel,56.46808510638298,8.541079923140224,51,106,12459.489361702128,81630.05780478074,535,560180,47
control_stochy_restart_intel,orion,intel,79.78260869565217,73.51066832431822,66,567,11013.478260869566,71404.75033053603,477,484776,46
control_stochy_restart_intel,ursa,intel,94.84,111.90253776918406,40,460,1216.94,22.12802268064419,1184,1289,50
control_stochy_restart_intel,wcoss2,intel,75.79166666666667,6.17806116158719,69,99,325.8958333333333,49.564589102582154,292,411,48
