test_name,machine,compiler,core_mean,core_std,core_min,core_max,mem_mean,mem_std,mem_min,mem_max,n_hashes
control_p8_rrtmgp_intel,acorn,intel,248.0212765957447,8.106597854196133,225,265,1909.212765957447,4.58701461222112,1905,1919,47
control_p8_rrtmgp_intel,derecho,intel,269.5416666666667,11.00189377637625,246,293,1854.375,1.4084373085707136,1852,1856,24
control_p8_rrtmgp_intel,gaeac6,intel,163.63829787234042,16.878627509516154,145,261,139144.12765957447,924112.2183638365,1750,6339724,47
control_p8_rrtmgp_intel,hera,intel,237.28571428571428,8.06069413363183,225,257,2067.2,6.654498699464456,2047,2077,35
control_p8_rrtmgp_intel,hercules,intel,226.27659574468086,27.043203861888,191,297,1970.8297872340424,5.913577409642396,1958,1987,47
control_p8_rrtmgp_intel,orion,intel,297.0652173913044,43.93196870612716,264,514,1939.4347826086957,6.927087487739892,1928,1955,46
control_p8_rrtmgp_intel,ursa,intel,208.0204081632653,129.4601756326243,155,712,2576.2244897959185,9.17029921840612,2558,2592,49
control_p8_rrtmgp_intel,wcoss2,intel,279.1063829787234,45.03777836562334,247,475,1891.2553191489362,43.14559178707377,1808,1922,47
