test_name,machine,compiler,core_mean,core_std,core_min,core_max,mem_mean,mem_std,mem_min,mem_max,n_hashes
control_c192_intel,acorn,intel,437.9166666666667,10.367365600939602,414,453,1704.125,2.0589710299388724,1700,1712,48
control_c192_intel,derecho,intel,374.6,1.5491933384829788,372,378,564953.4666666667,824534.6922560858,1685,1694420,15
control_c192_intel,gaeac6,intel,290.70212765957444,33.35247523153725,265,505,145790.93617021278,477564.1561200649,1680,1698720,47
control_c192_intel,hera,intel,445.7916666666667,26.77404136061903,397,544,1921.5416666666667,6.6683065359008875,1907,1938,48
control_c192_intel,hercules,intel,423.9166666666667,87.01891047434371,342,874,647876.6875,881664.9466537525,1812,1835916,48
control_c192_intel,orion,intel,510.25,118.72989191455768,454,1176,76111.0,360203.97221615684,1777,1787648,48
control_c192_intel,ursa,intel,296.6938775510204,9.289788483492346,273,321,38849.448979591834,259158.45582650308,1806,1815936,49
control_c192_intel,wcoss2,intel,476.1666666666667,69.02861982257741,421,706,1707.3541666666667,5.923230800886186,1686,1716,48
