test_name,machine,compiler,core_mean,core_std,core_min,core_max,mem_mean,mem_std,mem_min,mem_max,n_hashes
control_c48_lnd_iau_intel,acorn,intel,396.7708333333333,11.471035834682434,372,417,1595.1041666666667,6.442014959435435,1581,1606,48
control_c48_lnd_iau_intel,derecho,intel,346.8125,4.828928285561548,339,356,248836.90625,583766.3490860439,1575,1585828,32
control_c48_lnd_iau_intel,gaeac6,intel,280.468085106383,4.916038807598722,273,291,135749.06382978722,444683.0069615493,1560,1580820,47
control_c48_lnd_iau_intel,hera,intel,481.1020408163265,178.30501078418487,429,1327,1720.4285714285713,9.928914005737541,1692,1735,49
control_c48_lnd_iau_intel,hercules,intel,407.06,48.18603828614972,379,675,1195905.06,789789.9540341351,1703,1731112,50
control_c48_lnd_iau_intel,orion,intel,568.9183673469388,60.71649855911415,536,918,106013.0612244898,412682.725470155,1682,1717744,49
control_c48_lnd_iau_intel,ursa,intel,304.96774193548384,92.28018345270297,274,800,55531.51612903226,299879.8783896502,1668,1671332,31
control_c48_lnd_iau_intel,wcoss2,intel,406.1458333333333,12.903882944116495,385,446,1594.9375,7.8018171642142455,1580,1605,48
