test_name,machine,compiler,core_mean,core_std,core_min,core_max,mem_mean,mem_std,mem_min,mem_max,n_hashes
control_c48.v2.sfc_intel,acorn,intel,359.25,10.577977926866561,332,376,720.2708333333334,1.6339429315450738,718,724,48
control_c48.v2.sfc_intel,derecho,intel,321.4375,1.54784796841722,319,324,220617.6875,336882.46702427615,702,705920,16
control_c48.v2.sfc_intel,gaeac6,intel,256.17021276595744,8.207417506600931,239,270,59880.85106382979,196163.65744249485,680,699204,47
control_c48.v2.sfc_intel,hera,intel,398.2083333333333,31.547302095481104,361,554,851.125,3.9659454615835585,835,859,48
control_c48.v2.sfc_intel,hercules,intel,353.375,21.173673939236597,322,456,315921.4583333333,411081.8663142188,828,845680,48
control_c48.v2.sfc_intel,orion,intel,498.0,34.50439379976652,465,685,35938.4375,170107.80910663638,830,843612,48
control_c48.v2.sfc_intel,ursa,intel,318.2040816326531,142.47923526954094,233,697,17285.591836734693,115363.26789554057,800,808348,49
control_c48.v2.sfc_intel,wcoss2,intel,376.1458333333333,35.31378465309011,340,536,722.8541666666666,1.3836366411055958,718,725,48
