test_name,machine,compiler,core_mean,core_std,core_min,core_max,mem_mean,mem_std,mem_min,mem_max,n_hashes
control_stochy_debug_intel,acorn,intel,214.41304347826087,3.8446273447877584,208,222,817.9782608695652,4.002716468903881,810,826,46
control_stochy_debug_intel,derecho,intel,190.4,2.4727081741050134,186,195,747.3333333333334,0.8997354108424137,745,748,15
control_stochy_debug_intel,gaeac6,intel,128.55555555555554,3.019298199277716,124,134,143661.2888888889,944608.6245592217,643,6339448,45
control_stochy_debug_intel,hera,intel,187.93023255813952,22.109462904933466,177,267,955.2790697674419,5.399848240351428,946,965,43
control_stochy_debug_intel,hercules,intel,167.43478260869566,21.126762568324512,147,272,853.4565217391304,6.817319518009072,843,868,46
control_stochy_debug_intel,orion,intel,183.66666666666666,6.698032275499751,174,210,828.0444444444445,5.363833244118162,817,838,45
control_stochy_debug_intel,ursa,intel,155.3469387755102,65.69929953343242,128,465,1481.6938775510205,7.8400788729893565,1463,1502,49
control_stochy_debug_intel,wcoss2,intel,221.7391304347826,12.725188988090073,209,285,817.9130434782609,21.102739250266374,720,830,46
