test_name,machine,compiler,core_mean,core_std,core_min,core_max,mem_mean,mem_std,mem_min,mem_max,n_hashes
control_p8_intel,acorn,intel,181.48979591836735,4.713113129784777,171,190,1862.4897959183672,3.680593526523074,1854,1867,49
control_p8_intel,derecho,intel,181.95238095238096,7.940253084607509,169,201,441382.8095238095,805678.0083520103,1844,1848712,21
control_p8_intel,gaeac6,intel,114.35416666666667,3.405187427798911,108,125,145004.0625,480250.50097057206,1702,1723416,48
control_p8_intel,hera,intel,184.30612244897958,26.143198670680942,159,295,2003.0816326530612,33.36217714636706,1891,2032,49
control_p8_intel,hercules,intel,193.42857142857142,64.88676033419041,138,545,819946.081632653,954387.6713705374,1895,1922692,49
control_p8_intel,orion,intel,227.0612244897959,94.93120495110861,175,778,78906.30612244898,377234.64073809574,1873,1890304,49
control_p8_intel,ursa,intel,159.6,95.33658078808804,119,643,58518.48888888889,375678.5556655281,2497,2522644,45
control_p8_intel,wcoss2,intel,224.0408163265306,36.75536195785673,183,367,1862.1836734693877,5.953547504736676,1848,1869,49
