test_name,machine,compiler,core_mean,core_std,core_min,core_max,mem_mean,mem_std,mem_min,mem_max,n_hashes
control_p8_rrtmgp_intel,acorn,intel,249.4468085106383,8.924340215871517,225,263,1911.8510638297873,4.080594177771605,1906,1919,47
control_p8_rrtmgp_intel,derecho,intel,246.3,16.04888365795786,235,280,571341.8,916910.810543364,1852,1901996,10
control_p8_rrtmgp_intel,gaeac6,intel,177.8913043478261,73.11732679919903,145,451,139948.84782608695,934421.3690454399,1750,6339724,46
control_p8_rrtmgp_intel,hera,intel,248.625,22.18742695522889,225,378,2068.8333333333335,8.090796803022734,2047,2085,48
control_p8_rrtmgp_intel,hercules,intel,230.3695652173913,28.67004530140372,191,295,389632.89130434784,794700.6995747442,1958,1991552,46
control_p8_rrtmgp_intel,orion,intel,296.5,37.975869531409906,264,465,86935.82608695653,403049.3309355185,1928,1958976,46
control_p8_rrtmgp_intel,ursa,intel,188.9795918367347,62.7519886125526,155,508,55493.836734693876,370367.98226225557,2560,2595160,49
control_p8_rrtmgp_intel,wcoss2,intel,301.02127659574467,60.93492229302189,247,567,1914.9574468085107,5.751965436525041,1902,1922,47
