test_name,machine,compiler,core_mean,core_std,core_min,core_max,mem_mean,mem_std,mem_min,mem_max,n_hashes
control_c48.v2.sfc_intel,acorn,intel,357.2916666666667,11.718249693811968,332,376,720.1666666666666,1.5889690667333602,718,724,48
control_c48.v2.sfc_intel,derecho,intel,320.9166666666667,1.443375672974058,319,324,293921.75,362368.42640683835,702,705920,12
control_c48.v2.sfc_intel,gaeac6,intel,254.7659574468085,8.822433771376438,239,270,165262.40425531915,931013.4046497903,680,6338624,47
control_c48.v2.sfc_intel,hera,intel,389.6458333333333,15.485737547042667,361,405,850.2916666666666,4.166524820280614,835,857,48
control_c48.v2.sfc_intel,hercules,intel,349.9166666666667,22.979948089245028,322,456,245840.875,385853.8968766808,828,845680,48
control_c48.v2.sfc_intel,orion,intel,495.5208333333333,35.32402568762712,465,685,35938.604166666664,170107.77398533036,830,843612,48
control_c48.v2.sfc_intel,ursa,intel,314.48979591836735,143.81340955803626,233,697,17285.122448979593,115363.3363422988,800,808348,49
control_c48.v2.sfc_intel,wcoss2,intel,376.7708333333333,37.80140692154497,340,536,723.1666666666666,1.1729818944991133,721,725,48
