test_name,machine,compiler,core_mean,core_std,core_min,core_max,mem_mean,mem_std,mem_min,mem_max,n_hashes
control_iovr5_intel,acorn,intel,160.0625,7.55802025749906,142,173,631.6666666666666,2.336876742107165,626,638,48
control_iovr5_intel,derecho,intel,127.78125,2.2822509403741726,123,133,96049.5625,225321.91318357305,609,613432,32
control_iovr5_intel,gaeac6,intel,105.59574468085107,6.031293662038255,99,128,42154.82978723404,138095.81073870088,476,492316,47
control_iovr5_intel,hera,intel,156.20408163265307,21.809764242800306,148,263,742.3061224489796,59.92015662586345,648,793,49
control_iovr5_intel,hercules,intel,145.34,66.3009865411257,124,559,475097.94,313751.92139315134,669,687760,50
control_iovr5_intel,orion,intel,199.89795918367346,113.11558338302305,160,856,40660.102040816324,158289.6141202686,643,657868,49
control_iovr5_intel,ursa,intel,152.83870967741936,138.2960825606167,104,661,43053.06451612903,232449.5104702575,1294,1295528,31
control_iovr5_intel,wcoss2,intel,172.47916666666666,18.492079481391453,155,266,635.0625,5.191671931739176,613,639,48
