test_name,machine,compiler,core_mean,core_std,core_min,core_max,mem_mean,mem_std,mem_min,mem_max,n_hashes
control_lndp_debug_intel,acorn,intel,192.70212765957447,5.508550245703096,177,202,824.0425531914893,3.9888837209801262,817,833,47
control_lndp_debug_intel,derecho,intel,155.3448275862069,2.5811938277383697,151,161,138583.8620689655,307206.16794260545,796,802296,29
control_lndp_debug_intel,gaeac6,intel,112.78260869565217,2.699078389856317,109,121,57969.02173913043,187753.89260832197,648,661020,46
control_lndp_debug_intel,hera,intel,177.14583333333334,33.55781900410181,157,316,919.1458333333334,56.83645428297756,811,963,48
control_lndp_debug_intel,hercules,intel,169.0204081632653,130.43588619763835,133,1047,559040.6326530612,411077.7588680098,841,863036,49
control_lndp_debug_intel,orion,intel,171.5,13.672460283824778,158,225,52686.916666666664,202971.18101334074,819,835220,48
control_lndp_debug_intel,ursa,intel,137.94117647058823,67.73743478536258,116,485,45020.470588235294,253865.42681856433,1462,1481760,34
control_lndp_debug_intel,wcoss2,intel,198.9787234042553,8.641380127548365,187,227,824.6808510638298,4.196822726667761,811,831,47
