test_name,machine,compiler,core_mean,core_std,core_min,core_max,mem_mean,mem_std,mem_min,mem_max,n_hashes
control_flake_gnu,derecho,gnu,305.625,2.3867192066576592,302,310,652.375,1.8468119248354185,651,656,8
control_flake_gnu,hera,gnu,334.1041666666667,16.385306836975733,322,438,649.8541666666666,3.8921064872123496,640,657,48
control_flake_gnu,hercules,gnu,274.9130434782609,16.071819487615947,261,316,56079.0,181644.68824371265,627,638932,46
control_flake_gnu,ursa,gnu,250.26530612244898,44.16907643278463,236,552,556.8979591836735,3.2611660616461142,551,562,49
