test_name,machine,compiler,core_mean,core_std,core_min,core_max,mem_mean,mem_std,mem_min,mem_max,n_hashes
control_debug_p8_gnu,derecho,gnu,149.0,6.082762530298221,139,158,1553.111111111111,6.2738434082395935,1544,1561,9
control_debug_p8_gnu,hera,gnu,98.625,2.5317137413390762,95,105,1543.0833333333333,9.064387489917682,1514,1563,48
control_debug_p8_gnu,hercules,gnu,97.34782608695652,31.503945002564958,75,187,101547.06521739131,382827.9726754798,1505,1537868,46
control_debug_p8_gnu,ursa,gnu,82.38775510204081,6.2743403588565005,77,115,1450.5102040816328,8.636459655098738,1431,1474,49
