test_name,machine,compiler,core_mean,core_std,core_min,core_max,mem_mean,mem_std,mem_min,mem_max,n_hashes
control_wrtGauss_netcdf_parallel_intel,acorn,intel,159.85714285714286,4.672615256292077,149,169,1583.8775510204082,1.9217250612104921,1578,1587,49
control_wrtGauss_netcdf_parallel_intel,derecho,intel,131.1818181818182,2.4810973692791944,128,136,355539.04545454547,668067.6498891609,1555,1560900,22
control_wrtGauss_netcdf_parallel_intel,gaeac6,intel,100.9375,3.6924664535562526,94,111,120824.45833333333,400172.7213813873,1421,1437184,48
control_wrtGauss_netcdf_parallel_intel,hera,intel,158.12244897959184,24.237223999684538,136,288,1711.5102040816328,40.02557643192045,1586,1739,49
control_wrtGauss_netcdf_parallel_intel,hercules,intel,144.42857142857142,46.71946418071737,118,452,762935.1836734693,817842.012431539,1611,1633628,49
control_wrtGauss_netcdf_parallel_intel,orion,intel,193.91836734693877,85.20950571353865,155,602,99460.26530612246,387179.8972359175,1587,1604292,49
control_wrtGauss_netcdf_parallel_intel,ursa,intel,160.6046511627907,139.69509987910297,96,600,53735.023255813954,337761.9451917133,2212,2217080,43
control_wrtGauss_netcdf_parallel_intel,wcoss2,intel,188.3265306122449,55.853374918584095,158,420,1583.204081632653,9.146902007047602,1560,1591,49
