test_name,machine,compiler,core_mean,core_std,core_min,core_max,mem_mean,mem_std,mem_min,mem_max,n_hashes
control_c48.v2.sfc_intel,acorn,intel,347.8666666666667,7.11783930442633,331,362,719.1333333333333,1.8165902124584759,715,723,45
control_c48.v2.sfc_intel,derecho,intel,309.2608695652174,2.284583916492806,306,313,679.2608695652174,3.2960230757598135,674,683,46
control_c48.v2.sfc_intel,gaeac6,intel,246.9777777777778,3.4144671412368046,243,264,6337.488888888889,0.6948584624427557,6336,6338,45
control_c48.v2.sfc_intel,hera,intel,377.6666666666667,9.003702941938197,373,396,847.5,3.449637662132054,843,853,6
control_c48.v2.sfc_intel,hercules,intel,329.0,7.726296148473251,320,359,18715.297872340427,122545.22877748744,829,840968,47
control_c48.v2.sfc_intel,orion,intel,479.7608695652174,21.844078559553434,471,623,19198.478260869564,124511.7505103192,825,845320,46
control_c48.v2.sfc_intel,ursa,intel,273.12,97.79876047793452,235,654,801.92,2.8559997713371397,792,808,50
control_c48.v2.sfc_intel,wcoss2,intel,339.7551020408163,7.0134710030201175,331,363,724.734693877551,1.510732578972914,722,728,49
