test_name,machine,compiler,core_mean,core_std,core_min,core_max,mem_mean,mem_std,mem_min,mem_max,n_hashes
control_csawmg_debug_intel,acorn,intel,292.2291666666667,5.7213284550688,281,309,1115.625,3.4185040899150896,1106,1122,48
control_csawmg_debug_intel,derecho,intel,277.3888888888889,6.895342749565596,264,292,307798.5,508865.61153438606,1099,1105780,18
control_csawmg_debug_intel,gaeac6,intel,172.5744680851064,2.872241064509538,167,184,83233.27659574468,272654.54759056034,951,969356,47
control_csawmg_debug_intel,hera,intel,273.1666666666667,47.99039502009122,248,416,1265.7916666666667,16.844670011651075,1157,1284,48
control_csawmg_debug_intel,hercules,intel,285.7291666666667,48.816957109373796,211,454,462076.7708333333,575468.7067190198,1152,1178480,48
control_csawmg_debug_intel,orion,intel,297.1041666666667,25.805524382435678,251,352,48590.416666666664,229974.21448379752,1128,1143264,48
control_csawmg_debug_intel,ursa,intel,195.53191489361703,50.25969560965534,182,529,39978.78723404255,261783.0536430746,1780,1796488,47
control_csawmg_debug_intel,wcoss2,intel,323.1875,33.07158981953376,288,502,1113.4166666666667,2.9233712201464233,1107,1119,48
