test_name,machine,compiler,core_mean,core_std,core_min,core_max,mem_mean,mem_std,mem_min,mem_max,n_hashes
control_p8_atmlnd_debug_intel,acorn,intel,340.2916666666667,6.294064523576981,329,358,1912.8541666666667,4.202276907305554,1907,1923,48
control_p8_atmlnd_debug_intel,derecho,intel,307.5217391304348,8.77946760250297,296,324,416930.3043478261,805138.0667172124,1905,1914772,23
control_p8_atmlnd_debug_intel,gaeac6,intel,202.93617021276594,6.683543239275659,197,230,163361.74468085106,535120.2551129926,1875,1906832,47
control_p8_atmlnd_debug_intel,hera,intel,300.2083333333333,29.408320094492684,282,461,1884.3541666666667,8.538995863367676,1868,1909,48
control_p8_atmlnd_debug_intel,hercules,intel,313.6326530612245,71.27198312262185,234,551,982166.8979591837,970407.3197181224,1906,1936072,49
control_p8_atmlnd_debug_intel,orion,intel,355.8775510204082,109.60585307003859,283,858,117990.6530612245,459310.3607415846,1889,1902876,49
control_p8_atmlnd_debug_intel,ursa,intel,217.26829268292684,18.793648382158135,207,328,49349.48780487805,303473.2740254174,1933,1945132,41
