test_name,machine,compiler,core_mean,core_std,core_min,core_max,mem_mean,mem_std,mem_min,mem_max,n_hashes
control_c384_intel,acorn,intel,529.3777777777777,18.413543544320493,503,568,1993.7333333333333,4.91472740388977,1985,2006,45
control_c384_intel,derecho,intel,444.9347826086956,13.262146925094822,429,494,1939.7826086956522,5.041662175108756,1929,1955,46
control_c384_intel,gaeac6,intel,577.531914893617,19.35239684495883,551,670,6338.68085106383,0.5152619839638715,6338,6340,47
control_c384_intel,hera,intel,466.5,6.886840453253679,457,474,1996.75,6.8400083542137695,1987,2006,8
control_c384_intel,hercules,intel,459.72340425531917,50.68860695576111,396,566,44855.744680851065,293685.5507502857,2005,2015424,47
control_c384_intel,orion,intel,590.5217391304348,20.825987110589328,569,670,45247.30434782609,293459.76731711696,1968,1992320,46
control_c384_intel,ursa,intel,355.86,28.4418561924757,329,469,2070.9,14.261765640469418,2035,2094,50
control_c384_intel,wcoss2,intel,526.530612244898,24.290860799225428,502,621,1924.7142857142858,41.57122402175165,1898,2017,49
