test_name,machine,compiler,core_mean,core_std,core_min,core_max,mem_mean,mem_std,mem_min,mem_max,n_hashes
control_csawmg_debug_gnu,derecho,gnu,180.4,5.3374983736661585,173,189,837.1,5.586690532964133,832,852,10
control_csawmg_debug_gnu,hera,gnu,139.85416666666666,3.55497603507099,134,155,835.9583333333334,5.675472923713177,827,857,48
control_csawmg_debug_gnu,hercules,gnu,139.2391304347826,45.08568867913075,104,295,36514.04347826087,169261.8679331535,810,823424,46
control_csawmg_debug_gnu,ursa,gnu,116.93877551020408,45.272511970687624,103,369,739.5510204081633,5.396994628532428,730,757,49
