test_name,machine,compiler,core_mean,core_std,core_min,core_max,mem_mean,mem_std,mem_min,mem_max,n_hashes
control_iovr4_intel,acorn,intel,159.46938775510205,4.77886859350763,151,170,631.9183673469388,2.0900232723373033,627,638,49
control_iovr4_intel,derecho,intel,128.95454545454547,1.8892496048071776,126,133,139355.86363636365,261849.37630562947,609,612552,22
control_iovr4_intel,gaeac6,intel,103.6875,4.599520095225477,97,116,41257.833333333336,136657.79288868117,474,491496,48
control_iovr4_intel,hera,intel,155.91836734693877,29.42634642536479,137,322,772.0408163265306,34.71668617998739,665,793,49
control_iovr4_intel,hercules,intel,132.89795918367346,13.374797347310823,119,184,304953.3469387755,340588.7054369702,667,685124,49
control_iovr4_intel,orion,intel,193.40816326530611,114.54346306958239,156,882,40598.71428571428,158033.40317081704,645,656580,49
control_iovr4_intel,ursa,intel,118.6590909090909,32.5368793845471,99,303,30727.43181818182,195184.22796262853,1293,1296008,44
control_iovr4_intel,wcoss2,intel,185.6734693877551,45.33550289926485,155,380,635.795918367347,4.334837520199652,624,644,49
