test_name,machine,compiler,core_mean,core_std,core_min,core_max,mem_mean,mem_std,mem_min,mem_max,n_hashes
control_csawmg_intel,acorn,intel,394.73333333333335,7.6348483345060005,382,413,959.2888888888889,1.0791878727295015,957,962,45
control_csawmg_intel,derecho,intel,405.0263157894737,12.252935317611945,387,432,917.078947368421,1.5662242245219353,914,920,38
control_csawmg_intel,gaeac6,intel,252.61702127659575,6.253879462031893,244,273,140383.36170212767,923902.7681517429,815,6339564,47
control_csawmg_intel,hera,intel,348.6666666666667,2.834313555930844,345,357,1159.2380952380952,2.624971655175773,1154,1166,21
control_csawmg_intel,hercules,intel,332.3404255319149,21.554053987434635,316,393,23903.40425531915,156508.12577552578,1068,1074040,47
control_csawmg_intel,orion,intel,387.0,26.238224872205926,371,474,23653.934782608696,153365.37125532786,1034,1041216,46
control_csawmg_intel,ursa,intel,335.55102040816325,215.41849398559177,258,1102,1762.9183673469388,41.461245325551644,1718,1909,49
control_csawmg_intel,wcoss2,intel,408.2340425531915,27.519331360334487,390,579,912.3404255319149,45.10195050045412,866,961,47
