test_name,machine,compiler,core_mean,core_std,core_min,core_max,mem_mean,mem_std,mem_min,mem_max,n_hashes
control_p8.v2.sfc_intel,acorn,intel,190.9375,5.424162843535539,179,201,1860.6041666666667,2.4731716507724526,1855,1864,48
control_p8.v2.sfc_intel,derecho,intel,191.91666666666666,9.985975013472498,174,209,770441.0833333334,949853.529262032,1842,1847868,12
control_p8.v2.sfc_intel,gaeac6,intel,120.61702127659575,3.3722215067877523,112,128,209942.06382978722,978881.3781805142,1694,6339600,47
control_p8.v2.sfc_intel,hera,intel,185.6875,12.703084313025311,168,250,2013.3541666666667,8.226810305423259,1983,2028,48
control_p8.v2.sfc_intel,hercules,intel,187.5625,36.34345985824801,146,305,559742.6875,878521.5979150175,1896,1918024,48
control_p8.v2.sfc_intel,orion,intel,229.45833333333334,80.98146841685667,189,689,80465.52083333333,380844.2249681279,1876,1889104,48
control_p8.v2.sfc_intel,ursa,intel,174.0,124.60370513485276,125,678,54169.5918367347,361534.01796044264,2504,2533260,49
control_p8.v2.sfc_intel,wcoss2,intel,241.52083333333334,50.13343454088546,194,464,1861.5416666666667,5.161058498282587,1846,1867,48
