test_name,machine,compiler,core_mean,core_std,core_min,core_max,mem_mean,mem_std,mem_min,mem_max,n_hashes
control_p8_gnu,derecho,gnu,275.1860465116279,11.607173098180224,258,304,1554.3255813953488,8.242517328816234,1537,1574,43
control_p8_gnu,hera,gnu,266.29411764705884,2.25734096567048,261,271,1541.0,9.829801625668729,1514,1559,17
control_p8_gnu,hercules,gnu,225.47916666666666,27.21075318054394,206,312,33498.333333333336,221459.81988828207,1511,1535852,48
control_p8_gnu,ursa,gnu,225.38,117.27081687187108,181,683,1454.26,10.489664495325382,1426,1481,50
