test_name,machine,compiler,core_mean,core_std,core_min,core_max,mem_mean,mem_std,mem_min,mem_max,n_hashes
control_decomp_p8_intel,acorn,intel,180.61702127659575,5.101377441817591,170,192,1847.0,5.352772544489769,1843,1863,47
control_decomp_p8_intel,derecho,intel,208.31034482758622,11.174279932939957,195,240,1802.448275862069,1.1522092721795847,1800,1804,29
control_decomp_p8_intel,gaeac6,intel,118.59574468085107,6.800446195297347,113,156,139597.085106383,923930.0173878649,1700,6338956,47
control_decomp_p8_intel,hera,intel,169.43333333333334,4.014485266385093,163,181,1997.5333333333333,5.276710922622134,1988,2006,30
control_decomp_p8_intel,hercules,intel,171.2340425531915,38.01156160842636,139,305,1894.936170212766,5.036407688539566,1886,1907,47
control_decomp_p8_intel,orion,intel,210.97826086956522,37.00419743784919,179,325,1875.8478260869565,4.97981432632156,1865,1886,46
control_decomp_p8_intel,ursa,intel,192.44897959183675,160.18180572197875,121,707,2504.673469387755,7.492740250574832,2491,2521,49
control_decomp_p8_intel,wcoss2,intel,202.59574468085106,28.85394975183157,182,370,1819.5744680851064,44.56102053747612,1748,1858,47
