test_name,machine,compiler,core_mean,core_std,core_min,core_max,mem_mean,mem_std,mem_min,mem_max,n_hashes
control_latlon_intel,acorn,intel,154.95652173913044,4.623401930465082,144,168,1578.608695652174,4.837254781012315,1573,1586,46
control_latlon_intel,derecho,intel,143.2941176470588,4.647105360898771,139,159,1515.6470588235295,1.3666188418222966,1514,1518,17
control_latlon_intel,gaeac6,intel,98.08888888888889,2.600893397401446,92,103,144341.26666666666,944483.907078223,1415,6339316,45
control_latlon_intel,hera,intel,141.9512195121951,5.813566975240746,133,152,1722.1951219512196,7.7143357205763134,1697,1736,41
control_latlon_intel,hercules,intel,131.91304347826087,16.738280924550722,114,177,1615.9565217391305,6.095377198205765,1605,1629,46
control_latlon_intel,orion,intel,167.17777777777778,34.66219376738404,154,386,1592.7555555555555,6.449649587224071,1582,1607,45
control_latlon_intel,ursa,intel,168.0204081632653,180.00422330646376,95,813,2224.3673469387754,8.864004638496743,2209,2244,49
control_latlon_intel,wcoss2,intel,177.95652173913044,52.170641604360476,153,421,1576.9130434782608,29.200324265289645,1482,1593,46
