test_name,machine,compiler,core_mean,core_std,core_min,core_max,mem_mean,mem_std,mem_min,mem_max,n_hashes
control_flake_gnu,derecho,gnu,305.75,3.500000000000003,302,310,652.0,1.1547005383792515,651,653,4
control_flake_gnu,hera,gnu,341.0,3.915780041490251,336,345,648.25,0.9574271077563381,647,649,4
control_flake_gnu,hercules,gnu,271.75,0.9574271077563381,271,273,629.75,2.217355782608345,627,632,4
control_flake_gnu,ursa,gnu,245.5,1.2909944487358056,244,247,554.5,0.9999999999999905,554,556,4
