test_name,machine,compiler,core_mean,core_std,core_min,core_max,mem_mean,mem_std,mem_min,mem_max,n_hashes
control_c48_gnu,derecho,gnu,433.9142857142857,2.8837417336777094,430,443,1510.6857142857143,0.9321521136731816,1510,1513,35
control_c48_gnu,hera,gnu,582.0,3.2437230354077413,576,588,1534.625,1.6891598117304027,1530,1537,24
control_c48_gnu,hercules,gnu,472.8085106382979,16.33433074163305,462,568,35144.85106382979,230104.25646243378,1577,1579096,47
control_c48_gnu,ursa,gnu,472.9591836734694,352.304375929848,345,1790,1508.3265306122448,1.8862192686036348,1496,1510,49
