test_name,machine,compiler,core_mean,core_std,core_min,core_max,mem_mean,mem_std,mem_min,mem_max,n_hashes
control_diag_debug_intel,acorn,intel,195.1304347826087,4.08035235761801,188,205,1674.391304347826,4.05231489875204,1669,1683,46
control_diag_debug_intel,derecho,intel,174.06666666666666,1.709915063331957,171,177,1605.0,2.2360679774998236,1601,1608,15
control_diag_debug_intel,gaeac6,intel,115.2,3.0866280513325015,109,121,144172.26666666666,944510.6861294851,1494,6339324,45
control_diag_debug_intel,hera,intel,164.2325581395349,2.4381609902540333,160,172,1809.2558139534883,5.85984325832876,1798,1821,43
control_diag_debug_intel,hercules,intel,150.95652173913044,15.808516019663614,134,196,1705.8695652173913,6.256050211691765,1693,1719,46
control_diag_debug_intel,orion,intel,168.0888888888889,3.716194425766905,162,181,1684.7111111111112,6.2253960159621,1674,1697,45
control_diag_debug_intel,ursa,intel,144.30612244897958,73.67926101286143,117,492,2318.938775510204,9.586031859050056,2289,2341,49
control_diag_debug_intel,wcoss2,intel,213.3695652173913,44.278592116357586,190,467,1668.7826086956522,20.730989195971326,1575,1682,46
