test_name,machine,compiler,core_mean,core_std,core_min,core_max,mem_mean,mem_std,mem_min,mem_max,n_hashes
control_wam_debug_gnu,derecho,gnu,379.04347826086956,8.302493659508787,364,418,1403.5869565217392,0.9086274620185345,1402,1405,46
control_wam_debug_gnu,hera,gnu,391.45454545454544,6.408800767126959,383,403,1398.2727272727273,2.101947149236132,1395,1402,11
control_wam_debug_gnu,hercules,gnu,325.75,22.60060251503383,290,408,30155.520833333332,199353.07484844944,1376,1382540,48
control_wam_debug_gnu,ursa,gnu,306.72,102.7082334795502,269,778,1308.14,7.365141283264588,1303,1326,50
