test_name,machine,compiler,core_mean,core_std,core_min,core_max,mem_mean,mem_std,mem_min,mem_max,n_hashes
control_p8_ugwpv1_tempo_intel,acorn,intel,179.6875,4.352334907717489,171,187,1878.0625,1.693620696563768,1873,1882,48
control_p8_ugwpv1_tempo_intel,derecho,intel,187.16666666666666,6.766674130463123,177,199,780036.1666666666,961685.984802716,1864,1873316,12
control_p8_ugwpv1_tempo_intel,gaeac6,intel,113.57446808510639,3.347579793191695,105,124,76029.55319148937,355718.27357155946,1724,1747792,47
control_p8_ugwpv1_tempo_intel,hera,intel,171.66666666666666,8.483609562307446,156,197,2033.3958333333333,6.300083023206248,2009,2044,48
control_p8_ugwpv1_tempo_intel,hercules,intel,176.72916666666666,35.11000317139027,134,280,564714.7291666666,886326.2325253522,1917,1939528,48
control_p8_ugwpv1_tempo_intel,orion,intel,215.125,74.60438210847425,173,624,41738.3125,275962.08133466425,1896,1913828,48
control_p8_ugwpv1_tempo_intel,ursa,intel,138.79591836734693,69.91094918770973,119,616,54088.551020408166,360880.8364420115,2515,2528700,49
control_p8_ugwpv1_tempo_intel,wcoss2,intel,233.0,63.19271436594703,175,488,1880.0208333333333,4.2551074858706635,1868,1885,48
