test_name,machine,compiler,core_mean,core_std,core_min,core_max,mem_mean,mem_std,mem_min,mem_max,n_hashes
control_wam_intel,acorn,intel,746.468085106383,13.89690466603798,696,768,1660.5106382978724,8.142407347327232,1649,1668,47
control_wam_intel,derecho,intel,647.0,20.779263167344936,621,667,1613.9,23.988191539449723,1595,1643,10
control_wam_intel,gaeac6,intel,456.2826086956522,8.578171375916302,431,472,140134.6739130435,934394.8860922907,1497,6339728,46
control_wam_intel,hera,intel,666.7708333333334,27.299161847731654,617,705,1791.1875,5.602644702243247,1770,1801,48
control_wam_intel,hercules,intel,659.0652173913044,100.63871624643008,552,915,184871.54347826086,530369.0133983112,1674,1695596,46
control_wam_intel,orion,intel,777.2391304347826,69.21502238438921,728,1151,38118.19565217391,247184.54901385543,1662,1678160,46
control_wam_intel,ursa,intel,493.59183673469386,54.87027062662855,455,863,51614.163265306124,344397.9347506522,2390,2413200,49
control_wam_intel,wcoss2,intel,790.468085106383,98.65439258689018,716,1192,1662.0212765957447,7.886392688626536,1646,1670,47
