test_name,machine,compiler,core_mean,core_std,core_min,core_max,mem_mean,mem_std,mem_min,mem_max,n_hashes
control_debug_p8_intel,acorn,intel,185.79166666666666,4.542744195163859,178,197,1902.5625,3.6895842468893774,1894,1910,48
control_debug_p8_intel,derecho,intel,180.75,5.906886180368308,171,198,394249.1666666667,781308.6004033439,1877,1892400,24
control_debug_p8_intel,gaeac6,intel,109.68085106382979,2.695458200773732,106,118,150719.70212765958,493714.36441251845,1732,1757104,47
control_debug_p8_intel,hera,intel,177.22916666666666,45.889895788299555,155,322,2020.375,44.848978261091105,1888,2052,48
control_debug_p8_intel,hercules,intel,198.3673469387755,47.3263025342634,129,391,1029621.2040816327,976603.5850027845,1932,1949896,49
control_debug_p8_intel,orion,intel,204.83673469387756,33.07147999584606,159,320,119297.55102040817,464398.41673772165,1904,1927484,49
control_debug_p8_intel,ursa,intel,133.4,41.25144908099655,117,377,66525.0,404609.85901673045,2536,2561528,40
control_debug_p8_intel,wcoss2,intel,217.85416666666666,29.817165970709254,189,295,1901.3541666666667,6.086222960841806,1889,1910,48
