test_name,machine,compiler,core_mean,core_std,core_min,core_max,mem_mean,mem_std,mem_min,mem_max,n_hashes
control_noqr_p8_intel,acorn,intel,180.24489795918367,5.170149144548034,169,191,1858.469387755102,1.7807072660454162,1853,1863,49
control_noqr_p8_intel,derecho,intel,183.5,6.530149856079653,170,193,421496.04545454547,792011.717782934,1839,1852148,22
control_noqr_p8_intel,gaeac6,intel,113.47916666666667,4.635614138354954,107,141,144883.35416666666,479856.0970116065,1698,1723656,48
control_noqr_p8_intel,hera,intel,182.83673469387756,35.085815592377394,157,351,1999.5714285714287,34.90761616992295,1894,2021,49
control_noqr_p8_intel,hercules,intel,196.24489795918367,58.1666179365525,135,505,856630.5918367347,956707.2279796669,1893,1914904,49
control_noqr_p8_intel,orion,intel,225.9591836734694,107.04437537451338,174,802,117099.1836734694,455842.0379539237,1864,1887152,49
control_noqr_p8_intel,ursa,intel,182.54545454545453,156.4286678278417,119,797,59516.61363636364,378127.2179844519,2500,2510724,44
control_noqr_p8_intel,wcoss2,intel,222.81632653061226,40.943392562876646,187,382,1858.8775510204082,5.506180818941922,1845,1865,49
