test_name,machine,compiler,core_mean,core_std,core_min,core_max,mem_mean,mem_std,mem_min,mem_max,n_hashes
control_csawmg_intel,acorn,intel,397.4166666666667,8.648781326852726,378,421,961.2083333333334,2.3151520636913165,958,968,48
control_csawmg_intel,derecho,intel,371.6,11.890238760335208,341,382,477019.6,501818.55855482706,953,954660,10
control_csawmg_intel,gaeac6,intel,248.0,5.125101625008687,237,267,156629.86956521738,939742.6788882065,814,6339564,46
control_csawmg_intel,hera,intel,363.1041666666667,13.641675169070657,337,379,1159.6041666666667,3.381675169254806,1153,1165,48
control_csawmg_intel,hercules,intel,353.5744680851064,35.61554660589955,308,420,275465.8085106383,473682.5700014285,1066,1081724,47
control_csawmg_intel,orion,intel,412.02127659574467,85.41929559065936,366,847,45497.87234042553,213147.3915859549,1037,1048264,47
control_csawmg_intel,ursa,intel,303.0,135.7273615254738,252,958,37771.65306122449,252043.8027311714,1735,1766072,49
control_csawmg_intel,wcoss2,intel,444.5625,58.34450374303715,391,753,958.1458333333334,2.6895351439942172,950,961,48
