test_name,machine,compiler,core_mean,core_std,core_min,core_max,mem_mean,mem_std,mem_min,mem_max,n_hashes
control_latlon_intel,acorn,intel,156.64444444444445,7.243039152290701,144,173,1575.1555555555556,1.476413891765528,1573,1578,45
control_latlon_intel,derecho,intel,144.5909090909091,3.7745671664270235,139,159,1515.840909090909,1.274858529646763,1513,1519,44
control_latlon_intel,gaeac6,intel,103.0625,12.367435362548232,97,183,138275.8125,914086.5246406394,6338,6339316,48
control_latlon_intel,hera,intel,140.46666666666667,3.248442850410171,137,147,1718.2666666666667,8.680574920613292,1697,1727,15
control_latlon_intel,hercules,intel,135.40425531914894,16.95090041787967,118,177,36034.10638297872,235968.33675049033,1605,1619332,47
control_latlon_intel,orion,intel,166.7826086956522,33.387231786669766,157,386,36122.413043478264,234202.8352169761,1582,1590032,46
control_latlon_intel,ursa,intel,186.18,188.58459802498422,96,813,2222.9,9.657924735888244,2205,2247,50
control_latlon_intel,wcoss2,intel,163.375,13.915588992970317,153,224,1516.4166666666667,47.54564809193637,1477,1587,48
