test_name,machine,compiler,core_mean,core_std,core_min,core_max,mem_mean,mem_std,mem_min,mem_max,n_hashes
control_c48_lnd_iau_intel,acorn,intel,394.4782608695652,11.546503329165711,375,420,1594.8478260869565,3.5712891622205065,1589,1601,46
control_c48_lnd_iau_intel,derecho,intel,337.55555555555554,2.9350262494511523,333,344,1555.9444444444443,1.474178623633861,1554,1558,18
control_c48_lnd_iau_intel,gaeac6,intel,270.8666666666667,9.526518013132886,258,293,144482.02222222224,944160.4291765464,1556,6337336,45
control_c48_lnd_iau_intel,hera,intel,411.175,22.37201491332534,381,451,1721.325,5.932904767005714,1701,1731,40
control_c48_lnd_iau_intel,hercules,intel,358.69565217391306,26.447322540575215,333,425,1713.391304347826,6.796987113157163,1701,1726,46
control_c48_lnd_iau_intel,orion,intel,531.7777777777778,16.63360356858276,507,562,1712.888888888889,3.6445614664631982,1703,1720,45
control_c48_lnd_iau_intel,ursa,intel,288.18367346938777,70.17705984074253,256,704,1668.6326530612246,2.587581540993874,1664,1673,49
control_c48_lnd_iau_intel,wcoss2,intel,406.3478260869565,20.814756935409854,384,496,1597.7391304347825,3.744238730569643,1592,1605,46
