test_name,machine,compiler,core_mean,core_std,core_min,core_max,mem_mean,mem_std,mem_min,mem_max,n_hashes
control_debug_p8_gnu,hera,gnu,105.89583333333333,26.23724783125824,94,233,1546.25,10.123702963942002,1521,1566,48
control_debug_p8_gnu,hercules,gnu,99.38775510204081,28.65223691567744,75,164,786203.8367346938,776808.8501388859,1521,1552788,49
control_debug_p8_gnu,ursa,gnu,84.07317073170732,13.853501802617345,75,164,37093.634146341465,228219.25234571644,1428,1462768,41
