test_name,machine,compiler,core_mean,core_std,core_min,core_max,mem_mean,mem_std,mem_min,mem_max,n_hashes
control_2threads_p8_intel,acorn,intel,164.95652173913044,4.811821192480632,155,176,1929.5869565217392,4.946720965364731,1924,1943,46
control_2threads_p8_intel,derecho,intel,307.03125,7.42916821202621,296,332,1888.46875,4.951274681104067,1880,1896,32
control_2threads_p8_intel,gaeac6,intel,129.48936170212767,5.258005657733953,122,150,139920.06382978722,923931.5692770054,1781,6339292,47
control_2threads_p8_intel,hera,intel,222.74074074074073,25.20163699291191,184,250,2017.1851851851852,6.906168018167399,2004,2033,27
control_2threads_p8_intel,hercules,intel,223.4468085106383,40.002613235636574,169,315,1986.6170212765958,5.058583714360136,1978,1998,47
control_2threads_p8_intel,orion,intel,233.69565217391303,39.17588235705874,202,387,1964.195652173913,6.441599405314719,1954,1988,46
control_2threads_p8_intel,ursa,intel,103.22448979591837,2.931618623747302,100,113,2013.0204081632653,2.512384291849464,2007,2022,49
control_2threads_p8_intel,wcoss2,intel,187.38297872340425,33.68947274065024,167,389,1892.276595744681,45.69116655550162,1830,1940,47
