test_name,machine,compiler,core_mean,core_std,core_min,core_max,mem_mean,mem_std,mem_min,mem_max,n_hashes
control_ras_debug_gnu,derecho,gnu,102.85,3.0996604228273323,99,109,602.45,2.7236778540480273,599,607,20
control_ras_debug_gnu,hera,gnu,89.89473684210526,2.190760372555,87,97,595.6842105263158,5.685948841200675,589,619,38
control_ras_debug_gnu,hercules,gnu,74.04347826086956,12.497033464411782,68,153,580.304347826087,3.3853906074805846,574,587,46
control_ras_debug_gnu,ursa,gnu,70.38775510204081,13.989305925316982,65,161,501.8775510204082,4.240836459656371,498,524,49
