test_name,machine,compiler,core_mean,core_std,core_min,core_max,mem_mean,mem_std,mem_min,mem_max,n_hashes
control_ras_debug_gnu,derecho,gnu,101.88235294117646,2.1760730956581065,99,107,602.4117647058823,2.7852024955425447,599,607,17
control_ras_debug_gnu,hera,gnu,89.78048780487805,2.150723077501508,87,97,596.1219512195122,5.6929567096159595,589,619,41
control_ras_debug_gnu,hercules,gnu,73.82608695652173,12.470951755225395,68,153,580.5,3.304878548785419,574,587,46
control_ras_debug_gnu,ursa,gnu,70.71428571428571,13.935865001259637,65,161,502.265306122449,4.309754005953988,498,524,49
