test_name,machine,compiler,core_mean,core_std,core_min,core_max,mem_mean,mem_std,mem_min,mem_max,n_hashes
control_iovr5_intel,acorn,intel,160.7872340425532,5.992517690430317,149,173,631.5531914893617,2.214659760288032,628,637,47
control_iovr5_intel,derecho,intel,134.7,8.499019551297277,126,145,61624.2,192988.8169240211,577,610880,10
control_iovr5_intel,gaeac6,intel,104.3695652173913,4.197134978647393,96,115,139054.89130434784,934555.5127058289,468,6339712,46
control_iovr5_intel,hera,intel,147.25,4.526517613146749,140,156,782.4166666666666,3.7463930643897516,774,789,48
control_iovr5_intel,hercules,intel,136.43478260869566,36.42017278250127,120,319,103663.15217391304,245777.16118051755,669,679424,46
control_iovr5_intel,orion,intel,185.04347826086956,111.52856266380856,155,856,29188.891304347828,135318.18671383848,647,657868,46
control_iovr5_intel,ursa,intel,142.6122448979592,115.51331386585751,99,661,27713.428571428572,184889.6251605265,1286,1295528,49
control_iovr5_intel,wcoss2,intel,185.36170212765958,49.424701416227656,157,393,636.5531914893617,2.165023452411356,629,642,47
