test_name,machine,compiler,core_mean,core_std,core_min,core_max,mem_mean,mem_std,mem_min,mem_max,n_hashes
control_wam_debug_gnu,derecho,gnu,377.6666666666667,6.045151747402444,364,389,1403.7435897435898,0.8497042432191668,1402,1405,39
control_wam_debug_gnu,hera,gnu,391.6190476190476,6.859126697154601,382,404,1398.4285714285713,2.181087539999948,1395,1402,21
control_wam_debug_gnu,hercules,gnu,324.1875,22.08461123025462,290,408,30155.541666666668,199353.07177339308,1377,1382540,48
control_wam_debug_gnu,ursa,gnu,298.26,92.97460921769812,269,778,1304.54,1.1816626128520253,1301,1309,50
