test_name,machine,compiler,core_mean,core_std,core_min,core_max,mem_mean,mem_std,mem_min,mem_max,n_hashes
control_wrtGauss_netcdf_parallel_debug_intel,acorn,intel,164.77083333333334,6.527322553414396,148,175,1617.9166666666667,4.413872393210588,1611,1628,48
control_wrtGauss_netcdf_parallel_debug_intel,derecho,intel,131.87878787878788,1.8667748886377427,129,136,242589.81818181818,579132.2944578625,1588,1599724,33
control_wrtGauss_netcdf_parallel_debug_intel,gaeac6,intel,95.19148936170212,2.6427776714162983,92,107,125604.14893617021,411434.4410990903,1449,1462800,47
control_wrtGauss_netcdf_parallel_debug_intel,hera,intel,151.77551020408163,36.12609012549105,132,281,1703.2448979591836,64.11660296296282,1602,1760,49
control_wrtGauss_netcdf_parallel_debug_intel,hercules,intel,144.04,131.86123813482482,110,1052,1185327.1,745664.4567974462,1638,1656040,50
control_wrtGauss_netcdf_parallel_debug_intel,orion,intel,151.85714285714286,22.904693842092716,133,228,100949.28571428571,392975.4842025772,1614,1626176,49
control_wrtGauss_netcdf_parallel_debug_intel,ursa,intel,123.9,57.24198483269257,98,360,77035.53333333334,409557.5530144134,2246,2245500,30
control_wrtGauss_netcdf_parallel_debug_intel,wcoss2,intel,175.20833333333334,17.66588048565182,158,277,1616.7291666666667,6.187632081834001,1604,1628,48
