test_name,machine,compiler,core_mean,core_std,core_min,core_max,mem_mean,mem_std,mem_min,mem_max,n_hashes
control_iovr4_gfdlmpv3_intel,acorn,intel,185.70212765957447,5.698645505034016,172,197,917.4893617021277,2.0094595901854992,912,922,47
control_iovr4_gfdlmpv3_intel,derecho,intel,185.35714285714286,7.291798795244534,175,201,325510.14285714284,451938.6086821046,905,912052,14
control_iovr4_gfdlmpv3_intel,gaeac6,intel,119.73913043478261,3.8031260978229544,112,128,51927.065217391304,195783.66162594446,762,786004,46
control_iovr4_gfdlmpv3_intel,hera,intel,181.59574468085106,15.52929850100753,167,277,1076.8510638297873,5.073283489556088,1061,1084,47
control_iovr4_gfdlmpv3_intel,hercules,intel,178.14893617021278,29.21284613450812,140,245,333035.2340425532,467214.57784374076,967,983736,47
control_iovr4_gfdlmpv3_intel,orion,intel,225.4468085106383,99.4521533442608,185,797,21285.702127659573,139413.35759779962,942,956720,47
control_iovr4_gfdlmpv3_intel,ursa,intel,156.5625,78.27689701554974,122,576,34832.75,230247.37343261275,1587,1596800,48
control_iovr4_gfdlmpv3_intel,wcoss2,intel,232.4468085106383,37.371116788607644,187,353,917.9787234042553,2.5408776445236994,905,923,47
