test_name,machine,compiler,core_mean,core_std,core_min,core_max,mem_mean,mem_std,mem_min,mem_max,n_hashes
control_p8_mynn_intel,acorn,intel,188.56521739130434,6.503510757576473,178,201,1870.7391304347825,2.2552140337812845,1868,1874,46
control_p8_mynn_intel,derecho,intel,207.9375,7.920174661373742,195,227,1812.6875,1.3524668819112091,1811,1815,16
control_p8_mynn_intel,gaeac6,intel,120.26666666666667,3.512315993239167,114,133,144379.51111111112,944322.1629203289,1706,6338296,45
control_p8_mynn_intel,hera,intel,177.4047619047619,8.407486570297518,168,195,2021.2619047619048,6.43943462072651,2011,2035,42
control_p8_mynn_intel,hercules,intel,167.5,33.51599949609473,144,306,1914.5,5.451809077932045,1907,1929,46
control_p8_mynn_intel,orion,intel,206.24444444444444,21.196221313710566,187,260,1894.1777777777777,5.717949763241128,1883,1906,45
control_p8_mynn_intel,ursa,intel,149.55102040816325,85.71806043275677,126,595,2525.2244897959185,9.005242237447169,2512,2545,49
control_p8_mynn_intel,wcoss2,intel,225.93478260869566,49.630368021521775,192,441,1866.9565217391305,26.315146902910165,1766,1880,46
