test_name,machine,compiler,core_mean,core_std,core_min,core_max,mem_mean,mem_std,mem_min,mem_max,n_hashes
control_p8_rrtmgp_intel,acorn,intel,249.25531914893617,8.952697152756434,225,265,1910.659574468085,4.449116159148068,1906,1919,47
control_p8_rrtmgp_intel,derecho,intel,268.84615384615387,9.572931925017823,246,280,1853.6153846153845,1.4455945454184762,1852,1856,13
control_p8_rrtmgp_intel,gaeac6,intel,179.2826086956522,73.05026064094601,145,451,141039.41304347827,934258.5821648589,1750,6339724,46
control_p8_rrtmgp_intel,hera,intel,241.30434782608697,10.092614605007842,225,257,2068.282608695652,6.510378188291942,2047,2080,46
control_p8_rrtmgp_intel,hercules,intel,222.34782608695653,20.95520873069176,191,285,1972.2173913043478,6.88287098843766,1958,1987,46
control_p8_rrtmgp_intel,orion,intel,291.45652173913044,26.94909317933361,264,397,1941.3260869565217,7.572037294696245,1928,1955,46
control_p8_rrtmgp_intel,ursa,intel,210.85714285714286,121.57747872584517,155,712,2579.8367346938776,10.071301924228502,2558,2595,49
control_p8_rrtmgp_intel,wcoss2,intel,294.1276595744681,60.748453915297155,247,567,1913.9787234042553,5.135085460116609,1902,1922,47
