test_name,machine,compiler,core_mean,core_std,core_min,core_max,mem_mean,mem_std,mem_min,mem_max,n_hashes
control_diag_debug_gnu,derecho,gnu,110.46666666666667,11.177975059767382,103,166,1385.4666666666667,1.7759569219171962,1382,1388,30
control_diag_debug_gnu,hera,gnu,93.58620689655173,2.196055577284458,91,103,1371.2068965517242,4.117725710222882,1359,1380,29
control_diag_debug_gnu,hercules,gnu,75.1063829787234,5.308868882036977,70,96,1364.8085106382978,2.173339424783725,1362,1371,47
control_diag_debug_gnu,ursa,gnu,95.36734693877551,48.348859809699334,74,303,1280.4897959183672,3.0422199198638236,1264,1287,49
