test_name,machine,compiler,core_mean,core_std,core_min,core_max,mem_mean,mem_std,mem_min,mem_max,n_hashes
control_decomp_p8_intel,acorn,intel,180.52173913043478,5.084788340114883,170,192,1845.304347826087,1.2448929488539364,1843,1848,46
control_decomp_p8_intel,derecho,intel,210.5897435897436,12.6256171265907,195,255,1802.820512820513,2.222750724378744,1798,1808,39
control_decomp_p8_intel,gaeac6,intel,119.72916666666667,6.266220087452813,114,156,137688.89583333334,914121.2821039282,1700,6338956,48
control_decomp_p8_intel,hera,intel,170.1904761904762,4.190692635102793,166,181,1998.5714285714287,4.4449007702245655,1990,2006,21
control_decomp_p8_intel,hercules,intel,178.75,38.69053433087363,141,305,41299.125,273003.7661834072,1886,1893320,48
control_decomp_p8_intel,orion,intel,223.70212765957447,39.06567207287093,183,325,41590.02127659575,272271.7231836041,1864,1868476,47
control_decomp_p8_intel,ursa,intel,201.62,169.1930294796148,121,704,2504.24,7.747441974152293,2491,2521,50
control_decomp_p8_intel,wcoss2,intel,198.29166666666666,27.26072565286125,184,370,1800.3125,46.258366120845544,1748,1852,48
