test_name,machine,compiler,core_mean,core_std,core_min,core_max,mem_mean,mem_std,mem_min,mem_max,n_hashes
control_csawmg_debug_intel,acorn,intel,291.6,6.213621400527279,281,303,1108.4888888888888,2.31224234163835,1105,1115,45
control_csawmg_debug_intel,derecho,intel,302.5945945945946,9.673731497260048,286,330,1048.8108108108108,1.926969956489542,1045,1053,37
control_csawmg_debug_intel,gaeac6,intel,178.12765957446808,3.603241422824211,172,193,140283.02127659574,923898.2048921954,947,6339432,47
control_csawmg_debug_intel,hera,intel,257.3181818181818,3.427985159110558,251,264,1259.2272727272727,4.24187535101005,1249,1267,22
control_csawmg_debug_intel,hercules,intel,274.3191489361702,35.89483817982185,212,351,25683.31914893617,168152.02072983357,1147,1153948,47
control_csawmg_debug_intel,orion,intel,302.17391304347825,30.55290809786714,251,378,25825.630434782608,167470.85487044652,1126,1136976,46
control_csawmg_debug_intel,ursa,intel,219.3877551020408,97.94637485348181,180,548,1787.8979591836735,6.063019386545995,1775,1799,49
control_csawmg_debug_intel,wcoss2,intel,305.02127659574467,22.812553143906772,293,451,1061.1914893617022,46.90538038011356,1013,1111,47
