test_name,machine,compiler,core_mean,core_std,core_min,core_max,mem_mean,mem_std,mem_min,mem_max,n_hashes
control_ras_debug_gnu,derecho,gnu,102.73333333333333,2.778406059215436,99,109,602.0333333333333,3.056743064262926,593,607,30
control_ras_debug_gnu,hera,gnu,89.70588235294117,1.4901638283403993,87,92,593.5294117647059,6.8476058503942,589,619,17
control_ras_debug_gnu,hercules,gnu,74.45714285714286,7.220651987601284,68,95,580.0857142857143,2.5595430264407866,576,585,35
control_ras_debug_gnu,ursa,gnu,69.91891891891892,15.896153235537449,65,161,500.4054054054054,4.030849506958526,498,524,37
