test_name,machine,compiler,core_mean,core_std,core_min,core_max,mem_mean,mem_std,mem_min,mem_max,n_hashes
control_lndp_debug_intel,acorn,intel,194.6086956521739,5.096745196123005,186,209,818.6304347826087,3.8085208306998184,813,826,46
control_lndp_debug_intel,derecho,intel,175.0952380952381,3.832815700040402,169,183,749.8095238095239,0.7496030695673379,748,751,21
control_lndp_debug_intel,gaeac6,intel,117.0,2.5560386016907786,112,121,141296.1739130435,934200.0253060799,639,6339580,46
control_lndp_debug_intel,hera,intel,162.56756756756758,2.587797653738928,158,170,952.1081081081081,3.9845798871244726,944,959,37
control_lndp_debug_intel,hercules,intel,147.6304347826087,10.762813955987896,135,177,851.0217391304348,4.959790006463296,842,862,46
control_lndp_debug_intel,orion,intel,167.53333333333333,15.498680295724887,159,267,825.0888888888888,4.930527457595301,815,834,45
control_lndp_debug_intel,ursa,intel,125.46938775510205,26.944466068205543,115,305,1474.7142857142858,5.986094998689369,1462,1488,49
control_lndp_debug_intel,wcoss2,intel,200.7608695652174,13.72132935349389,190,280,806.304347826087,37.90565455631904,724,830,46
