test_name,machine,compiler,core_mean,core_std,core_min,core_max,mem_mean,mem_std,mem_min,mem_max,n_hashes
control_p8_lndp_intel,acorn,intel,304.6595744680851,7.9653504951532845,285,316,1865.7446808510638,5.062513918848862,1857,1870,47
control_p8_lndp_intel,derecho,intel,294.0,4.0276819911981985,288,303,743112.1,956974.909832303,1815,1860244,10
control_p8_lndp_intel,gaeac6,intel,193.52173913043478,5.344734191227769,181,206,139801.71739130435,934421.6464012059,1708,6339580,46
control_p8_lndp_intel,hera,intel,299.7708333333333,14.409275356937902,276,315,2016.8541666666667,7.089067349554759,1995,2031,48
control_p8_lndp_intel,hercules,intel,283.5,42.28251543027104,233,433,416752.54347826086,795811.7222761983,1896,1914540,46
control_p8_lndp_intel,orion,intel,341.7608695652174,64.35049331852991,303,667,84347.63043478261,391038.06140842655,1874,1902768,46
control_p8_lndp_intel,ursa,intel,265.0816326530612,196.7543769880243,198,1319,53861.857142857145,359418.2292942884,2500,2518444,49
control_p8_lndp_intel,wcoss2,intel,358.59574468085106,72.45948180354135,310,675,1868.9148936170213,5.40462679093627,1854,1875,47
