test_name,machine,compiler,core_mean,core_std,core_min,core_max,mem_mean,mem_std,mem_min,mem_max,n_hashes
control_c48_gnu,hera,gnu,573.6938775510204,15.957239842822428,563,648,1537.9591836734694,1.9467834975658753,1533,1542,49
control_c48_gnu,hercules,gnu,465.83673469387753,10.937982253702584,454,518,616117.1632653062,780202.5296610316,1578,1590528,49
control_c48_gnu,ursa,gnu,392.51063829787233,167.09654490488109,339,1382,33693.1914893617,220623.72964291376,1501,1514032,47
