test_name,machine,compiler,core_mean,core_std,core_min,core_max,mem_mean,mem_std,mem_min,mem_max,n_hashes
control_iovr5_intel,acorn,intel,159.5609756097561,5.567983389378084,149,169,631.9756097560976,2.1620338211745156,628,637,41
control_iovr5_intel,derecho,intel,146.0,2.738612787525826,144,152,577.4444444444445,0.527046276694734,577,578,9
control_iovr5_intel,gaeac6,intel,103.65,3.4009802508492593,96,114,160570.8,1002062.9666525566,468,6339712,40
control_iovr5_intel,hera,intel,146.07142857142858,4.5230728662392865,140,156,781.452380952381,3.4584811339336237,774,789,42
control_iovr5_intel,hercules,intel,132.4,25.694257564577963,120,285,675.525,2.385721414303543,671,680,40
control_iovr5_intel,orion,intel,161.075,3.2454109612947875,155,168,654.15,4.486732578477347,647,666,40
control_iovr5_intel,ursa,intel,164.06976744186048,152.07867565191336,99,661,1300.2558139534883,8.813120692780558,1286,1326,43
control_iovr5_intel,wcoss2,intel,182.9512195121951,51.43828886127152,157,393,636.1219512195122,2.3472869653199724,629,642,41
