test_name,machine,compiler,core_mean,core_std,core_min,core_max,mem_mean,mem_std,mem_min,mem_max,n_hashes
control_c48_lnd_iau_intel,acorn,intel,396.8085106382979,12.328190208645285,375,420,1595.2340425531916,3.630862671222925,1589,1601,47
control_c48_lnd_iau_intel,derecho,intel,337.9230769230769,3.2005608482873384,334,344,1555.4615384615386,1.2659242088546048,1554,1558,13
control_c48_lnd_iau_intel,gaeac6,intel,273.3478260869565,10.631645406895903,258,293,140858.36956521738,933926.1717691812,1556,6337336,46
control_c48_lnd_iau_intel,hera,intel,415.82608695652175,24.112057240057858,381,451,1721.9565217391305,5.830786193374806,1701,1731,46
control_c48_lnd_iau_intel,hercules,intel,366.1304347826087,31.70181116147579,333,425,1713.695652173913,6.725968134253604,1701,1726,46
control_c48_lnd_iau_intel,orion,intel,536.2173913043479,19.189016584700823,507,562,1712.7391304347825,3.389098750134676,1703,1720,46
control_c48_lnd_iau_intel,ursa,intel,277.7142857142857,13.189326492787064,256,307,1669.1632653061224,2.6563362831124593,1664,1674,49
control_c48_lnd_iau_intel,wcoss2,intel,409.97872340425533,20.0233443778507,386,496,1597.5106382978724,3.6527079914325604,1592,1605,47
