test_name,machine,compiler,core_mean,core_std,core_min,core_max,mem_mean,mem_std,mem_min,mem_max,n_hashes
control_csawmg_debug_gnu,hera,gnu,145.89583333333334,25.451028975004625,134,300,837.8958333333334,5.817214304931815,829,857,48
control_csawmg_debug_gnu,hercules,gnu,140.85416666666666,42.987375476465296,104,295,292900.0416666667,398594.56963606505,812,837692,48
control_csawmg_debug_gnu,ursa,gnu,122.0204081632653,57.820660161369645,102,416,15910.469387755102,106176.22337908766,730,743976,49
