test_name,machine,compiler,core_mean,core_std,core_min,core_max,mem_mean,mem_std,mem_min,mem_max,n_hashes
control_stochy_intel,acorn,intel,113.36170212765957,4.151613263774926,106,126,634.9574468085107,2.9996916276910017,629,643,47
control_stochy_intel,derecho,intel,100.7,9.104943712072032,88,112,588.6,16.38563056122317,578,613,10
control_stochy_intel,gaeac6,intel,82.1086956521739,28.029530666280884,69,186,139426.6739130435,934418.3013135216,472,6339168,46
control_stochy_intel,hera,intel,99.70833333333333,3.913741928963228,93,113,783.1041666666666,3.9692412230203824,769,789,48
control_stochy_intel,hercules,intel,90.21739130434783,13.474111875046015,82,175,59436.17391304348,192500.89764504178,672,679260,46
control_stochy_intel,orion,intel,110.23913043478261,6.474513392641765,104,150,14929.021739130434,96807.50843434708,648,657236,46
control_stochy_intel,ursa,intel,143.44897959183675,136.8323276289406,69,515,27729.979591836734,184978.79477788458,1292,1296156,49
control_stochy_intel,wcoss2,intel,129.80851063829786,32.770372553555106,107,288,639.6170212765958,2.1422579665366372,633,644,47
