test_name,machine,compiler,core_mean,core_std,core_min,core_max,mem_mean,mem_std,mem_min,mem_max,n_hashes
control_noqr_p8_intel,acorn,intel,177.58695652173913,4.842295538993511,165,188,1854.1521739130435,2.7403762215703207,1850,1860,46
control_noqr_p8_intel,derecho,intel,205.0909090909091,9.354953314429288,194,227,1801.6818181818182,1.1291110551630565,1800,1804,22
control_noqr_p8_intel,gaeac6,intel,114.95652173913044,6.401237803005604,107,142,141875.84782608695,933917.6618329658,1698,6338296,46
control_noqr_p8_intel,hera,intel,164.5,5.983310120660623,157,178,2007.2222222222222,7.7647964230921,1977,2018,36
control_noqr_p8_intel,hercules,intel,177.17391304347825,61.521921783242284,135,505,1900.5434782608695,4.009469467476732,1893,1910,46
control_noqr_p8_intel,orion,intel,202.2888888888889,31.583671142352692,174,313,1880.4888888888888,6.070128882195536,1871,1894,45
control_noqr_p8_intel,ursa,intel,161.91836734693877,141.22084311677312,117,760,2505.204081632653,6.958147478067078,2493,2525,49
control_noqr_p8_intel,wcoss2,intel,208.08695652173913,39.65003914077179,179,405,1837.7173913043478,41.12456040614938,1748,1865,46
