test_name,machine,compiler,core_mean,core_std,core_min,core_max,mem_mean,mem_std,mem_min,mem_max,n_hashes
control_CubedSphereGrid_debug_intel,acorn,intel,160.75,5.11776214391624,154,175,1609.6875,3.5679200091214214,1600,1616,48
control_CubedSphereGrid_debug_intel,derecho,intel,130.11764705882354,1.9000773978043923,127,134,469211.4117647059,746729.0724292228,1587,1595180,17
control_CubedSphereGrid_debug_intel,gaeac6,intel,103.29787234042553,38.275270080333584,90,248,124625.72340425532,408235.5367939755,1430,1453064,47
control_CubedSphereGrid_debug_intel,hera,intel,144.4375,37.408558726011435,127,260,1743.9166666666667,6.982754846636549,1720,1754,48
control_CubedSphereGrid_debug_intel,hercules,intel,125.16666666666667,27.92187682935656,108,253,616490.5,802174.3918867073,1627,1647968,48
control_CubedSphereGrid_debug_intel,orion,intel,137.75,9.315966618797708,128,183,69158.875,327332.9614378701,1607,1623144,48
control_CubedSphereGrid_debug_intel,ursa,intel,112.08333333333333,48.11194098400341,96,355,49097.416666666664,324604.09643754567,2225,2251168,48
control_CubedSphereGrid_debug_intel,wcoss2,intel,173.16666666666666,24.412530209006892,157,323,1609.6041666666667,4.684694787094226,1598,1620,48
