test_name,machine,compiler,core_mean,core_std,core_min,core_max,mem_mean,mem_std,mem_min,mem_max,n_hashes
control_c48_lnd_iau_intel,acorn,intel,395.2608695652174,11.963713252272811,375,420,1594.9565217391305,3.589840737656635,1589,1601,46
control_c48_lnd_iau_intel,derecho,intel,337.5625,3.1191612120354884,333,344,1555.75,1.4375905768564978,1554,1558,16
control_c48_lnd_iau_intel,gaeac6,intel,271.5111111111111,9.85029354020898,258,293,144270.57777777777,944192.5897893942,1556,6337336,45
control_c48_lnd_iau_intel,hera,intel,412.8809523809524,23.145565219167807,381,451,1721.5,5.840355819430961,1701,1731,42
control_c48_lnd_iau_intel,hercules,intel,361.7826086956522,29.70739753999054,333,425,1713.9782608695652,6.826383882277074,1701,1726,46
control_c48_lnd_iau_intel,orion,intel,533.3333333333334,17.737992097088245,507,562,1712.6888888888889,3.482568424063269,1703,1720,45
control_c48_lnd_iau_intel,ursa,intel,275.2857142857143,12.096831541082716,256,307,1668.7551020408164,2.626234727425862,1664,1673,49
control_c48_lnd_iau_intel,wcoss2,intel,407.7391304347826,20.64777069764698,385,496,1597.5,3.72230514003823,1592,1605,46
