test_name,machine,compiler,core_mean,core_std,core_min,core_max,mem_mean,mem_std,mem_min,mem_max,n_hashes
control_iovr4_intel,acorn,intel,159.375,4.620145525938663,151,168,631.7916666666666,1.956531161110699,627,638,48
control_iovr4_intel,derecho,intel,128.66666666666666,2.0571543592961157,125,133,127794.125,253253.3442487139,609,612552,24
control_iovr4_intel,gaeac6,intel,104.06382978723404,4.503159544524406,97,116,42125.68085106383,138001.45190573751,474,491496,47
control_iovr4_intel,hera,intel,157.29166666666666,29.34095847056859,137,322,763.9791666666666,43.861721586907436,651,793,48
control_iovr4_intel,hercules,intel,146.59183673469389,89.84776902427492,119,756,360180.79591836734,341643.96897739056,667,685124,49
control_iovr4_intel,orion,intel,194.6530612244898,114.23505573677316,156,882,40597.67346938775,158033.6717260739,645,656580,49
control_iovr4_intel,ursa,intel,120.5,33.59868739804868,103,303,33670.2,204710.90391238482,1293,1296008,40
control_iovr4_intel,wcoss2,intel,185.66666666666666,45.87370884417965,155,380,635.5208333333334,4.089371711266608,624,640,48
