test_name,machine,compiler,core_mean,core_std,core_min,core_max,mem_mean,mem_std,mem_min,mem_max,n_hashes
control_restart_p8_atmlnd_intel,acorn,intel,130.72340425531914,8.316306997228724,118,150,1028.8510638297873,3.9451606205481564,1022,1043,47
control_restart_p8_atmlnd_intel,derecho,intel,140.53333333333333,5.462936770723183,131,153,171692.56666666668,388137.6032963926,1021,1026292,30
control_restart_p8_atmlnd_intel,gaeac6,intel,98.5,41.411619410767095,82,353,90401.23913043478,292794.55889967055,1015,1031828,46
control_restart_p8_atmlnd_intel,hera,intel,118.1875,23.275095127442324,107,248,1100.4791666666667,9.538253516333214,1079,1126,48
control_restart_p8_atmlnd_intel,hercules,intel,127.71428571428571,69.56112420023128,92,502,778392.0408163265,546835.1660950171,1140,1166084,49
control_restart_p8_atmlnd_intel,orion,intel,196.45833333333334,167.97846345409033,122,1194,68303.10416666667,263111.7777813962,1062,1081252,48
control_restart_p8_atmlnd_intel,ursa,intel,92.39393939393939,17.57295399530802,86,189,39581.69696969697,220148.57169328353,1200,1265916,33
