test_name,machine,compiler,core_mean,core_std,core_min,core_max,mem_mean,mem_std,mem_min,mem_max,n_hashes
control_CubedSphereGrid_debug_intel,acorn,intel,160.8913043478261,4.418286550083333,153,172,1605.0217391304348,3.402542385627218,1600,1614,46
control_CubedSphereGrid_debug_intel,derecho,intel,147.7,3.8402302562545167,142,155,1546.25,1.831737742662603,1543,1550,20
control_CubedSphereGrid_debug_intel,gaeac6,intel,96.82608695652173,3.5295851051494376,91,109,141548.26086956522,934027.0748886467,1430,6338692,46
control_CubedSphereGrid_debug_intel,hera,intel,131.1315789473684,3.180778866300131,127,144,1742.6842105263158,5.209685694508063,1734,1754,38
control_CubedSphereGrid_debug_intel,hercules,intel,128.45652173913044,28.135944998634454,111,253,1635.5652173913043,5.752882075439639,1625,1647,46
control_CubedSphereGrid_debug_intel,orion,intel,137.4,5.844189033094791,131,162,1615.111111111111,5.028203285750089,1604,1626,45
control_CubedSphereGrid_debug_intel,ursa,intel,115.14285714285714,51.3963357967602,96,355,2240.1428571428573,8.154753215150071,2220,2257,49
control_CubedSphereGrid_debug_intel,wcoss2,intel,175.06521739130434,29.006054673627514,160,323,1595.3695652173913,35.341105243141,1508,1615,46
