test_name,machine,compiler,core_mean,core_std,core_min,core_max,mem_mean,mem_std,mem_min,mem_max,n_hashes
control_noqr_p8_intel,acorn,intel,180.875,4.715862773886395,172,191,1858.5208333333333,1.6883780878037582,1854,1863,48
control_noqr_p8_intel,derecho,intel,182.48,6.77077051252908,170,193,371138.6,753819.2673320308,1839,1852148,25
control_noqr_p8_intel,gaeac6,intel,113.12765957446808,2.1530263965404153,107,120,147930.1914893617,484574.3343277254,1698,1723656,47
control_noqr_p8_intel,hera,intel,184.91666666666666,34.632313857444856,157,351,1991.0208333333333,45.1519842797319,1889,2021,48
control_noqr_p8_intel,hercules,intel,203.3469387755102,75.13530878255801,135,541,1050757.4285714286,956589.7012095234,1897,1914904,49
control_noqr_p8_intel,orion,intel,228.30612244897958,106.39846570041017,175,802,117099.0,455842.0853446218,1864,1887152,49
control_noqr_p8_intel,ursa,intel,189.7948717948718,164.94531462007248,121,797,66825.15384615384,401635.3528311037,2500,2510724,39
control_noqr_p8_intel,wcoss2,intel,220.77083333333334,42.51770073612312,179,382,1858.0416666666667,5.705385038690791,1845,1864,48
