test_name,machine,compiler,core_mean,core_std,core_min,core_max,mem_mean,mem_std,mem_min,mem_max,n_hashes
control_decomp_p8_intel,acorn,intel,184.85714285714286,5.041494487418056,175,194,1860.2448979591836,4.303731966972133,1846,1864,49
control_decomp_p8_intel,derecho,intel,185.0,9.36960371009417,167,202,463273.35,819977.9751558976,1837,1848960,20
control_decomp_p8_intel,gaeac6,intel,117.58333333333333,3.260552970549447,113,128,144778.6875,479499.4034435601,1706,1719580,48
control_decomp_p8_intel,hera,intel,188.89795918367346,35.229748850674945,163,359,1993.3265306122448,30.608677796706353,1871,2017,49
control_decomp_p8_intel,hercules,intel,192.40816326530611,44.87339522077035,139,308,778012.5510204082,944256.4114497285,1890,1913652,49
control_decomp_p8_intel,orion,intel,210.0612244897959,49.99767001373885,179,438,78463.3469387755,375110.33507275954,1868,1883440,49
control_decomp_p8_intel,ursa,intel,170.5,136.40474902126962,123,762,57170.15217391304,370713.9952439507,2495,2516816,46
control_decomp_p8_intel,wcoss2,intel,243.9387755102041,128.73153721396085,182,1073,1853.1836734693877,4.5901773267659935,1839,1862,49
