test_name,machine,compiler,core_mean,core_std,core_min,core_max,mem_mean,mem_std,mem_min,mem_max,n_hashes
control_2threads_p8_intel,acorn,intel,254.54166666666666,92.74558160797429,160,363,1939.2291666666667,5.875443245690753,1931,1953,48
control_2threads_p8_intel,derecho,intel,283.3076923076923,7.3852243338668195,272,301,373099.53846153844,775729.5393784733,1927,1933752,26
control_2threads_p8_intel,gaeac6,intel,129.31914893617022,2.529017535472446,125,136,155059.25531914894,507922.86665520165,1790,1808156,47
control_2threads_p8_intel,hera,intel,206.25,29.559532429434817,194,368,2019.0833333333333,22.623498735506406,1966,2047,48
control_2threads_p8_intel,hercules,intel,215.89795918367346,54.69622355106703,175,497,1139226.6734693877,995086.8501779211,1981,1999464,49
control_2threads_p8_intel,orion,intel,260.42857142857144,91.84066818862618,219,792,122510.91836734694,476894.11214981455,1961,1976384,49
control_2threads_p8_intel,ursa,intel,164.8421052631579,105.96596248918277,104,383,55227.21052631579,327586.4409269677,2018,2021464,38
control_2threads_p8_intel,wcoss2,intel,291.8541666666667,85.97673846301441,187,400,1933.9791666666667,7.114532873926691,1914,1949,48
