test_name,machine,compiler,core_mean,core_std,core_min,core_max,mem_mean,mem_std,mem_min,mem_max,n_hashes
control_p8_gnu,derecho,gnu,275.0238095238095,11.698422022499107,258,304,1554.5,8.261724853865312,1537,1574,42
control_p8_gnu,hera,gnu,266.22222222222223,2.211083193570271,261,271,1540.0555555555557,10.343922468103854,1514,1559,18
control_p8_gnu,hercules,gnu,224.35416666666666,26.652603228676334,206,312,33498.104166666664,221459.85366703136,1511,1535852,48
control_p8_gnu,ursa,gnu,225.32,117.29057585191347,181,683,1453.82,10.27517316999909,1426,1481,50
