test_name,machine,compiler,core_mean,core_std,core_min,core_max,mem_mean,mem_std,mem_min,mem_max,n_hashes
control_p8_atmlnd_intel,acorn,intel,208.35555555555555,18.372602571560876,191,320,1861.9777777777779,1.4379418512849507,1859,1865,45
control_p8_atmlnd_intel,gaeac6,intel,148.625,4.545865552017713,142,163,6338.791666666667,0.7133479152748998,6338,6342,48
control_p8_atmlnd_intel,hera,intel,184.0,1.8856180831641287,182,187,1846.2,8.297255235585121,1837,1864,10
control_p8_atmlnd_intel,hercules,intel,184.02083333333334,28.343252852654437,154,301,41158.770833333336,272120.546186619,1873,1887188,48
control_p8_atmlnd_intel,orion,intel,234.27659574468086,29.6330471570388,209,328,41248.36170212766,270048.94998277834,1848,1853220,47
control_p8_atmlnd_intel,ursa,intel,146.92,8.487301438872407,138,177,1909.9,11.272596354497423,1892,1941,50
