test_name,machine,compiler,core_mean,core_std,core_min,core_max,mem_mean,mem_std,mem_min,mem_max,n_hashes
control_p8_ugwpv1_tempo_aerosol_intel,acorn,intel,187.875,5.139024661167243,172,197,1885.7916666666667,1.1290804643759698,1884,1889,48
control_p8_ugwpv1_tempo_aerosol_intel,derecho,intel,191.3846153846154,6.27877989127481,181,205,722468.2307692308,948707.1580348308,1870,1879512,13
control_p8_ugwpv1_tempo_aerosol_intel,gaeac6,intel,120.61702127659575,16.284899902896655,111,228,76125.36170212766,356633.64019027475,1729,1750256,47
control_p8_ugwpv1_tempo_aerosol_intel,hera,intel,179.66666666666666,8.08027104383535,164,194,2043.1666666666667,8.975933148510217,2010,2055,48
control_p8_ugwpv1_tempo_aerosol_intel,hercules,intel,185.02083333333334,35.517145744611454,142,291,609422.0208333334,910577.0572343647,1933,1951896,48
control_p8_ugwpv1_tempo_aerosol_intel,orion,intel,217.20833333333334,73.72460495578477,181,647,41885.979166666664,276898.46977136395,1894,1920328,48
control_p8_ugwpv1_tempo_aerosol_intel,ursa,intel,178.6326530612245,105.8567612935736,125,608,54379.5306122449,362797.81858880556,2532,2542136,49
control_p8_ugwpv1_tempo_aerosol_intel,wcoss2,intel,244.1875,73.51701387969477,195,555,1884.4791666666667,3.25504246031283,1876,1889,48
