test_name,machine,compiler,core_mean,core_std,core_min,core_max,mem_mean,mem_std,mem_min,mem_max,n_hashes
control_c192_intel,acorn,intel,436.51063829787233,10.995794335198307,414,453,1703.531914893617,1.599606797198291,1701,1708,47
control_c192_intel,derecho,intel,379.7,6.307843442008441,373,395,1669.1,17.615964981295324,1655,1693,10
control_c192_intel,gaeac6,intel,287.8478260869565,34.0365603375771,265,505,140263.65217391305,934240.2661820333,1677,6338832,46
control_c192_intel,hera,intel,434.5416666666667,24.995283242987327,397,481,1919.5,7.624149760758097,1894,1938,48
control_c192_intel,hercules,intel,411.69565217391306,88.83839749548174,342,874,200002.95652173914,573790.6323595338,1808,1830148,46
control_c192_intel,orion,intel,492.1304347826087,69.26907557429848,454,933,40610.891304347824,263310.7148120915,1777,1787648,46
control_c192_intel,ursa,intel,292.9183673469388,9.803988845307364,273,321,38849.163265306124,259158.497485238,1799,1815936,49
control_c192_intel,wcoss2,intel,475.17021276595744,73.35302345475436,421,710,1706.9787234042553,5.799135474182209,1686,1716,47
