test_name,machine,compiler,core_mean,core_std,core_min,core_max,mem_mean,mem_std,mem_min,mem_max,n_hashes
control_p8_ugwpv1_tempo_aerosol_hail_intel,acorn,intel,146.04444444444445,8.137889930765374,136,170,2430.1111111111113,1.4016584693306913,2426,2433,45
control_p8_ugwpv1_tempo_aerosol_hail_intel,derecho,intel,186.52173913043478,18.22786527445734,155,242,2392.8478260869565,5.5895433775115695,2366,2398,46
control_p8_ugwpv1_tempo_aerosol_hail_intel,gaeac6,intel,95.89583333333333,5.90794482512638,90,124,6338.958333333333,0.544150062740205,6338,6342,48
control_p8_ugwpv1_tempo_aerosol_hail_intel,hera,intel,122.66666666666667,1.581138830084189,121,125,2387.777777777778,15.303412836502993,2371,2413,9
control_p8_ugwpv1_tempo_aerosol_hail_intel,hercules,intel,138.25,39.93318888428629,97,295,52827.854166666664,349153.7517784045,2420,2421440,48
control_p8_ugwpv1_tempo_aerosol_hail_intel,orion,intel,172.19148936170214,34.440647306112226,125,246,53350.234042553195,349251.7505311215,2386,2396756,47
control_p8_ugwpv1_tempo_aerosol_hail_intel,ursa,intel,118.13513513513513,9.168672999107589,104,140,2416.6486486486488,21.528038843714015,2384,2462,37
control_p8_ugwpv1_tempo_aerosol_hail_intel,wcoss2,intel,151.87755102040816,6.963095136327736,142,172,2369.0408163265306,35.122380794203636,2333,2436,49
