test_name,machine,compiler,core_mean,core_std,core_min,core_max,mem_mean,mem_std,mem_min,mem_max,n_hashes
control_lndp_intel,acorn,intel,108.63829787234043,5.1220984656634405,100,121,636.7659574468086,1.8674880356690975,632,641,47
control_lndp_intel,derecho,intel,90.5,8.289886743630584,81,99,593.4,19.050809256651856,578,617,10
control_lndp_intel,gaeac6,intel,76.5,44.380050573302526,64,370,139307.26086956522,934498.1426593144,469,6339580,46
control_lndp_intel,hera,intel,93.22916666666667,4.458983680278827,87,114,783.1458333333334,5.786961071211432,763,798,48
control_lndp_intel,hercules,intel,82.08695652173913,5.21035757764825,75,106,74332.93478260869,213242.80099073317,675,680036,46
control_lndp_intel,orion,intel,108.43478260869566,32.64601535931422,97,319,14943.239130434782,96901.22253332338,649,657872,46
control_lndp_intel,ursa,intel,160.69387755102042,266.13915564994943,64,1270,27944.591836734693,186487.4971898159,1288,1306716,49
control_lndp_intel,wcoss2,intel,129.51063829787233,47.356131020554166,103,408,642.5531914893617,5.42862185505149,633,653,47
