test_name,machine,compiler,core_mean,core_std,core_min,core_max,mem_mean,mem_std,mem_min,mem_max,n_hashes
control_wrtGauss_netcdf_parallel_debug_intel,acorn,intel,167.02173913043478,4.504265289378656,160,177,1614.0434782608695,3.7886175827610518,1608,1622,46
control_wrtGauss_netcdf_parallel_debug_intel,derecho,intel,150.5,3.391164991562635,145,157,1551.1818181818182,1.4682793180604732,1549,1554,22
control_wrtGauss_netcdf_parallel_debug_intel,gaeac6,intel,99.95652173913044,3.5462438453422815,95,114,141783.8260869565,934125.3866382724,1437,6339580,46
control_wrtGauss_netcdf_parallel_debug_intel,hera,intel,137.02777777777777,2.7927059188547463,133,148,1749.5833333333333,6.267261876495304,1736,1762,36
control_wrtGauss_netcdf_parallel_debug_intel,hercules,intel,126.1086956521739,21.442665942119092,114,257,1642.7391304347825,4.234434411182763,1632,1651,46
control_wrtGauss_netcdf_parallel_debug_intel,orion,intel,141.84444444444443,6.5676741266862075,135,181,1620.5111111111112,4.789297833438013,1612,1633,45
control_wrtGauss_netcdf_parallel_debug_intel,ursa,intel,106.63265306122449,22.326827918402543,98,250,2253.3061224489797,8.02652914204059,2239,2270,49
control_wrtGauss_netcdf_parallel_debug_intel,wcoss2,intel,173.56521739130434,15.85861444685231,163,263,1600.0434782608695,39.96718460700769,1515,1624,46
