test_name,machine,compiler,core_mean,core_std,core_min,core_max,mem_mean,mem_std,mem_min,mem_max,n_hashes
control_csawmg_intel,acorn,intel,394.73333333333335,7.62293191030138,382,413,959.4222222222222,1.2337837015547828,957,963,45
control_csawmg_intel,derecho,intel,404.3333333333333,12.191331815210809,387,432,917.1944444444445,1.5084418535020652,914,920,36
control_csawmg_intel,gaeac6,intel,252.0,6.100605814535773,244,273,140148.4255319149,923938.2808571178,815,6339564,47
control_csawmg_intel,hera,intel,348.4782608695652,2.777663590099212,345,357,1159.2608695652175,2.614946397927052,1154,1166,23
control_csawmg_intel,hercules,intel,331.5744680851064,21.733309118824817,316,393,23903.531914893618,156508.1067468129,1069,1074040,47
control_csawmg_intel,orion,intel,385.9782608695652,26.37885443594276,370,474,23654.217391304348,153365.32865980323,1034,1041216,46
control_csawmg_intel,ursa,intel,334.9591836734694,215.6104665811002,258,1102,1763.4489795918366,41.00511209211696,1718,1909,49
control_csawmg_intel,wcoss2,intel,409.0425531914894,27.723759584757143,390,579,916.2765957446809,45.05199996895344,866,961,47
