test_name,machine,compiler,core_mean,core_std,core_min,core_max,mem_mean,mem_std,mem_min,mem_max,n_hashes
control_2threads_p8_intel,acorn,intel,165.6086956521739,5.454776748133756,154,176,1931.5217391304348,6.306043416824701,1924,1947,46
control_2threads_p8_intel,derecho,intel,307.72727272727275,8.333419912970154,296,332,1888.2272727272727,5.450485502025697,1880,1896,22
control_2threads_p8_intel,gaeac6,intel,128.65217391304347,5.237545613927484,121,150,141935.15217391305,934058.7376302287,1781,6339292,46
control_2threads_p8_intel,hera,intel,215.97222222222223,25.2354468511611,181,250,2020.25,9.949515422514859,2002,2047,36
control_2threads_p8_intel,hercules,intel,208.17391304347825,28.867747745596336,165,303,1987.804347826087,5.867498294152662,1978,2007,46
control_2threads_p8_intel,orion,intel,225.04444444444445,28.669714425723278,199,316,1965.6666666666667,7.332988972630959,1954,1988,45
control_2threads_p8_intel,ursa,intel,103.57142857142857,3.227486121839514,98,113,2015.1632653061224,4.718522627084858,2010,2026,49
control_2threads_p8_intel,wcoss2,intel,193.7173913043478,40.39728431107895,169,389,1912.6739130434783,39.12774199000927,1831,1946,46
