test_name,machine,compiler,core_mean,core_std,core_min,core_max,mem_mean,mem_std,mem_min,mem_max,n_hashes
control_p8_ugwpv1_intel,acorn,intel,179.33333333333334,4.80838511102081,169,195,1864.2083333333333,2.5176680643542597,1856,1868,48
control_p8_ugwpv1_intel,derecho,intel,184.23529411764707,4.191202270302423,180,195,545863.4117647059,868719.6644228834,1846,1857328,17
control_p8_ugwpv1_intel,gaeac6,intel,114.82978723404256,10.14100404285615,107,180,148559.36170212767,486642.6407058802,1707,1731948,47
control_p8_ugwpv1_intel,hera,intel,182.125,32.82748264825185,157,320,2015.5,8.515317862409688,1990,2028,48
control_p8_ugwpv1_intel,hercules,intel,183.1875,43.850644115699176,135,336,718377.0208333334,934750.3672343687,1903,1923328,48
control_p8_ugwpv1_intel,orion,intel,219.08333333333334,78.57205212979055,174,666,80428.64583333333,380643.8377185222,1882,1888336,48
control_p8_ugwpv1_intel,ursa,intel,140.8125,61.220096912349355,120,549,54723.979166666664,361692.3069364928,2500,2508396,48
control_p8_ugwpv1_intel,wcoss2,intel,231.0625,68.15701716889978,180,623,1865.9375,4.614529551181163,1852,1871,48
