test_name,machine,compiler,core_mean,core_std,core_min,core_max,mem_mean,mem_std,mem_min,mem_max,n_hashes
control_debug_p8_intel,acorn,intel,187.89583333333334,5.516858431240962,179,202,1902.5416666666667,3.4453689752895933,1895,1910,48
control_debug_p8_intel,derecho,intel,182.1818181818182,4.468068527186704,173,187,857948.0909090909,983549.6499302366,1878,1892400,11
control_debug_p8_intel,gaeac6,intel,111.46808510638297,2.7729364738939895,106,118,211091.95744680852,980489.4640147169,1730,6339584,47
control_debug_p8_intel,hera,intel,170.70833333333334,39.578071692103045,155,322,2038.375,6.292937615278573,2020,2052,48
control_debug_p8_intel,hercules,intel,192.35416666666666,33.83847085683804,129,299,527189.75,870975.0420525288,1928,1949896,48
control_debug_p8_intel,orion,intel,205.25,29.444863728670917,159,259,81864.5625,387472.8089891644,1906,1927484,48
control_debug_p8_intel,ursa,intel,128.14285714285714,12.382783747337808,117,167,54772.5918367347,365568.49715619406,2522,2561528,49
control_debug_p8_intel,wcoss2,intel,224.16666666666666,27.225092722686274,193,295,1901.7916666666667,5.4770637161123785,1893,1910,48
