test_name,machine,compiler,core_mean,core_std,core_min,core_max,mem_mean,mem_std,mem_min,mem_max,n_hashes
control_lndp_debug_intel,acorn,intel,198.3111111111111,11.165739445900448,182,232,816.9333333333333,2.3779288161224112,813,822,45
control_lndp_debug_intel,derecho,intel,173.91304347826087,3.0827555275292204,169,183,749.1304347826087,1.796400050127109,745,752,46
control_lndp_debug_intel,gaeac6,intel,119.4888888888889,2.302392256113215,116,129,6338.644444444444,0.4840903163081763,6338,6339,45
control_lndp_debug_intel,hera,intel,162.66666666666666,3.0110906108363267,159,168,949.6666666666666,3.0110906108363404,946,954,6
control_lndp_debug_intel,hercules,intel,146.38297872340425,7.137022858457603,136,170,18813.127659574468,123160.17652080368,842,845192,47
control_lndp_debug_intel,orion,intel,169.5,7.126632366615294,161,191,18697.630434782608,121223.20175616523,817,823000,46
control_lndp_debug_intel,ursa,intel,163.64,105.54905233577225,115,522,1473.74,7.558776490994833,1440,1491,50
control_lndp_debug_intel,wcoss2,intel,196.16326530612244,3.869468841539659,191,211,740.9795918367347,36.0973739787712,722,825,49
