test_name,machine,compiler,core_mean,core_std,core_min,core_max,mem_mean,mem_std,mem_min,mem_max,n_hashes
control_CubedSphereGrid_parallel_intel,acorn,intel,161.1590909090909,9.363320773022776,147,190,1575.5,2.6281127723493443,1571,1582,44
control_CubedSphereGrid_parallel_intel,derecho,intel,148.63636363636363,3.717281509138338,143,164,1520.3863636363637,1.2798239175926354,1518,1522,44
control_CubedSphereGrid_parallel_intel,gaeac6,intel,105.95744680851064,11.954546973411432,100,182,6338.744680851064,0.44075454602637865,6338,6339,47
control_CubedSphereGrid_parallel_intel,hera,intel,144.53846153846155,3.0988004296120946,141,150,1726.3076923076924,4.75016868796279,1718,1735,13
control_CubedSphereGrid_parallel_intel,hercules,intel,138.43478260869566,17.22356547667958,120,193,36841.32608695652,238887.32827107277,1610,1621832,46
control_CubedSphereGrid_parallel_intel,orion,intel,165.44444444444446,4.104075333547646,160,181,37003.64444444444,237511.94234005042,1587,1594876,45
control_CubedSphereGrid_parallel_intel,ursa,intel,213.76,195.97423404152718,98,713,2226.9,10.002550695105825,2211,2249,50
control_CubedSphereGrid_parallel_intel,wcoss2,intel,167.4375,11.440700488150828,159,218,1511.7291666666667,46.180837687330474,1473,1585,48
