test_name,machine,compiler,core_mean,core_std,core_min,core_max,mem_mean,mem_std,mem_min,mem_max,n_hashes
control_diag_debug_intel,acorn,intel,195.17021276595744,4.254507323115353,188,205,1675.8085106382978,4.489786950849117,1669,1686,47
control_diag_debug_intel,derecho,intel,166.8,9.624043964063233,153,176,1624.6,23.94066739996104,1603,1658,10
control_diag_debug_intel,gaeac6,intel,114.0,3.1622776601683817,109,121,140128.02173913043,934334.9966856044,1494,6339324,46
control_diag_debug_intel,hera,intel,164.5,2.7366698197129504,160,172,1809.6041666666667,6.476601365548714,1787,1821,48
control_diag_debug_intel,hercules,intel,151.5,16.842736647521914,134,196,187085.54347826086,536709.9819139116,1696,1716340,46
control_diag_debug_intel,orion,intel,169.2608695652174,7.531960885626575,162,201,38464.65217391304,249442.54395192827,1674,1693488,46
control_diag_debug_intel,ursa,intel,143.69387755102042,68.95959084904743,117,492,49608.489795918365,331017.6786911037,2289,2319444,49
control_diag_debug_intel,wcoss2,intel,213.31914893617022,44.141130569522076,190,467,1673.5744680851064,4.675303667659325,1661,1682,47
