test_name,machine,compiler,core_mean,core_std,core_min,core_max,mem_mean,mem_std,mem_min,mem_max,n_hashes
control_wrtGauss_netcdf_parallel_intel,acorn,intel,156.2608695652174,4.358566444288235,149,168,1576.0434782608695,4.545848028643026,1571,1585,46
control_wrtGauss_netcdf_parallel_intel,derecho,intel,146.4090909090909,6.200300230127809,141,171,1515.7272727272727,1.3863902488397062,1514,1518,22
control_wrtGauss_netcdf_parallel_intel,gaeac6,intel,102.45652173913044,11.752458885487426,94,174,141776.04347826086,934147.0878852229,1410,6339716,46
control_wrtGauss_netcdf_parallel_intel,hera,intel,144.47222222222223,6.129488960805374,136,158,1719.9166666666667,6.796532729477429,1706,1739,36
control_wrtGauss_netcdf_parallel_intel,hercules,intel,134.41304347826087,16.740604113560426,118,180,1617.0217391304348,5.5034903286098,1603,1630,46
control_wrtGauss_netcdf_parallel_intel,orion,intel,161.42222222222222,3.6399855699569734,155,170,1592.8444444444444,4.986142412889563,1583,1602,45
control_wrtGauss_netcdf_parallel_intel,ursa,intel,151.71428571428572,153.22940318359267,96,803,2220.5510204081634,8.87661070944736,2206,2244,49
control_wrtGauss_netcdf_parallel_intel,wcoss2,intel,174.56521739130434,41.18718904055971,156,411,1564.3478260869565,42.29064377288007,1465,1591,46
