test_name,machine,compiler,core_mean,core_std,core_min,core_max,mem_mean,mem_std,mem_min,mem_max,n_hashes
control_latlon_intel,acorn,intel,156.25531914893617,4.86544195725403,144,168,1579.9148936170213,5.182872240596793,1573,1587,47
control_latlon_intel,derecho,intel,144.0909090909091,5.629467922540204,139,159,1514.909090909091,1.0444659357342203,1514,1517,11
control_latlon_intel,gaeac6,intel,98.5,3.5885620766231385,92,115,140595.0,934264.2373834312,1415,6339316,46
control_latlon_intel,hera,intel,143.16666666666666,6.189673395066082,133,155,1722.7291666666667,7.595462204454356,1697,1736,48
control_latlon_intel,hercules,intel,129.08695652173913,11.194891864807554,114,159,36856.934782608696,239013.38790949227,1605,1622684,46
control_latlon_intel,orion,intel,169.08695652173913,34.8187855343485,154,386,1593.3260869565217,6.542355497749654,1582,1607,46
control_latlon_intel,ursa,intel,151.40816326530611,147.94803681914627,95,755,2224.6530612244896,8.498899488581289,2210,2244,49
control_latlon_intel,wcoss2,intel,182.3404255319149,53.506308687669744,154,421,1585.6382978723404,4.400718972459014,1572,1593,47
