test_name,machine,compiler,core_mean,core_std,core_min,core_max,mem_mean,mem_std,mem_min,mem_max,n_hashes
control_stochy_debug_gnu,hera,gnu,105.14285714285714,27.893398263149415,95,269,593.4897959183673,3.2088578509312478,579,599,49
control_stochy_debug_gnu,hercules,gnu,82.46938775510205,17.64948304344012,74,199,237472.10204081633,288216.2620155541,571,585644,49
control_stochy_debug_gnu,ursa,gnu,84.5,45.77760248078627,70,366,11321.217391304348,73410.55052932349,491,498392,46
