test_name,machine,compiler,core_mean,core_std,core_min,core_max,mem_mean,mem_std,mem_min,mem_max,n_hashes
control_restart_noqr_p8_intel,acorn,intel,109.26666666666667,6.5657513590670495,95,129,1013.5111111111111,2.3990738953927955,1009,1020,45
control_restart_noqr_p8_intel,derecho,intel,144.67391304347825,8.358772764323952,126,161,970.195652173913,2.7937992071123934,953,973,46
control_restart_noqr_p8_intel,gaeac6,intel,74.35416666666667,12.466959880118422,69,128,6338.666666666667,0.5191373094849794,6338,6340,48
control_restart_noqr_p8_intel,hera,intel,97.2,2.8982753492378883,95,105,1278.9,3.5418137224371806,1273,1283,10
control_restart_noqr_p8_intel,hercules,intel,102.625,24.707329431963593,82,169,26605.166666666668,175897.17921816654,1198,1219868,48
control_restart_noqr_p8_intel,orion,intel,132.29787234042553,39.27047507690679,105,290,24818.574468085106,162394.5742544782,1111,1114452,47
control_restart_noqr_p8_intel,ursa,intel,146.12,144.22001899026026,72,629,1868.5,36.60336217410886,1826,1998,50
control_restart_noqr_p8_intel,wcoss2,intel,121.04081632653062,8.74633062030746,111,151,942.5102040816327,42.762971934928416,915,1019,49
