test_name,machine,compiler,core_mean,core_std,core_min,core_max,mem_mean,mem_std,mem_min,mem_max,n_hashes
control_restart_p8_intel,acorn,intel,110.86666666666666,6.301514969361807,99,128,1013.2444444444444,2.2779132751026476,1010,1018,45
control_restart_p8_intel,derecho,intel,148.56521739130434,9.83113461048462,134,176,970.4565217391304,0.911811913819742,968,972,46
control_restart_p8_intel,gaeac6,intel,74.22916666666667,7.680424365861326,70,123,6338.8125,0.6410181396178553,6338,6342,48
control_restart_p8_intel,hera,intel,99.9,1.2866839377079196,99,102,1274.3,9.117138927438985,1261,1283,10
control_restart_p8_intel,hercules,intel,105.64583333333333,25.52969867006654,86,180,26580.229166666668,175745.1918645274,1188,1218812,48
control_restart_p8_intel,orion,intel,135.85106382978722,36.173482194296064,107,252,24836.957446808512,162524.77460882792,1108,1115344,47
control_restart_p8_intel,ursa,intel,158.12,154.7802444811115,73,560,1869.34,35.912370672888436,1834,1966,50
control_restart_p8_intel,wcoss2,intel,124.42857142857143,6.870832069941262,115,146,942.5510204081633,42.70444025727395,914,1019,49
