test_name,machine,compiler,core_mean,core_std,core_min,core_max,mem_mean,mem_std,mem_min,mem_max,n_hashes
control_p8_rrtmgp_intel,acorn,intel,250.25,7.71431385787954,231,263,1911.9583333333333,2.5595738785424023,1906,1915,48
control_p8_rrtmgp_intel,derecho,intel,239.16129032258064,6.377547983321634,227,260,308082.1935483871,709733.050543579,1891,1901996,31
control_p8_rrtmgp_intel,gaeac6,intel,176.7872340425532,72.44036112861416,154,451,152890.21276595743,500815.6694860693,1760,1781956,47
control_p8_rrtmgp_intel,hera,intel,263.46938775510205,31.783186095282314,246,419,2034.530612244898,52.90089084033126,1950,2085,49
control_p8_rrtmgp_intel,hercules,intel,255.72,59.14114559290187,210,481,1349033.94,933459.4657947897,1969,1993520,50
control_p8_rrtmgp_intel,orion,intel,333.38775510204084,108.316053043576,284,988,121480.44897959183,472908.98062448995,1941,1958976,49
control_p8_rrtmgp_intel,ursa,intel,210.90625,109.17649498152802,169,743,83609.40625,458305.6661297524,2578,2595160,32
control_p8_rrtmgp_intel,wcoss2,intel,288.9583333333333,48.79743555057026,250,567,1912.0208333333333,7.555439306921062,1897,1921,48
