test_name,machine,compiler,core_mean,core_std,core_min,core_max,mem_mean,mem_std,mem_min,mem_max,n_hashes
control_c384_intel,acorn,intel,516.4130434782609,9.200425320981434,488,530,1996.6304347826087,6.12593283835989,1985,2011,46
control_c384_intel,derecho,intel,435.6666666666667,6.177452512179274,429,452,1940.0666666666666,5.3429510981087445,1932,1955,30
control_c384_intel,gaeac6,intel,562.531914893617,19.226172225052597,529,670,139772.8085106383,923904.6607851641,1959,6338964,47
control_c384_intel,hera,intel,464.3448275862069,9.893272830092192,444,488,1997.3103448275863,7.161920374332265,1983,2012,29
control_c384_intel,hercules,intel,443.27659574468083,54.575716103035354,374,566,2014.0425531914893,6.443592863587411,2005,2031,47
control_c384_intel,orion,intel,591.6521739130435,113.15598229215465,546,1337,1981.195652173913,9.880664766698846,1966,2010,46
control_c384_intel,ursa,intel,343.9183673469388,17.026739674570067,322,408,2076.061224489796,16.158599572241776,2040,2133,49
control_c384_intel,wcoss2,intel,541.7872340425532,87.25174376486262,502,1105,1968.872340425532,49.015355633531605,1898,2018,47
