test_name,machine,compiler,core_mean,core_std,core_min,core_max,mem_mean,mem_std,mem_min,mem_max,n_hashes
control_p8_rrtmgp_intel,acorn,intel,248.15217391304347,8.145802985598996,225,265,1909.304347826087,4.5940520251365475,1905,1919,46
control_p8_rrtmgp_intel,derecho,intel,269.95652173913044,11.055555003828966,246,293,1854.3478260869565,1.4336442963228893,1852,1856,23
control_p8_rrtmgp_intel,gaeac6,intel,163.6086956521739,17.063903761865358,145,261,142031.19565217392,934109.384727069,1750,6339724,46
control_p8_rrtmgp_intel,hera,intel,237.28571428571428,8.06069413363183,225,257,2067.2,6.654498699464456,2047,2077,35
control_p8_rrtmgp_intel,hercules,intel,226.54347826086956,27.27938295305664,191,297,1970.8260869565217,5.978867777713487,1958,1987,46
control_p8_rrtmgp_intel,orion,intel,297.53333333333336,44.3122187130449,264,514,1939.6222222222223,6.886379471262135,1928,1955,45
control_p8_rrtmgp_intel,ursa,intel,199.71428571428572,117.10536566129952,155,712,2576.1428571428573,9.053084189011672,2558,2592,49
control_p8_rrtmgp_intel,wcoss2,intel,278.6304347826087,45.415787120854375,247,475,1892.9565217391305,41.99838966317052,1808,1922,46
