test_name,machine,compiler,core_mean,core_std,core_min,core_max,mem_mean,mem_std,mem_min,mem_max,n_hashes
control_stochy_debug_gnu,derecho,gnu,110.08333333333333,3.111040248626083,106,119,596.25,2.6227030767075843,585,600,36
control_stochy_debug_gnu,hera,gnu,98.04347826086956,2.1421794524091844,95,104,587.2608695652174,2.5084836293221233,583,592,23
control_stochy_debug_gnu,hercules,gnu,81.70212765957447,8.518304826301033,75,126,12692.27659574468,83082.74270679019,569,570160,47
control_stochy_debug_gnu,ursa,gnu,90.04081632653062,101.91948603016532,70,774,491.7755102040816,1.6865312790168214,482,494,49
