test_name,machine,compiler,core_mean,core_std,core_min,core_max,mem_mean,mem_std,mem_min,mem_max,n_hashes
control_iovr5_intel,acorn,intel,161.4375,5.760859310901447,149,173,631.6875,2.1253910779060416,626,637,48
control_iovr5_intel,derecho,intel,129.2,1.656157342421639,126,133,204208.06666666668,298037.03418258677,609,613432,15
control_iovr5_intel,gaeac6,intel,103.61702127659575,3.997570955344726,96,115,42151.234042553195,138096.91941833944,468,492316,47
control_iovr5_intel,hera,intel,150.60416666666666,16.250354606059986,140,257,783.7916666666666,3.689884581792649,777,793,48
control_iovr5_intel,hercules,intel,138.77083333333334,36.35477643313938,120,319,240673.83333333334,327520.0096232766,669,681500,48
control_iovr5_intel,orion,intel,184.8125,109.08900450666566,155,856,28000.958333333332,132532.89204249321,647,657868,48
control_iovr5_intel,ursa,intel,137.3265306122449,112.63332613601794,99,661,27715.163265306124,184889.3721676725,1286,1295528,49
control_iovr5_intel,wcoss2,intel,181.29166666666666,38.013971862166535,157,371,636.4375,2.2776083947860823,629,642,48
