test_name,machine,compiler,core_mean,core_std,core_min,core_max,mem_mean,mem_std,mem_min,mem_max,n_hashes
control_ras_intel,acorn,intel,205.58695652173913,4.276946402680398,198,219,667.0434782608696,2.5729923931237275,661,674,46
control_ras_intel,derecho,intel,187.25,1.879716290649559,183,190,620.375,1.3102162671356445,618,623,16
control_ras_intel,gaeac6,intel,132.93333333333334,2.3198746047616874,128,138,143704.93333333332,944559.5568653919,512,6339168,45
control_ras_intel,hera,intel,191.33333333333334,5.990507396021512,184,203,866.6666666666666,4.578138223502645,850,875,42
control_ras_intel,hercules,intel,185.2608695652174,69.02734877732921,164,623,850.2826086956521,11.297321301929655,828,879,46
control_ras_intel,orion,intel,205.48888888888888,5.345440802565997,198,219,742.9333333333333,2.553073014659373,739,751,45
control_ras_intel,ursa,intel,159.83673469387756,91.38753264230837,132,693,1595.265306122449,34.29211249823838,1567,1767,49
control_ras_intel,wcoss2,intel,226.52173913043478,38.55197883979197,201,392,664.0217391304348,23.95132947405798,574,675,46
