test_name,machine,compiler,core_mean,core_std,core_min,core_max,mem_mean,mem_std,mem_min,mem_max,n_hashes
control_ras_intel,acorn,intel,209.83333333333334,4.917763430983698,199,219,667.7291666666666,1.9650086170926317,663,674,48
control_ras_intel,derecho,intel,174.2173913043478,1.6224706675911493,171,177,142062.5652173913,274335.9274151154,648,652496,23
control_ras_intel,gaeac6,intel,133.6595744680851,4.055466497289589,128,149,45306.063829787236,148421.48810184258,512,528032,47
control_ras_intel,hera,intel,203.85416666666666,20.491814227993807,185,315,851.7291666666666,37.518074840219555,759,876,48
control_ras_intel,hercules,intel,202.30612244897958,82.08410424721723,164,623,437623.8775510204,432435.8676782138,828,873032,49
control_ras_intel,orion,intel,238.0204081632653,81.71813593992827,198,671,46202.42857142857,179852.5374298576,737,744900,49
control_ras_intel,ursa,intel,162.34146341463415,84.84209148650731,136,609,40279.19512195122,247670.41576652016,1572,1587464,41
control_ras_intel,wcoss2,intel,227.3125,36.55666324570084,201,387,670.375,4.10306061166279,661,675,48
