test_name,machine,compiler,core_mean,core_std,core_min,core_max,mem_mean,mem_std,mem_min,mem_max,n_hashes
control_noqr_p8_intel,acorn,intel,179.95744680851064,5.364770130852939,169,191,1856.7021276595744,2.677725296955819,1851,1860,47
control_noqr_p8_intel,derecho,intel,187.4,8.181279443542637,178,201,556217.0,892648.7165856455,1800,1852148,10
control_noqr_p8_intel,gaeac6,intel,113.91304347826087,4.938853159530151,107,141,139867.76086956522,934218.3870675631,1698,6338296,46
control_noqr_p8_intel,hera,intel,172.83333333333334,19.63424422022123,157,296,2009.1875,7.36193848778104,1977,2021,48
control_noqr_p8_intel,hercules,intel,189.8913043478261,60.95179452681149,135,505,374768.152173913,764376.7208164359,1893,1911692,46
control_noqr_p8_intel,orion,intel,212.19565217391303,60.469871126120836,174,509,83825.91304347826,388605.0364939718,1864,1887152,46
control_noqr_p8_intel,ursa,intel,184.26530612244898,164.30887776661726,119,797,53697.204081632655,358316.4078720545,2494,2510724,49
control_noqr_p8_intel,wcoss2,intel,226.89361702127658,49.61952370070597,187,405,1857.9148936170213,5.60601302653266,1845,1865,47
