test_name,machine,compiler,core_mean,core_std,core_min,core_max,mem_mean,mem_std,mem_min,mem_max,n_hashes
control_c48_gnu,derecho,gnu,434.275,2.873285441923439,430,443,1510.625,0.8969320930188766,1510,1513,40
control_c48_gnu,hera,gnu,582.85,2.621269278723379,577,588,1534.85,1.755442664221303,1530,1537,20
control_c48_gnu,hercules,gnu,472.1666666666667,16.1907950382812,462,568,34445.729166666664,227694.70204862073,1577,1579096,48
control_c48_gnu,ursa,gnu,469.46,349.42402812138073,345,1790,1508.3,1.876275076651966,1496,1510,50
