test_name,machine,compiler,core_mean,core_std,core_min,core_max,mem_mean,mem_std,mem_min,mem_max,n_hashes
control_c48_intel,acorn,intel,390.4375,11.999833775444435,362,406,1595.75,3.290864207778982,1589,1603,48
control_c48_intel,derecho,intel,349.3,1.1595018087284028,348,351,792602.5,833807.614802153,1581,1584732,10
control_c48_intel,gaeac6,intel,272.0869565217391,11.92164434399605,251,288,173771.47826086957,957749.5184301753,1557,6337468,46
control_c48_intel,hera,intel,420.5,30.907549170788098,373,548,1720.8958333333333,5.215523405868578,1709,1733,48
control_c48_intel,hercules,intel,373.27659574468083,29.26839973318866,328,407,438433.27659574465,753910.3517425924,1701,1718812,47
control_c48_intel,orion,intel,546.6170212765958,55.6532561614242,495,813,74797.6170212766,350421.2830232101,1702,1724356,47
control_c48_intel,ursa,intel,283.48979591836735,53.61402274940904,252,640,35718.102040816324,238341.5267998883,1663,1670060,49
control_c48_intel,wcoss2,intel,414.5625,45.08852108954732,379,617,1596.8125,2.598332116422753,1590,1602,48
