test_name,machine,compiler,core_mean,core_std,core_min,core_max,mem_mean,mem_std,mem_min,mem_max,n_hashes
control_lndp_debug_intel,acorn,intel,195.61702127659575,4.692978990352,189,209,820.7234042553191,4.817098746447342,813,832,47
control_lndp_debug_intel,derecho,intel,173.76923076923077,2.7127429585153005,169,179,750.0,0.8164965809277352,748,751,13
control_lndp_debug_intel,gaeac6,intel,116.23913043478261,2.8062215213794324,109,121,140308.0652173913,934348.4682062187,639,6339580,46
control_lndp_debug_intel,hera,intel,169.41304347826087,25.401291381832035,158,264,952.7173913043479,3.8681781153880666,944,959,46
control_lndp_debug_intel,hercules,intel,148.8695652173913,14.302460853763238,135,211,852.1521739130435,5.181022598781297,841,862,46
control_lndp_debug_intel,orion,intel,167.56521739130434,15.514369216114236,159,267,826.7608695652174,5.574484660222213,815,836,46
control_lndp_debug_intel,ursa,intel,128.9795918367347,34.207388210199056,116,305,1477.204081632653,7.331381156362108,1462,1498,49
control_lndp_debug_intel,wcoss2,intel,202.5744680851064,13.433806610079023,190,280,823.6595744680851,3.3833132445338356,818,830,47
