test_name,machine,compiler,core_mean,core_std,core_min,core_max,mem_mean,mem_std,mem_min,mem_max,n_hashes
control_CubedSphereGrid_intel,acorn,intel,150.24444444444444,7.3582222271031155,136,168,1565.911111111111,2.086996778999818,1563,1570,45
control_CubedSphereGrid_intel,derecho,intel,139.1818181818182,3.4186406061591668,133,147,1514.8863636363637,1.4177595999668247,1511,1518,44
control_CubedSphereGrid_intel,gaeac6,intel,99.91666666666667,14.54681852083177,94,197,138262.6875,913995.8867904132,6338,6338688,48
control_CubedSphereGrid_intel,hera,intel,133.2,3.488757453797632,129,141,1716.2,7.360124222554144,1693,1723,15
control_CubedSphereGrid_intel,hercules,intel,129.2127659574468,16.02842064178877,113,168,35794.78723404255,234381.89643214265,1597,1608448,47
control_CubedSphereGrid_intel,orion,intel,153.7391304347826,5.008591652167736,149,171,36088.67391304348,233997.51739699708,1573,1588636,46
control_CubedSphereGrid_intel,ursa,intel,178.24,168.58057602299533,92,682,2211.2,10.30355595443252,2194,2243,50
control_CubedSphereGrid_intel,wcoss2,intel,155.54166666666666,9.85848448353279,147,205,1508.625,46.69121061759015,1463,1575,48
