test_name,machine,compiler,core_mean,core_std,core_min,core_max,mem_mean,mem_std,mem_min,mem_max,n_hashes
control_iovr4_gfdlmpv3_intel,acorn,intel,181.13333333333333,6.114810634100534,171,199,913.2,1.4396969378057856,910,916,45
control_iovr4_gfdlmpv3_intel,derecho,intel,209.7608695652174,7.953153903001682,196,229,873.5217391304348,1.5879984667608402,870,876,46
control_iovr4_gfdlmpv3_intel,gaeac6,intel,121.45652173913044,2.3257641204475936,118,130,6338.739130434783,0.443961089821404,6338,6339,46
control_iovr4_gfdlmpv3_intel,hera,intel,171.85714285714286,3.625307868699867,170,180,1078.142857142857,1.5735915849388704,1076,1080,7
control_iovr4_gfdlmpv3_intel,hercules,intel,184.27659574468086,40.45271105423433,143,312,21710.510638297874,142163.84496400965,966,975600,47
control_iovr4_gfdlmpv3_intel,orion,intel,234.8695652173913,33.97686055450234,187,296,21661.608695652172,140469.3474745731,939,953660,46
control_iovr4_gfdlmpv3_intel,ursa,intel,250.16,211.5671707876769,123,705,1599.38,19.52485595337391,1580,1676,50
control_iovr4_gfdlmpv3_intel,wcoss2,intel,193.26530612244898,9.153267882301384,184,222,842.4285714285714,35.540469889972016,821,918,49
