test_name,machine,compiler,core_mean,core_std,core_min,core_max,mem_mean,mem_std,mem_min,mem_max,n_hashes
control_2threads_p8_intel,acorn,intel,276.0625,91.12287851775594,160,363,1938.9166666666667,5.942394865505837,1930,1953,48
control_2threads_p8_intel,derecho,intel,282.1875,7.12305434668349,272,301,303506.0625,712005.471911419,1927,1933752,32
control_2threads_p8_intel,gaeac6,intel,128.85106382978722,2.69442841727836,125,136,155059.44680851063,507922.80761898943,1790,1808156,47
control_2threads_p8_intel,hera,intel,205.73469387755102,29.374574826855,194,368,2011.0816326530612,26.94812666239057,1963,2041,49
control_2threads_p8_intel,hercules,intel,214.6,54.382995541636284,175,497,1393839.96,920443.9493483778,1981,1999464,50
control_2threads_p8_intel,orion,intel,268.3061224489796,91.90080795837085,219,792,122510.16326530612,476894.30698816566,1961,1976384,49
control_2threads_p8_intel,ursa,intel,178.09677419354838,113.41468301141896,104,383,67241.19354838709,362688.42326469143,2018,2021464,31
control_2threads_p8_intel,wcoss2,intel,311.7291666666667,85.53081803264445,187,415,1932.8541666666667,6.964926061019007,1914,1949,48
