test_name,machine,compiler,core_mean,core_std,core_min,core_max,mem_mean,mem_std,mem_min,mem_max,n_hashes
control_decomp_p8_intel,acorn,intel,180.6304347826087,5.1569099087305545,170,192,1846.6739130434783,4.917335989813485,1843,1863,46
control_decomp_p8_intel,derecho,intel,208.36666666666667,10.984262514548057,195,240,1802.4333333333334,1.1351236704106813,1800,1804,30
control_decomp_p8_intel,gaeac6,intel,118.72340425531915,6.74924191446576,113,156,139695.55319148937,923915.2490683757,1700,6338956,47
control_decomp_p8_intel,hera,intel,169.55172413793105,4.031892562490721,163,181,1997.6206896551723,5.3479888950590615,1988,2006,29
control_decomp_p8_intel,hercules,intel,171.82978723404256,38.4489040658741,139,305,1895.063829787234,5.214545940127615,1886,1907,47
control_decomp_p8_intel,orion,intel,212.7608695652174,37.402427005392575,180,325,1875.6521739130435,4.909027472385718,1865,1886,46
control_decomp_p8_intel,ursa,intel,192.6530612244898,160.09782829835743,121,707,2504.5714285714284,7.382411530116654,2491,2521,49
control_decomp_p8_intel,wcoss2,intel,202.4468085106383,28.88568812965002,182,370,1817.5106382978724,45.0337421035005,1748,1858,47
