test_name,machine,compiler,core_mean,core_std,core_min,core_max,mem_mean,mem_std,mem_min,mem_max,n_hashes
control_decomp_p8_intel,acorn,intel,181.88636363636363,7.326968055611354,170,205,1845.8636363636363,1.8626176765186166,1843,1850,44
control_decomp_p8_intel,derecho,intel,213.34782608695653,19.18357792060044,195,313,1803.6304347826087,2.8468984734048126,1798,1810,46
control_decomp_p8_intel,gaeac6,intel,120.6875,5.824220338654049,115,156,6338.5625,0.5800311803799887,6337,6339,48
control_decomp_p8_intel,hera,intel,170.72727272727272,5.178627406773137,167,181,1998.4545454545455,4.156047072968176,1990,2005,11
control_decomp_p8_intel,hercules,intel,179.79166666666666,37.924313389951976,141,305,41300.0625,273003.6279844979,1886,1893320,48
control_decomp_p8_intel,orion,intel,232.0212765957447,37.92583687517919,184,325,41590.17021276596,272271.700989808,1864,1868476,47
control_decomp_p8_intel,ursa,intel,214.24,184.38375686572383,121,704,2504.84,7.99070889041947,2491,2527,50
control_decomp_p8_intel,wcoss2,intel,194.29166666666666,10.369674143577107,184,250,1780.9791666666667,40.107562603755696,1748,1851,48
