test_name,machine,compiler,core_mean,core_std,core_min,core_max,mem_mean,mem_std,mem_min,mem_max,n_hashes
control_p8.v2.sfc_intel,acorn,intel,186.95652173913044,4.263313900081494,179,197,1856.1739130434783,1.198227354165519,1854,1858,46
control_p8.v2.sfc_intel,derecho,intel,212.91176470588235,8.680761197801846,195,233,1809.5,1.2123105912664909,1806,1812,34
control_p8.v2.sfc_intel,gaeac6,intel,121.19148936170212,2.446277543643917,115,126,140103.51063829788,923949.94553008,1694,6339600,47
control_p8.v2.sfc_intel,hera,intel,174.24,1.8991226044325469,171,180,2011.32,3.6253735439721972,2005,2020,25
control_p8.v2.sfc_intel,hercules,intel,180.9787234042553,34.14323369323016,147,300,42286.46808510638,276829.7727041445,1895,1899756,47
control_p8.v2.sfc_intel,orion,intel,234.34782608695653,53.135975422099584,191,492,42756.45652173913,277212.1452896244,1875,1882028,46
control_p8.v2.sfc_intel,ursa,intel,149.87755102040816,81.62634191164975,125,553,2516.2448979591836,7.0519814362255975,2504,2532,49
control_p8.v2.sfc_intel,wcoss2,intel,212.2127659574468,39.051212846617965,192,464,1814.5106382978724,49.690727129185554,1749,1861,47
