test_name,machine,compiler,core_mean,core_std,core_min,core_max,mem_mean,mem_std,mem_min,mem_max,n_hashes
control_wam_intel,acorn,intel,743.6041666666666,13.446093450441815,696,768,1662.8958333333333,6.335444310380302,1649,1668,48
control_wam_intel,derecho,intel,621.75,2.490892501603678,618,625,682728.5833333334,841714.6872935744,1632,1640592,12
control_wam_intel,gaeac6,intel,455.17021276595744,8.470714637826372,431,472,200807.82978723405,965639.2447869268,1497,6339728,47
control_wam_intel,hera,intel,674.4166666666666,26.524042352082002,617,705,1792.4375,5.131903756912507,1770,1801,48
control_wam_intel,hercules,intel,659.6041666666666,95.97821995470508,552,915,493162.4166666667,774022.1708130608,1674,1695596,48
control_wam_intel,orion,intel,793.6041666666666,113.51871897065081,728,1414,71384.375,337861.40077581635,1662,1678160,48
control_wam_intel,ursa,intel,485.55102040816325,9.995960068301342,455,508,51615.0,344397.8126680564,2392,2413200,49
control_wam_intel,wcoss2,intel,787.2916666666666,98.72634827629163,716,1192,1662.6041666666667,8.248119278429849,1646,1670,48
