test_name,machine,compiler,core_mean,core_std,core_min,core_max,mem_mean,mem_std,mem_min,mem_max,n_hashes
control_ras_gnu,hera,gnu,289.5625,19.207607369244716,278,379,609.6875,5.198838863815183,597,635,48
control_ras_gnu,hercules,gnu,230.16326530612244,34.74451211988706,216,459,354024.85714285716,296553.8910087985,593,605032,49
control_ras_gnu,ursa,gnu,296.0,310.9607870955937,185,1374,14610.243243243243,85705.06926223643,518,521844,37
