test_name,machine,compiler,core_mean,core_std,core_min,core_max,mem_mean,mem_std,mem_min,mem_max,n_hashes
control_latlon_intel,acorn,intel,158.22222222222223,8.336363085599702,144,176,1575.6,1.6292775867069393,1573,1578,45
control_latlon_intel,derecho,intel,145.08695652173913,3.632116536043548,139,159,1516.4347826086957,2.1463371787825634,1513,1525,46
control_latlon_intel,gaeac6,intel,103.52173913043478,12.542796304271025,98,183,6338.782608695652,0.41702882811419706,6338,6339,46
control_latlon_intel,hera,intel,140.28571428571428,3.251373336211727,137,147,1721.0,4.654746681256349,1715,1727,7
control_latlon_intel,hercules,intel,137.12765957446808,16.407337994187355,118,177,36034.85106382979,235968.2257557221,1605,1619332,47
control_latlon_intel,orion,intel,167.95652173913044,33.34996686437743,157,386,36124.239130434784,234202.5600076599,1582,1590032,46
control_latlon_intel,ursa,intel,197.24,199.21566203489124,96,813,2222.26,9.843282180331581,2205,2247,50
control_latlon_intel,wcoss2,intel,164.3265306122449,14.747016301473272,153,224,1500.7755102040817,39.012426068563045,1477,1584,49
