test_name,machine,compiler,core_mean,core_std,core_min,core_max,mem_mean,mem_std,mem_min,mem_max,n_hashes
control_p8_ugwpv1_intel,acorn,intel,178.54545454545453,5.880415052012254,169,192,1856.6136363636363,1.3156642869122117,1853,1860,44
control_p8_ugwpv1_intel,derecho,intel,206.47727272727272,13.80510292636788,192,247,1814.4545454545455,3.3925674263117624,1808,1818,44
control_p8_ugwpv1_intel,gaeac6,intel,116.08510638297872,2.47447655627753,112,123,6338.872340425532,0.4941844962904197,6338,6341,47
control_p8_ugwpv1_intel,hera,intel,163.76923076923077,2.454718115312025,160,169,2011.6923076923076,3.400603264731479,2008,2021,13
control_p8_ugwpv1_intel,hercules,intel,185.32608695652175,51.972238036956306,138,404,43280.913043478264,280606.25583505805,1899,1905072,46
control_p8_ugwpv1_intel,orion,intel,232.77777777777777,49.09864323661875,180,471,43670.26666666667,280295.2475835566,1879,1882164,45
control_p8_ugwpv1_intel,ursa,intel,203.9,176.36780329985498,120,696,2514.7,10.296125683072859,2500,2548,50
control_p8_ugwpv1_intel,wcoss2,intel,191.625,7.367626136932912,181,224,1794.875,45.16712464764791,1757,1867,48
