test_name,machine,compiler,core_mean,core_std,core_min,core_max,mem_mean,mem_std,mem_min,mem_max,n_hashes
control_restart_p8_intel,acorn,intel,111.40816326530613,4.177910000561178,104,120,1009.5918367346939,2.5488426078233,1003,1015,49
control_restart_p8_intel,derecho,intel,120.54545454545455,11.189822215393827,100,138,227089.0909090909,426701.9250217058,994,997384,22
control_restart_p8_intel,gaeac6,intel,68.52083333333333,3.2550424603128776,64,83,73496.10416666667,243424.31236678935,852,873784,48
control_restart_p8_intel,hera,intel,108.63265306122449,25.17827591856306,96,239,1249.408163265306,43.416067670538474,1135,1290,49
control_restart_p8_intel,hercules,intel,119.18367346938776,49.15734663192427,83,398,548808.5306122449,588290.5605607836,1157,1178668,49
control_restart_p8_intel,orion,intel,134.91836734693877,61.77709821564605,105,509,68021.67346938775,264731.4702189897,1081,1101292,49
control_restart_p8_intel,ursa,intel,89.62790697674419,62.19976391618569,72,487,43108.0,270785.36599667347,1770,1777472,43
control_restart_p8_intel,wcoss2,intel,151.14285714285714,41.60328512669803,115,308,1009.2244897959183,6.355002314851604,992,1018,49
