test_name,machine,compiler,core_mean,core_std,core_min,core_max,mem_mean,mem_std,mem_min,mem_max,n_hashes
control_debug_p8_gnu,hera,gnu,98.60416666666667,2.5825896893517766,95,105,1544.4791666666667,9.234508784026914,1514,1563,48
control_debug_p8_gnu,hercules,gnu,97.93617021276596,30.62920193378914,75,187,394464.87234042556,678319.702924924,1505,1549816,47
control_debug_p8_gnu,ursa,gnu,81.89795918367346,4.988507199717435,75,95,31273.591836734693,208759.60138756878,1428,1462768,49
