test_name,machine,compiler,core_mean,core_std,core_min,core_max,mem_mean,mem_std,mem_min,mem_max,n_hashes
control_c48_lnd_iau_intel,acorn,intel,400.6938775510204,10.561731395373924,379,420,1598.3061224489795,2.994467688036346,1591,1606,49
control_c48_lnd_iau_intel,derecho,intel,350.36842105263156,2.338340492167452,347,356,418014.94736842107,715917.6591208326,1578,1585828,19
control_c48_lnd_iau_intel,gaeac6,intel,279.6458333333333,9.249472862112212,258,293,132954.8125,440352.64911686484,1556,1580820,48
control_c48_lnd_iau_intel,hera,intel,438.83673469387753,34.606325854034914,381,589,1725.142857142857,5.062114182829135,1701,1735,49
control_c48_lnd_iau_intel,hercules,intel,396.0612244897959,37.035123060900624,333,529,667028.693877551,844686.0043425703,1703,1731112,49
control_c48_lnd_iau_intel,orion,intel,560.7142857142857,61.79670972902467,507,918,71497.02040816327,341802.56377137813,1703,1717744,49
control_c48_lnd_iau_intel,ursa,intel,296.1489361702128,76.04231622944765,256,800,37195.89361702128,243545.05903909853,1666,1671332,47
control_c48_lnd_iau_intel,wcoss2,intel,411.0408163265306,13.845816431437395,386,455,1599.734693877551,3.729250987151467,1585,1605,49
