test_name,machine,compiler,core_mean,core_std,core_min,core_max,mem_mean,mem_std,mem_min,mem_max,n_hashes
control_flake_gnu,hera,gnu,329.8541666666667,5.367314726740607,321,343,650.9375,3.3160233169110787,644,657,48
control_flake_gnu,hercules,gnu,277.6875,34.865184884369626,260,473,186659.1875,292964.6434698771,627,640176,48
control_flake_gnu,ursa,gnu,250.3877551020408,44.581300417762336,236,552,11970.326530612245,79883.66076060961,553,559744,49
