test_name,machine,compiler,core_mean,core_std,core_min,core_max,mem_mean,mem_std,mem_min,mem_max,n_hashes
control_p8_gnu,derecho,gnu,273.9428571428571,12.063417858143193,258,304,1554.7428571428572,8.332582599237119,1537,1574,35
control_p8_gnu,hera,gnu,266.4583333333333,3.647264211965463,261,280,1541.9583333333333,10.880693578702724,1514,1559,24
control_p8_gnu,hercules,gnu,225.4255319148936,27.915045562073775,206,312,34178.27659574468,223803.39951411367,1511,1535852,47
control_p8_gnu,ursa,gnu,225.46938775510205,118.56750925823094,181,683,1450.7551020408164,10.270367188025531,1415,1471,49
