test_name,machine,compiler,core_mean,core_std,core_min,core_max,mem_mean,mem_std,mem_min,mem_max,n_hashes
control_p8_atmlnd_intel,acorn,intel,208.14583333333334,5.0275394063368255,198,219,1868.0,3.3262335737638833,1862,1883,48
control_p8_atmlnd_intel,derecho,intel,213.22222222222223,14.79489401411476,180,242,521088.72222222225,861493.3321707621,1863,1877728,18
control_p8_atmlnd_intel,gaeac6,intel,148.46808510638297,7.459604441750403,138,185,161496.3829787234,529042.1159789666,1845,1881168,47
control_p8_atmlnd_intel,hera,intel,200.875,29.482504729184434,177,359,1855.4583333333333,8.089810594877628,1830,1867,48
control_p8_atmlnd_intel,hercules,intel,207.22916666666666,50.11528818563331,159,397,751280.5416666666,935632.8695962158,1874,1904612,48
control_p8_atmlnd_intel,orion,intel,275.4166666666667,134.43511973602625,209,908,79533.25,376413.4719434061,1857,1869476,48
control_p8_atmlnd_intel,ursa,intel,153.85106382978722,17.955232643395238,138,259,42494.87234042553,278171.0363131801,1900,1908964,47
