test_name,machine,compiler,core_mean,core_std,core_min,core_max,mem_mean,mem_std,mem_min,mem_max,n_hashes
control_p8_ugwpv1_tempo_intel,acorn,intel,180.26923076923077,3.9855508257473478,172,187,1878.9615384615386,1.37056978606038,1877,1882,26
control_p8_ugwpv1_tempo_intel,derecho,intel,186.85714285714286,6.286213766368717,177,199,668869.2142857143,928659.8672022934,1864,1873316,14
control_p8_ugwpv1_tempo_intel,gaeac6,intel,114.72,2.1118712081942794,111,121,210849.52,577938.5473033385,1736,1747792,25
control_p8_ugwpv1_tempo_intel,hera,intel,176.3846153846154,2.6544592379906424,171,183,2035.5,5.522680508593716,2019,2046,26
control_p8_ugwpv1_tempo_intel,hercules,intel,187.1153846153846,31.845033425106557,148,251,1189662.5,957587.873309985,1926,1939528,26
control_p8_ugwpv1_tempo_intel,orion,intel,227.6153846153846,94.91220234430425,183,624,75444.11538461539,374958.21207748755,1902,1913828,26
control_p8_ugwpv1_tempo_intel,ursa,intel,151.80769230769232,95.00569213716373,125,616,99697.5,495421.2459283717,2525,2528700,26
control_p8_ugwpv1_tempo_intel,wcoss2,intel,228.8846153846154,55.67284934190233,199,488,1878.1923076923076,4.923569686877331,1868,1884,26
