test_name,machine,compiler,core_mean,core_std,core_min,core_max,mem_mean,mem_std,mem_min,mem_max,n_hashes
control_c192_intel,acorn,intel,435.1458333333333,10.7247766099502,413,453,1702.7916666666667,3.3956062557328743,1697,1712,48
control_c192_intel,derecho,intel,369.6470588235294,5.381688103645524,362,378,250187.11764705883,607465.24084387,1682,1694420,34
control_c192_intel,gaeac6,intel,288.8510638297872,4.699577795117203,281,302,145792.6170212766,477563.63790824206,1684,1698720,47
control_c192_intel,hera,intel,462.6530612244898,25.355432537893613,448,608,1869.795918367347,65.12167444862888,1777,1936,49
control_c192_intel,hercules,intel,440.82,122.98377029145772,374,1131,1348981.84,806659.824851469,1814,1835916,50
control_c192_intel,orion,intel,544.8775510204082,131.65621783219183,482,1176,110642.95918367348,430679.02893483016,1766,1787648,49
control_c192_intel,ursa,intel,302.3103448275862,9.878199113906858,294,341,64381.06896551724,336871.8565038525,1806,1815936,29
control_c192_intel,wcoss2,intel,457.5625,44.0444196721369,425,670,1700.3125,10.192104265641236,1678,1712,48
