test_name,machine,compiler,core_mean,core_std,core_min,core_max,mem_mean,mem_std,mem_min,mem_max,n_hashes
control_p8_mynn_intel,acorn,intel,191.4375,6.930985776192813,178,205,1872.9375,2.187063026264124,1868,1876,48
control_p8_mynn_intel,derecho,intel,197.69230769230768,5.677214918493861,191,212,713975.6923076923,937556.0447626926,1846,1858116,13
control_p8_mynn_intel,gaeac6,intel,120.95744680851064,3.787608209437207,114,133,75417.1914893617,353341.41837239946,1706,1734936,47
control_p8_mynn_intel,hera,intel,187.85416666666666,20.413793400367993,168,311,2021.6041666666667,7.631791243780963,1995,2035,48
control_p8_mynn_intel,hercules,intel,181.29166666666666,40.91868341579758,145,306,602450.4375,900169.7374341179,1908,1932784,48
control_p8_mynn_intel,orion,intel,213.16666666666666,33.39979190490235,187,384,81063.375,383686.92154487065,1883,1903448,48
control_p8_mynn_intel,ursa,intel,139.71428571428572,22.83637449333847,126,283,54063.28571428572,360749.18762301694,2513,2527772,49
control_p8_mynn_intel,wcoss2,intel,237.97916666666666,46.19039670999752,192,441,1873.3125,6.130343956196636,1857,1880,48
