test_name,machine,compiler,core_mean,core_std,core_min,core_max,mem_mean,mem_std,mem_min,mem_max,n_hashes
control_p8_ugwpv1_gnu,derecho,gnu,271.275,13.515399573857417,254,328,1562.825,10.111905904706687,1537,1583,40
control_p8_ugwpv1_gnu,hera,gnu,263.75,3.753945293042764,258,273,1550.35,8.969392398596455,1533,1565,20
control_p8_ugwpv1_gnu,hercules,gnu,217.0,19.946737588526396,204,293,33932.125,224382.96273991364,1519,1556116,48
control_p8_ugwpv1_gnu,ursa,gnu,263.94,208.54064449925167,179,1131,1462.58,7.295763377831433,1445,1471,50
