test_name,machine,compiler,core_mean,core_std,core_min,core_max,mem_mean,mem_std,mem_min,mem_max,n_hashes
control_restart_noqr_p8_intel,acorn,intel,111.72916666666667,4.340504840396281,104,122,1012.9375,1.8726048531845865,1009,1018,48
control_restart_noqr_p8_intel,derecho,intel,122.15384615384616,13.18361453880128,95,137,386542.0,507586.35474928474,1001,1005884,13
control_restart_noqr_p8_intel,gaeac6,intel,67.57446808510639,3.0556055462696876,63,83,38210.914893617024,179035.9927233275,847,878844,47
control_restart_noqr_p8_intel,hera,intel,100.60416666666667,3.2859441684261985,93,107,1281.2291666666667,4.572068684604172,1274,1290,48
control_restart_noqr_p8_intel,hercules,intel,104.39583333333333,25.208694534660935,81,179,383111.25,572449.7260093973,1199,1237832,48
control_restart_noqr_p8_intel,orion,intel,119.95833333333333,28.394604172259395,102,233,48400.0625,229101.38310116847,1112,1136500,48
control_restart_noqr_p8_intel,ursa,intel,84.71428571428571,53.81178619348492,73,453,39612.489795918365,264310.0124290699,1827,1852024,49
control_restart_noqr_p8_intel,wcoss2,intel,150.79166666666666,46.675410781601116,117,363,1014.75,3.063164821455793,1007,1019,48
