test_name,machine,compiler,core_mean,core_std,core_min,core_max,mem_mean,mem_std,mem_min,mem_max,n_hashes
control_wam_debug_gnu,hera,gnu,397.22727272727275,22.951783267966462,379,515,1399.0,5.718188036310367,1382,1408,44
control_wam_debug_gnu,hercules,gnu,333.3265306122449,55.01908296033221,293,670,948245.2448979592,667692.8435472634,1383,1556080,49
control_wam_debug_gnu,ursa,gnu,337.6363636363636,197.98213590211532,264,952,40989.36363636364,227949.02754396352,1297,1310776,33
