test_name,machine,compiler,core_mean,core_std,core_min,core_max,mem_mean,mem_std,mem_min,mem_max,n_hashes
control_wam_debug_intel,acorn,intel,882.7173913043479,11.018495649443752,863,906,1696.391304347826,1.7823612412198864,1693,1701,46
control_wam_debug_intel,derecho,intel,763.5483870967741,12.566725136055215,748,794,1629.2903225806451,1.773763388713332,1623,1631,31
control_wam_debug_intel,gaeac6,intel,536.8723404255319,10.725056037710303,512,576,139750.70212765958,923945.858740132,1521,6339216,47
control_wam_debug_intel,hera,intel,814.5357142857143,21.029929541202346,790,905,1813.1785714285713,4.611206730697233,1804,1822,28
control_wam_debug_intel,orion,intel,808.5434782608696,14.951338136678451,772,851,1697.195652173913,3.9978859147604107,1685,1706,46
control_wam_debug_intel,ursa,intel,640.0816326530612,245.3092297433566,538,1628,2297.8571428571427,9.793705461502594,2277,2316,49
control_wam_debug_intel,wcoss2,intel,884.7659574468086,17.519197874676316,867,981,1663.063829787234,49.97408208927981,1593,1710,47
