test_name,machine,compiler,core_mean,core_std,core_min,core_max,mem_mean,mem_std,mem_min,mem_max,n_hashes
control_noqr_p8_intel,acorn,intel,179.9090909090909,8.841809195634589,165,215,1852.590909090909,1.2260388441469785,1850,1855,44
control_noqr_p8_intel,derecho,intel,207.52173913043478,12.26148283661715,194,268,1802.2391304347825,1.688981055201914,1799,1806,46
control_noqr_p8_intel,gaeac6,intel,116.54166666666667,4.202118682098319,113,142,6338.8125,0.39444277960555196,6338,6339,48
control_noqr_p8_intel,hera,intel,162.72727272727272,3.165151152501531,160,169,2008.2727272727273,6.388910847568751,1999,2018,11
control_noqr_p8_intel,hercules,intel,174.9375,39.35998954008682,138,311,41490.166666666664,274282.2346481607,1892,1902184,48
control_noqr_p8_intel,orion,intel,224.38297872340425,37.21941591923634,178,324,41855.34042553192,274060.5543887729,1869,1880744,47
control_noqr_p8_intel,ursa,intel,228.04,208.38180812917346,117,760,2509.48,10.33369760165479,2493,2536,50
control_noqr_p8_intel,wcoss2,intel,194.0,13.038404810405302,179,254,1781.5833333333333,43.02737047425837,1748,1857,48
