test_name,machine,compiler,core_mean,core_std,core_min,core_max,mem_mean,mem_std,mem_min,mem_max,n_hashes
control_ras_debug_intel,acorn,intel,195.3913043478261,4.567898913405569,187,206,826.6739130434783,3.7950514435165985,819,838,46
control_ras_debug_intel,derecho,intel,176.3181818181818,3.9446934051464693,170,184,755.4545454545455,1.3354960814430745,753,758,22
control_ras_debug_intel,gaeac6,intel,118.1086956521739,2.415029430412482,113,123,141399.84782608695,934027.6270599511,648,6338540,46
control_ras_debug_intel,hera,intel,164.33333333333334,2.5746012173871557,160,171,960.5277777777778,6.759062112077353,937,978,36
control_ras_debug_intel,hercules,intel,149.7173913043478,11.561743512268302,135,189,857.4782608695652,4.978795617124908,849,874,46
control_ras_debug_intel,orion,intel,167.7111111111111,6.807823781977953,162,208,832.5111111111111,4.89258354424057,823,844,45
control_ras_debug_intel,ursa,intel,143.3673469387755,73.39950439136466,117,409,1485.1020408163265,6.937953882927724,1473,1499,49
control_ras_debug_intel,wcoss2,intel,204.58695652173913,20.63069567088649,192,319,811.7173913043479,39.858451240178674,728,838,46
