test_name,machine,compiler,core_mean,core_std,core_min,core_max,mem_mean,mem_std,mem_min,mem_max,n_hashes
control_gfs_mpas_gnu,hera,gnu,47.0,4.126213885105935,38,55,6357.25,15.194044042287706,6332,6388,40
control_gfs_mpas_gnu,hercules,gnu,40.10526315789474,12.435323431571662,34,101,679922.9736842106,1989948.413435431,6399,6409672,38
