test_name,machine,compiler,core_mean,core_std,core_min,core_max,mem_mean,mem_std,mem_min,mem_max,n_hashes
control_restart_p8_atmlnd_intel,acorn,intel,128.5531914893617,16.3757621935303,117,234,1030.276595744681,1.155367956814549,1028,1033,47
control_restart_p8_atmlnd_intel,gaeac6,intel,85.57446808510639,4.158514998593191,80,100,139277.8085106383,924073.9070164678,998,6339596,47
control_restart_p8_atmlnd_intel,hera,intel,104.80645161290323,2.725427854346417,101,112,1122.0967741935483,3.5247206859521154,1115,1130,31
control_restart_p8_atmlnd_intel,hercules,intel,97.74468085106383,9.066105259142029,87,130,1201.5531914893618,5.582614747504642,1183,1212,47
control_restart_p8_atmlnd_intel,orion,intel,127.30434782608695,20.758794190219334,116,230,1105.6521739130435,5.873546690427994,1088,1113,46
control_restart_p8_atmlnd_intel,ursa,intel,85.6938775510204,3.6240175774077765,82,98,1311.3673469387754,14.710673389230884,1277,1337,49
