test_name,machine,compiler,core_mean,core_std,core_min,core_max,mem_mean,mem_std,mem_min,mem_max,n_hashes
control_p8_mynn_intel,acorn,intel,192.27083333333334,6.2458142011639275,178,205,1873.25,2.920944178449331,1862,1877,48
control_p8_mynn_intel,derecho,intel,194.1818181818182,7.780539604474517,180,212,422654.3181818182,794176.9334607872,1846,1858116,22
control_p8_mynn_intel,gaeac6,intel,121.80851063829788,3.353377906790988,114,133,148799.6595744681,487424.0765887133,1713,1734936,47
control_p8_mynn_intel,hera,intel,197.25,33.74339966981092,168,356,2008.5208333333333,36.86489974668773,1895,2035,48
control_p8_mynn_intel,hercules,intel,197.69387755102042,75.66323526038275,145,642,942307.1224489796,969741.6663239846,1911,1932784,49
control_p8_mynn_intel,orion,intel,238.55102040816325,104.38232234285208,187,896,117923.89795918367,459045.30535609287,1888,1903448,49
control_p8_mynn_intel,ursa,intel,143.35714285714286,25.03346192654692,126,283,62655.40476190476,389653.20607101073,2516,2527772,42
control_p8_mynn_intel,wcoss2,intel,231.41666666666666,36.38378954759896,195,357,1872.0625,7.481626430299267,1857,1880,48
