test_name,machine,compiler,core_mean,core_std,core_min,core_max,mem_mean,mem_std,mem_min,mem_max,n_hashes
control_flake_gnu,derecho,gnu,305.77777777777777,2.279132388529559,302,310,652.4444444444445,1.7400510848184347,651,656,9
control_flake_gnu,hera,gnu,345.0,26.158855370327537,329,438,646.1333333333333,2.6421491973301743,640,650,15
control_flake_gnu,hercules,gnu,280.53846153846155,15.327618779050352,267,312,630.7692307692307,2.1273554065179163,627,634,13
control_flake_gnu,ursa,gnu,245.8,2.1778101714468,242,251,553.6,1.0555973258235007,551,556,15
