test_name,machine,compiler,core_mean,core_std,core_min,core_max,mem_mean,mem_std,mem_min,mem_max,n_hashes
control_latlon_intel,acorn,intel,153.70212765957447,4.313350829071646,144,163,1576.3617021276596,3.9088835941764257,1573,1586,47
control_latlon_intel,derecho,intel,143.55555555555554,3.935375393425575,139,159,1515.962962962963,1.1923306679157981,1514,1518,27
control_latlon_intel,gaeac6,intel,100.95744680851064,13.123091905705278,92,183,139304.89361702127,924027.7135129715,1415,6339316,47
control_latlon_intel,hera,intel,139.84375,4.711751780252191,133,150,1720.625,7.823661381946236,1697,1736,32
control_latlon_intel,hercules,intel,132.31914893617022,17.87408420637169,114,177,1615.1063829787233,5.607580438288722,1605,1627,47
control_latlon_intel,orion,intel,164.69565217391303,33.573712974566135,154,386,1591.2391304347825,4.845088154724661,1582,1604,46
control_latlon_intel,ursa,intel,164.14285714285714,172.60962700073634,95,813,2223.612244897959,8.80060681272088,2209,2244,49
control_latlon_intel,wcoss2,intel,166.9787234042553,24.95429679974288,153,309,1555.2978723404256,46.01602504119688,1482,1593,47
