test_name,machine,compiler,core_mean,core_std,core_min,core_max,mem_mean,mem_std,mem_min,mem_max,n_hashes
control_CubedSphereGrid_intel,acorn,intel,151.66666666666666,5.03322295684717,140,165,1573.3125,3.5259297853280915,1564,1578,48
control_CubedSphereGrid_intel,derecho,intel,125.4375,2.3655513804044337,121,130,486744.5,743259.198054353,1547,1557284,16
control_CubedSphereGrid_intel,gaeac6,intel,95.34042553191489,3.324981828944663,88,105,122731.68085106384,402039.11996612354,1411,1428880,47
control_CubedSphereGrid_intel,hera,intel,145.35416666666666,27.916661373980663,126,301,1721.6875,5.950706198033965,1708,1733,48
control_CubedSphereGrid_intel,hercules,intel,134.8125,22.095206228905674,110,203,573308.2291666666,780181.9594949721,1598,1623328,48
control_CubedSphereGrid_intel,orion,intel,165.9375,46.592121628794075,147,400,67824.10416666667,321000.12493457104,1578,1591860,48
control_CubedSphereGrid_intel,ursa,intel,119.44897959183673,86.17522392014469,91,622,47185.12244897959,314808.5030841257,2193,2205872,49
control_CubedSphereGrid_intel,wcoss2,intel,175.875,48.6370076242186,148,438,1575.5625,7.514259494100639,1551,1583,48
