test_name,machine,compiler,core_mean,core_std,core_min,core_max,mem_mean,mem_std,mem_min,mem_max,n_hashes
control_iovr5_intel,acorn,intel,159.20833333333334,8.261570437833903,142,173,631.6666666666666,2.3459637889981955,626,638,48
control_iovr5_intel,derecho,intel,127.67647058823529,2.2525485665271168,123,133,90435.88235294117,219573.42898195772,609,613432,34
control_iovr5_intel,gaeac6,intel,105.7872340425532,6.128820619267937,99,128,42155.085106382976,138095.73201458753,477,492316,47
control_iovr5_intel,hera,intel,156.3673469387755,21.803759115451292,148,263,736.8163265306123,61.92558486784351,648,793,49
control_iovr5_intel,hercules,intel,145.0,66.37616980790129,124,559,502138.28,300276.7864353154,669,687760,50
control_iovr5_intel,orion,intel,201.28571428571428,113.14665998900128,160,856,40659.93877551021,158289.65624652163,643,657868,49
control_iovr5_intel,ursa,intel,155.27586206896552,142.7940316259062,104,661,45932.75862068965,240331.29713178595,1294,1295528,29
control_iovr5_intel,wcoss2,intel,171.10416666666666,17.125617967832326,155,266,634.9791666666666,5.167367259752636,613,639,48
