test_name,machine,compiler,core_mean,core_std,core_min,core_max,mem_mean,mem_std,mem_min,mem_max,n_hashes
control_p8_rrtmgp_intel,acorn,intel,251.2391304347826,5.922404851667368,242,268,1906.8260869565217,1.234762196197897,1904,1909,46
control_p8_rrtmgp_intel,derecho,intel,268.9714285714286,10.12128134844861,246,293,1854.5142857142857,1.6515844188042466,1852,1860,35
control_p8_rrtmgp_intel,gaeac6,intel,167.40425531914894,16.202065856561372,157,261,140213.95744680852,923951.7794790827,1750,6339724,47
control_p8_rrtmgp_intel,hera,intel,235.45833333333334,1.999547050158385,231,238,2065.1666666666665,4.833458269249852,2047,2073,24
control_p8_rrtmgp_intel,hercules,intel,236.06382978723406,37.829942279099015,204,378,43853.63829787234,287147.35844770854,1958,1970552,47
control_p8_rrtmgp_intel,orion,intel,311.1521739130435,49.445353625685414,271,514,43839.565217391304,284197.175208313,1928,1929456,46
control_p8_rrtmgp_intel,ursa,intel,232.14285714285714,160.12000707802463,165,789,2574.183673469388,8.045893024259183,2558,2591,49
control_p8_rrtmgp_intel,wcoss2,intel,272.29787234042556,33.22840252713163,255,475,1867.1702127659576,49.14456011690594,1808,1915,47
