test_name,machine,compiler,core_mean,core_std,core_min,core_max,mem_mean,mem_std,mem_min,mem_max,n_hashes
control_2threads_p8_intel,acorn,intel,164.6304347826087,4.711021100224796,155,176,1929.9565217391305,5.232193174055047,1924,1943,46
control_2threads_p8_intel,derecho,intel,306.73333333333335,7.58370909767516,296,332,1888.3666666666666,5.075181894707595,1880,1896,30
control_2threads_p8_intel,gaeac6,intel,128.89361702127658,5.1803728359746435,121,150,139726.6170212766,923960.6108333312,1781,6339292,47
control_2threads_p8_intel,hera,intel,220.0,26.36014307353323,182,250,2017.7586206896551,6.993135268726154,2004,2033,29
control_2threads_p8_intel,hercules,intel,219.68085106382978,39.470465779176735,165,315,1986.659574468085,5.018559449226533,1978,1998,47
control_2threads_p8_intel,orion,intel,230.7826086956522,38.83864801599233,201,387,1964.5434782608695,6.875743262413708,1954,1988,46
control_2threads_p8_intel,ursa,intel,103.04081632653062,3.034243341108494,98,113,2013.6326530612246,3.276773549996892,2010,2026,49
control_2threads_p8_intel,wcoss2,intel,187.06382978723406,33.708084603290224,167,389,1896.063829787234,45.72051402166391,1830,1941,47
