test_name,machine,compiler,core_mean,core_std,core_min,core_max,mem_mean,mem_std,mem_min,mem_max,n_hashes
control_wrtGauss_netcdf_parallel_debug_intel,acorn,intel,166.19565217391303,4.420254217010061,160,178,1612.0869565217392,2.158457133711048,1608,1616,46
control_wrtGauss_netcdf_parallel_debug_intel,derecho,intel,151.2058823529412,4.051033626160761,145,167,1551.264705882353,1.3553222479255267,1549,1554,34
control_wrtGauss_netcdf_parallel_debug_intel,gaeac6,intel,101.57446808510639,3.208309055176032,96,114,140046.97872340426,923955.6214012308,1437,6339580,47
control_wrtGauss_netcdf_parallel_debug_intel,hera,intel,137.4,2.8431203515386634,134,148,1747.16,5.233545643251822,1736,1760,25
control_wrtGauss_netcdf_parallel_debug_intel,hercules,intel,126.63829787234043,22.96351125620146,114,272,36603.255319148935,239680.35343407097,1632,1644808,47
control_wrtGauss_netcdf_parallel_debug_intel,orion,intel,142.65217391304347,6.402143360900831,137,181,36785.5,238507.4915718582,1612,1619256,46
control_wrtGauss_netcdf_parallel_debug_intel,ursa,intel,121.38775510204081,61.34663001017612,98,404,2252.877551020408,8.400477796583056,2232,2270,49
control_wrtGauss_netcdf_parallel_debug_intel,wcoss2,intel,172.68085106382978,14.809084143625759,163,263,1574.468085106383,49.23053623948649,1515,1622,47
