test_name,machine,compiler,core_mean,core_std,core_min,core_max,mem_mean,mem_std,mem_min,mem_max,n_hashes
control_c48_lnd_iau_intel,acorn,intel,389.7659574468085,5.931539744221591,375,402,1593.9148936170213,3.3351213212666107,1589,1601,47
control_c48_lnd_iau_intel,derecho,intel,337.51724137931035,2.4585229255326286,333,344,1555.7586206896551,1.2437033527158916,1554,1558,29
control_c48_lnd_iau_intel,gaeac6,intel,268.0851063829787,7.759509697739024,258,311,139516.55319148937,923700.7398162452,1556,6337336,47
control_c48_lnd_iau_intel,hera,intel,399.0,7.651909835977602,381,407,1719.3666666666666,5.4613585106280595,1701,1730,30
control_c48_lnd_iau_intel,hercules,intel,346.63829787234044,6.438422477307567,333,365,1712.404255319149,5.829682571968808,1701,1726,47
control_c48_lnd_iau_intel,orion,intel,524.6739130434783,5.6176481746806735,507,532,1713.9130434782608,3.576628374796704,1706,1721,46
control_c48_lnd_iau_intel,ursa,intel,302.2857142857143,114.09663302072794,256,751,1667.8367346938776,2.2112113834531533,1664,1673,49
control_c48_lnd_iau_intel,wcoss2,intel,398.531914893617,17.06362908521562,382,496,1597.4255319148936,3.4436121130041926,1592,1605,47
