test_name,machine,compiler,core_mean,core_std,core_min,core_max,mem_mean,mem_std,mem_min,mem_max,n_hashes
control_stochy_debug_gnu,hera,gnu,104.10416666666667,27.568282409962737,95,269,592.9166666666666,3.5118845842842297,579,599,48
control_stochy_debug_gnu,hercules,gnu,82.41666666666667,17.818032144531173,74,199,206002.45833333334,280339.7366699349,571,583104,48
control_stochy_debug_gnu,ursa,gnu,81.73469387755102,41.98202765777879,70,366,10658.040816326531,71127.8690835969,491,498392,49
