test_name,machine,compiler,core_mean,core_std,core_min,core_max,mem_mean,mem_std,mem_min,mem_max,n_hashes
control_lndp_debug_intel,acorn,intel,195.64444444444445,9.525457649601064,182,232,816.8444444444444,2.295802053903393,813,822,45
control_lndp_debug_intel,derecho,intel,174.4318181818182,3.157845359578358,169,183,749.3863636363636,1.7147229634660115,745,752,44
control_lndp_debug_intel,gaeac6,intel,119.29166666666667,2.268736018263777,115,129,138162.5,914142.5132296084,643,6339580,48
control_lndp_debug_intel,hera,intel,162.5,3.204163957519445,158,170,951.0625,3.395462658705968,945,957,16
control_lndp_debug_intel,hercules,intel,148.375,8.983732342880128,136,176,18439.541666666668,121870.40542190858,842,845192,48
control_lndp_debug_intel,orion,intel,168.46808510638297,6.662193997638061,161,191,18317.425531914894,119926.64774003653,817,823000,47
control_lndp_debug_intel,ursa,intel,136.04,69.25403104748871,115,522,1473.52,6.990489165681461,1440,1491,50
control_lndp_debug_intel,wcoss2,intel,196.29166666666666,4.005094273777323,191,211,759.1875,46.47014884893912,722,825,48
