test_name,machine,compiler,core_mean,core_std,core_min,core_max,mem_mean,mem_std,mem_min,mem_max,n_hashes
control_diag_debug_intel,acorn,intel,191.68085106382978,6.1542010500382816,174,201,1676.3191489361702,4.952409966605726,1668,1686,47
control_diag_debug_intel,derecho,intel,155.16666666666666,2.0356026530046405,152,159,276523.76666666666,625130.5432148129,1646,1652072,30
control_diag_debug_intel,gaeac6,intel,110.23913043478261,2.0459692906210143,108,117,133301.28260869565,431753.1053437145,1505,1520628,46
control_diag_debug_intel,hera,intel,171.16666666666666,24.171667372072182,156,284,1772.3541666666667,59.909680098491364,1658,1820,48
control_diag_debug_intel,hercules,intel,151.85714285714286,34.65364338709567,128,359,1150527.7142857143,808233.82669188,1703,1716716,49
control_diag_debug_intel,orion,intel,174.54166666666666,24.76094929377867,157,264,107153.85416666667,412803.2390191759,1673,1695304,48
control_diag_debug_intel,ursa,intel,134.06060606060606,34.56600515132189,117,304,72539.51515151515,403358.86174643855,2313,2319444,33
control_diag_debug_intel,wcoss2,intel,199.08510638297872,9.345609960399297,182,241,1671.468085106383,6.32404336752511,1658,1682,47
