test_name,machine,compiler,core_mean,core_std,core_min,core_max,mem_mean,mem_std,mem_min,mem_max,n_hashes
control_c48_intel,acorn,intel,392.9791666666667,9.420415998704755,369,406,1593.0625,5.951599999427951,1582,1602,48
control_c48_intel,derecho,intel,345.8484848484849,5.1848409577899215,338,356,241283.39393939395,576036.498919987,1573,1584732,33
control_c48_intel,gaeac6,intel,278.9574468085106,3.182543737931676,273,288,135671.3404255319,444433.7837881244,1560,1582144,47
control_c48_intel,hera,intel,442.3265306122449,28.188641148446976,425,569,1717.9795918367347,10.45922598299057,1690,1733,49
control_c48_intel,hercules,intel,399.16,51.44934501080471,379,751,1227882.38,772472.1183575969,1705,1727976,50
control_c48_intel,orion,intel,566.1224489795918,49.77391914658605,536,813,106463.77551020408,414463.50393054634,1689,1724356,49
control_c48_intel,ursa,intel,286.43333333333334,7.753456774498894,275,308,57283.666666666664,304604.819994845,1668,1670060,30
control_c48_intel,wcoss2,intel,411.1458333333333,40.79945221958796,387,617,1594.2083333333333,4.907477288111675,1585,1601,48
