test_name,machine,compiler,core_mean,core_std,core_min,core_max,mem_mean,mem_std,mem_min,mem_max,n_hashes
control_flake_intel,acorn,intel,242.17021276595744,5.873000673443543,229,253,681.4893617021277,2.457219535285416,676,685,47
control_flake_intel,derecho,intel,209.9,5.21642704454985,206,219,132542.1,278061.0290479612,626,661668,10
control_flake_intel,gaeac6,intel,152.7608695652174,3.547673933461789,145,162,138962.5652173913,934526.8896324587,513,6339432,46
control_flake_intel,hera,intel,199.72916666666666,6.899705770271069,189,229,827.4791666666666,3.228790586656607,821,834,48
control_flake_intel,hercules,intel,188.7826086956522,28.181091409728577,166,272,126611.91304347826,277400.9274374327,715,728172,46
control_flake_intel,orion,intel,234.1086956521739,45.36774589011183,215,446,31357.543478260868,145388.71316313176,692,705928,46
control_flake_intel,ursa,intel,196.87755102040816,232.8193713888033,144,1776,29092.244897959183,194209.71439062667,1337,1360816,49
control_flake_intel,wcoss2,intel,267.468085106383,58.67813868296221,233,568,686.4042553191489,3.2077323323500284,680,695,47
