test_name,machine,compiler,core_mean,core_std,core_min,core_max,mem_mean,mem_std,mem_min,mem_max,n_hashes
control_stochy_debug_intel,acorn,intel,214.60416666666666,4.206072526632264,206,222,822.3125,4.011453018439634,811,829,48
control_stochy_debug_intel,derecho,intel,172.4375,2.780137886268713,169,180,250331.75,382259.1585493625,795,803812,16
control_stochy_debug_intel,gaeac6,intel,129.12765957446808,24.713679561061088,122,294,56892.14893617021,186377.61747043446,643,662500,47
control_stochy_debug_intel,hera,intel,192.58333333333334,31.251780091144383,175,334,957.2083333333334,4.438508151387022,946,965,48
control_stochy_debug_intel,hercules,intel,165.89583333333334,25.498635410574785,147,272,324121.2083333333,421749.83675749885,846,866908,48
control_stochy_debug_intel,orion,intel,184.66666666666666,13.454941879952798,173,243,35631.8125,168654.64600001276,821,839492,48
control_stochy_debug_intel,ursa,intel,176.55102040816325,90.18962921360234,129,493,31888.85714285714,212820.2917733645,1469,1491228,49
control_stochy_debug_intel,wcoss2,intel,220.58333333333334,10.638815590239387,209,260,824.3958333333334,4.185789451624773,811,832,48
