test_name,machine,compiler,core_mean,core_std,core_min,core_max,mem_mean,mem_std,mem_min,mem_max,n_hashes
control_ras_intel,acorn,intel,204.03225806451613,2.869191186469823,199,210,664.6451612903226,2.2293255646311927,659,668,31
control_ras_intel,derecho,intel,188.46666666666667,3.1811224795479123,183,197,621.0333333333333,1.325696520462992,618,624,30
control_ras_intel,gaeac6,intel,135.96875,6.751269295234353,133,171,6338.75,0.4399413450641286,6338,6339,32
control_ras_intel,hera,intel,188.78571428571428,2.486225790494235,186,196,867.7142857142857,3.3610568719828415,860,873,14
control_ras_intel,hercules,intel,168.40625,2.3943397635310273,166,179,850.71875,11.345695147812535,832,873,32
control_ras_intel,orion,intel,203.38709677419354,1.3336021234445905,202,208,742.483870967742,2.2041017481343816,739,748,31
control_ras_intel,ursa,intel,221.85294117647058,183.18960741214175,133,693,1615.235294117647,66.48538632936885,1567,1801,34
control_ras_intel,wcoss2,intel,209.78125,5.487430652071181,203,226,619.875,47.729581008278345,573,673,32
