test_name,machine,compiler,core_mean,core_std,core_min,core_max,mem_mean,mem_std,mem_min,mem_max,n_hashes
control_stochy_gnu,derecho,gnu,159.7037037037037,4.881793608081862,154,180,605.8518518518518,1.026708845842399,604,609,27
control_stochy_gnu,hera,gnu,175.4375,6.485405451547949,168,192,600.6875,2.867363631203498,593,606,32
control_stochy_gnu,hercules,gnu,141.17021276595744,7.98727016798325,133,174,586.8297872340426,2.648372338003646,583,593,47
control_stochy_gnu,ursa,gnu,210.12244897959184,279.1529324472117,117,1497,509.3265306122449,2.544501875793835,506,517,49
