test_name,machine,compiler,core_mean,core_std,core_min,core_max,mem_mean,mem_std,mem_min,mem_max,n_hashes
control_CubedSphereGrid_intel,acorn,intel,152.4255319148936,3.9272995526357812,144,161,1573.9574468085107,1.9995374118127833,1569,1578,47
control_CubedSphereGrid_intel,derecho,intel,124.18518518518519,2.6607841099518232,121,130,289075.8888888889,614598.4331681281,1547,1557284,27
control_CubedSphereGrid_intel,gaeac6,intel,95.95652173913044,2.546950435665972,92,105,125371.78260869565,406069.5469844715,1415,1428880,46
control_CubedSphereGrid_intel,hera,intel,150.8125,26.29186125182291,141,301,1691.5833333333333,53.90449921352544,1589,1733,48
control_CubedSphereGrid_intel,hercules,intel,139.87755102040816,25.302036028961865,119,247,988764.918367347,793753.7424309895,1601,1623328,49
control_CubedSphereGrid_intel,orion,intel,180.85416666666666,57.98605466369472,154,400,100881.97916666667,388624.3564433392,1583,1591860,48
control_CubedSphereGrid_intel,ursa,intel,119.36111111111111,87.13639645579562,97,622,63426.583333333336,367276.35722766235,2193,2205872,36
control_CubedSphereGrid_intel,wcoss2,intel,168.04255319148936,24.70342120894304,145,297,1572.3191489361702,8.498353761243882,1551,1580,47
