test_name,machine,compiler,core_mean,core_std,core_min,core_max,mem_mean,mem_std,mem_min,mem_max,n_hashes
control_wam_intel,acorn,intel,733.25,11.84563839293479,705,754,1662.8333333333333,5.650582095163612,1649,1668,48
control_wam_intel,derecho,intel,617.46875,6.169563036756847,607,625,257050.4375,603013.8267644389,1631,1640592,32
control_wam_intel,gaeac6,intel,452.9148936170213,6.81057294159491,442,472,130636.02127659574,427931.6045545479,1499,1523356,47
control_wam_intel,hera,intel,696.1632653061224,23.24538210302526,678,821,1751.734693877551,55.4811437600666,1664,1801,49
control_wam_intel,hercules,intel,688.58,172.8936313318164,582,1708,1179227.38,778723.1569381442,1683,1695596,50
control_wam_intel,orion,intel,874.7551020408164,219.1081858553978,760,1545,103969.89795918367,404729.52001425414,1660,1678160,49
control_wam_intel,ursa,intel,488.8709677419355,10.10525254668373,478,522,80184.45161290323,432989.3610655146,2392,2413200,31
control_wam_intel,wcoss2,intel,758.5416666666666,71.75251743921778,708,1182,1656.2708333333333,10.467253055354314,1639,1670,48
