test_name,machine,compiler,core_mean,core_std,core_min,core_max,mem_mean,mem_std,mem_min,mem_max,n_hashes
control_p8_ugwpv1_tempo_aerosol_hail_intel,acorn,intel,145.86666666666667,8.136896884506458,136,170,2430.133333333333,1.4077706424763095,2426,2433,45
control_p8_ugwpv1_tempo_aerosol_hail_intel,derecho,intel,186.02173913043478,18.305420120748423,155,242,2393.5,3.8744175189455863,2381,2398,46
control_p8_ugwpv1_tempo_aerosol_hail_intel,gaeac6,intel,95.875,5.920124351770454,90,124,6338.958333333333,0.5441500627402206,6338,6342,48
control_p8_ugwpv1_tempo_aerosol_hail_intel,hera,intel,124.2,5.072803301265812,121,138,2388.6,14.66060480789703,2371,2413,10
control_p8_ugwpv1_tempo_aerosol_hail_intel,hercules,intel,138.10416666666666,40.05115855276149,97,295,52826.8125,349153.90527513647,2420,2421440,48
control_p8_ugwpv1_tempo_aerosol_hail_intel,orion,intel,172.0,34.118718565059545,125,246,53350.063829787236,349251.77589871886,2386,2396756,47
control_p8_ugwpv1_tempo_aerosol_hail_intel,ursa,intel,117.78947368421052,9.291547727637436,104,140,2415.7631578947367,21.925468604843214,2383,2462,38
control_p8_ugwpv1_tempo_aerosol_hail_intel,wcoss2,intel,151.87755102040816,6.963095136327745,142,172,2370.6938775510203,36.240058453798284,2333,2436,49
