test_name,machine,compiler,core_mean,core_std,core_min,core_max,mem_mean,mem_std,mem_min,mem_max,n_hashes
control_flake_gnu,hera,gnu,333.125,22.777018092618903,321,468,651.6875,2.8220729516936345,645,657,48
control_flake_gnu,hercules,gnu,276.8541666666667,35.03250137347131,260,473,239741.3125,311950.5559722059,630,641696,48
control_flake_gnu,ursa,gnu,252.0625,47.15046366054376,236,552,12208.791666666666,80711.38724267183,553,559744,48
