test_name,machine,compiler,core_mean,core_std,core_min,core_max,mem_mean,mem_std,mem_min,mem_max,n_hashes
control_csawmg_debug_intel,acorn,intel,293.1458333333333,5.461624664111509,281,309,1114.9791666666667,3.7387538220435337,1106,1122,48
control_csawmg_debug_intel,derecho,intel,278.57142857142856,6.722113743965755,270,292,395424.14285714284,549007.6098095065,1099,1105780,14
control_csawmg_debug_intel,gaeac6,intel,173.06382978723406,2.862077804970043,167,184,62663.04255319149,238851.26035736655,947,969356,47
control_csawmg_debug_intel,hera,intel,268.3333333333333,42.991010110889576,248,416,1267.0416666666667,5.473177665567246,1255,1284,48
control_csawmg_debug_intel,hercules,intel,285.7916666666667,48.83535444707688,211,454,389282.6458333333,554704.3897678118,1148,1178480,48
control_csawmg_debug_intel,orion,intel,299.9791666666667,25.161173723031432,251,352,48589.583333333336,229974.3901024017,1127,1143264,48
control_csawmg_debug_intel,ursa,intel,194.46938775510205,49.12106728991829,182,529,38419.30612244898,256385.01790692352,1780,1796488,49
control_csawmg_debug_intel,wcoss2,intel,327.7291666666667,36.6430392120391,291,502,1112.7708333333333,2.7847577787888116,1107,1119,48
