test_name,machine,compiler,core_mean,core_std,core_min,core_max,mem_mean,mem_std,mem_min,mem_max,n_hashes
control_c384gdas_intel,acorn,intel,557.2244897959183,13.135932440768544,523,590,1170.204081632653,11.247184076908393,1134,1188,49
control_c384gdas_intel,derecho,intel,448.57894736842104,4.62259895000978,439,455,309493.63157894736,530052.4570174593,1166,1175576,19
control_c384gdas_intel,gaeac6,intel,621.3541666666666,32.32974362247611,573,821,100160.6875,331744.82730647415,1148,1193212,48
control_c384gdas_intel,hera,intel,518.8775510204082,35.976631682397496,469,672,1398.8163265306123,14.61259939998656,1351,1431,49
control_c384gdas_intel,hercules,intel,512.9387755102041,98.20289544341034,422,782,590545.306122449,747826.974627047,1476,1529864,49
control_c384gdas_intel,orion,intel,686.2857142857143,213.48058069373275,587,1464,56320.63265306123,269304.6361011458,1298,1352820,49
control_c384gdas_intel,ursa,intel,380.1489361702128,20.98444426277657,348,479,42644.425531914894,279165.7702107839,1817,1915788,47
control_c384gdas_intel,wcoss2,intel,620.0816326530612,120.97810351717477,528,1087,1173.1632653061224,13.051735099811335,1135,1190,49
