test_name,machine,compiler,core_mean,core_std,core_min,core_max,mem_mean,mem_std,mem_min,mem_max,n_hashes
control_wam_intel,acorn,intel,749.0652173913044,14.021257153832964,696,768,1656.0217391304348,8.236744584643647,1645,1668,46
control_wam_intel,derecho,intel,663.3684210526316,3.2008770727860765,659,669,1595.3157894736842,0.8200698871944047,1593,1597,19
control_wam_intel,gaeac6,intel,457.95652173913044,8.589286664830068,431,469,141498.13043478262,934190.6771340184,1497,6339728,46
control_wam_intel,hera,intel,654.7948717948718,23.244896991971025,617,705,1791.4358974358975,4.683649453122018,1777,1801,39
control_wam_intel,hercules,intel,641.7391304347826,90.68343834647077,552,915,1683.2173913043478,4.441786644924968,1674,1693,46
control_wam_intel,orion,intel,756.1555555555556,14.373200370442477,728,791,1671.3111111111111,5.199747468615575,1662,1681,45
control_wam_intel,ursa,intel,491.8775510204082,54.833320410229454,455,863,2410.285714285714,13.49845670190994,2382,2455,49
control_wam_intel,wcoss2,intel,788.6739130434783,98.42223198440618,716,1192,1650.5869565217392,33.21885414236019,1560,1670,46
