test_name,machine,compiler,core_mean,core_std,core_min,core_max,mem_mean,mem_std,mem_min,mem_max,n_hashes
control_p8_ugwpv1_tempo_aerosol_hail_intel,acorn,intel,141.26666666666668,4.158233890837437,133,150,2435.1111111111113,2.385774338012639,2429,2440,45
control_p8_ugwpv1_tempo_aerosol_hail_intel,derecho,intel,150.78571428571428,6.375175067624191,140,160,868319.3571428572,1205573.2824902853,2418,2431968,14
control_p8_ugwpv1_tempo_aerosol_hail_intel,gaeac6,intel,96.72727272727273,39.975785482553626,82,324,168331.4090909091,620399.043144769,2412,2442956,44
control_p8_ugwpv1_tempo_aerosol_hail_intel,hera,intel,127.06666666666666,4.988167818129037,118,139,2396.4,13.315063240214414,2375,2426,45
control_p8_ugwpv1_tempo_aerosol_hail_intel,hercules,intel,127.62222222222222,28.874563270124177,93,179,866698.7333333333,1176707.648116623,2423,2441516,45
control_p8_ugwpv1_tempo_aerosol_hail_intel,orion,intel,151.53333333333333,68.40740257656861,124,520,55885.333333333336,358737.4676583902,2398,2408892,45
control_p8_ugwpv1_tempo_aerosol_hail_intel,ursa,intel,554.0652173913044,170.29352465981435,104,650,54569.391304347824,353806.5151401558,2381,2402036,46
control_p8_ugwpv1_tempo_aerosol_hail_intel,wcoss2,intel,184.86666666666667,40.23713797882838,152,338,2432.8,9.139325616656404,2410,2443,45
