test_name,machine,compiler,core_mean,core_std,core_min,core_max,mem_mean,mem_std,mem_min,mem_max,n_hashes
control_c48_lnd_iau_intel,acorn,intel,392.9111111111111,6.427293443596707,383,413,1593.088888888889,2.644223740896204,1588,1599,45
control_c48_lnd_iau_intel,derecho,intel,339.6818181818182,4.130278031481172,333,347,1556.2954545454545,1.6506453347529335,1553,1560,44
control_c48_lnd_iau_intel,gaeac6,intel,271.1666666666667,7.5662558078850735,262,311,138133.83333333334,913815.844668757,1560,6337336,48
control_c48_lnd_iau_intel,hera,intel,403.25,3.087609647175839,397,407,1718.875,3.879432948254198,1712,1725,16
control_c48_lnd_iau_intel,hercules,intel,352.5,17.02313819607163,340,455,37073.4375,244994.02634349273,1694,1699080,48
control_c48_lnd_iau_intel,orion,intel,531.9574468085107,20.80651804938781,522,660,38219.04255319149,250268.49655945224,1703,1717468,47
control_c48_lnd_iau_intel,ursa,intel,319.84,136.81871813700445,259,751,1667.4,1.8626292586293143,1664,1673,50
control_c48_lnd_iau_intel,wcoss2,intel,393.7291666666667,8.74640250260576,382,419,1597.8333333333333,2.9703021791495945,1592,1604,48
