test_name,machine,compiler,core_mean,core_std,core_min,core_max,mem_mean,mem_std,mem_min,mem_max,n_hashes
control_p8_atmlnd_debug_intel,acorn,intel,340.9130434782609,6.292238912454048,330,358,1906.7826086956522,3.1616665329696545,1901,1914,46
control_p8_atmlnd_debug_intel,gaeac6,intel,205.37777777777777,5.131404596337438,197,218,144616.0,944586.6062141828,1866,6340268,45
control_p8_atmlnd_debug_intel,hera,intel,293.780487804878,5.9393273824649295,284,313,1874.6097560975609,6.028590418914152,1864,1892,41
control_p8_atmlnd_debug_intel,hercules,intel,285.5652173913044,49.2195318835986,241,523,1909.0,6.278711828251314,1899,1920,46
control_p8_atmlnd_debug_intel,orion,intel,337.9111111111111,92.1566902376358,288,907,1887.0444444444445,7.169872433109907,1872,1905,45
control_p8_atmlnd_debug_intel,ursa,intel,217.6734693877551,10.823176819334751,207,273,1945.469387755102,9.092354940682164,1925,1962,49
