test_name,machine,compiler,core_mean,core_std,core_min,core_max,mem_mean,mem_std,mem_min,mem_max,n_hashes
control_p8_faster_intel,acorn,intel,184.35416666666666,6.278940089894334,168,195,1859.1041666666667,3.5981057861362364,1852,1863,48
control_p8_faster_intel,derecho,intel,182.125,7.827783437754731,165,196,289291.71875,678650.0233170801,1837,1844572,32
control_p8_faster_intel,gaeac6,intel,115.36170212765957,3.7960249914127524,111,130,147960.72340425532,484664.0549164241,1704,1726428,47
control_p8_faster_intel,hera,intel,176.24489795918367,21.115289298914906,164,281,1971.9183673469388,58.34946327041541,1876,2029,49
control_p8_faster_intel,hercules,intel,174.66,68.76330594799789,138,603,1337544.76,883264.1851518154,1906,1922036,50
control_p8_faster_intel,orion,intel,238.9387755102041,68.55697392293061,185,464,117301.1836734694,456625.6513808509,1878,1894592,49
control_p8_faster_intel,ursa,intel,163.1290322580645,98.64506810969107,124,547,84123.16129032258,454312.65324282984,2512,2532032,31
control_p8_faster_intel,wcoss2,intel,218.16666666666666,29.361527391812263,183,317,1855.2291666666667,7.605260171059467,1842,1864,48
