test_name,machine,compiler,core_mean,core_std,core_min,core_max,mem_mean,mem_std,mem_min,mem_max,n_hashes
control_ras_debug_intel,acorn,intel,194.3404255319149,6.147734102707676,178,208,830.7872340425532,3.0640706812483023,825,838,47
control_ras_debug_intel,derecho,intel,158.20689655172413,2.0244807155138997,153,163,140687.10344827586,311878.3754891302,803,815184,29
control_ras_debug_intel,gaeac6,intel,114.08695652173913,2.268882122754842,111,122,58589.15217391304,189766.09675773283,653,669540,46
control_ras_debug_intel,hera,intel,179.08333333333334,33.284609780301615,160,317,926.6458333333334,57.25251628153456,814,970,48
control_ras_debug_intel,hercules,intel,146.85714285714286,15.971328477410177,132,227,565057.4693877551,415500.6685373734,853,873720,49
control_ras_debug_intel,orion,intel,170.97916666666666,14.531681578659297,158,234,52837.0625,203532.33076359108,827,837268,48
control_ras_debug_intel,ursa,intel,148.64705882352942,75.61981556601985,119,433,45272.5,255282.51958912643,1481,1490032,34
control_ras_debug_intel,wcoss2,intel,201.93617021276594,11.677559779559271,185,239,832.063829787234,3.824430934191066,819,839,47
