test_name,machine,compiler,core_mean,core_std,core_min,core_max,mem_mean,mem_std,mem_min,mem_max,n_hashes
control_restart_p8_intel,acorn,intel,109.68181818181819,5.325553698793349,99,125,1012.9090909090909,2.1868335590069425,1010,1018,44
control_restart_p8_intel,derecho,intel,148.0909090909091,9.89436809930612,134,176,970.4090909090909,0.9479029932259017,968,972,44
control_restart_p8_intel,gaeac6,intel,74.12765957446808,7.772910095958396,70,123,6338.808510638298,0.6473456798591406,6338,6342,47
control_restart_p8_intel,hera,intel,100.14285714285714,1.8752289237539808,98,105,1275.357142857143,8.110839308340122,1261,1283,14
control_restart_p8_intel,hercules,intel,106.04347826086956,26.022175604441795,86,180,27682.82608695652,179525.13602381444,1188,1218812,46
control_restart_p8_intel,orion,intel,133.77777777777777,34.26825252785925,107,252,25889.17777777778,166097.3893019461,1108,1115344,45
control_restart_p8_intel,ursa,intel,150.28,148.98651356579157,73,560,1867.3,33.098646621323745,1834,1966,50
control_restart_p8_intel,wcoss2,intel,124.83333333333333,6.848927026800598,115,146,949.3125,45.937124582342186,914,1019,48
