test_name,machine,compiler,core_mean,core_std,core_min,core_max,mem_mean,mem_std,mem_min,mem_max,n_hashes
control_csawmg_debug_intel,acorn,intel,291.2708333333333,5.326527683502703,281,309,1115.2708333333333,3.4747697510332336,1106,1122,48
control_csawmg_debug_intel,derecho,intel,276.125,7.691398357623396,259,292,231127.375,458034.5915210954,1099,1105780,24
control_csawmg_debug_intel,gaeac6,intel,172.06382978723406,2.839199637062087,167,184,83235.0,272654.0162539171,951,969356,47
control_csawmg_debug_intel,hera,intel,271.5833333333333,44.826299904415116,248,416,1249.2916666666667,44.570268848731736,1124,1284,48
control_csawmg_debug_intel,hercules,intel,304.265306122449,136.94642740718663,211,1185,618634.7551020408,586786.0747878201,1155,1178480,49
control_csawmg_debug_intel,orion,intel,295.46938775510205,27.34585742607731,254,352,70804.89795918367,275623.1391500483,1131,1143264,49
control_csawmg_debug_intel,ursa,intel,196.225,54.42119096125172,182,529,46662.175,283765.9034021446,1787,1796488,40
control_csawmg_debug_intel,wcoss2,intel,319.25,33.82778663962765,288,502,1112.9791666666667,4.240080204647556,1092,1119,48
