test_name,machine,compiler,core_mean,core_std,core_min,core_max,mem_mean,mem_std,mem_min,mem_max,n_hashes
control_p8_faster_intel,acorn,intel,184.625,5.822279293387841,168,195,1859.2708333333333,3.444017837533287,1852,1863,48
control_p8_faster_intel,derecho,intel,182.25806451612902,7.920301938417442,165,196,298563.96774193546,687804.5912912323,1837,1844572,31
control_p8_faster_intel,gaeac6,intel,115.38297872340425,3.791025968104386,111,130,147960.46808510637,484664.13362908165,1704,1726428,47
control_p8_faster_intel,hera,intel,176.24489795918367,21.11528929891491,164,281,1974.6122448979593,57.001760326082184,1876,2029,49
control_p8_faster_intel,hercules,intel,175.14,68.79250374443839,138,603,1299598.46,899251.9960757229,1906,1922036,50
control_p8_faster_intel,orion,intel,238.55102040816325,68.80045458440233,185,464,117301.20408163265,456625.646114881,1878,1894592,49
control_p8_faster_intel,ursa,intel,161.9375,97.27478123602297,124,547,81572.9375,447157.73428096523,2512,2532032,32
control_p8_faster_intel,wcoss2,intel,218.97916666666666,29.189395905591027,183,317,1855.4375,7.6517450380719545,1842,1864,48
