test_name,machine,compiler,core_mean,core_std,core_min,core_max,mem_mean,mem_std,mem_min,mem_max,n_hashes
control_diag_debug_intel,acorn,intel,195.70454545454547,6.81509796361724,186,219,1672.4318181818182,2.5915580953399933,1667,1677,44
control_diag_debug_intel,derecho,intel,175.63636363636363,4.063970501466081,171,190,1605.0681818181818,1.957665045734322,1601,1608,44
control_diag_debug_intel,gaeac6,intel,118.82978723404256,2.239168604795772,115,127,6338.765957446809,0.42797632794391693,6338,6339,47
control_diag_debug_intel,hera,intel,164.0,2.1122354181147673,160,167,1807.2142857142858,4.67692488432586,1800,1816,14
control_diag_debug_intel,hercules,intel,146.2173913043478,7.5126945705349195,134,161,38568.19565217391,250026.79742314023,1693,1697468,46
control_diag_debug_intel,orion,intel,169.55555555555554,3.4938618614751733,163,179,39002.066666666666,250341.92785217872,1671,1681028,45
control_diag_debug_intel,ursa,intel,165.2,97.26148219293877,118,460,2319.32,9.067637002898115,2289,2341,50
control_diag_debug_intel,wcoss2,intel,198.85416666666666,5.46941042111578,190,217,1607.8958333333333,43.37919865426901,1574,1673,48
