test_name,machine,compiler,core_mean,core_std,core_min,core_max,mem_mean,mem_std,mem_min,mem_max,n_hashes
control_p8_intel,acorn,intel,178.32608695652175,4.853655428076114,170,193,1852.7826086956522,1.8488800631524225,1850,1859,46
control_p8_intel,derecho,intel,208.3548387096774,8.292761450392648,193,228,1801.9032258064517,1.2742275754268808,1800,1804,31
control_p8_intel,gaeac6,intel,115.17021276595744,3.122980383461552,108,121,139869.8510638298,924423.3137892433,1697,6342540,47
control_p8_intel,hera,intel,165.75,2.287243205582105,162,171,2004.0,9.265627439728613,1974,2020,28
control_p8_intel,hercules,intel,176.6595744680851,51.58879074227045,139,403,1900.3829787234042,4.01926443351194,1893,1908,47
control_p8_intel,orion,intel,215.6304347826087,35.511724946778514,178,308,1878.5434782608695,5.524517160356452,1865,1889,46
control_p8_intel,ursa,intel,190.0408163265306,172.15387486970212,119,725,2505.408163265306,9.284661112436376,2491,2525,49
control_p8_intel,wcoss2,intel,204.38297872340425,26.647908141646393,185,345,1818.7446808510638,48.434836584886355,1749,1864,47
