test_name,machine,compiler,core_mean,core_std,core_min,core_max,mem_mean,mem_std,mem_min,mem_max,n_hashes
control_p8_ugwpv1_intel,acorn,intel,179.36170212765958,5.6238062768713775,169,195,1861.7021276595744,3.770104909260061,1855,1866,47
control_p8_ugwpv1_intel,derecho,intel,194.7,13.622285662350013,180,214,1831.3,17.230786401090338,1814,1850,10
control_p8_ugwpv1_intel,gaeac6,intel,115.32608695652173,10.22644577733217,107,180,140183.10869565216,934231.1155231636,1706,6338692,46
control_p8_ugwpv1_intel,hera,intel,173.0,20.080688298790744,157,297,2011.9375,7.060246062856855,1990,2026,48
control_p8_ugwpv1_intel,hercules,intel,177.7826086956522,45.29847338289951,135,336,250497.78260869565,648950.756419996,1899,1910216,46
control_p8_ugwpv1_intel,orion,intel,229.7826086956522,88.69420951748974,174,666,42898.52173913043,278141.4653892463,1879,1888336,46
control_p8_ugwpv1_intel,ursa,intel,137.85714285714286,60.44798039085619,120,549,53656.57142857143,357982.8334676702,2499,2508396,49
control_p8_ugwpv1_intel,wcoss2,intel,234.87234042553192,76.31160861638759,182,623,1866.0212765957447,3.467171267149144,1852,1871,47
