test_name,machine,compiler,core_mean,core_std,core_min,core_max,mem_mean,mem_std,mem_min,mem_max,n_hashes
control_p8_rrtmgp_intel,acorn,intel,248.83333333333334,8.77698473240711,231,263,1911.6041666666667,2.7809349670173273,1905,1915,48
control_p8_rrtmgp_intel,derecho,intel,239.37142857142857,6.092839163774981,227,260,273090.5714285714,673964.3969711773,1891,1901996,35
control_p8_rrtmgp_intel,gaeac6,intel,176.74468085106383,72.45612408032707,154,451,152890.70212765958,500815.51860887307,1771,1781956,47
control_p8_rrtmgp_intel,hera,intel,264.0408163265306,31.723387261131627,246,419,2024.6122448979593,56.21010300890898,1941,2085,49
control_p8_rrtmgp_intel,hercules,intel,255.6,59.52601900661181,210,481,1507609.8,854687.7168031632,1970,1993520,50
control_p8_rrtmgp_intel,orion,intel,339.0408163265306,111.8209057644696,284,988,121480.3469387755,472909.0069523396,1941,1958976,49
control_p8_rrtmgp_intel,ursa,intel,216.21428571428572,115.97616522144064,169,743,95183.67857142857,489949.30596119416,2578,2595160,28
control_p8_rrtmgp_intel,wcoss2,intel,280.1875,26.234341834499343,250,399,1911.3333333333333,7.37832747389653,1897,1921,48
