test_name,machine,compiler,core_mean,core_std,core_min,core_max,mem_mean,mem_std,mem_min,mem_max,n_hashes
control_wam_intel,acorn,intel,744.7659574468086,13.657634854697076,696,768,1662.0212765957447,7.22462384067317,1649,1668,47
control_wam_intel,derecho,intel,625.8,13.644697789902786,618,664,655856.3,844602.4416257825,1596,1640592,10
control_wam_intel,gaeac6,intel,455.69565217391306,8.674021405495557,431,472,139610.6739130435,934472.8132727874,1497,6339728,46
control_wam_intel,hera,intel,670.6041666666666,27.024606268577408,617,705,1791.6875,5.427103964989827,1770,1801,48
control_wam_intel,hercules,intel,653.5434782608696,97.03394744377735,552,915,367793.9130434783,702323.4102160193,1674,1695596,46
control_wam_intel,orion,intel,793.3260869565217,116.10896306637065,728,1414,74415.45652173914,344961.2660314653,1662,1678160,46
control_wam_intel,ursa,intel,493.38775510204084,54.8436475835817,455,863,51615.63265306123,344397.72045283957,2390,2413200,49
control_wam_intel,wcoss2,intel,789.5744680851063,99.00016352223014,716,1192,1662.4893617021276,8.013229117407455,1646,1670,47
