test_name,machine,compiler,core_mean,core_std,core_min,core_max,mem_mean,mem_std,mem_min,mem_max,n_hashes
control_decomp_p8_intel,acorn,intel,184.5531914893617,5.4326249185833815,173,194,1855.3617021276596,7.814216508932603,1844,1863,47
control_decomp_p8_intel,derecho,intel,195.8,18.304826321674472,167,219,1823.0,23.437861108329347,1800,1847,10
control_decomp_p8_intel,gaeac6,intel,117.19565217391305,3.249749154199042,113,127,140184.10869565216,934270.7581360206,1700,6338956,46
control_decomp_p8_intel,hera,intel,178.875,19.37054684582712,163,300,1999.5833333333333,7.20470689330524,1983,2013,48
control_decomp_p8_intel,hercules,intel,178.56521739130434,44.952148471167796,139,308,250259.8260869565,648358.9079236663,1886,1912588,46
control_decomp_p8_intel,orion,intel,209.2826086956522,46.409128912066556,179,438,42552.760869565216,275882.1598682375,1867,1873000,46
control_decomp_p8_intel,ursa,intel,161.22448979591837,112.35736611850793,123,707,53820.91836734694,359186.7828841421,2491,2516816,49
control_decomp_p8_intel,wcoss2,intel,244.93617021276594,133.3906333090112,182,1073,1851.8085106382978,4.041299284573312,1839,1858,47
