test_name,machine,compiler,core_mean,core_std,core_min,core_max,mem_mean,mem_std,mem_min,mem_max,n_hashes
control_c48_intel,acorn,intel,383.06666666666666,8.020995177430512,367,399,1593.2888888888888,2.546139878881042,1588,1599,45
control_c48_intel,derecho,intel,332.4347826086956,4.602666733840516,325,343,1555.1521739130435,2.0652402744727203,1551,1560,46
control_c48_intel,gaeac6,intel,265.40425531914894,7.332653515990571,256,301,6337.723404255319,0.49791424351448393,6337,6339,47
control_c48_intel,hera,intel,394.75,2.964070560178064,391,399,1721.0,5.318431562567488,1711,1728,8
control_c48_intel,hercules,intel,346.4255319148936,24.717310147072396,331,494,38116.95744680851,249599.93392235026,1698,1712880,47
control_c48_intel,orion,intel,516.5652173913044,5.23939001501785,509,532,38828.13043478261,251738.96879175885,1697,1709088,46
control_c48_intel,ursa,intel,277.72,76.43725985327805,251,757,1666.68,1.9213090775376445,1663,1671,50
control_c48_intel,wcoss2,intel,383.2448979591837,6.115317558683067,372,397,1597.9795918367347,3.288171958692563,1591,1606,49
