test_name,machine,compiler,core_mean,core_std,core_min,core_max,mem_mean,mem_std,mem_min,mem_max,n_hashes
control_c384gdas_intel,acorn,intel,566.8297872340426,15.665413508379888,523,590,1159.6382978723404,18.17000099532798,1130,1185,47
control_c384gdas_intel,derecho,intel,475.1,28.100810585382686,447,506,1148.6,32.988887017701416,1115,1189,10
control_c384gdas_intel,gaeac6,intel,629.7826086956521,55.99044086805386,573,983,139765.41304347827,934515.0955267436,1142,6340156,46
control_c384gdas_intel,hera,intel,512.0208333333334,22.86080877865402,469,633,1385.4791666666667,23.40939035382148,1343,1431,48
control_c384gdas_intel,hercules,intel,501.32608695652175,95.25545871738237,422,782,199503.1739130435,516879.9326282138,1471,1523592,46
control_c384gdas_intel,orion,intel,724.3695652173913,267.98477226187913,587,1486,30515.152173913044,197971.21651065757,1296,1344032,46
control_c384gdas_intel,ursa,intel,382.6938775510204,20.995241605373998,348,479,40975.22448979592,273410.19804432325,1817,1915788,49
control_c384gdas_intel,wcoss2,intel,635.4255319148937,141.47019115744473,528,1154,1160.9787234042553,19.509740445426758,1131,1189,47
