test_name,machine,compiler,core_mean,core_std,core_min,core_max,mem_mean,mem_std,mem_min,mem_max,n_hashes
control_gfs_mpas_gnu,derecho,gnu,59.970588235294116,14.806806981143067,39,108,6438.35294117647,208.23091528876415,6356,7003,34
control_gfs_mpas_gnu,hera,gnu,48.0,3.253203549323856,41,57,6373.24,7.8489914426419345,6361,6392,25
control_gfs_mpas_gnu,hercules,gnu,41.08510638297872,11.52281250999992,36,94,144518.95744680852,946335.6528785344,6431,6494232,47
