test_name,machine,compiler,core_mean,core_std,core_min,core_max,mem_mean,mem_std,mem_min,mem_max,n_hashes
control_ras_gnu,hera,gnu,288.9166666666667,19.23851780610678,278,379,610.9166666666666,4.150536152668719,606,635,48
control_ras_gnu,hercules,gnu,231.08163265306123,35.655666178214155,216,459,293266.1632653061,301805.1304584734,593,605032,49
control_ras_gnu,ursa,gnu,286.9761904761905,292.9882614892607,185,1374,12932.833333333334,80441.98326044668,518,521844,42
