test_name,machine,compiler,core_mean,core_std,core_min,core_max,mem_mean,mem_std,mem_min,mem_max,n_hashes
control_p8.v2.sfc_intel,acorn,intel,187.06666666666666,4.433344725435352,179,197,1855.9777777777779,1.484601092563461,1850,1858,45
control_p8.v2.sfc_intel,derecho,intel,213.48648648648648,9.485725010718948,195,238,1809.1891891891892,1.6131032521515343,1804,1812,37
control_p8.v2.sfc_intel,gaeac6,intel,121.59574468085107,2.2713678551469796,116,126,140399.1914893617,923905.4010033484,1694,6339600,47
control_p8.v2.sfc_intel,hera,intel,174.13636363636363,1.9831541626662368,171,180,2010.9545454545455,3.709412387392434,2005,2020,22
control_p8.v2.sfc_intel,hercules,intel,184.70212765957447,41.28528261489855,147,334,42286.51063829787,276829.76635783515,1895,1899756,47
control_p8.v2.sfc_intel,orion,intel,237.8695652173913,52.922840561898184,191,492,42756.67391304348,277212.1125217258,1875,1882028,46
control_p8.v2.sfc_intel,ursa,intel,149.73469387755102,81.6549588997825,125,553,2516.4897959183672,7.1476174613747405,2504,2532,49
control_p8.v2.sfc_intel,wcoss2,intel,210.40425531914894,38.433827703383834,192,464,1808.2340425531916,49.847250487148905,1749,1861,47
