test_name,machine,compiler,core_mean,core_std,core_min,core_max,mem_mean,mem_std,mem_min,mem_max,n_hashes
conus13km_debug_qr_intel,acorn,intel,1112.9166666666667,275.32548114436446,882,1498,836.6458333333334,24.133925607911976,795,876,48
conus13km_debug_qr_intel,derecho,intel,862.8484848484849,196.77860675326855,752,1253,124557.69696969698,297447.06319491594,789,837380,33
conus13km_debug_qr_intel,gaeac6,intel,653.468085106383,151.6563407788391,527,901,60520.14893617021,198148.70938777915,702,705036,47
conus13km_debug_qr_intel,hera,intel,1053.9591836734694,247.2737146685556,826,1404,1080.857142857143,104.01822756933849,937,1238,49
conus13km_debug_qr_intel,hercules,intel,921.6,213.4757071683342,672,1478,758210.78,479431.5557062444,1016,1166476,50
conus13km_debug_qr_intel,orion,intel,1042.6530612244899,250.1415058705446,803,1427,63513.857142857145,247788.30412286078,937,1066940,49
conus13km_debug_qr_intel,ursa,intel,802.6333333333333,175.45418565644937,551,1208,50347.433333333334,267346.90658828086,1439,1465856,30
conus13km_debug_qr_intel,wcoss2,intel,1118.7708333333333,271.07549702740096,883,1503,843.7083333333334,27.450503489808188,794,886,48
