test_name,machine,compiler,core_mean,core_std,core_min,core_max,mem_mean,mem_std,mem_min,mem_max,n_hashes
conus13km_decomp_gnu,hera,gnu,293.6,4.357691325026424,288,304,1033.15,1.4964871146155931,1031,1036,20
conus13km_decomp_gnu,hercules,gnu,260.5,60.321507031292875,227,452,417077.65,522778.11791924393,1037,1042608,20
conus13km_decomp_gnu,ursa,gnu,432.5,558.540626614526,170,1719,46375.95,203340.03088978943,902,910272,20
