test_name,machine,compiler,core_mean,core_std,core_min,core_max,mem_mean,mem_std,mem_min,mem_max,n_hashes
conus13km_debug_gnu,derecho,gnu,605.6666666666666,14.24621161763875,582,645,947.0888888888888,2.086996778999768,943,951,45
conus13km_debug_gnu,hera,gnu,666.8333333333334,12.186679265294192,642,684,1033.9166666666667,10.983113760623095,1026,1061,12
conus13km_debug_gnu,hercules,gnu,541.2127659574468,23.32840792030628,509,631,23406.40425531915,153278.36743943434,1012,1051872,47
conus13km_debug_gnu,ursa,gnu,427.66,6.176353854724917,418,449,916.84,7.728452600089932,891,924,50
