test_name,machine,compiler,core_mean,core_std,core_min,core_max,mem_mean,mem_std,mem_min,mem_max,n_hashes
conus13km_2threads_gnu,hera,gnu,117.3125,20.862422953467366,85,194,1000.8541666666666,26.25001688618154,956,1035,48
conus13km_2threads_gnu,hercules,gnu,106.9375,24.89160009559749,72,190,390090.1875,486120.4814135381,958,1018980,48
conus13km_2threads_gnu,ursa,gnu,71.48936170212765,9.60269966665972,65,129,20156.82978723404,132041.5735885975,862,906128,47
