test_name,machine,compiler,core_mean,core_std,core_min,core_max,mem_mean,mem_std,mem_min,mem_max,n_hashes
conus13km_decomp_intel,acorn,intel,179.32258064516128,5.515959250358262,171,190,1027.483870967742,0.6256179740563602,1027,1029,31
conus13km_decomp_intel,derecho,intel,149.42857142857142,1.9023794624226877,148,153,295818.4285714286,503443.3543991012,1030,1033064,7
conus13km_decomp_intel,gaeac6,intel,113.06666666666666,7.579160782099794,109,152,1027.6666666666667,7.539932009815684,1014,1037,30
conus13km_decomp_intel,hera,intel,178.3548387096774,2.510622593392247,174,183,1488.9354838709678,3.2653277923354143,1484,1497,31
conus13km_decomp_intel,hercules,intel,153.29032258064515,8.226759379760228,144,179,399200.5806451613,685427.823721106,1523,1554632,31
conus13km_decomp_intel,orion,intel,231.61290322580646,21.181245508475715,220,343,88539.70967741935,337481.6099298048,1348,1353472,31
conus13km_decomp_intel,ursa,intel,169.53125,172.32676843998362,112,841,58572.6875,321042.0465362088,1795,1817908,32
conus13km_decomp_intel,wcoss2,intel,196.38709677419354,24.716630594743066,179,312,1026.225806451613,2.0609007321938226,1020,1028,31
