test_name,machine,compiler,core_mean,core_std,core_min,core_max,mem_mean,mem_std,mem_min,mem_max,n_hashes
conus13km_radar_tten_debug_gnu,derecho,gnu,605.975,10.281892223336493,583,634,1015.65,2.0197740416906056,1013,1019,40
conus13km_radar_tten_debug_gnu,hera,gnu,667.4,7.006763649653478,657,681,1107.35,7.6796038823284185,1097,1117,20
conus13km_radar_tten_debug_gnu,hercules,gnu,540.9791666666666,31.364358131371187,510,697,24441.354166666668,161569.03754840748,1112,1120504,48
conus13km_radar_tten_debug_gnu,ursa,gnu,427.38,5.87936550790222,416,448,988.12,4.298267330078065,975,991,50
