test_name,machine,compiler,core_mean,core_std,core_min,core_max,mem_mean,mem_std,mem_min,mem_max,n_hashes
conus13km_radar_tten_debug_intel,acorn,intel,1446.8085106382978,16.336992296588626,1422,1495,1162.936170212766,9.173222503615154,1145,1171,47
conus13km_radar_tten_debug_intel,derecho,intel,1246.0,9.41629792788367,1224,1257,1111.8,15.887101686588478,1106,1157,10
conus13km_radar_tten_debug_intel,gaeac6,intel,839.7608695652174,10.033687219913373,817,867,140154.02173913043,934286.7220002526,1106,6339024,46
conus13km_radar_tten_debug_intel,hera,intel,1364.5,31.956086890633273,1314,1527,1560.4166666666667,16.920129436320607,1527,1607,48
conus13km_radar_tten_debug_intel,hercules,intel,1157.4347826086957,40.642425657003095,1100,1298,106951.89130434782,403205.8083433724,1582,1627556,46
conus13km_radar_tten_debug_intel,orion,intel,1354.891304347826,21.973952520472558,1311,1422,32462.282608695652,210526.19330405453,1400,1429280,46
conus13km_radar_tten_debug_intel,ursa,intel,899.0,29.016518284131408,822,992,1894.938775510204,14.045177350347831,1856,1921,49
conus13km_radar_tten_debug_intel,wcoss2,intel,1449.9148936170213,13.088045968403556,1430,1500,1163.9787234042553,8.39898897047611,1145,1173,47
