test_name,machine,compiler,core_mean,core_std,core_min,core_max,mem_mean,mem_std,mem_min,mem_max,n_hashes
conus13km_restart_gnu,derecho,gnu,135.26315789473685,1.3679711361135405,133,137,587.421052631579,0.5072572735017785,587,588,19
conus13km_restart_gnu,hera,gnu,162.84615384615384,1.6942388686751286,160,166,725.6153846153846,7.411283661152959,706,734,39
conus13km_restart_gnu,hercules,gnu,134.2608695652174,16.123736515679393,123,237,759.6739130434783,2.4226188568581097,755,766,46
conus13km_restart_gnu,ursa,gnu,174.22448979591837,182.1238435454158,99,763,581.0612244897959,3.2939854486707194,570,587,49
