test_name,machine,compiler,core_mean,core_std,core_min,core_max,mem_mean,mem_std,mem_min,mem_max,n_hashes
conus13km_debug_qr_gnu,derecho,gnu,608.046511627907,15.453391503812389,589,671,657.1860465116279,1.9549182659018378,652,662,43
conus13km_debug_qr_gnu,hera,gnu,660.9411764705883,11.387880554756961,632,682,770.7647058823529,5.584906129075768,765,791,17
conus13km_debug_qr_gnu,hercules,gnu,539.8958333333334,20.912420806105462,509,596,16894.770833333332,111669.84532611805,772,774448,48
conus13km_debug_qr_gnu,ursa,gnu,427.4,7.425823667638309,417,468,648.38,1.9680094574188054,638,651,50
