test_name,machine,compiler,core_mean,core_std,core_min,core_max,mem_mean,mem_std,mem_min,mem_max,n_hashes
conus13km_2threads_intel,acorn,intel,81.76086956521739,4.812875244169755,72,94,1139.4565217391305,3.8453811932939432,1133,1147,46
conus13km_2threads_intel,derecho,intel,116.14285714285714,3.570329501215924,110,124,1114.2857142857142,4.158930547232422,1109,1124,14
conus13km_2threads_intel,gaeac6,intel,56.28888888888889,2.581597657390958,51,65,143772.82222222222,944626.9982963282,1003,6339684,45
conus13km_2threads_intel,hera,intel,84.9090909090909,8.468321768387082,75,105,1285.840909090909,11.158359431423989,1266,1310,44
conus13km_2threads_intel,hercules,intel,80.19565217391305,18.32620414745253,67,193,1327.1304347826087,6.152176473600132,1316,1343,46
conus13km_2threads_intel,orion,intel,89.77777777777777,3.1542820022146,85,99,1228.8444444444444,8.01406591720163,1215,1247,45
conus13km_2threads_intel,ursa,intel,50.816326530612244,3.1336445061870792,47,62,1790.9591836734694,8.960466839757528,1771,1814,49
conus13km_2threads_intel,wcoss2,intel,96.04347826086956,21.516873504545863,79,173,1133.9565217391305,13.854732880442251,1046,1146,46
