test_name,machine,compiler,core_mean,core_std,core_min,core_max,mem_mean,mem_std,mem_min,mem_max,n_hashes
conus13km_radar_tten_debug_gnu,derecho,gnu,602.7647058823529,9.03831712602455,583,619,1015.2941176470588,1.4037764192684394,1013,1018,17
conus13km_radar_tten_debug_gnu,hera,gnu,664.8536585365854,7.763893918678169,649,681,1110.9756097560976,7.744313413331298,1097,1137,41
conus13km_radar_tten_debug_gnu,hercules,gnu,563.4130434782609,145.24792231628675,507,1452,1121.195652173913,3.3705889048083577,1110,1133,46
conus13km_radar_tten_debug_gnu,ursa,gnu,472.18367346938777,182.80826402150922,416,1411,989.7755102040817,2.365245812828331,976,991,49
