test_name,machine,compiler,core_mean,core_std,core_min,core_max,mem_mean,mem_std,mem_min,mem_max,n_hashes
conus13km_decomp_intel,acorn,intel,180.6590909090909,5.681234642338837,170,195,1025.8636363636363,2.5112853105940025,1020,1029,44
conus13km_decomp_intel,derecho,intel,163.88888888888889,2.533612424817965,161,171,1006.9555555555555,4.582355267543093,993,1012,45
conus13km_decomp_intel,gaeac6,intel,114.8125,2.647007543655704,112,126,6338.5625,0.5800311803798063,6337,6339,48
conus13km_decomp_intel,hera,intel,179.25,2.6328346286499276,178,187,1474.75,3.8168287645873993,1469,1482,12
conus13km_decomp_intel,hercules,intel,158.27659574468086,9.102560861981013,149,188,34082.72340425532,223139.22856726858,1520,1531300,47
conus13km_decomp_intel,orion,intel,229.19565217391303,6.319703105605135,224,260,30470.869565217392,197577.58160002856,1334,1341376,46
conus13km_decomp_intel,ursa,intel,116.64,4.818162915214784,111,138,1811.24,7.089975677112134,1794,1829,50
conus13km_decomp_intel,wcoss2,intel,183.29166666666666,5.573334436187076,176,197,1030.8125,5.2049740939942835,1022,1038,48
