test_name,machine,compiler,core_mean,core_std,core_min,core_max,mem_mean,mem_std,mem_min,mem_max,n_hashes
conus13km_2threads_intel,acorn,intel,82.55555555555556,5.925889099212169,70,99,1141.7333333333333,5.906083150601478,1134,1157,45
conus13km_2threads_intel,derecho,intel,116.5,2.9688303232707827,110,124,1112.1818181818182,5.637386526564803,1100,1127,44
conus13km_2threads_intel,gaeac6,intel,58.041666666666664,1.8675086753432417,54,65,138172.41666666666,914156.3341122374,1024,6339684,48
conus13km_2threads_intel,hera,intel,94.6875,3.048906907948051,92,105,1278.25,6.049793384901677,1266,1286,16
conus13km_2threads_intel,hercules,intel,81.54166666666667,2.6971879235669634,78,95,28951.1875,191404.26388730397,1303,1327412,48
conus13km_2threads_intel,orion,intel,92.08510638297872,8.836263688160143,87,147,26776.872340425532,175209.53671776233,1202,1202396,47
conus13km_2threads_intel,ursa,intel,50.92,2.593870325460802,47,62,1783.3,8.357448101873553,1768,1799,50
conus13km_2threads_intel,wcoss2,intel,83.6875,7.261546198399444,75,107,1078.6875,41.25022566024666,1042,1144,48
