test_name,machine,compiler,core_mean,core_std,core_min,core_max,mem_mean,mem_std,mem_min,mem_max,n_hashes
conus13km_2threads_intel,acorn,intel,99.25,17.383655811183733,72,123,1093.8125,39.036075104631706,1057,1148,48
conus13km_2threads_intel,derecho,intel,80.60606060606061,10.92571334610295,71,102,170463.78787878787,407167.44848217536,1087,1157032,33
conus13km_2threads_intel,gaeac6,intel,47.0,8.148085931544053,41,89,95009.21276595745,311310.0646144581,1022,1110708,47
conus13km_2threads_intel,hera,intel,72.65306122448979,21.686738478857073,60,193,1239.265306122449,46.73764342502905,1185,1306,49
conus13km_2threads_intel,hercules,intel,68.92,37.85894335341037,49,279,889153.94,561111.709011833,1209,1346248,50
conus13km_2threads_intel,orion,intel,89.36734693877551,35.34631868947542,61,250,74417.59183673469,289992.1058681252,1129,1230320,49
conus13km_2threads_intel,ursa,intel,76.23333333333333,44.75657018486385,41,195,61297.166666666664,326178.01198986557,1652,1788296,30
conus13km_2threads_intel,wcoss2,intel,112.27083333333333,18.33348243008362,82,150,1094.6666666666667,35.218668486032634,1060,1145,48
