test_name,machine,compiler,core_mean,core_std,core_min,core_max,mem_mean,mem_std,mem_min,mem_max,n_hashes
conus13km_debug_gnu,hera,gnu,561.6666666666666,120.20874279340751,402,674,1019.2916666666666,32.021241841596456,955,1069,48
conus13km_debug_gnu,hercules,gnu,459.59183673469386,127.50717600187369,321,1001,539255.612244898,511730.8690642807,999,1052092,49
conus13km_debug_gnu,ursa,gnu,504.55,295.56126095000843,275,1360,23954.6,145753.01150089316,874,922732,40
