test_name,machine,compiler,core_mean,core_std,core_min,core_max,mem_mean,mem_std,mem_min,mem_max,n_hashes
conus13km_debug_2threads_gnu,derecho,gnu,608.25,15.390473243752648,590,650,1057.5,1.1547005383792173,1056,1060,16
conus13km_debug_2threads_gnu,hera,gnu,599.7380952380952,65.7282133147683,536,693,1030.1190476190477,7.689721936526197,1015,1052,42
conus13km_debug_2threads_gnu,hercules,gnu,558.0434782608696,94.61993130924472,509,993,1033.3260869565217,3.134427807616485,1018,1040,46
conus13km_debug_2threads_gnu,ursa,gnu,251.16326530612244,23.699812709154045,242,409,922.469387755102,3.4284474183921914,907,926,49
