test_name,machine,compiler,core_mean,core_std,core_min,core_max,mem_mean,mem_std,mem_min,mem_max,n_hashes
conus13km_restart_intel,acorn,intel,110.15555555555555,4.931142019467869,101,122,685.0222222222222,2.5627478938975004,681,690,45
conus13km_restart_intel,derecho,intel,101.76190476190476,1.9607057441387552,97,107,877.7380952380952,1.0605917310524113,877,880,42
conus13km_restart_intel,gaeac6,intel,69.33333333333333,1.982190206358707,65,78,137933.97916666666,914133.7593857609,877,6339288,48
conus13km_restart_intel,hera,intel,102.16666666666667,2.2294816068526164,100,108,1315.5,7.253802248395215,1297,1325,18
conus13km_restart_intel,hercules,intel,95.47916666666667,11.494660339133853,86,146,27595.604166666668,182444.1196500521,1203,1265272,48
conus13km_restart_intel,orion,intel,129.72340425531914,2.9392555080701346,126,138,26549.425531914894,173878.86102983414,1176,1193240,47
conus13km_restart_intel,ursa,intel,69.9,4.2964152119493075,66,89,1542.96,6.426856914224789,1530,1558,50
conus13km_restart_intel,wcoss2,intel,116.20833333333333,5.801534402073276,108,134,691.7291666666666,7.109297428654803,682,701,48
