test_name,machine,compiler,core_mean,core_std,core_min,core_max,mem_mean,mem_std,mem_min,mem_max,n_hashes
conus13km_control_gnu,hera,gnu,246.0,82.06298394119807,185,568,971.2857142857143,57.76641180940121,856,1031,49
conus13km_control_gnu,hercules,gnu,188.88,51.11716832884215,144,366,782945.7,478466.6376937574,983,1274216,50
conus13km_control_gnu,ursa,gnu,309.2758620689655,359.0853357143998,122,1298,31857.344827586207,166772.91217642455,856,898988,29
