test_name,machine,compiler,core_mean,core_std,core_min,core_max,mem_mean,mem_std,mem_min,mem_max,n_hashes
conus13km_control_intel,acorn,intel,178.06521739130434,4.332831632049746,169,188,1015.7826086956521,2.365615198146259,1012,1021,46
conus13km_control_intel,derecho,intel,163.24242424242425,2.3983106428054626,157,168,987.030303030303,1.2115292114938994,983,989,33
conus13km_control_intel,gaeac6,intel,112.97872340425532,1.9166247699505954,109,117,139820.63829787233,923850.4500449387,1000,6338644,47
conus13km_control_intel,hera,intel,176.5,2.5179356624028326,174,187,1442.4615384615386,7.344280872792218,1422,1460,26
conus13km_control_intel,hercules,intel,158.82978723404256,12.283462103905977,147,197,1496.404255319149,9.518082503429486,1473,1519,47
conus13km_control_intel,orion,intel,224.6304347826087,3.0721595419521583,220,236,1307.6304347826087,4.577037837108115,1299,1325,46
conus13km_control_intel,ursa,intel,173.3673469387755,184.00302237979122,111,914,1765.9591836734694,9.495523470899053,1746,1788,49
conus13km_control_intel,wcoss2,intel,188.04255319148936,19.168540175765482,178,307,1020.1276595744681,4.346998071016007,1015,1026,47
