test_name,machine,compiler,core_mean,core_std,core_min,core_max,mem_mean,mem_std,mem_min,mem_max,n_hashes
conus13km_debug_decomp_gnu,derecho,gnu,609.1724137931035,19.67244077658831,585,675,951.8965517241379,1.0122403577569872,949,954,29
conus13km_debug_decomp_gnu,hera,gnu,680.7,12.940580384575307,656,708,1044.9333333333334,9.070350840393054,1030,1071,30
conus13km_debug_decomp_gnu,hercules,gnu,549.0851063829788,36.18420853453954,518,760,1055.531914893617,1.7551299199995942,1053,1059,47
conus13km_debug_decomp_gnu,ursa,gnu,441.2244897959184,6.222490478506346,430,462,922.0408163265306,5.664065029028326,907,927,49
