test_name,machine,compiler,core_mean,core_std,core_min,core_max,mem_mean,mem_std,mem_min,mem_max,n_hashes
conus13km_debug_2threads_gnu,hera,gnu,433.9583333333333,98.37789890472254,332,553,990.0833333333334,48.66902257971968,863,1043,48
conus13km_debug_2threads_gnu,hercules,gnu,416.51020408163265,149.6671477046343,193,1083,677070.5306122449,477451.3593114791,971,1125624,49
conus13km_debug_2threads_gnu,ursa,gnu,249.72727272727272,32.81127162202869,169,381,28885.39393939394,160711.0717862454,879,924124,33
