test_name,machine,compiler,core_mean,core_std,core_min,core_max,mem_mean,mem_std,mem_min,mem_max,n_hashes
conus13km_restart_intel,acorn,intel,112.08108108108108,4.199063244597793,106,124,688.8918918918919,3.5651381754722995,680,691,37
conus13km_restart_intel,derecho,intel,85.57142857142857,0.9759000729485292,84,87,257714.85714285713,438594.88525343774,898,899976,7
conus13km_restart_intel,gaeac6,intel,65.83333333333333,1.5583874449479564,63,70,892.0277777777778,8.223610993826188,877,902,36
conus13km_restart_intel,hera,intel,100.64864864864865,2.4061982025157023,97,106,1328.3513513513512,6.659230086529974,1310,1336,37
conus13km_restart_intel,hercules,intel,91.8108108108108,9.480499980479928,82,138,278159.4054054054,534449.200873014,1238,1291968,37
conus13km_restart_intel,orion,intel,127.5945945945946,7.327495628943917,121,167,65917.83783783784,274498.35757852235,1175,1200048,37
conus13km_restart_intel,ursa,intel,264.36842105263156,219.55648427370286,65,610,42890.55263157895,254755.1462318382,1544,1571980,38
conus13km_restart_intel,wcoss2,intel,126.35135135135135,10.097348981611779,114,165,686.8918918918919,2.979408813317981,680,690,37
