test_name,machine,compiler,core_mean,core_std,core_min,core_max,mem_mean,mem_std,mem_min,mem_max,n_hashes
conus13km_radar_tten_debug_gnu,derecho,gnu,606.2857142857143,7.782764841072129,597,619,1014.5714285714286,1.272418020560715,1013,1016,7
conus13km_radar_tten_debug_gnu,hera,gnu,663.7291666666666,7.5448716789937835,649,680,1112.7708333333333,6.130633174523477,1097,1137,48
conus13km_radar_tten_debug_gnu,hercules,gnu,570.7391304347826,146.618997523454,507,1452,98586.63043478261,319314.7528037959,1110,1123036,46
conus13km_radar_tten_debug_gnu,ursa,gnu,496.265306122449,230.28386246744506,416,1458,21195.469387755104,141437.41072498317,982,991052,49
