test_name,machine,compiler,core_mean,core_std,core_min,core_max,mem_mean,mem_std,mem_min,mem_max,n_hashes
conus13km_debug_qr_gnu,derecho,gnu,603.5862068965517,11.07286658387232,589,624,656.7931034482758,1.4971236790408264,652,659,29
conus13km_debug_qr_gnu,hera,gnu,664.1,10.087035038209649,632,682,771.5,4.431470527317377,765,791,30
conus13km_debug_qr_gnu,hercules,gnu,534.0,17.7678263210195,509,592,776.7234042553191,2.233170174589731,772,782,47
conus13km_debug_qr_gnu,ursa,gnu,496.57142857142856,238.1007314842467,417,1440,648.4489795918367,2.0316375219039657,638,651,49
