test_name,machine,compiler,core_mean,core_std,core_min,core_max,mem_mean,mem_std,mem_min,mem_max,n_hashes
conus13km_radar_tten_debug_intel,acorn,intel,1452.3777777777777,17.839293821236517,1427,1490,1161.8444444444444,9.337012261949644,1144,1171,45
conus13km_radar_tten_debug_intel,derecho,intel,1260.4130434782608,11.16457908239085,1237,1287,1105.0434782608695,3.711582601886799,1099,1110,46
conus13km_radar_tten_debug_intel,gaeac6,intel,851.695652173913,11.880646381998998,833,896,6338.54347826087,0.5036101551853559,6338,6339,46
conus13km_radar_tten_debug_intel,hera,intel,1362.5714285714287,16.081636969508025,1341,1381,1535.142857142857,15.071259308460492,1527,1569,7
conus13km_radar_tten_debug_intel,hercules,intel,1187.6170212765958,48.8304756904099,1117,1326,35878.48936170213,234957.81593926804,1568,1612396,47
conus13km_radar_tten_debug_intel,orion,intel,1371.8478260869565,50.71049305893398,1330,1679,31849.239130434784,206415.95704167453,1391,1401396,46
conus13km_radar_tten_debug_intel,ursa,intel,898.08,10.55373035896771,875,925,1871.32,8.91785642771329,1852,1887,50
conus13km_radar_tten_debug_intel,wcoss2,intel,1448.938775510204,9.87717942883411,1436,1471,1167.3673469387754,10.451662303096004,1145,1178,49
