test_name,machine,compiler,core_mean,core_std,core_min,core_max,mem_mean,mem_std,mem_min,mem_max,n_hashes
conus13km_debug_intel,acorn,intel,1453.6222222222223,18.465310091294793,1426,1503,1094.7777777777778,7.882341855775639,1074,1102,45
conus13km_debug_intel,derecho,intel,1260.391304347826,16.914790714860544,1239,1325,1034.8478260869565,3.645194043329771,1027,1040,46
conus13km_debug_intel,gaeac6,intel,850.0833333333334,7.394170600226065,832,867,6338.541666666667,0.5441500627403626,6337,6339,48
conus13km_debug_intel,hera,intel,1353.8,17.76263243753895,1329,1388,1464.6,10.976743091139932,1458,1488,10
conus13km_debug_intel,hercules,intel,1190.2291666666667,49.58304428069999,1107,1331,33616.1875,222219.5853007097,1514,1541124,48
conus13km_debug_intel,orion,intel,1370.0,30.400943921272397,1320,1470,29709.36170212766,194454.18072494562,1312,1334456,47
conus13km_debug_intel,ursa,intel,899.46,7.974986405208809,885,922,3593802.82,25399304.179084476,1780,179602001,50
conus13km_debug_intel,wcoss2,intel,1445.8979591836735,8.888768423219933,1434,1463,1099.0816326530612,10.935105423005563,1077,1109,49
