test_name,machine,compiler,core_mean,core_std,core_min,core_max,mem_mean,mem_std,mem_min,mem_max,n_hashes
conus13km_debug_2threads_gnu,derecho,gnu,608.76,13.534770038681847,590,650,1057.08,1.222020185321559,1055,1060,25
conus13km_debug_2threads_gnu,hera,gnu,612.3529411764706,67.06527004070583,536,693,1029.5294117647059,8.443162175528908,1015,1052,34
conus13km_debug_2threads_gnu,hercules,gnu,552.2340425531914,67.06493049923866,509,993,1033.468085106383,3.1405556406040263,1018,1040,47
conus13km_debug_2threads_gnu,ursa,gnu,251.0612244897959,23.725345240959527,242,409,921.6530612244898,4.308668686536505,907,926,49
