test_name,machine,compiler,core_mean,core_std,core_min,core_max,mem_mean,mem_std,mem_min,mem_max,n_hashes
conus13km_debug_qr_gnu,derecho,gnu,606.6571428571428,15.964930052982933,589,671,657.2,1.952374120367907,652,662,35
conus13km_debug_qr_gnu,hera,gnu,663.75,10.698435480907033,632,682,771.0416666666666,4.786567860592582,765,791,24
conus13km_debug_qr_gnu,hercules,gnu,539.5744680851063,21.29170555062215,509,596,17237.59574468085,112851.5867913829,772,774448,47
conus13km_debug_qr_gnu,ursa,gnu,457.9183673469388,155.45602764322854,417,1370,648.4285714285714,2.020725942163694,638,651,49
