test_name,machine,compiler,core_mean,core_std,core_min,core_max,mem_mean,mem_std,mem_min,mem_max,n_hashes
conus13km_decomp_intel,acorn,intel,179.43589743589743,5.42312238569778,171,190,1026.5897435897436,1.9292478588674222,1022,1029,39
conus13km_decomp_intel,derecho,intel,149.42857142857142,1.9023794624226877,148,153,295818.4285714286,503443.3543991012,1030,1033064,7
conus13km_decomp_intel,gaeac6,intel,112.63157894736842,6.772045292195321,109,152,1025.6052631578948,7.991683087906085,1013,1037,38
conus13km_decomp_intel,hera,intel,178.46153846153845,2.437062012969865,174,183,1485.5641025641025,7.447341001270372,1467,1497,39
conus13km_decomp_intel,hercules,intel,153.92307692307693,7.7676272045370345,144,179,317628.71794871794,630369.9848943328,1523,1554632,39
conus13km_decomp_intel,orion,intel,230.51282051282053,18.962389082868608,220,343,70652.58974358975,301974.5289471943,1331,1353472,39
conus13km_decomp_intel,ursa,intel,225.8,245.69380568880075,112,884,47218.275,287149.36231908255,1784,1817908,40
conus13km_decomp_intel,wcoss2,intel,194.94871794871796,22.28989471055947,179,312,1025.6410256410256,2.182311419322224,1020,1028,39
