test_name,machine,compiler,core_mean,core_std,core_min,core_max,mem_mean,mem_std,mem_min,mem_max,n_hashes
conus13km_debug_2threads_intel,acorn,intel,985.5918367346939,269.17210404988003,792,1406,1188.0408163265306,31.02012732597539,1127,1223,49
conus13km_debug_2threads_intel,derecho,intel,998.85,239.12610084485368,815,1325,296341.0,524821.0244864934,1148,1228840,20
conus13km_debug_2threads_intel,gaeac6,intel,681.3333333333334,138.19802833420235,469,931,96527.45833333333,319876.9077483346,1052,1148648,48
conus13km_debug_2threads_intel,hera,intel,1055.3673469387754,199.81415259743568,733,1212,1304.0204081632653,46.75801615584141,1220,1347,49
conus13km_debug_2threads_intel,hercules,intel,1078.0204081632653,232.53606259710185,731,1512,532988.3469387755,647854.9266557016,1253,1381192,49
conus13km_debug_2threads_intel,orion,intel,1156.5510204081634,229.89817141005523,798,1404,52811.204081632655,252577.6803336104,1178,1268708,49
conus13km_debug_2threads_intel,ursa,intel,511.5652173913044,59.679384929029275,313,653,41478.913043478264,269039.2224706135,1717,1826524,46
conus13km_debug_2threads_intel,wcoss2,intel,994.3061224489796,270.2314751653996,800,1420,1183.469387755102,33.65208143687417,1114,1220,49
