test_name,machine,compiler,core_mean,core_std,core_min,core_max,mem_mean,mem_std,mem_min,mem_max,n_hashes
conus13km_debug_qr_intel,acorn,intel,1454.3111111111111,18.598414182424495,1429,1505,804.8444444444444,8.69680075857459,788,813,45
conus13km_debug_qr_intel,derecho,intel,1262.5869565217392,15.710684385625479,1238,1322,741.1304347826087,1.8810008642230236,735,746,46
conus13km_debug_qr_intel,gaeac6,intel,851.125,6.812457300276117,837,864,6338.4375,0.6492630847287282,6337,6339,48
conus13km_debug_qr_intel,hera,intel,1370.1,19.72843407650772,1351,1422,1174.1,13.843971812870588,1158,1202,10
conus13km_debug_qr_intel,hercules,intel,1186.9583333333333,46.932707976571834,1103,1318,25764.75,170518.00699389554,1141,1182536,48
conus13km_debug_qr_intel,orion,intel,1366.5531914893618,24.621313240359967,1321,1444,23283.489361702126,152450.75817754236,1018,1046196,47
conus13km_debug_qr_intel,ursa,intel,898.68,10.28063366585097,877,925,1427.6,7.392770875963256,1418,1450,50
conus13km_debug_qr_intel,wcoss2,intel,1450.0816326530612,9.094038190608478,1436,1471,833.2857142857143,14.005951116102995,800,847,49
