test_name,machine,compiler,core_mean,core_std,core_min,core_max,mem_mean,mem_std,mem_min,mem_max,n_hashes
conus13km_debug_2threads_gnu,derecho,gnu,611.5652173913044,14.067538952279929,590,661,1077.6304347826087,128.19938614788938,1055,1928,46
conus13km_debug_2threads_gnu,hera,gnu,677.2727272727273,8.198669515121443,668,693,1021.0909090909091,7.955558377066247,1015,1035,11
conus13km_debug_2threads_gnu,hercules,gnu,558.3333333333334,20.5967703865099,543,690,22522.104166666668,148872.92088824423,1030,1032456,48
conus13km_debug_2threads_gnu,ursa,gnu,247.36,4.019137891109865,240,257,920.36,6.297910246215623,893,926,50
