test_name,machine,compiler,core_mean,core_std,core_min,core_max,mem_mean,mem_std,mem_min,mem_max,n_hashes
conus13km_debug_decomp_gnu,derecho,gnu,609.3,19.342912807074022,585,675,951.9,0.9948141396330392,949,954,30
conus13km_debug_decomp_gnu,hera,gnu,681.3448275862069,12.669637107411463,656,708,1044.7931034482758,9.197745493733267,1030,1071,29
conus13km_debug_decomp_gnu,hercules,gnu,550.468085106383,36.79310607911652,518,760,1055.595744680851,1.7895782168613275,1053,1059,47
conus13km_debug_decomp_gnu,ursa,gnu,441.3673469387755,6.366232132480398,430,462,922.0204081632653,5.651289660770602,907,927,49
