test_name,machine,compiler,core_mean,core_std,core_min,core_max,mem_mean,mem_std,mem_min,mem_max,n_hashes
conus13km_decomp_gnu,derecho,gnu,232.25,5.1612875224006745,228,257,935.0357142857143,0.1889822365046175,935,936,28
conus13km_decomp_gnu,hera,gnu,296.83870967741933,3.35754646722423,291,303,1030.7096774193549,2.771203690181021,1025,1039,31
conus13km_decomp_gnu,hercules,gnu,244.80851063829786,10.809895422155005,233,269,1037.2553191489362,1.858799111001605,1035,1043,47
conus13km_decomp_gnu,ursa,gnu,290.7959183673469,341.2894653364792,173,1631,906.0816326530612,2.4734989951304875,896,910,49
