test_name,machine,compiler,core_mean,core_std,core_min,core_max,mem_mean,mem_std,mem_min,mem_max,n_hashes
conus13km_control_intel,acorn,intel,166.10204081632654,23.53742135582471,128,194,1040.1020408163265,30.02793483988354,1013,1085,49
conus13km_control_intel,derecho,intel,121.52380952380952,20.699321359936036,104,151,254476.7619047619,464686.8988666352,1029,1088532,21
conus13km_control_intel,gaeac6,intel,100.97916666666667,15.785112274024078,77,131,81759.72916666667,270653.23588670866,967,972860,48
conus13km_control_intel,hera,intel,164.44897959183675,28.903619456515724,109,247,2719809.387755102,19028769.610255808,1238,133202801,49
conus13km_control_intel,hercules,intel,137.12244897959184,29.90306049906739,95,244,598929.5102040817,699786.1627523298,1317,1520248,49
conus13km_control_intel,orion,intel,214.24489795918367,50.209781007723365,146,352,55443.36734693877,265296.1672638002,1181,1330248,49
conus13km_control_intel,ursa,intel,302.4222222222222,299.35297566652656,84,904,41311.37777777778,264752.19290647213,1764,1777856,45
conus13km_control_intel,wcoss2,intel,179.40816326530611,39.53949416266548,128,355,1042.0204081632653,32.32548645929292,1015,1090,49
