test_name,machine,compiler,core_mean,core_std,core_min,core_max,mem_mean,mem_std,mem_min,mem_max,n_hashes
conus13km_2threads_intel,acorn,intel,82.6590909090909,6.069148753836448,70,99,1142.2727272727273,5.848329661610046,1135,1157,44
conus13km_2threads_intel,derecho,intel,116.5,2.9688303232707827,110,124,1112.1818181818182,5.637386526564803,1100,1127,44
conus13km_2threads_intel,gaeac6,intel,58.191489361702125,1.7648537058762792,56,65,6338.446808510638,0.6530367403706512,6337,6339,47
conus13km_2threads_intel,hera,intel,94.71428571428571,3.220811446456682,92,105,1277.4285714285713,5.983493778905252,1266,1286,14
conus13km_2threads_intel,hercules,intel,81.6304347826087,2.7191395342577196,78,95,30152.32608695652,195520.9597599937,1303,1327412,46
conus13km_2threads_intel,orion,intel,92.0,8.984835709531518,87,147,27912.644444444446,179060.76982615242,1202,1202396,45
conus13km_2threads_intel,ursa,intel,50.76,2.005706145689629,47,61,1783.6,8.293100156399992,1768,1799,50
conus13km_2threads_intel,wcoss2,intel,83.35416666666667,7.036348132054086,75,107,1075.1458333333333,40.221720385634306,1042,1144,48
