test_name,machine,compiler,core_mean,core_std,core_min,core_max,mem_mean,mem_std,mem_min,mem_max,n_hashes
conus13km_debug_qr_gnu,derecho,gnu,608.2727272727273,15.346181460293717,589,671,657.0681818181819,2.0842457480504435,652,662,44
conus13km_debug_qr_gnu,hera,gnu,660.6666666666666,11.998015708957084,632,682,770.7333333333333,5.969765090696204,765,791,15
conus13km_debug_qr_gnu,hercules,gnu,541.063829787234,20.602241599566778,509,596,17237.659574468085,112851.57727573295,772,774448,47
conus13km_debug_qr_gnu,ursa,gnu,427.46,7.37400287275147,417,468,648.22,2.409928443344475,638,651,50
