test_name,machine,compiler,core_mean,core_std,core_min,core_max,mem_mean,mem_std,mem_min,mem_max,n_hashes
conus13km_decomp_gnu,hera,gnu,293.3888888888889,4.52624878951379,288,304,1033.0,1.495090003192801,1031,1036,18
conus13km_decomp_gnu,hercules,gnu,255.55555555555554,57.405904822559265,227,452,463304.1111111111,531811.7105812909,1037,1042608,18
conus13km_decomp_gnu,ursa,gnu,459.3888888888889,583.9612334926198,170,1719,51427.88888888889,214339.23352834018,902,910272,18
