test_name,machine,compiler,core_mean,core_std,core_min,core_max,mem_mean,mem_std,mem_min,mem_max,n_hashes
conus13km_decomp_intel,acorn,intel,180.15555555555557,4.685352201545292,170,193,1026.1555555555556,1.941830855328919,1020,1029,45
conus13km_decomp_intel,derecho,intel,163.69767441860466,2.385820051899202,161,171,1007.6046511627907,3.5060460356342653,999,1012,43
conus13km_decomp_intel,gaeac6,intel,114.4375,2.7745519093850675,110,126,138048.14583333334,914080.0308964989,1016,6339040,48
conus13km_decomp_intel,hera,intel,179.11764705882354,2.232777220782914,178,187,1474.4705882352941,3.5902236535281356,1469,1482,17
conus13km_decomp_intel,hercules,intel,159.29166666666666,9.843365479937805,149,188,33405.583333333336,220802.48808986225,1520,1531300,48
conus13km_decomp_intel,orion,intel,229.19148936170214,6.268063628156902,224,260,29851.574468085106,195464.31439987966,1334,1341376,47
conus13km_decomp_intel,ursa,intel,116.72,5.091168824543145,111,138,1811.02,7.144257005684011,1794,1829,50
conus13km_decomp_intel,wcoss2,intel,186.27083333333334,19.2350960080712,176,310,1029.3541666666667,5.444065999777221,1022,1036,48
