test_name,machine,compiler,core_mean,core_std,core_min,core_max,mem_mean,mem_std,mem_min,mem_max,n_hashes
conus13km_debug_2threads_gnu,derecho,gnu,609.7575757575758,12.61455088139859,590,650,1057.8181818181818,2.3512569172485964,1055,1065,33
conus13km_debug_2threads_gnu,hera,gnu,635.1538461538462,60.31098892088718,536,693,1028.3076923076924,9.085237391589647,1015,1052,26
conus13km_debug_2threads_gnu,hercules,gnu,550.1063829787234,23.84390729082828,512,690,1033.531914893617,2.041430272582684,1030,1040,47
conus13km_debug_2threads_gnu,ursa,gnu,250.69387755102042,23.78655439671806,240,409,920.6122448979592,6.082133420007752,893,926,49
