test_name,machine,compiler,core_mean,core_std,core_min,core_max,mem_mean,mem_std,mem_min,mem_max,n_hashes
conus13km_radar_tten_debug_intel,acorn,intel,1452.3181818181818,18.561992584589667,1427,1495,1163.0,8.736451304468448,1145,1171,44
conus13km_radar_tten_debug_intel,derecho,intel,1258.1304347826087,11.068691974618645,1237,1287,1105.5869565217392,3.4869667618243425,1099,1110,46
conus13km_radar_tten_debug_intel,gaeac6,intel,851.5,11.700154572537816,833,896,6338.5,0.505291152639845,6338,6339,48
conus13km_radar_tten_debug_intel,hera,intel,1362.1818181818182,14.985447486266013,1341,1382,1543.5454545454545,21.79157468547711,1527,1593,11
conus13km_radar_tten_debug_intel,hercules,intel,1183.8333333333333,50.040976117379365,1117,1326,35164.458333333336,232497.46108116905,1568,1612396,48
conus13km_radar_tten_debug_intel,orion,intel,1369.8936170212767,51.08570549770226,1328,1679,31201.425531914894,204208.277077036,1391,1401396,47
conus13km_radar_tten_debug_intel,ursa,intel,898.06,10.633812072049862,875,925,1872.8,11.170295887042663,1852,1905,50
conus13km_radar_tten_debug_intel,wcoss2,intel,1448.0416666666667,8.982153306094489,1436,1470,1166.75,10.579989140484178,1145,1178,48
