test_name,machine,compiler,core_mean,core_std,core_min,core_max,mem_mean,mem_std,mem_min,mem_max,n_hashes
conus13km_debug_qr_intel,acorn,intel,1455.4,19.087597115309247,1429,1505,805.6222222222223,8.16391419292823,788,813,45
conus13km_debug_qr_intel,derecho,intel,1263.9782608695652,15.329693960030976,1238,1322,741.2826086956521,1.8458727954037288,735,746,46
conus13km_debug_qr_intel,gaeac6,intel,851.3555555555556,6.623496589468988,837,863,6338.4,0.687551650952288,6337,6339,45
conus13km_debug_qr_intel,hera,intel,1375.3333333333333,24.541121952075994,1351,1422,1172.8333333333333,15.91749561541218,1158,1202,6
conus13km_debug_qr_intel,hercules,intel,1191.8297872340424,44.0682865112849,1108,1318,26287.85106382979,172322.5642407889,1141,1182536,47
conus13km_debug_qr_intel,orion,intel,1369.3478260869565,24.084312451888582,1324,1444,23766.630434782608,154098.96412750962,1018,1046196,46
conus13km_debug_qr_intel,ursa,intel,899.54,10.14428561369629,877,925,1426.84,5.7547141279022815,1418,1442,50
conus13km_debug_qr_intel,wcoss2,intel,1451.1020408163265,10.24134776685339,1436,1473,835.5918367346939,13.230202768896696,800,847,49
