test_name,machine,compiler,core_mean,core_std,core_min,core_max,mem_mean,mem_std,mem_min,mem_max,n_hashes
conus13km_debug_2threads_intel,acorn,intel,996.8367346938776,273.7930595464068,792,1406,1186.8979591836735,31.522640605575912,1127,1223,49
conus13km_debug_2threads_intel,derecho,intel,990.5714285714286,236.13863966504323,815,1325,282284.71428571426,515571.92988526274,1148,1228840,21
conus13km_debug_2threads_intel,gaeac6,intel,675.1458333333334,140.8583096112006,469,931,96529.25,319876.3618647188,1052,1148648,48
conus13km_debug_2threads_intel,hera,intel,1046.3265306122448,203.58212795608887,733,1212,1302.734693877551,47.090239394788526,1220,1347,49
conus13km_debug_2threads_intel,hercules,intel,1067.6938775510205,236.44081395436214,731,1512,558393.693877551,650973.9603832158,1253,1381192,49
conus13km_debug_2threads_intel,orion,intel,1146.4489795918366,234.16483343509768,798,1404,52809.26530612245,252578.08456823268,1175,1268708,49
conus13km_debug_2threads_intel,ursa,intel,511.8222222222222,60.32800076886087,313,653,42359.88888888889,272012.20226934523,1717,1826524,45
conus13km_debug_2threads_intel,wcoss2,intel,1006.1632653061224,275.03812970043924,800,1420,1182.3469387755101,34.004626535963446,1114,1220,49
