test_name,machine,compiler,core_mean,core_std,core_min,core_max,mem_mean,mem_std,mem_min,mem_max,n_hashes
conus13km_debug_qr_gnu,derecho,gnu,602.5294117647059,9.579389640386964,589,624,657.2352941176471,1.1472473449907177,654,659,17
conus13km_debug_qr_gnu,hera,gnu,664.2926829268292,11.561236747076478,632,691,771.9024390243902,4.820813614156709,765,791,41
conus13km_debug_qr_gnu,hercules,gnu,544.2173913043479,91.73534712990123,509,1141,776.7608695652174,2.291867580125644,772,783,46
conus13km_debug_qr_gnu,ursa,gnu,566.7755102040817,325.7382170615259,411,1458,648.7755102040817,1.9818478974016613,638,651,49
