test_name,machine,compiler,core_mean,core_std,core_min,core_max,mem_mean,mem_std,mem_min,mem_max,n_hashes
conus13km_debug_qr_gnu,hera,gnu,641.75,70.83769281536671,400,691,766.8958333333334,18.27012394807478,703,790,48
conus13km_debug_qr_gnu,hercules,gnu,524.7872340425532,109.23606988500771,318,1141,194225.085106383,334222.4972775282,772,777972,47
conus13km_debug_qr_gnu,ursa,gnu,597.9387755102041,364.2410149980404,282,1458,13914.408163265307,92893.73376514656,585,650900,49
