test_name,machine,compiler,core_mean,core_std,core_min,core_max,mem_mean,mem_std,mem_min,mem_max,n_hashes
conus13km_debug_2threads_intel,acorn,intel,809.5744680851063,8.360738163924175,792,827,1205.3617021276596,7.37924684478705,1194,1221,47
conus13km_debug_2threads_intel,derecho,intel,1352.8620689655172,13.257677392824636,1329,1377,1157.896551724138,3.498416249698948,1151,1166,29
conus13km_debug_2threads_intel,gaeac6,intel,771.8085106382979,7.502574334628309,757,794,139391.12765957447,923971.612226607,1048,6339024,47
conus13km_debug_2threads_intel,hera,intel,1361.0666666666666,140.95167509697674,1181,1524,1320.5,15.57130428838178,1289,1347,30
conus13km_debug_2threads_intel,hercules,intel,1261.340425531915,18.357887294074615,1225,1291,1371.0425531914893,8.554067038825249,1354,1402,47
conus13km_debug_2threads_intel,orion,intel,1302.1521739130435,5.219482270214327,1292,1322,1267.9347826086957,6.783647573108108,1249,1287,46
conus13km_debug_2threads_intel,ursa,intel,501.8979591836735,8.54703871222656,491,538,1825.0408163265306,13.578412989732087,1792,1846,49
conus13km_debug_2threads_intel,wcoss2,intel,808.7446808510638,8.419614999734605,796,828,1170.6808510638298,42.21534152567669,1101,1220,47
