test_name,machine,compiler,core_mean,core_std,core_min,core_max,mem_mean,mem_std,mem_min,mem_max,n_hashes
conus13km_debug_gnu,hera,gnu,510.44897959183675,118.69201412768709,402,674,984.9387755102041,63.450902332454675,854,1069,49
conus13km_debug_gnu,hercules,gnu,421.08,130.43707373320538,315,1001,794005.2,484966.45023211103,999,1287524,50
conus13km_debug_gnu,ursa,gnu,485.2758620689655,298.7712809577305,275,1360,32690.96551724138,171179.2035805257,874,922732,29
