test_name,machine,compiler,core_mean,core_std,core_min,core_max,mem_mean,mem_std,mem_min,mem_max,n_hashes
conus13km_restart_intel,acorn,intel,110.8409090909091,5.1667234987440125,101,122,685.3863636363636,2.334930994358221,682,690,44
conus13km_restart_intel,derecho,intel,102.1086956521739,2.4058101972753385,97,108,877.5652173913044,1.2229685907303711,875,880,46
conus13km_restart_intel,gaeac6,intel,69.70833333333333,1.9013806107537639,67,78,6338.520833333333,0.5830799855109698,6337,6339,48
conus13km_restart_intel,hera,intel,102.0909090909091,2.3001976199685736,100,108,1313.2727272727273,8.343751064010828,1297,1325,11
conus13km_restart_intel,hercules,intel,95.16666666666667,11.443354167809765,86,146,27595.1875,182444.1810687798,1203,1265272,48
conus13km_restart_intel,orion,intel,129.6595744680851,2.9212608634590387,126,138,26548.255319148935,173879.03547324878,1173,1193240,47
conus13km_restart_intel,ursa,intel,69.6,3.4699879432831775,66,81,1544.06,7.363478547977886,1530,1563,50
conus13km_restart_intel,wcoss2,intel,115.16666666666667,4.799527163472233,108,130,694.0416666666666,6.4871668186761635,682,701,48
