test_name,machine,compiler,core_mean,core_std,core_min,core_max,mem_mean,mem_std,mem_min,mem_max,n_hashes
conus13km_debug_intel,acorn,intel,1443.1489361702127,14.34206146634895,1417,1479,1098.5531914893618,7.288491555746352,1080,1105,47
conus13km_debug_intel,derecho,intel,1243.8,9.874771446018935,1226,1266,1058.3,28.65910753049442,1036,1097,10
conus13km_debug_intel,gaeac6,intel,839.5652173913044,20.313818147494285,817,933,139758.5,934325.9338422361,1037,6338892,46
conus13km_debug_intel,hera,intel,1355.8333333333333,20.01205310565475,1314,1418,1491.0208333333333,13.243207144079324,1458,1509,48
conus13km_debug_intel,hercules,intel,1150.0869565217392,43.27268889108627,1101,1288,170771.8260869565,489930.5335520448,1521,1562384,46
conus13km_debug_intel,orion,intel,1351.5,26.664791600744053,1306,1444,30562.043478260868,198061.81435130647,1333,1344680,46
conus13km_debug_intel,ursa,intel,949.9591836734694,199.5675490470659,837,1718,39360.93877551021,262731.44697480614,1786,1840948,49
conus13km_debug_intel,wcoss2,intel,1451.936170212766,25.202142986278634,1425,1587,1088.5106382978724,15.148356691512284,1042,1101,47
