test_name,machine,compiler,core_mean,core_std,core_min,core_max,mem_mean,mem_std,mem_min,mem_max,n_hashes
conus13km_debug_qr_intel,acorn,intel,1410.7916666666667,134.54208521884686,892,1498,809.9583333333334,18.12481352312979,787,875,48
conus13km_debug_qr_intel,derecho,intel,1096.5,224.8749034957484,762,1253,409104.6,430696.1545609619,789,837380,10
conus13km_debug_qr_intel,gaeac6,intel,823.6521739130435,77.38280526528251,534,901,138782.9347826087,934451.6044489266,703,6338760,46
conus13km_debug_qr_intel,hera,intel,1326.7291666666667,126.64874184948201,827,1404,1185.0416666666667,31.336850941828054,1059,1238,48
conus13km_debug_qr_intel,hercules,intel,1137.6739130434783,131.7666378864673,672,1478,269495.0,484804.29139143927,1140,1166476,46
conus13km_debug_qr_intel,orion,intel,1320.804347826087,134.1865400710216,803,1427,47202.13043478261,218878.91162361478,943,1066940,46
conus13km_debug_qr_intel,ursa,intel,894.6122448979592,83.37161195678124,553,1208,31349.244897959183,209198.90796475756,1368,1465856,49
conus13km_debug_qr_intel,wcoss2,intel,1418.7708333333333,135.453256376953,889,1503,816.125,16.446722495715242,794,883,48
