test_name,machine,compiler,core_mean,core_std,core_min,core_max,mem_mean,mem_std,mem_min,mem_max,n_hashes
conus13km_decomp_intel,acorn,intel,179.5,4.420909911369426,170,193,1025.7391304347825,2.037806910585672,1022,1029,46
conus13km_decomp_intel,derecho,intel,163.2,1.6413767535391823,161,167,1008.9142857142857,2.2409481786725527,1003,1012,35
conus13km_decomp_intel,gaeac6,intel,113.85106382978724,2.9707174027735332,110,126,140058.085106383,923873.6909873092,1013,6339040,47
conus13km_decomp_intel,hera,intel,179.125,2.1931216584347664,176,187,1473.9166666666667,3.574263884891632,1467,1482,24
conus13km_decomp_intel,hercules,intel,159.10638297872342,9.822852774665177,149,188,34084.97872340425,223138.89242396803,1526,1531300,47
conus13km_decomp_intel,orion,intel,228.56521739130434,6.220582944862404,224,260,30471.456521739132,197577.49314610224,1331,1341376,46
conus13km_decomp_intel,ursa,intel,170.9387755102041,186.9219320290409,111,884,1808.8775510204082,8.338246850760434,1784,1829,49
conus13km_decomp_intel,wcoss2,intel,187.89361702127658,19.325848923986438,176,310,1027.404255319149,4.989813861075373,1022,1035,47
