test_name,machine,compiler,core_mean,core_std,core_min,core_max,mem_mean,mem_std,mem_min,mem_max,n_hashes
conus13km_debug_2threads_intel,acorn,intel,811.0652173913044,8.204069921997576,798,827,1205.0217391304348,7.493668825332999,1194,1221,46
conus13km_debug_2threads_intel,derecho,intel,1353.71875,12.904698756654565,1329,1377,1157.6875,3.6670943054633196,1151,1166,32
conus13km_debug_2threads_intel,gaeac6,intel,772.6170212765958,6.697024619964313,761,794,139727.6170212766,923921.0595553571,1048,6339024,47
conus13km_debug_2threads_intel,hera,intel,1380.888888888889,134.45855333188211,1185,1524,1319.2222222222222,15.911614851406034,1289,1347,27
conus13km_debug_2threads_intel,hercules,intel,1264.0,17.185686663236847,1225,1291,1369.9148936170213,9.378119277557115,1348,1402,47
conus13km_debug_2threads_intel,orion,intel,1302.7173913043478,5.106262140105905,1296,1322,1267.108695652174,7.282332534961531,1249,1287,46
conus13km_debug_2threads_intel,ursa,intel,502.38775510204084,8.430639375047946,491,538,1824.2448979591836,13.283025841659988,1792,1846,49
conus13km_debug_2threads_intel,wcoss2,intel,808.8297872340426,9.089695907613,796,832,1164.8510638297873,43.91443197628959,1101,1220,47
