test_name,machine,compiler,core_mean,core_std,core_min,core_max,mem_mean,mem_std,mem_min,mem_max,n_hashes
conus13km_debug_intel,acorn,intel,1453.0,18.19532268034462,1426,1503,1094.75,7.971241915436908,1074,1102,44
conus13km_debug_intel,derecho,intel,1259.5,16.612913317323002,1239,1325,1035.0434782608695,3.4509677981634166,1027,1040,46
conus13km_debug_intel,gaeac6,intel,850.0208333333334,7.346991230554469,832,867,6338.5625,0.5421097478585899,6337,6339,48
conus13km_debug_intel,hera,intel,1355.8181818181818,18.131840402001018,1329,1388,1466.4545454545455,12.09432624302513,1458,1488,11
conus13km_debug_intel,hercules,intel,1189.375,49.869030597816575,1107,1331,33616.3125,222219.56687083605,1514,1541124,48
conus13km_debug_intel,orion,intel,1370.468085106383,30.757007730179748,1320,1470,29709.531914893618,194454.15535498236,1312,1334456,47
conus13km_debug_intel,ursa,intel,899.86,8.390981553344727,885,922,3593803.52,25399304.07806954,1780,179602001,50
conus13km_debug_intel,wcoss2,intel,1445.6041666666667,8.739101622198964,1434,1463,1098.9166666666667,10.989033863275889,1077,1109,48
