test_name,machine,compiler,core_mean,core_std,core_min,core_max,mem_mean,mem_std,mem_min,mem_max,n_hashes
conus13km_radar_tten_debug_intel,acorn,intel,1450.4666666666667,17.13794301860892,1427,1495,1164.2,7.990335070912536,1145,1171,45
conus13km_radar_tten_debug_intel,derecho,intel,1257.8636363636363,11.246892923062546,1237,1287,1105.7727272727273,3.43622045184193,1099,1110,44
conus13km_radar_tten_debug_intel,gaeac6,intel,851.1041666666666,11.66051636266473,833,896,138269.45833333334,914044.4179941907,6338,6339024,48
conus13km_radar_tten_debug_intel,hera,intel,1359.8,18.712867994282124,1314,1382,1546.0666666666666,19.289029697386688,1527,1593,15
conus13km_radar_tten_debug_intel,hercules,intel,1181.8085106382978,51.481798513342255,1117,1326,35878.382978723406,234957.83179175985,1568,1612396,47
conus13km_radar_tten_debug_intel,orion,intel,1368.9347826086957,51.26506376944274,1328,1679,31848.978260869564,206415.99636456787,1391,1401396,46
conus13km_radar_tten_debug_intel,ursa,intel,897.5,10.740444257904013,875,925,1874.56,11.014202334314884,1852,1905,50
conus13km_radar_tten_debug_intel,wcoss2,intel,1448.9583333333333,9.653482082236197,1436,1470,1166.7708333333333,10.35998764341114,1145,1178,48
