test_name,machine,compiler,core_mean,core_std,core_min,core_max,mem_mean,mem_std,mem_min,mem_max,n_hashes
conus13km_debug_gnu,hera,gnu,647.125,60.872599782293854,402,681,1040.8958333333333,15.548468602615639,982,1069,48
conus13km_debug_gnu,hercules,gnu,527.2608695652174,93.77738054269416,321,1001,248433.54347826086,446291.55002948496,1043,1052092,46
conus13km_debug_gnu,ursa,gnu,581.0816326530612,316.75416576678555,279,1541,19730.938775510203,131687.6552855291,874,922732,49
