test_name,machine,compiler,core_mean,core_std,core_min,core_max,mem_mean,mem_std,mem_min,mem_max,n_hashes
conus13km_2threads_intel,acorn,intel,82.15217391304348,4.457041327080597,74,94,1139.0217391304348,3.6907640307170557,1133,1147,46
conus13km_2threads_intel,derecho,intel,116.8,3.664911860791253,110,124,1114.7,4.0144475925940455,1109,1124,20
conus13km_2threads_intel,gaeac6,intel,56.76086956521739,2.22295881512002,54,65,141360.71739130435,934205.4238556043,1003,6339684,46
conus13km_2threads_intel,hera,intel,86.21052631578948,8.38324550045567,77,105,1284.1052631578948,10.901994545220324,1266,1310,38
conus13km_2threads_intel,hercules,intel,81.67391304347827,17.883641622476095,71,193,1327.0217391304348,6.499535472067012,1316,1343,46
conus13km_2threads_intel,orion,intel,90.2,2.873072476382288,87,99,1226.0,7.112728667038267,1215,1238,45
conus13km_2threads_intel,ursa,intel,51.0,3.0482235263619804,47,62,1790.3469387755101,9.603712434106237,1771,1814,49
conus13km_2threads_intel,wcoss2,intel,94.3695652173913,22.32324020253548,76,173,1121.695652173913,33.49883551224312,1042,1146,46
