test_name,machine,compiler,core_mean,core_std,core_min,core_max,mem_mean,mem_std,mem_min,mem_max,n_hashes
conus13km_2threads_gnu,derecho,gnu,143.03225806451613,2.810502576263328,140,150,1042.0,0.7745966692415166,1041,1044,31
conus13km_2threads_gnu,hera,gnu,138.96428571428572,10.751338048878834,124,152,1013.75,2.5037009642763692,1006,1017,28
conus13km_2threads_gnu,hercules,gnu,123.59574468085107,9.712518982059866,111,180,1016.1489361702128,1.5600825424686642,1013,1022,47
conus13km_2threads_gnu,ursa,gnu,70.59183673469387,2.440272929979167,67,83,905.2448979591836,1.7263957185045324,897,908,49
