test_name,machine,compiler,core_mean,core_std,core_min,core_max,mem_mean,mem_std,mem_min,mem_max,n_hashes
conus13km_debug_decomp_gnu,hera,gnu,679.078947368421,11.107293875665592,656,699,1050.8684210526317,6.621713065818482,1038,1071,38
conus13km_debug_decomp_gnu,hercules,gnu,550.3421052631579,44.70157885583952,517,732,223376.84210526315,436300.9141218271,1053,1058676,38
conus13km_debug_decomp_gnu,ursa,gnu,551.1538461538462,274.3747474245607,411,1417,24683.897435897437,148374.59564150014,914,927524,39
