test_name,machine,compiler,core_mean,core_std,core_min,core_max,mem_mean,mem_std,mem_min,mem_max,n_hashes
conus13km_control_intel,acorn,intel,181.14893617021278,4.8543065747770955,170,194,1017.6595744680851,3.0522735342739775,1012,1021,47
conus13km_control_intel,derecho,intel,155.6,7.12117343638751,150,166,104563.8,327461.6527509748,986,1036536,10
conus13km_control_intel,gaeac6,intel,111.91304347826087,3.4177711187687603,108,131,139488.80434782608,934328.7750191487,1000,6338644,46
conus13km_control_intel,hera,intel,176.77083333333334,2.520043762988228,174,187,1453.9791666666667,10.727752006854313,1422,1469,48
conus13km_control_intel,hercules,intel,152.84782608695653,8.944190892676533,144,190,231842.26086956522,549689.3066844391,1476,1520248,46
conus13km_control_intel,orion,intel,228.6086956521739,20.67685583326823,218,352,59014.782608695656,273607.8456302753,1299,1330248,46
conus13km_control_intel,ursa,intel,319.8775510204082,299.0491621130951,114,914,38021.67346938775,253725.83963859067,1746,1777856,49
conus13km_control_intel,wcoss2,intel,198.25531914893617,32.139957580331284,178,355,1018.7234042553191,2.8029652595186625,1015,1022,47
