test_name,machine,compiler,core_mean,core_std,core_min,core_max,mem_mean,mem_std,mem_min,mem_max,n_hashes
conus13km_decomp_gnu,derecho,gnu,235.0,7.636171233747392,228,273,935.0,0.6666666666666644,933,937,46
conus13km_decomp_gnu,hera,gnu,298.3333333333333,2.943920288775955,295,303,1030.1666666666667,0.7527726527090854,1029,1031,6
conus13km_decomp_gnu,hercules,gnu,269.6595744680851,24.26329899407453,233,314,23109.617021276597,151363.07480755658,1000,1038724,47
conus13km_decomp_gnu,ursa,gnu,183.24,5.520130137478081,176,209,905.98,2.171146598233372,896,908,50
