test_name,machine,compiler,core_mean,core_std,core_min,core_max,mem_mean,mem_std,mem_min,mem_max,n_hashes
conus13km_restart_intel,acorn,intel,111.25531914893617,4.3512521191750455,104,124,686.7659574468086,4.324916515693107,680,691,47
conus13km_restart_intel,derecho,intel,96.9,8.491171886141519,84,104,884.5,10.731573354670154,877,900,10
conus13km_restart_intel,gaeac6,intel,66.69565217391305,1.9421587670240756,63,73,139747.5652173913,934387.6295524526,877,6339288,46
conus13km_restart_intel,hera,intel,101.35416666666667,2.522153616504795,97,108,1324.4791666666667,8.734839957206807,1304,1336,48
conus13km_restart_intel,hercules,intel,91.91304347826087,8.60445901703561,82,138,112701.04347826086,365069.4985311979,1203,1291968,46
conus13km_restart_intel,orion,intel,127.76086956521739,3.3874591107573746,121,138,27189.456521739132,176335.53724516934,1171,1197156,46
conus13km_restart_intel,ursa,intel,221.20408163265307,209.17147865565514,65,610,33606.02040816326,224346.2058075169,1530,1571980,49
conus13km_restart_intel,wcoss2,intel,124.91489361702128,9.57766829033774,112,165,685.6382978723404,3.116753689581045,680,690,47
