test_name,machine,compiler,core_mean,core_std,core_min,core_max,mem_mean,mem_std,mem_min,mem_max,n_hashes
conus13km_debug_2threads_intel,acorn,intel,811.1489361702128,8.123981470351834,792,827,1206.9787234042553,7.1032428653707305,1196,1223,47
conus13km_debug_2threads_intel,derecho,intel,1340.1,16.82887729799913,1302,1362,1163.2,19.537997167911808,1154,1218,10
conus13km_debug_2threads_intel,gaeac6,intel,764.8260869565217,6.664347422669941,756,782,140108.9347826087,934293.5809998054,1048,6339024,46
conus13km_debug_2threads_intel,hera,intel,1281.125,135.76961478133592,1175,1512,1327.1666666666667,13.388361623079671,1292,1347,48
conus13km_debug_2threads_intel,hercules,intel,1235.5434782608695,31.9511477948857,1188,1295,90651.21739130435,341746.3497108744,1354,1374112,46
conus13km_debug_2threads_intel,orion,intel,1301.0652173913043,5.994079204285423,1292,1322,28646.956521739132,185680.45751989644,1252,1260616,46
conus13km_debug_2threads_intel,ursa,intel,502.55102040816325,10.267386117560553,487,538,1833.2857142857142,11.01703226826536,1801,1850,49
conus13km_debug_2threads_intel,wcoss2,intel,816.468085106383,16.411622424406886,800,898,1202.6808510638298,8.617743028897932,1190,1220,47
