test_name,machine,compiler,core_mean,core_std,core_min,core_max,mem_mean,mem_std,mem_min,mem_max,n_hashes
conus13km_debug_qr_intel,acorn,intel,1451.5777777777778,16.422668492180026,1429,1488,804.7111111111111,8.879553178311665,788,813,45
conus13km_debug_qr_intel,derecho,intel,1261.6363636363637,15.407776516000576,1238,1322,741.1363636363636,1.9119077175710004,735,746,44
conus13km_debug_qr_intel,gaeac6,intel,850.75,6.886619774235652,837,864,138147.52083333334,914023.8322694383,752,6338760,48
conus13km_debug_qr_intel,hera,intel,1363.25,26.08831155901052,1305,1422,1176.75,11.72746065153636,1158,1202,16
conus13km_debug_qr_intel,hercules,intel,1183.5416666666667,48.3994717455493,1103,1318,25764.25,170518.08071567497,1140,1182536,48
conus13km_debug_qr_intel,orion,intel,1367.0,25.281889032338555,1321,1444,23284.042553191488,152450.67574949088,1018,1046196,47
conus13km_debug_qr_intel,ursa,intel,898.8,10.896545043157094,877,925,1427.98,12.43512142674762,1368,1451,50
conus13km_debug_qr_intel,wcoss2,intel,1450.7708333333333,8.980450596033652,1436,1471,830.5208333333334,15.676231613134961,800,847,48
