test_name,machine,compiler,core_mean,core_std,core_min,core_max,mem_mean,mem_std,mem_min,mem_max,n_hashes
conus13km_debug_qr_gnu,hera,gnu,583.5714285714286,115.31496722744463,400,691,751.1428571428571,31.38537345112631,703,790,49
conus13km_debug_qr_gnu,hercules,gnu,479.6938775510204,132.04200784877014,317,1141,319204.5918367347,371912.45290199673,719,777972,49
conus13km_debug_qr_gnu,ursa,gnu,557.9333333333333,368.08579780460775,276,1458,15083.933333333332,96936.00017640507,585,650900,45
