test_name,machine,compiler,core_mean,core_std,core_min,core_max,mem_mean,mem_std,mem_min,mem_max,n_hashes
conus13km_2threads_gnu,derecho,gnu,142.72222222222223,1.934381054849201,140,147,1042.111111111111,0.8323523637957313,1041,1044,18
conus13km_2threads_gnu,hera,gnu,134.275,11.549197996353431,121,152,1014.375,2.425161903133521,1006,1018,40
conus13km_2threads_gnu,hercules,gnu,122.04347826086956,13.735528176940154,109,190,1016.6739130434783,1.6607140074355502,1013,1022,46
conus13km_2threads_gnu,ursa,gnu,70.79591836734694,2.5493429859208687,68,83,905.734693877551,1.8571428571428852,897,909,49
