test_name,machine,compiler,core_mean,core_std,core_min,core_max,mem_mean,mem_std,mem_min,mem_max,n_hashes
conus13km_radar_tten_debug_intel,acorn,intel,1327.5208333333333,225.8706078081679,884,1468,1171.3125,23.03480830432565,1145,1218,48
conus13km_radar_tten_debug_intel,derecho,intel,966.125,237.11906291987574,753,1233,374265.8125,571731.9435695041,1157,1218316,16
conus13km_radar_tten_debug_intel,gaeac6,intel,773.1914893617021,126.60236248531868,524,882,92964.44680851063,304376.3753100833,1077,1082228,47
conus13km_radar_tten_debug_intel,hera,intel,1260.4583333333333,205.97799493432086,831,1527,1542.125,50.6681422424179,1430,1607,48
conus13km_radar_tten_debug_intel,hercules,intel,1073.5416666666667,170.21812768594236,675,1298,540711.5,737812.0778666,1472,1634844,48
conus13km_radar_tten_debug_intel,orion,intel,1244.4375,218.12029730344835,800,1435,60907.520833333336,288398.3175471028,1312,1429788,48
conus13km_radar_tten_debug_intel,ursa,intel,852.469387755102,148.1308686658546,557,1410,40270.183673469386,268218.70152534987,1877,1879484,49
conus13km_radar_tten_debug_intel,wcoss2,intel,1333.6875,225.76217539797398,890,1500,1178.7083333333333,28.269191058828852,1143,1240,48
