test_name,machine,compiler,core_mean,core_std,core_min,core_max,mem_mean,mem_std,mem_min,mem_max,n_hashes
conus13km_debug_decomp_intel,acorn,intel,1480.0,14.446837408620317,1458,1518,1099.4782608695652,9.434544399138936,1081,1109,46
conus13km_debug_decomp_intel,derecho,intel,1289.0285714285715,13.01466528978141,1267,1326,1044.3142857142857,3.419420561263133,1041,1049,35
conus13km_debug_decomp_intel,gaeac6,intel,867.2978723404256,8.433666729548177,848,887,140063.68085106384,923870.4448135832,1044,6339024,47
conus13km_debug_decomp_intel,hera,intel,1399.2916666666667,25.271532646811128,1342,1463,1512.5833333333333,20.03457156944012,1474,1533,24
conus13km_debug_decomp_intel,hercules,intel,1212.6808510638298,60.45627467092263,1153,1554,35143.68085106383,230082.37369728807,1551,1578948,47
conus13km_debug_decomp_intel,orion,intel,1398.0,22.08468549319488,1350,1436,31572.456521739132,204746.71786409736,1354,1390044,46
conus13km_debug_decomp_intel,ursa,intel,921.9591836734694,10.889519394953192,903,947,1850.0204081632653,10.67998477667145,1830,1872,49
conus13km_debug_decomp_intel,wcoss2,intel,1480.872340425532,10.222773003524518,1465,1501,1102.2340425531916,10.980640604496074,1083,1116,47
