test_name,machine,compiler,core_mean,core_std,core_min,core_max,mem_mean,mem_std,mem_min,mem_max,n_hashes
conus13km_radar_tten_debug_intel,acorn,intel,1450.7727272727273,17.21122353712296,1427,1495,1164.0454545454545,8.014389806755743,1145,1171,44
conus13km_radar_tten_debug_intel,derecho,intel,1257.8636363636363,11.246892923062546,1237,1287,1105.7727272727273,3.43622045184193,1099,1110,44
conus13km_radar_tten_debug_intel,gaeac6,intel,851.4255319148937,11.569721880184892,833,896,6338.510638297872,0.5052911526399066,6338,6339,47
conus13km_radar_tten_debug_intel,hera,intel,1359.857142857143,19.417902694548264,1314,1382,1546.4285714285713,19.96425376946074,1527,1593,14
conus13km_radar_tten_debug_intel,hercules,intel,1183.1304347826087,51.23783701551999,1117,1326,36623.84782608696,237497.92715661213,1568,1612396,46
conus13km_radar_tten_debug_intel,orion,intel,1368.9777777777779,51.84350967044478,1328,1679,32525.266666666666,208696.9100887914,1391,1401396,45
conus13km_radar_tten_debug_intel,ursa,intel,897.58,10.781863077806705,875,925,1873.94,11.05719822798989,1852,1905,50
conus13km_radar_tten_debug_intel,wcoss2,intel,1449.0,9.657980935199758,1436,1470,1166.5,10.574960389242326,1145,1178,48
