test_name,machine,compiler,core_mean,core_std,core_min,core_max,mem_mean,mem_std,mem_min,mem_max,n_hashes
conus13km_debug_decomp_intel,acorn,intel,1469.923076923077,9.55792059779982,1451,1485,1107.4615384615386,8.367703480553189,1087,1114,26
conus13km_debug_decomp_intel,derecho,intel,1253.857142857143,7.289914755527452,1245,1264,313434.85714285716,533427.1312289457,1091,1094988,7
conus13km_debug_decomp_intel,gaeac6,intel,863.12,22.77483991893977,841,943,1068.8,5.4083269131960705,1059,1076,25
conus13km_debug_decomp_intel,hera,intel,1385.3846153846155,18.723411917867843,1340,1424,1524.6538461538462,10.950588322797287,1500,1539,26
conus13km_debug_decomp_intel,hercules,intel,1167.3846153846155,31.907462353596138,1126,1261,489547.3461538461,746445.2686246162,1568,1597200,26
conus13km_debug_decomp_intel,orion,intel,1393.5,30.022991190086305,1352,1466,106960.26923076923,372931.0507470846,1363,1376120,26
conus13km_debug_decomp_intel,ursa,intel,952.0,162.61966008497816,865,1759,70710.88888888889,357720.14254069247,1838,1860636,27
conus13km_debug_decomp_intel,wcoss2,intel,1480.6153846153845,8.452582673133342,1463,1501,1095.923076923077,10.74401443380671,1077,1105,26
