test_name,machine,compiler,core_mean,core_std,core_min,core_max,mem_mean,mem_std,mem_min,mem_max,n_hashes
conus13km_debug_2threads_gnu,derecho,gnu,612.304347826087,14.05998192699548,590,661,1077.7826086956522,128.1774660458396,1055,1928,46
conus13km_debug_2threads_gnu,hera,gnu,676.4444444444445,6.616477747093063,668,687,1018.3333333333334,5.612486080160904,1015,1033,9
conus13km_debug_2threads_gnu,hercules,gnu,558.875,20.61978496286743,543,690,22522.5,148872.86255957079,1030,1032456,48
conus13km_debug_2threads_gnu,ursa,gnu,247.16,3.6831663396749157,240,256,920.26,6.249277509260983,893,926,50
