test_name,machine,compiler,core_mean,core_std,core_min,core_max,mem_mean,mem_std,mem_min,mem_max,n_hashes
conus13km_2threads_intel,acorn,intel,83.0,8.666393885505283,72,113,1134.7291666666667,20.009295269027426,1057,1148,48
conus13km_2threads_intel,derecho,intel,93.3,11.963370019447789,75,102,560005.4,589534.0146899829,1151,1157032,10
conus13km_2threads_intel,gaeac6,intel,54.32608695652174,6.387676843652722,41,89,139061.54347826086,934548.8082055593,1003,6339684,46
conus13km_2threads_intel,hera,intel,78.91666666666667,7.474305869239666,61,96,1284.5416666666667,25.347758584305314,1190,1310,48
conus13km_2threads_intel,hercules,intel,77.8913043478261,21.143139954835434,49,193,311717.2173913043,560428.3023272633,1316,1346248,46
conus13km_2threads_intel,orion,intel,90.78260869565217,17.56753703533659,62,182,54625.217391304344,253233.5451097279,1139,1230320,46
conus13km_2threads_intel,ursa,intel,51.59183673469388,13.03987213534406,41,138,38244.93877551021,255215.7814821777,1668,1788296,49
conus13km_2threads_intel,wcoss2,intel,99.375,21.482922460568734,80,173,1132.2291666666667,17.709523322553196,1064,1146,48
