test_name,machine,compiler,core_mean,core_std,core_min,core_max,mem_mean,mem_std,mem_min,mem_max,n_hashes
conus13km_debug_qr_intel,acorn,intel,1452.9777777777779,18.179019986697973,1429,1505,804.3111111111111,9.039866808708634,788,813,45
conus13km_debug_qr_intel,derecho,intel,1261.6363636363637,15.407776516000576,1238,1322,741.1363636363636,1.9119077175710004,735,746,44
conus13km_debug_qr_intel,gaeac6,intel,850.9166666666666,6.865991841797605,837,864,138263.91666666666,914006.3190185175,6337,6338760,48
conus13km_debug_qr_intel,hera,intel,1362.6,26.869526020594986,1305,1422,1176.2,11.923566101273083,1158,1202,15
conus13km_debug_qr_intel,hercules,intel,1184.404255319149,48.548344159497816,1103,1318,26287.936170212764,172322.55166079436,1140,1182536,47
conus13km_debug_qr_intel,orion,intel,1367.5,25.32521799840366,1321,1444,23767.5,154098.83307896915,1018,1046196,46
conus13km_debug_qr_intel,ursa,intel,898.98,10.87308979235678,877,925,1427.64,12.218687594443665,1368,1451,50
conus13km_debug_qr_intel,wcoss2,intel,1450.2916666666667,8.761517242873065,1436,1471,831.0625,15.78904313056129,800,847,48
