test_name,machine,compiler,core_mean,core_std,core_min,core_max,mem_mean,mem_std,mem_min,mem_max,n_hashes
conus13km_control_gnu,derecho,gnu,230.66666666666666,10.677078252031313,226,273,929.4444444444445,0.7838233761296729,928,931,18
conus13km_control_gnu,hera,gnu,292.05,3.5730472522297423,287,303,1025.225,2.177831195926083,1021,1031,40
conus13km_control_gnu,hercules,gnu,239.19565217391303,26.377279419326353,227,406,1032.4565217391305,1.6826767265828027,1030,1036,46
conus13km_control_gnu,ursa,gnu,306.83673469387753,316.5178606689502,169,1254,903.734693877551,1.8571428571428488,897,910,49
