test_name,machine,compiler,core_mean,core_std,core_min,core_max,mem_mean,mem_std,mem_min,mem_max,n_hashes
conus13km_debug_qr_intel,acorn,intel,1444.4130434782608,14.669054482831866,1420,1488,803.4565217391304,9.885357345846048,787,815,46
conus13km_debug_qr_intel,derecho,intel,1256.0,15.71623364550176,1238,1295,740.8947368421053,1.5236920380774115,739,744,19
conus13km_debug_qr_intel,gaeac6,intel,846.6521739130435,10.121961582627776,826,864,141086.6739130435,934107.8340187985,746,6338760,46
conus13km_debug_qr_intel,hera,intel,1362.8974358974358,21.626974959155557,1305,1422,1185.0,14.32700798822765,1158,1230,39
conus13km_debug_qr_intel,hercules,intel,1166.7608695652175,38.66389920131281,1101,1299,1156.7173913043478,11.451662748707907,1140,1199,46
conus13km_debug_qr_intel,orion,intel,1357.0666666666666,24.130704695282095,1314,1419,1049.0666666666666,12.463400965882562,1018,1070,45
conus13km_debug_qr_intel,ursa,intel,899.0204081632653,18.330859449662064,845,961,1441.6326530612246,17.13511730038513,1368,1468,49
conus13km_debug_qr_intel,wcoss2,intel,1453.4565217391305,13.104208860326986,1432,1503,815.2608695652174,9.760315984431141,798,845,46
