test_name,machine,compiler,core_mean,core_std,core_min,core_max,mem_mean,mem_std,mem_min,mem_max,n_hashes
conus13km_debug_qr_gnu,hera,gnu,613.8541666666666,99.07121650467565,400,691,758.9583333333334,27.04288031786777,703,790,48
conus13km_debug_qr_gnu,hercules,gnu,502.5208333333333,123.72498493498846,318,1141,265487.4166666667,361621.040049765,719,777972,48
conus13km_debug_qr_gnu,ursa,gnu,581.1020408163265,375.06778525676526,276,1458,13906.857142857143,92894.8368651796,585,650900,49
