test_name,machine,compiler,core_mean,core_std,core_min,core_max,mem_mean,mem_std,mem_min,mem_max,n_hashes
conus13km_radar_tten_debug_intel,acorn,intel,1449.3695652173913,16.691126978330814,1427,1495,1165.4347826086957,6.745046491604998,1145,1171,46
conus13km_radar_tten_debug_intel,derecho,intel,1257.6153846153845,11.690336505479035,1237,1287,1106.3333333333333,3.189896330054098,1099,1110,39
conus13km_radar_tten_debug_intel,gaeac6,intel,849.5,11.238232616404837,833,896,137616.3125,914142.3601979874,1106,6339024,48
conus13km_radar_tten_debug_intel,hera,intel,1366.952380952381,22.811129280410903,1314,1408,1547.142857142857,16.380737816977916,1527,1593,21
conus13km_radar_tten_debug_intel,hercules,intel,1179.3125,52.05731548730396,1117,1326,35164.375,232497.47345656503,1568,1612396,48
conus13km_radar_tten_debug_intel,orion,intel,1366.9574468085107,50.73329986388261,1328,1679,31202.042553191488,204208.18509869408,1391,1401396,47
conus13km_radar_tten_debug_intel,ursa,intel,896.04,9.37856870851879,875,919,1877.6,11.358715075362424,1856,1905,50
conus13km_radar_tten_debug_intel,wcoss2,intel,1449.25,9.764242189331204,1436,1470,1165.25,10.125804407236863,1145,1178,48
