test_name,machine,compiler,core_mean,core_std,core_min,core_max,mem_mean,mem_std,mem_min,mem_max,n_hashes
conus13km_restart_gnu,derecho,gnu,136.69565217391303,4.1679708103978514,122,145,587.4347826086956,0.5831780331575279,586,589,46
conus13km_restart_gnu,hera,gnu,164.0,1.7728105208558314,162,166,722.125,9.093757670590794,706,732,8
conus13km_restart_gnu,hercules,gnu,147.53191489361703,15.920797259682216,127,173,16855.72340425532,110423.77475941258,674,757776,47
conus13km_restart_gnu,ursa,gnu,102.64,2.379847362623856,98,108,579.3,2.9224675064970134,571,583,50
