test_name,machine,compiler,core_mean,core_std,core_min,core_max,mem_mean,mem_std,mem_min,mem_max,n_hashes
conus13km_control_gnu,hera,gnu,251.77551020408163,81.72037314987676,185,568,981.469387755102,51.30874764632252,856,1031,49
conus13km_control_gnu,hercules,gnu,193.9,51.683988757424196,144,366,706808.1,495906.45859979454,983,1274216,50
conus13km_control_gnu,ursa,gnu,358.59375,402.41768217539766,122,1298,28955.53125,158762.80408145176,856,898988,32
