test_name,machine,compiler,core_mean,core_std,core_min,core_max,mem_mean,mem_std,mem_min,mem_max,n_hashes
conus13km_decomp_gnu,derecho,gnu,232.1818181818182,1.0787197799411916,230,234,935.0909090909091,0.30151134457776396,935,936,11
conus13km_decomp_gnu,hera,gnu,295.4791666666667,3.530954806277164,289,303,1031.4583333333333,2.617114972663942,1025,1039,48
conus13km_decomp_gnu,hercules,gnu,248.2391304347826,39.47555349417533,231,452,23643.760869565216,153318.07184835422,1035,1040892,46
conus13km_decomp_gnu,ursa,gnu,435.7551020408163,516.8579967220303,171,1719,906.7142857142857,2.684833948931158,896,910,49
