test_name,machine,compiler,core_mean,core_std,core_min,core_max,mem_mean,mem_std,mem_min,mem_max,n_hashes
conus13km_radar_tten_debug_gnu,hera,gnu,556.5,122.60852769619979,399,677,1085.9375,33.796894135282486,1020,1137,48
conus13km_radar_tten_debug_gnu,hercules,gnu,486.6938775510204,185.5824394621826,320,1452,598015.4285714285,544688.6871367441,1068,1123036,49
conus13km_radar_tten_debug_gnu,ursa,gnu,450.7435897435897,229.48600667678812,274,1458,26363.05128205128,158538.9634878025,940,991052,39
