test_name,machine,compiler,core_mean,core_std,core_min,core_max,mem_mean,mem_std,mem_min,mem_max,n_hashes
conus13km_control_gnu,hera,gnu,254.91666666666666,81.96543987152961,185,568,987.4791666666666,45.16117216848125,857,1031,48
conus13km_control_gnu,hercules,gnu,196.28571428571428,56.63369138595858,144,406,669411.081632653,496762.87761842995,983,1274216,49
conus13km_control_gnu,ursa,gnu,347.8529411764706,392.4633263973144,122,1298,27305.529411764706,154022.3822828191,856,898988,34
