test_name,machine,compiler,core_mean,core_std,core_min,core_max,mem_mean,mem_std,mem_min,mem_max,n_hashes
conus13km_debug_2threads_intel,acorn,intel,809.7173913043479,8.258767848584414,792,827,1205.195652173913,7.22224823481009,1194,1221,46
conus13km_debug_2threads_intel,derecho,intel,1351.5,14.6734291769008,1329,1377,1157.8181818181818,3.2017311334779843,1152,1166,22
conus13km_debug_2threads_intel,gaeac6,intel,769.304347826087,7.597863925596698,756,794,141596.13043478262,934070.3969050398,1048,6339024,46
conus13km_debug_2threads_intel,hera,intel,1331.388888888889,144.91441371232642,1175,1524,1323.25,15.602884348734907,1289,1347,36
conus13km_debug_2threads_intel,hercules,intel,1252.804347826087,26.798523645253585,1190,1291,1370.8695652173913,8.407955744814716,1354,1402,46
conus13km_debug_2threads_intel,orion,intel,1301.7555555555555,5.519204305116416,1292,1322,1268.5777777777778,6.959260961575832,1249,1287,45
conus13km_debug_2threads_intel,ursa,intel,501.8979591836735,8.923855897628153,487,538,1826.795918367347,13.305668578712204,1792,1846,49
conus13km_debug_2threads_intel,wcoss2,intel,811.7826086956521,11.560301886635377,796,863,1184.5434782608695,36.50491992518203,1101,1220,46
