test_name,machine,compiler,core_mean,core_std,core_min,core_max,mem_mean,mem_std,mem_min,mem_max,n_hashes
conus13km_2threads_gnu,hera,gnu,112.3125,22.533338185613648,85,194,991.9583333333334,30.336382435794473,944,1035,48
conus13km_2threads_gnu,hercules,gnu,102.24489795918367,26.96721050047392,72,190,518227.79591836734,491946.64117208804,954,1018980,49
conus13km_2threads_gnu,ursa,gnu,71.575,10.382153079400371,65,129,23525.725,143129.92213692577,862,906128,40
