test_name,machine,compiler,core_mean,core_std,core_min,core_max,mem_mean,mem_std,mem_min,mem_max,n_hashes
conus13km_debug_intel,acorn,intel,1187.375,275.4043545600509,877,1460,1121.8958333333333,22.48142456239406,1084,1172,48
conus13km_debug_intel,derecho,intel,892.1153846153846,215.07046787935857,751,1256,217707.96153846153,452800.1055577157,1086,1154752,26
conus13km_debug_intel,gaeac6,intel,692.9148936170212,151.95692035219474,521,902,87075.97872340426,285118.25109558296,1006,1015020,47
conus13km_debug_intel,hera,intel,1130.0,251.31340101935436,824,1380,1419.9791666666667,97.75316060261902,1226,1509,48
conus13km_debug_intel,hercules,intel,974.1020408163265,200.8693859304639,670,1443,811031.4897959183,711657.4343220468,1356,1568148,49
conus13km_debug_intel,orion,intel,1109.8163265306123,262.6000343892295,807,1444,81696.14285714286,318344.6201036831,1236,1361168,49
conus13km_debug_intel,ursa,intel,868.578947368421,291.07996779736686,560,1718,50309.76315789474,298330.710414288,1798,1840948,38
conus13km_debug_intel,wcoss2,intel,1196.8958333333333,278.00981458133117,884,1587,1115.3958333333333,35.48193402062476,1042,1175,48
