test_name,machine,compiler,core_mean,core_std,core_min,core_max,mem_mean,mem_std,mem_min,mem_max,n_hashes
conus13km_debug_qr_intel,acorn,intel,1450.7333333333333,15.683517694469177,1429,1488,804.2222222222222,8.966830008650806,789,813,45
conus13km_debug_qr_intel,derecho,intel,1261.625,16.106516438847702,1238,1322,740.85,1.702938636592641,735,744,40
conus13km_debug_qr_intel,gaeac6,intel,850.5416666666666,6.872573717578152,837,864,137681.64583333334,914093.7753035526,747,6338760,48
conus13km_debug_qr_intel,hera,intel,1363.7,24.02871089693374,1305,1422,1179.25,11.831603530598212,1158,1202,20
conus13km_debug_qr_intel,hercules,intel,1181.5416666666667,49.18742199251256,1103,1318,25764.104166666668,170518.10221420368,1140,1182536,48
conus13km_debug_qr_intel,orion,intel,1367.872340425532,26.075656664603628,1321,1444,23283.042553191488,152450.82483370305,1018,1046196,47
conus13km_debug_qr_intel,ursa,intel,898.24,10.666675170064664,877,925,1430.52,14.207270343463,1368,1463,50
conus13km_debug_qr_intel,wcoss2,intel,1451.0416666666667,9.477764197551863,1436,1473,827.4166666666666,16.128253698894063,800,846,48
