test_name,machine,compiler,core_mean,core_std,core_min,core_max,mem_mean,mem_std,mem_min,mem_max,n_hashes
conus13km_debug_decomp_gnu,derecho,gnu,602.8888888888889,13.869430814244367,587,629,952.5555555555555,0.8819171036881973,951,954,9
conus13km_debug_decomp_gnu,hera,gnu,681.25,11.995566556910791,656,708,1047.0625,7.203445540821085,1030,1071,48
conus13km_debug_decomp_gnu,hercules,gnu,546.3478260869565,32.582351999752085,517,732,69968.65217391304,263780.58294517914,1053,1058676,46
conus13km_debug_decomp_gnu,ursa,gnu,522.9591836734694,249.07662468803932,411,1417,924.1020408163265,3.954137590124149,907,927,49
