test_name,machine,compiler,core_mean,core_std,core_min,core_max,mem_mean,mem_std,mem_min,mem_max,n_hashes
conus13km_decomp_intel,acorn,intel,179.5151515151515,5.512039165098128,171,190,1027.2121212121212,1.243924629890595,1023,1029,33
conus13km_decomp_intel,derecho,intel,149.42857142857142,1.9023794624226877,148,153,295818.4285714286,503443.3543991012,1030,1033064,7
conus13km_decomp_intel,gaeac6,intel,112.90625,7.3588190453316304,109,152,1026.875,7.930138509142973,1014,1037,32
conus13km_decomp_intel,hera,intel,178.42424242424244,2.5252512626259485,174,183,1487.969696969697,4.9967792657173815,1472,1497,33
conus13km_decomp_intel,hercules,intel,153.27272727272728,7.969758180430915,144,179,375099.75757575757,670621.066006869,1523,1554632,33
conus13km_decomp_intel,orion,intel,231.21212121212122,20.571153309546066,220,343,83254.75757575757,327447.59475267853,1333,1353472,33
conus13km_decomp_intel,ursa,intel,188.94117647058823,207.3025809566809,112,882,55232.85294117647,311456.7877186304,1787,1817908,34
conus13km_decomp_intel,wcoss2,intel,195.6969696969697,24.101977160189637,179,312,1026.030303030303,2.1430825999720557,1020,1028,33
