test_name,machine,compiler,core_mean,core_std,core_min,core_max,mem_mean,mem_std,mem_min,mem_max,n_hashes
conus13km_debug_2threads_gnu,derecho,gnu,611.5454545454545,14.389037405712793,590,661,1078.5227272727273,131.07382770281816,1055,1928,44
conus13km_debug_2threads_gnu,hera,gnu,676.2,7.902983161891634,664,693,1023.5333333333333,8.0166493416306,1015,1035,15
conus13km_debug_2threads_gnu,hercules,gnu,557.8297872340426,20.84656070991105,543,690,22978.489361702126,150448.45957566367,1030,1032456,47
conus13km_debug_2threads_gnu,ursa,gnu,247.84,5.5562430413629205,240,274,920.76,5.9643840881536425,893,926,50
