test_name,machine,compiler,core_mean,core_std,core_min,core_max,mem_mean,mem_std,mem_min,mem_max,n_hashes
conus13km_restart_intel,acorn,intel,111.57142857142857,4.296177703161597,106,121,690.5238095238095,0.6015852075182357,689,691,21
conus13km_restart_intel,derecho,intel,85.57142857142857,0.9759000729485292,84,87,257714.85714285713,438594.88525343774,898,899976,7
conus13km_restart_intel,gaeac6,intel,65.25,1.773340588298047,63,70,898.3,4.8242806935880385,888,902,20
conus13km_restart_intel,hera,intel,99.71428571428571,2.648449681282565,97,106,1330.5714285714287,3.325228241360656,1323,1336,21
conus13km_restart_intel,hercules,intel,90.80952380952381,11.897979020064913,82,138,489122.38095238095,637244.1354582618,1272,1291968,21
conus13km_restart_intel,orion,intel,127.47619047619048,9.724294563715393,121,167,115233.57142857143,360171.5229257543,1182,1200048,21
conus13km_restart_intel,ursa,intel,268.45454545454544,217.1665429096005,65,590,72949.13636363637,334813.23768878554,1544,1571980,22
conus13km_restart_intel,wcoss2,intel,127.33333333333333,12.398924684557656,114,165,686.9047619047619,3.4191338362919006,680,689,21
