test_name,machine,compiler,core_mean,core_std,core_min,core_max,mem_mean,mem_std,mem_min,mem_max,n_hashes
conus13km_2threads_intel,acorn,intel,81.85106382978724,4.929850175888386,72,94,1139.1914893617022,3.6334095729610234,1133,1146,47
conus13km_2threads_intel,derecho,intel,116.63636363636364,3.8800187440971796,110,124,1114.7272727272727,4.627978156623242,1109,1124,11
conus13km_2threads_intel,gaeac6,intel,55.71739130434783,2.257462129405602,51,63,140324.69565217392,934360.890317984,1003,6339684,46
conus13km_2threads_intel,hera,intel,84.08333333333333,8.559760717806258,75,105,1286.75,11.286406811886923,1266,1310,48
conus13km_2threads_intel,hercules,intel,79.30434782608695,18.569831645521052,67,193,30353.608695652172,196860.35192394952,1316,1336500,46
conus13km_2threads_intel,orion,intel,90.78260869565217,8.50597970966637,85,143,1229.6304347826087,7.672052298663579,1215,1247,46
conus13km_2threads_intel,ursa,intel,50.734693877551024,3.154200309402803,47,62,1792.1224489795918,9.200617400164928,1771,1814,49
conus13km_2threads_intel,wcoss2,intel,96.25531914893617,21.146968212248364,80,173,1136.0425531914893,3.956049010601777,1130,1146,47
