test_name,machine,compiler,core_mean,core_std,core_min,core_max,mem_mean,mem_std,mem_min,mem_max,n_hashes
conus13km_debug_qr_intel,acorn,intel,1448.7446808510638,15.999277273223774,1420,1498,804.6808510638298,9.967569986403802,787,817,47
conus13km_debug_qr_intel,derecho,intel,1249.75,7.200063131036383,1238,1263,739.9166666666666,0.5149286505444455,739,741,12
conus13km_debug_qr_intel,gaeac6,intel,844.695652173913,9.824842809525437,826,864,140239.41304347827,934234.9498794443,746,6338760,46
conus13km_debug_qr_intel,hera,intel,1360.0425531914893,21.659376367842402,1305,1422,1187.3191489361702,15.045014171939485,1158,1233,47
conus13km_debug_qr_intel,hercules,intel,1165.2391304347825,61.267785547494015,1101,1478,1159.5217391304348,11.432388941433631,1140,1199,46
conus13km_debug_qr_intel,orion,intel,1352.891304347826,23.63540494998462,1314,1419,1050.6521739130435,13.094897040542753,1018,1070,46
conus13km_debug_qr_intel,ursa,intel,900.734693877551,30.06297245658138,845,1059,1445.795918367347,17.474957787069666,1368,1474,49
conus13km_debug_qr_intel,wcoss2,intel,1454.1702127659576,12.845772691461725,1432,1503,813.1914893617021,7.848118849298251,794,823,47
