test_name,machine,compiler,core_mean,core_std,core_min,core_max,mem_mean,mem_std,mem_min,mem_max,n_hashes
conus13km_debug_decomp_intel,acorn,intel,1469.96,9.753119159188635,1451,1485,1107.32,8.508427195042177,1087,1114,25
conus13km_debug_decomp_intel,derecho,intel,1253.857142857143,7.289914755527452,1245,1264,313434.85714285716,533427.1312289457,1091,1094988,7
conus13km_debug_decomp_intel,gaeac6,intel,863.5,23.183577395854304,841,943,1069.1666666666667,5.197546801484578,1059,1076,24
conus13km_debug_decomp_intel,hera,intel,1384.24,18.157367650626032,1340,1424,1524.12,10.825586974078254,1500,1539,25
conus13km_debug_decomp_intel,hercules,intel,1165.72,31.39203720690963,1126,1261,509065.96,755035.2886370323,1568,1597200,25
conus13km_debug_decomp_intel,orion,intel,1392.96,30.512948071269687,1352,1466,111182.92,379986.2502225048,1363,1376120,25
conus13km_debug_decomp_intel,ursa,intel,954.0,165.50117824354,865,1759,73358.53846153847,364534.50623964047,1838,1860636,26
conus13km_debug_decomp_intel,wcoss2,intel,1480.56,8.62206471791995,1463,1501,1095.6,10.835897132525053,1077,1105,25
