test_name,machine,compiler,core_mean,core_std,core_min,core_max,mem_mean,mem_std,mem_min,mem_max,n_hashes
conus13km_restart_gnu,derecho,gnu,136.0,,136,136,587.0,,587,587,1
conus13km_restart_gnu,hera,gnu,161.34782608695653,3.121377127019766,155,169,727.1521739130435,7.007828610614654,714,738,46
conus13km_restart_gnu,hercules,gnu,133.72727272727272,17.521234474353836,123,237,139339.5909090909,297370.10262753797,756,768320,44
conus13km_restart_gnu,ursa,gnu,252.70212765957447,250.07267768752635,96,817,12972.382978723404,84940.90734549653,570,582908,47
