test_name,machine,compiler,core_mean,core_std,core_min,core_max,mem_mean,mem_std,mem_min,mem_max,n_hashes
conus13km_radar_tten_debug_intel,acorn,intel,1238.6122448979593,266.72253188211414,883,1468,1180.1632653061224,27.827105295298928,1145,1236,49
conus13km_radar_tten_debug_intel,derecho,intel,909.8181818181819,221.44560470724144,749,1233,272527.0,512250.280163534,1157,1218316,22
conus13km_radar_tten_debug_intel,gaeac6,intel,722.9375,148.97028209280037,524,882,91045.0,301414.4188235251,1076,1082228,48
conus13km_radar_tten_debug_intel,hera,intel,1184.6530612244899,245.12357011485093,831,1527,1515.061224489796,80.93964010382102,1335,1607,49
conus13km_radar_tten_debug_intel,hercules,intel,1015.8367346938776,191.06481742011601,675,1298,704032.9795918367,757199.2824622,1427,1634844,49
conus13km_radar_tten_debug_intel,orion,intel,1165.3469387755101,250.38857726711566,800,1435,86316.95918367348,336327.17333467124,1304,1429788,49
conus13km_radar_tten_debug_intel,ursa,intel,838.4883720930233,162.64793589851894,557,1410,45631.767441860466,286318.4327441038,1890,1879484,43
conus13km_radar_tten_debug_intel,wcoss2,intel,1245.5102040816328,266.2106874301648,890,1500,1185.8367346938776,28.999530843026573,1143,1240,49
