test_name,machine,compiler,core_mean,core_std,core_min,core_max,mem_mean,mem_std,mem_min,mem_max,n_hashes
conus13km_debug_qr_intel,acorn,intel,1152.4255319148936,279.29279826024333,882,1498,833.9148936170212,25.854803428270777,795,876,47
conus13km_debug_qr_intel,derecho,intel,876.6206896551724,206.46591102114903,752,1253,141621.58620689655,314047.7806756843,789,837380,29
conus13km_debug_qr_intel,gaeac6,intel,675.6521739130435,154.91204922525904,527,901,61823.97826086957,200134.32182894778,702,705036,46
conus13km_debug_qr_intel,hera,intel,1087.9375,253.70961841980562,826,1404,1098.75,99.8016117210921,937,1238,48
conus13km_debug_qr_intel,hercules,intel,944.3061224489796,219.3527604189227,672,1478,690300.2653061225,509844.6781777342,1016,1166476,49
conus13km_debug_qr_intel,orion,intel,1079.75,255.98333556133372,803,1427,64824.791666666664,250238.70448960635,937,1066940,48
conus13km_debug_qr_intel,ursa,intel,816.2058823529412,168.98821537032202,551,1208,44595.0,251130.45992061458,1432,1465856,34
conus13km_debug_qr_intel,wcoss2,intel,1158.3829787234042,277.36912724284235,883,1503,839.7021276595744,27.49775871784991,794,886,47
