test_name,machine,compiler,core_mean,core_std,core_min,core_max,mem_mean,mem_std,mem_min,mem_max,n_hashes
conus13km_debug_2threads_gnu,hera,gnu,478.55102040816325,92.5011399084019,332,553,1015.2857142857143,28.52849452740186,970,1052,49
conus13km_debug_2threads_gnu,hercules,gnu,479.6530612244898,142.1091937883811,316,993,428071.8367346939,498588.530685639,971,1035964,49
conus13km_debug_2threads_gnu,ursa,gnu,249.26666666666668,28.080565909863385,169,381,21428.6,137624.20196918325,879,924124,45
