test_name,machine,compiler,core_mean,core_std,core_min,core_max,mem_mean,mem_std,mem_min,mem_max,n_hashes
conus13km_debug_gnu,hera,gnu,617.3958333333334,95.2905388314083,402,675,1033.7916666666667,24.18893569235888,982,1069,48
conus13km_debug_gnu,hercules,gnu,504.875,110.94729916266267,321,1001,363054.4375,494242.99602699553,1043,1052092,48
conus13km_debug_gnu,ursa,gnu,562.5510204081633,329.10301459829725,275,1541,19725.326530612245,131688.47451235494,874,922732,49
