test_name,machine,compiler,core_mean,core_std,core_min,core_max,mem_mean,mem_std,mem_min,mem_max,n_hashes
conus13km_debug_2threads_gnu,derecho,gnu,611.921052631579,15.186020561149009,590,661,1081.2631578947369,141.0983333957403,1055,1928,38
conus13km_debug_2threads_gnu,hera,gnu,657.1904761904761,43.47599228035974,550,693,1026.142857142857,8.008031682540425,1015,1035,21
conus13km_debug_2threads_gnu,hercules,gnu,554.5531914893617,22.053106367642044,524,690,22978.659574468085,150448.43420678357,1030,1032456,47
conus13km_debug_2threads_gnu,ursa,gnu,250.79591836734693,23.76795776516213,240,409,920.8571428571429,5.923118547972287,893,926,49
