test_name,machine,compiler,core_mean,core_std,core_min,core_max,mem_mean,mem_std,mem_min,mem_max,n_hashes
conus13km_restart_gnu,hera,gnu,161.24324324324326,3.4270606567063635,155,169,727.5675675675676,7.120161283053725,714,738,37
conus13km_restart_gnu,hercules,gnu,134.24324324324326,19.072093349833015,123,237,165557.7027027027,318092.357298497,756,768320,37
conus13km_restart_gnu,ursa,gnu,288.2894736842105,266.37302719294183,96,817,15907.447368421053,94465.57158540149,570,582908,38
