test_name,machine,compiler,core_mean,core_std,core_min,core_max,mem_mean,mem_std,mem_min,mem_max,n_hashes
conus13km_debug_qr_gnu,hera,gnu,509.46938775510205,119.19034182782605,400,691,706.795918367347,69.13904456233976,565,777,49
conus13km_debug_qr_gnu,hercules,gnu,410.14,93.84355413698485,313,574,583842.18,359880.62237368233,719,979896,50
conus13km_debug_qr_gnu,ursa,gnu,511.0689655172414,349.9432536686161,276,1361,23047.620689655174,120753.16591100028,585,650900,29
