test_name,machine,compiler,core_mean,core_std,core_min,core_max,mem_mean,mem_std,mem_min,mem_max,n_hashes
conus13km_radar_tten_debug_intel,acorn,intel,1086.6458333333333,267.4293296653306,878,1468,1195.1875,28.009615560192554,1147,1236,48
conus13km_radar_tten_debug_intel,derecho,intel,853.0857142857143,189.47921994222997,748,1233,171757.48571428572,423982.02968004445,1157,1218316,35
conus13km_radar_tten_debug_intel,gaeac6,intel,637.8085106382979,147.84196002280862,524,882,92944.55319148937,304382.5091401056,1076,1082228,47
conus13km_radar_tten_debug_intel,hera,intel,1037.469387755102,243.92400644128378,831,1413,1441.4489795918366,109.04377202613195,1299,1576,49
conus13km_radar_tten_debug_intel,hercules,intel,902.5,185.499133613687,675,1251,1116294.1,636672.6083980827,1427,1634844,50
conus13km_radar_tten_debug_intel,orion,intel,1016.7755102040817,247.74400979187172,800,1435,86281.51020408163,336336.3113844734,1301,1429788,49
conus13km_radar_tten_debug_intel,ursa,intel,811.3571428571429,196.6073760504939,557,1410,69055.32142857143,354810.69264317537,1890,1879484,28
conus13km_radar_tten_debug_intel,wcoss2,intel,1093.7916666666667,263.4542197166801,890,1461,1197.5625,29.576375168115387,1143,1240,48
