test_name,machine,compiler,core_mean,core_std,core_min,core_max,mem_mean,mem_std,mem_min,mem_max,n_hashes
conus13km_debug_2threads_gnu,derecho,gnu,607.3846153846154,16.419188274386276,590,650,1057.6153846153845,1.1929278784054405,1056,1060,13
conus13km_debug_2threads_gnu,hera,gnu,596.0888888888888,64.95026846547576,536,693,1030.5333333333333,7.712445667997837,1015,1052,45
conus13km_debug_2threads_gnu,hercules,gnu,556.0434782608696,95.05248994850493,509,993,1033.3478260869565,3.1284883911446144,1018,1040,46
conus13km_debug_2threads_gnu,ursa,gnu,252.18367346938774,24.068196052560523,242,409,922.5102040816327,3.4407027442296636,907,926,49
