test_name,machine,compiler,core_mean,core_std,core_min,core_max,mem_mean,mem_std,mem_min,mem_max,n_hashes
conus13km_2threads_intel,acorn,intel,81.78260869565217,4.431769365630947,74,94,1139.8478260869565,4.656977519113353,1133,1152,46
conus13km_2threads_intel,derecho,intel,116.3125,3.156534441031707,110,124,1114.125,4.470332310661247,1107,1127,32
conus13km_2threads_intel,gaeac6,intel,57.42553191489362,2.347474876941679,54,65,139731.31914893616,924018.9163014562,1003,6339684,47
conus13km_2threads_intel,hera,intel,89.33333333333333,8.009609613073918,77,105,1278.5185185185185,6.812716448899478,1266,1295,27
conus13km_2threads_intel,hercules,intel,79.8936170212766,3.737204503678206,73,95,1325.723404255319,7.125282992578586,1311,1343,47
conus13km_2threads_intel,orion,intel,91.26086956521739,8.860486022808592,87,147,1222.8260869565217,6.543204610131671,1212,1238,46
conus13km_2threads_intel,ursa,intel,50.55102040816327,2.865464073015312,47,62,1786.2448979591836,8.449680990637228,1768,1799,49
conus13km_2threads_intel,wcoss2,intel,87.19148936170212,14.376366926120436,76,172,1099.2978723404256,43.34989839696082,1042,1145,47
