test_name,machine,compiler,core_mean,core_std,core_min,core_max,mem_mean,mem_std,mem_min,mem_max,n_hashes
conus13km_2threads_gnu,hera,gnu,106.63265306122449,22.32776100652786,85,194,963.734693877551,52.62436678566156,863,1035,49
conus13km_2threads_gnu,hercules,gnu,91.2,22.972032685730827,62,151,741716.92,446550.7575235436,954,1117516,50
conus13km_2threads_gnu,ursa,gnu,71.96551724137932,12.184541607594117,65,129,32105.275862068964,168098.44464243832,862,906128,29
