test_name,machine,compiler,core_mean,core_std,core_min,core_max,mem_mean,mem_std,mem_min,mem_max,n_hashes
conus13km_debug_decomp_intel,acorn,intel,1469.1,9.618050558804757,1451,1485,1108.1333333333334,7.968616603571284,1087,1114,30
conus13km_debug_decomp_intel,derecho,intel,1253.857142857143,7.289914755527452,1245,1264,313434.85714285716,533427.1312289457,1091,1094988,7
conus13km_debug_decomp_intel,gaeac6,intel,862.448275862069,21.195663651687536,841,943,1067.6206896551723,5.8943907543131715,1057,1076,29
conus13km_debug_decomp_intel,hera,intel,1384.5,18.763041441566255,1340,1424,1525.0666666666666,10.271934758270232,1500,1539,30
conus13km_debug_decomp_intel,hercules,intel,1172.1333333333334,33.53817519487749,1126,1261,424486.6666666667,713295.591368748,1568,1597200,30
conus13km_debug_decomp_intel,orion,intel,1392.4,28.740935602557308,1352,1466,92884.03333333334,348176.3622182738,1363,1376120,30
conus13km_debug_decomp_intel,ursa,intel,950.4193548387096,151.93019761139175,865,1759,61828.06451612903,333844.6241153645,1838,1860636,31
conus13km_debug_decomp_intel,wcoss2,intel,1480.0,8.383069966841791,1463,1501,1096.5333333333333,10.348191024100018,1077,1105,30
