test_name,machine,compiler,core_mean,core_std,core_min,core_max,mem_mean,mem_std,mem_min,mem_max,n_hashes
conus13km_debug_2threads_gnu,derecho,gnu,609.1875,12.376975241513266,590,650,1057.59375,1.9977305672574834,1055,1065,32
conus13km_debug_2threads_gnu,hera,gnu,631.6296296296297,61.910076319267624,536,693,1028.4074074074074,8.923862820288525,1015,1052,27
conus13km_debug_2threads_gnu,hercules,gnu,549.5106382978723,23.966346278303323,512,690,1033.1489361702127,3.021507854239147,1018,1040,47
conus13km_debug_2threads_gnu,ursa,gnu,250.6734693877551,23.791969719408524,240,409,920.5714285714286,6.0724789007455575,893,926,49
