test_name,machine,compiler,core_mean,core_std,core_min,core_max,mem_mean,mem_std,mem_min,mem_max,n_hashes
conus13km_debug_2threads_gnu,derecho,gnu,606.1,10.257246760759486,596,629,1057.7,1.1595018087283744,1056,1060,10
conus13km_debug_2threads_gnu,hera,gnu,589.5625,63.197733008762334,535,693,1031.2708333333333,7.439799766618426,1015,1052,48
conus13km_debug_2threads_gnu,hercules,gnu,552.5434782608696,95.9357902214321,509,993,45994.239130434784,213215.62616272704,1018,1035628,46
conus13km_debug_2threads_gnu,ursa,gnu,252.3469387755102,24.04990559614889,242,409,922.5918367346939,3.4756196530674965,907,926,49
