test_name,machine,compiler,core_mean,core_std,core_min,core_max,mem_mean,mem_std,mem_min,mem_max,n_hashes
conus13km_decomp_intel,acorn,intel,180.73333333333332,5.441423610516904,172,195,1025.7555555555555,2.559790079777058,1020,1029,45
conus13km_decomp_intel,derecho,intel,164.1086956521739,2.750581844463429,161,171,1006.3695652173913,5.130989489376874,993,1012,46
conus13km_decomp_intel,gaeac6,intel,114.91666666666667,2.6079529212998303,112,126,6338.5625,0.5800311803797608,6337,6339,48
conus13km_decomp_intel,hera,intel,179.5,2.838231060987737,178,187,1474.7,4.191260749066636,1469,1482,10
conus13km_decomp_intel,hercules,intel,158.54166666666666,8.9608090756795,149,188,33404.375,220802.6662155576,1520,1531300,48
conus13km_decomp_intel,orion,intel,229.0212765957447,5.969084707718478,224,260,29850.85106382979,195464.42221317286,1334,1341376,47
conus13km_decomp_intel,ursa,intel,116.62,4.827176467984282,111,138,1811.32,7.075222647394484,1794,1829,50
conus13km_decomp_intel,wcoss2,intel,183.26530612244898,5.529374249572615,176,197,1031.204081632653,5.086663902781944,1022,1038,49
