test_name,machine,compiler,core_mean,core_std,core_min,core_max,mem_mean,mem_std,mem_min,mem_max,n_hashes
conus13km_control_intel,acorn,intel,178.38297872340425,4.25059173113049,169,188,1015.936170212766,2.488270355428097,1012,1021,47
conus13km_control_intel,derecho,intel,163.60714285714286,1.8725954599469121,160,168,986.9285714285714,1.2744954391203747,983,989,28
conus13km_control_intel,gaeac6,intel,112.74468085106383,1.9501180020749156,109,117,139254.48936170212,923935.5127033175,1000,6338644,47
conus13km_control_intel,hera,intel,176.3548387096774,2.345895523345321,174,187,1445.6774193548388,10.218894580707461,1422,1469,31
conus13km_control_intel,hercules,intel,159.25531914893617,12.478621867028332,147,197,1498.8085106382978,10.674305390032032,1474,1520,47
conus13km_control_intel,orion,intel,224.67391304347825,3.293457135500877,220,236,1309.9782608695652,7.434122919005166,1299,1329,46
conus13km_control_intel,ursa,intel,200.73469387755102,218.71364226523497,111,914,1767.0,10.616418102794036,1746,1792,49
conus13km_control_intel,wcoss2,intel,188.12765957446808,18.870977280834314,178,307,1019.7021276595744,3.9392942074582935,1015,1025,47
