test_name,machine,compiler,core_mean,core_std,core_min,core_max,mem_mean,mem_std,mem_min,mem_max,n_hashes
conus13km_debug_qr_gnu,derecho,gnu,603.2173913043479,10.505221739423986,589,624,656.7826086956521,1.6224706675911835,652,659,23
conus13km_debug_qr_gnu,hera,gnu,663.0571428571428,10.431690566117581,632,682,771.4571428571429,4.161043825085907,765,791,35
conus13km_debug_qr_gnu,hercules,gnu,546.804347826087,91.32934773912551,509,1141,776.6086956521739,2.1957358763401604,772,781,46
conus13km_debug_qr_gnu,ursa,gnu,507.7959183673469,246.7531644167099,418,1440,648.5714285714286,2.010389680302424,638,651,49
