test_name,machine,compiler,core_mean,core_std,core_min,core_max,mem_mean,mem_std,mem_min,mem_max,n_hashes
conus13km_2threads_intel,acorn,intel,88.20833333333333,14.188635448362355,72,117,1122.375,33.48840701280545,1057,1148,48
conus13km_2threads_intel,derecho,intel,87.625,12.153874553683146,74,102,350412.9375,535374.8343882031,1087,1157032,16
conus13km_2threads_intel,gaeac6,intel,52.1063829787234,7.707235568672356,41,89,94977.8085106383,311319.7461439199,1003,1110708,47
conus13km_2threads_intel,hera,intel,78.5,20.431515081134787,61,193,1269.3958333333333,44.5730285698261,1185,1310,48
conus13km_2threads_intel,hercules,intel,73.60416666666667,22.6713237028568,49,193,475067.7916666667,619222.4711701287,1209,1346248,48
conus13km_2threads_intel,orion,intel,87.33333333333333,19.54627170558755,61,182,52386.458333333336,248024.46726953905,1136,1230320,48
conus13km_2threads_intel,ursa,intel,66.40816326530613,36.9960123793469,41,195,38224.755102040814,255218.72893637154,1652,1788296,49
conus13km_2threads_intel,wcoss2,intel,103.1875,20.08138361978841,80,173,1121.1875,30.23078341620416,1062,1146,48
