test_name,machine,compiler,core_mean,core_std,core_min,core_max,mem_mean,mem_std,mem_min,mem_max,n_hashes
conus13km_debug_2threads_intel,acorn,intel,822.5744680851063,85.71178821082825,792,1395,1206.5744680851064,11.091996097560965,1149,1223,47
conus13km_debug_2threads_intel,derecho,intel,1274.5,157.78061421550564,828,1355,361281.3,580082.0359018293,1156,1228840,10
conus13km_debug_2threads_intel,gaeac6,intel,758.7608695652174,44.489291986378895,471,812,139310.3260869565,934412.4014626531,1048,6339024,46
conus13km_debug_2threads_intel,hera,intel,1230.4375,131.96645386918777,741,1502,1330.1041666666667,16.421625056721595,1228,1347,48
conus13km_debug_2threads_intel,hercules,intel,1224.891304347826,90.77792885470436,735,1512,267241.652173913,545300.1416817966,1354,1381192,46
conus13km_debug_2threads_intel,orion,intel,1295.5869565217392,78.54385217810395,799,1404,56198.02173913043,260493.77959384827,1179,1268708,46
conus13km_debug_2threads_intel,ursa,intel,496.55102040816325,28.23123360783954,313,538,39071.95918367347,260670.08987199378,1732,1826524,49
conus13km_debug_2threads_intel,wcoss2,intel,829.0,84.94345945596886,800,1388,1201.8297872340424,11.331600963170615,1152,1220,47
