test_name,machine,compiler,core_mean,core_std,core_min,core_max,mem_mean,mem_std,mem_min,mem_max,n_hashes
conus13km_decomp_gnu,hera,gnu,294.40625,3.998865766608666,288,304,1032.6875,1.874058903608329,1029,1036,32
conus13km_decomp_gnu,hercules,gnu,253.65625,48.37128538709717,227,452,261063.46875,457581.2368449072,1037,1042608,32
conus13km_decomp_gnu,ursa,gnu,498.06060606060606,561.2724349298843,170,1719,28464.21212121212,158300.00251080966,900,910272,33
