test_name,machine,compiler,core_mean,core_std,core_min,core_max,mem_mean,mem_std,mem_min,mem_max,n_hashes
conus13km_debug_2threads_gnu,hera,gnu,509.1666666666667,81.21480143195082,332,672,1023.6666666666666,23.031276914492942,974,1052,48
conus13km_debug_2threads_gnu,hercules,gnu,508.9791666666667,127.48558359603919,316,993,356102.2916666667,484865.8965097576,1018,1035964,48
conus13km_debug_2threads_gnu,ursa,gnu,251.0612244897959,34.291281790022396,169,409,19756.38775510204,131886.94451511875,879,924124,49
