test_name,machine,compiler,core_mean,core_std,core_min,core_max,mem_mean,mem_std,mem_min,mem_max,n_hashes
conus13km_debug_2threads_gnu,derecho,gnu,612.695652173913,14.145073056984863,590,661,1078.0,128.1454035244513,1055,1928,46
conus13km_debug_2threads_gnu,hera,gnu,678.5,7.00713921654193,670,687,1016.1666666666666,1.169045194450002,1015,1018,6
conus13km_debug_2threads_gnu,hercules,gnu,559.5744680851063,20.864724423159647,543,690,22980.297872340427,150448.1901153892,1030,1032456,47
conus13km_debug_2threads_gnu,ursa,gnu,247.1,3.704657851397121,240,256,920.24,6.245194070610753,893,926,50
