test_name,machine,compiler,core_mean,core_std,core_min,core_max,mem_mean,mem_std,mem_min,mem_max,n_hashes
conus13km_control_gnu,hera,gnu,274.4375,37.333976454060455,186,300,1015.875,22.61577777250465,966,1031,48
conus13km_control_gnu,hercules,gnu,220.72916666666666,43.83127203038278,145,406,357619.5,486857.80958374374,1030,1035864,48
conus13km_control_gnu,ursa,gnu,343.3469387755102,366.70154480065077,122,1298,19225.30612244898,128298.7276525317,856,898988,49
