test_name,machine,compiler,core_mean,core_std,core_min,core_max,mem_mean,mem_std,mem_min,mem_max,n_hashes
conus13km_debug_decomp_intel,acorn,intel,1474.787234042553,11.38254989811887,1451,1500,1104.276595744681,10.158958624437046,1081,1114,47
conus13km_debug_decomp_intel,derecho,intel,1281.5,17.12211046181712,1245,1301,1046.0,15.811388300841896,1041,1091,10
conus13km_debug_decomp_intel,gaeac6,intel,862.4347826086956,14.83187584436986,841,943,140105.10869565216,934294.1629179923,1044,6339024,46
conus13km_debug_decomp_intel,hera,intel,1391.3333333333333,23.781213158516138,1340,1463,1520.9375,16.472292984591355,1474,1539,48
conus13km_debug_decomp_intel,hercules,intel,1191.804347826087,43.73435952313179,1126,1354,105107.91304347826,396266.4942516351,1551,1597200,46
conus13km_debug_decomp_intel,orion,intel,1394.1304347826087,25.981710401017033,1350,1448,31169.934782608696,201991.96482230036,1354,1371364,46
conus13km_debug_decomp_intel,ursa,intel,939.0204081632653,121.14067060582884,865,1759,1862.061224489796,13.721042482359811,1830,1881,49
conus13km_debug_decomp_intel,wcoss2,intel,1482.2340425531916,9.243594176644535,1460,1501,1096.3191489361702,9.539634445139951,1077,1105,47
