test_name,machine,compiler,core_mean,core_std,core_min,core_max,mem_mean,mem_std,mem_min,mem_max,n_hashes
conus13km_decomp_gnu,hera,gnu,294.5897435897436,3.864262363858598,288,304,1031.923076923077,2.4749759742014237,1025,1036,39
conus13km_decomp_gnu,hercules,gnu,251.28205128205127,44.00535177856434,227,452,214392.05128205128,425476.32631656417,1035,1042608,39
conus13km_decomp_gnu,ursa,gnu,497.7,555.955227859776,170,1719,23641.55,143783.16232116456,900,910272,40
