test_name,machine,compiler,core_mean,core_std,core_min,core_max,mem_mean,mem_std,mem_min,mem_max,n_hashes
conus13km_restart_gnu,hera,gnu,159.8421052631579,4.126649944698709,155,169,728.578947368421,7.0025058171556145,717,738,19
conus13km_restart_gnu,hercules,gnu,130.52631578947367,9.686006062887447,123,164,321680.3157894737,386625.59057641466,759,768320,19
conus13km_restart_gnu,ursa,gnu,287.57894736842104,283.0479574185802,96,817,31232.57894736842,133594.30057383757,579,582908,19
