test_name,machine,compiler,core_mean,core_std,core_min,core_max,mem_mean,mem_std,mem_min,mem_max,n_hashes
conus13km_debug_intel,acorn,intel,1445.8478260869565,14.942805613857297,1417,1479,1097.7826086956522,6.531676808627858,1080,1105,46
conus13km_debug_intel,derecho,intel,1249.1333333333334,11.488296321950981,1239,1274,1036.4666666666667,2.474633209954442,1029,1040,15
conus13km_debug_intel,gaeac6,intel,839.5555555555555,18.370623233298247,817,933,143892.8,944488.0018909139,1037,6338892,45
conus13km_debug_intel,hera,intel,1356.3953488372092,19.97038227795844,1314,1418,1484.906976744186,15.579005948923474,1458,1509,43
conus13km_debug_intel,hercules,intel,1165.3260869565217,43.322590641643096,1101,1288,1549.1521739130435,12.620912788444679,1515,1574,46
conus13km_debug_intel,orion,intel,1351.3111111111111,24.560521002600698,1306,1404,1356.8666666666666,15.962455951387954,1333,1395,45
conus13km_debug_intel,ursa,intel,950.8367346938776,199.21265301794702,837,1718,1819.204081632653,18.86352254996921,1783,1848,49
conus13km_debug_intel,wcoss2,intel,1452.0869565217392,25.16861015626542,1428,1587,1090.4565217391305,15.481467805432017,1042,1108,46
