test_name,machine,compiler,core_mean,core_std,core_min,core_max,mem_mean,mem_std,mem_min,mem_max,n_hashes
conus13km_debug_intel,acorn,intel,1449.2,14.693226639880978,1426,1479,1094.9777777777779,6.929806795446928,1076,1101,45
conus13km_debug_intel,derecho,intel,1259.2222222222222,18.224177208330616,1239,1325,1036.4722222222222,2.210185656210953,1029,1040,36
conus13km_debug_intel,gaeac6,intel,848.3617021276596,15.077229493965085,826,933,140172.0,923834.4275727636,1037,6338892,47
conus13km_debug_intel,hera,intel,1359.1739130434783,21.726925427624337,1329,1418,1475.304347826087,12.352529305253789,1458,1489,23
conus13km_debug_intel,hercules,intel,1177.3617021276596,45.6038830974021,1101,1328,34299.744680851065,224571.0140981329,1515,1541124,47
conus13km_debug_intel,orion,intel,1365.0,28.30940165779248,1320,1470,30328.739130434784,196556.03187877603,1332,1334456,46
conus13km_debug_intel,ursa,intel,900.4489795918367,10.326061738165668,885,940,3667114.4693877553,25657170.952383865,1783,179602001,49
conus13km_debug_intel,wcoss2,intel,1448.404255319149,12.657116187910454,1434,1500,1097.3617021276596,10.401558269369179,1077,1109,47
