test_name,machine,compiler,core_mean,core_std,core_min,core_max,mem_mean,mem_std,mem_min,mem_max,n_hashes
conus13km_debug_intel,acorn,intel,1326.125,225.06421069590388,877,1469,1110.5,21.750030569799936,1080,1172,48
conus13km_debug_intel,derecho,intel,971.625,243.90896525821552,754,1256,353054.3125,539360.3115692661,1086,1154752,16
conus13km_debug_intel,gaeac6,intel,772.9148936170212,127.68947213884606,523,933,87086.17021276595,285115.1083685568,1010,1015020,47
conus13km_debug_intel,hera,intel,1254.0,199.8300341620133,824,1380,1472.6875,47.66690999541138,1375,1509,48
conus13km_debug_intel,hercules,intel,1074.7916666666667,178.2573991580993,670,1443,517577.1458333333,706559.9207759935,1369,1568148,48
conus13km_debug_intel,orion,intel,1238.75,217.1491790393113,812,1444,57653.208333333336,272946.02938184934,1242,1361168,48
conus13km_debug_intel,ursa,intel,883.8775510204082,252.37865340372502,560,1718,39419.65306122449,262722.90526590234,1798,1840948,49
conus13km_debug_intel,wcoss2,intel,1335.8125,227.04799907283643,890,1587,1103.2291666666667,31.729065528168,1042,1175,48
