test_name,machine,compiler,core_mean,core_std,core_min,core_max,mem_mean,mem_std,mem_min,mem_max,n_hashes
conus13km_control_gnu,hera,gnu,266.25,42.86768360749554,186,300,1011.1666666666666,26.032985077718926,965,1031,48
conus13km_control_gnu,hercules,gnu,213.47916666666666,48.07794627934639,144,406,398581.5416666667,496601.45950698364,983,1035864,48
conus13km_control_gnu,ursa,gnu,363.63829787234044,389.2414823022668,122,1298,20003.0,131000.38343388957,856,898988,47
