test_name,machine,compiler,core_mean,core_std,core_min,core_max,mem_mean,mem_std,mem_min,mem_max,n_hashes
conus13km_2threads_gnu,derecho,gnu,142.93333333333334,2.8031181324317775,140,150,1042.0333333333333,0.7648904962570922,1041,1044,30
conus13km_2threads_gnu,hera,gnu,138.3793103448276,11.017563229107834,122,152,1013.7931034482758,2.4695186104760545,1006,1017,29
conus13km_2threads_gnu,hercules,gnu,123.17021276595744,9.639860969898056,111,180,1016.1914893617021,1.5830391501701406,1013,1022,47
conus13km_2threads_gnu,ursa,gnu,70.55102040816327,2.4329442424919683,67,83,905.265306122449,1.717259325738757,897,908,49
