test_name,machine,compiler,core_mean,core_std,core_min,core_max,mem_mean,mem_std,mem_min,mem_max,n_hashes
conus13km_radar_tten_debug_intel,acorn,intel,1445.0,15.760434776611577,1424,1495,1163.5744680851064,8.430649778586268,1145,1171,47
conus13km_radar_tten_debug_intel,derecho,intel,1254.5384615384614,10.45841582355861,1237,1275,1107.8461538461538,1.2551432648843597,1106,1110,26
conus13km_radar_tten_debug_intel,gaeac6,intel,844.2127659574468,10.838610873235767,817,867,139078.085106383,924018.4604308234,1106,6339024,47
conus13km_radar_tten_debug_intel,hera,intel,1367.2424242424242,35.532582145678546,1314,1527,1553.2727272727273,19.084143822937044,1527,1607,33
conus13km_radar_tten_debug_intel,hercules,intel,1169.595744680851,38.02668375168661,1105,1298,1608.6808510638298,14.266266662211827,1568,1646,47
conus13km_radar_tten_debug_intel,orion,intel,1368.1739130434783,50.75006484848674,1328,1679,1417.5,9.14269593111843,1400,1439,46
conus13km_radar_tten_debug_intel,ursa,intel,894.3265306122449,10.566037879100431,863,919,1884.6326530612246,15.785929755047356,1856,1921,49
conus13km_radar_tten_debug_intel,wcoss2,intel,1448.2553191489362,10.100512438800607,1432,1470,1164.4255319148936,8.880228847548231,1145,1177,47
