test_name,machine,compiler,core_mean,core_std,core_min,core_max,mem_mean,mem_std,mem_min,mem_max,n_hashes
conus13km_control_intel,acorn,intel,179.3695652173913,4.950235440650719,169,194,1016.1304347826087,2.7617119944151565,1012,1021,46
conus13km_control_intel,derecho,intel,163.6818181818182,1.96120380030234,160,168,986.9090909090909,1.4444999434337622,983,989,22
conus13km_control_intel,gaeac6,intel,112.45652173913044,1.721840381544378,109,117,141565.6739130435,934017.7841577169,1000,6338644,46
conus13km_control_intel,hera,intel,176.69444444444446,2.3521351327123314,174,187,1447.8333333333333,11.00259709601065,1422,1469,36
conus13km_control_intel,hercules,intel,157.3695652173913,12.349284631826826,147,197,1501.891304347826,10.758414300484544,1476,1522,46
conus13km_control_intel,orion,intel,225.0888888888889,3.34950622020499,221,236,1312.2222222222222,9.373291090038052,1299,1330,45
conus13km_control_intel,ursa,intel,243.6122448979592,252.44799929280245,113,914,1769.2244897959183,11.055287773509136,1746,1792,49
conus13km_control_intel,wcoss2,intel,190.0,20.99206199177839,178,307,1019.304347826087,3.6201262422271245,1015,1025,46
