test_name,machine,compiler,core_mean,core_std,core_min,core_max,mem_mean,mem_std,mem_min,mem_max,n_hashes
conus13km_radar_tten_debug_gnu,hera,gnu,518.4285714285714,120.96469870723993,399,673,1060.7755102040817,58.59581373916638,927,1119,49
conus13km_radar_tten_debug_gnu,hercules,gnu,435.4,118.56609282314622,317,734,791014.3,529702.8455582818,1068,1355892,50
conus13km_radar_tten_debug_gnu,ursa,gnu,457.19354838709677,257.8412197916693,274,1458,32910.74193548387,177823.49325889943,940,991052,31
