test_name,machine,compiler,core_mean,core_std,core_min,core_max,mem_mean,mem_std,mem_min,mem_max,n_hashes
conus13km_debug_qr_intel,acorn,intel,1453.75,18.424105796987998,1429,1505,804.7272727272727,8.761341185329481,788,813,44
conus13km_debug_qr_intel,derecho,intel,1262.1739130434783,15.59957883737198,1238,1322,741.1304347826087,1.881000864223013,735,746,46
conus13km_debug_qr_intel,gaeac6,intel,850.7708333333334,6.783081529471758,837,864,6338.479166666667,0.6184945116916888,6337,6339,48
conus13km_debug_qr_intel,hera,intel,1371.5454545454545,19.32026726711426,1351,1422,1174.2727272727273,13.146032930819155,1158,1202,11
conus13km_debug_qr_intel,hercules,intel,1186.1041666666667,47.11879038983721,1103,1318,25764.5625,170518.034641988,1140,1182536,48
conus13km_debug_qr_intel,orion,intel,1366.6808510638298,24.813308475913,1321,1444,23283.72340425532,152450.72329853973,1018,1046196,47
conus13km_debug_qr_intel,ursa,intel,899.36,10.741413276830658,877,925,1427.8,7.564687025642155,1418,1450,50
conus13km_debug_qr_intel,wcoss2,intel,1449.75,8.88580029082973,1436,1471,833.5,14.072759260055891,800,847,48
