test_name,machine,compiler,core_mean,core_std,core_min,core_max,mem_mean,mem_std,mem_min,mem_max,n_hashes
conus13km_decomp_intel,acorn,intel,181.2888888888889,6.017482946390532,172,195,1025.6666666666667,2.63714721897476,1020,1029,45
conus13km_decomp_intel,derecho,intel,164.7391304347826,3.262138239517101,161,175,1005.1521739130435,5.65279632396163,993,1012,46
conus13km_decomp_intel,gaeac6,intel,114.93333333333334,2.605937276856274,112,126,6338.555555555556,0.5860327153276674,6337,6339,45
conus13km_decomp_intel,hera,intel,178.16666666666666,0.40824829046386313,178,179,1476.1666666666667,4.215052391924272,1472,1482,6
conus13km_decomp_intel,hercules,intel,159.0212765957447,8.855087856343987,149,188,34081.59574468085,223139.3966397862,1517,1531300,47
conus13km_decomp_intel,orion,intel,229.06521739130434,6.1982154202750355,224,260,30470.043478260868,197577.70610639433,1334,1341376,46
conus13km_decomp_intel,ursa,intel,116.78,4.9001874183232905,111,138,1810.88,7.017878044316427,1794,1829,50
conus13km_decomp_intel,wcoss2,intel,183.3877551020408,5.540819458537596,176,199,1032.3469387755101,4.470043905490009,1022,1038,49
