test_name,machine,compiler,core_mean,core_std,core_min,core_max,mem_mean,mem_std,mem_min,mem_max,n_hashes
conus13km_debug_2threads_intel,acorn,intel,810.8936170212766,8.220425363354735,792,827,1207.3191489361702,6.947337253373989,1196,1223,47
conus13km_debug_2threads_intel,derecho,intel,1336.1,20.64757182387858,1302,1362,1169.3,25.880279922923723,1154,1218,10
conus13km_debug_2threads_intel,gaeac6,intel,764.5869565217391,6.74479581094949,756,782,139994.69565217392,934310.6220821345,1048,6339024,46
conus13km_debug_2threads_intel,hera,intel,1275.0208333333333,133.620849689078,1175,1512,1327.8958333333333,12.58374429839461,1292,1347,48
conus13km_debug_2threads_intel,hercules,intel,1236.3695652173913,32.99249658510059,1188,1295,120317.69565217392,389692.35000274365,1354,1374112,46
conus13km_debug_2threads_intel,orion,intel,1301.0,5.977736472389423,1292,1322,28647.043478260868,185680.4444125512,1252,1260616,46
conus13km_debug_2threads_intel,ursa,intel,501.7959183673469,9.128662716586547,487,538,1833.8367346938776,11.166070143473801,1801,1850,49
conus13km_debug_2threads_intel,wcoss2,intel,816.1063829787234,16.586052341799753,800,898,1202.5744680851064,8.644537558610049,1190,1220,47
