test_name,machine,compiler,core_mean,core_std,core_min,core_max,mem_mean,mem_std,mem_min,mem_max,n_hashes
conus13km_restart_gnu,derecho,gnu,135.88636363636363,3.492289907056113,122,145,587.3863636363636,0.5376914084676749,586,588,44
conus13km_restart_gnu,hera,gnu,163.23076923076923,1.9215378456610517,160,166,723.6923076923077,8.350495148838139,706,733,13
conus13km_restart_gnu,hercules,gnu,144.7608695652174,15.199685351434361,127,173,17212.82608695652,111616.53001023026,674,757776,46
conus13km_restart_gnu,ursa,gnu,102.6,2.373321103690878,98,108,579.86,2.2224274281670966,572,583,50
