test_name,machine,compiler,core_mean,core_std,core_min,core_max,mem_mean,mem_std,mem_min,mem_max,n_hashes
conus13km_decomp_gnu,derecho,gnu,232.3,1.059349905471382,230,234,935.1,0.3162277660168424,935,936,10
conus13km_decomp_gnu,hera,gnu,295.3125,3.549985016450277,289,303,1031.5416666666667,2.600804567275834,1025,1039,48
conus13km_decomp_gnu,hercules,gnu,249.82608695652175,40.50860229510989,231,452,46220.80434782609,214266.57747733258,1035,1040892,46
conus13km_decomp_gnu,ursa,gnu,440.9387755102041,515.5114938972129,171,1719,906.7142857142857,2.684833948931181,896,910,49
