test_name,machine,compiler,core_mean,core_std,core_min,core_max,mem_mean,mem_std,mem_min,mem_max,n_hashes
conus13km_control_intel,acorn,intel,178.38297872340425,4.250591731130474,169,188,1015.9787234042553,2.5408776445237318,1012,1021,47
conus13km_control_intel,derecho,intel,163.59259259259258,1.906653517377409,160,168,986.925925925926,1.2986953786818352,983,989,27
conus13km_control_intel,gaeac6,intel,112.63829787234043,1.846565930431453,109,117,139141.27659574468,923952.4791616651,1000,6338644,47
conus13km_control_intel,hera,intel,176.4375,2.3546453742994236,174,187,1446.21875,10.508780890591021,1422,1469,32
conus13km_control_intel,hercules,intel,158.9787234042553,12.515189660884836,147,197,1499.7446808510638,10.37653725668682,1474,1520,47
conus13km_control_intel,orion,intel,224.7826086956522,3.3193911321088194,220,236,1310.3260869565217,7.708737748889874,1299,1329,46
conus13km_control_intel,ursa,intel,207.28571428571428,220.79789023750507,111,914,1767.5102040816328,11.107659611313887,1746,1792,49
conus13km_control_intel,wcoss2,intel,188.19148936170214,18.851407856400616,178,307,1019.6382978723404,3.87537112901518,1015,1025,47
