test_name,machine,compiler,core_mean,core_std,core_min,core_max,mem_mean,mem_std,mem_min,mem_max,n_hashes
conus13km_control_gnu,derecho,gnu,228.88888888888889,1.1666666666666665,227,230,929.3333333333334,0.9999999999999906,928,931,9
conus13km_control_gnu,hera,gnu,291.2916666666667,3.560769300893307,286,303,1025.8958333333333,2.486042598472143,1021,1031,48
conus13km_control_gnu,hercules,gnu,237.08695652173913,26.485070081048832,222,406,68446.36956521739,258042.96045214028,1030,1035140,46
conus13km_control_gnu,ursa,gnu,329.51020408163265,346.1641664038044,169,1298,905.0408163265306,6.079196711166771,897,945,49
