test_name,machine,compiler,core_mean,core_std,core_min,core_max,mem_mean,mem_std,mem_min,mem_max,n_hashes
conus13km_radar_tten_debug_intel,acorn,intel,1133.3333333333333,276.58835942131765,878,1468,1190.125,28.832328929335024,1145,1236,48
conus13km_radar_tten_debug_intel,derecho,intel,865.483870967742,198.23737807113,748,1233,193761.64516129033,446487.448237204,1157,1218316,31
conus13km_radar_tten_debug_intel,gaeac6,intel,663.1702127659574,153.45517957016082,524,882,92948.72340425532,304381.2234921789,1076,1082228,47
conus13km_radar_tten_debug_intel,hera,intel,1078.591836734694,251.76923282768166,831,1413,1462.5510204081634,106.49081752755531,1300,1576,49
conus13km_radar_tten_debug_intel,hercules,intel,933.16,191.4372450060598,675,1251,1002572.74,697061.3117181859,1427,1634844,50
conus13km_radar_tten_debug_intel,orion,intel,1060.9795918367347,255.68425269231955,800,1435,86291.38775510204,336333.76548959373,1302,1429788,49
conus13km_radar_tten_debug_intel,ursa,intel,819.15625,185.0011524593572,557,1410,60661.875,331897.1728166139,1890,1879484,32
conus13km_radar_tten_debug_intel,wcoss2,intel,1140.0625,274.7165971989965,890,1500,1193.9166666666667,29.992788731402182,1143,1240,48
