test_name,machine,compiler,core_mean,core_std,core_min,core_max,mem_mean,mem_std,mem_min,mem_max,n_hashes
conus13km_control_gnu,derecho,gnu,230.94871794871796,8.952943408818772,226,273,929.6410256410256,0.7429379618209978,928,931,39
conus13km_control_gnu,hera,gnu,292.8095238095238,4.094130525753271,287,303,1024.8095238095239,1.7210185245676093,1022,1028,21
conus13km_control_gnu,hercules,gnu,251.20833333333334,24.772117418953894,228,325,22469.3125,148523.97402986384,1029,1030036,48
conus13km_control_gnu,ursa,gnu,186.08,50.31364484056842,172,532,903.14,1.0303555954432597,898,905,50
