test_name,machine,compiler,core_mean,core_std,core_min,core_max,mem_mean,mem_std,mem_min,mem_max,n_hashes
cpld_restart_c24_5deg_intel,acorn,intel,47.0,5.513619500836088,31,61,1453.7173913043478,3.4938870011509797,1448,1460,46
cpld_restart_c24_5deg_intel,derecho,intel,25.95,1.2343760409722466,24,28,1422.55,1.6050905860647544,1419,1425,20
cpld_restart_c24_5deg_intel,gaeac6,intel,20.891304347826086,2.9979864418162405,18,33,141548.23913043478,934057.832815582,1421,6338896,46
cpld_restart_c24_5deg_intel,hera,intel,33.60526315789474,1.284827755502146,32,37,1580.1052631578948,5.862337296464958,1570,1591,38
cpld_restart_c24_5deg_intel,hercules,intel,31.065217391304348,19.090896229370152,23,96,1551.2608695652175,4.995263456999139,1532,1561,46
cpld_restart_c24_5deg_intel,orion,intel,43.08888888888889,19.877833957156472,34,124,1551.111111111111,4.173630544165632,1538,1559,45
cpld_restart_c24_5deg_intel,ursa,intel,159.9591836734694,373.1713725613472,24,1264,1531.530612244898,1.5559300650565842,1528,1535,49
cpld_restart_c24_5deg_intel,wcoss2,intel,66.69565217391305,17.030521053185517,46,123,1464.304347826087,15.942772051193751,1452,1491,46
