test_name,machine,compiler,core_mean,core_std,core_min,core_max,mem_mean,mem_std,mem_min,mem_max,n_hashes
cpld_mpi_pdlib_p8_intel,acorn,intel,1004.9375,64.55919475690173,907,1071,1893.25,3.310203439142426,1885,1899,48
cpld_mpi_pdlib_p8_intel,derecho,intel,929.8333333333334,7.883623224857657,916,944,784490.0,967165.6253768253,1882,1883072,12
cpld_mpi_pdlib_p8_intel,gaeac6,intel,676.3829787234042,50.939671561175224,594,789,218082.70212765958,992115.7453562677,1889,6339744,47
cpld_mpi_pdlib_p8_intel,hera,intel,1160.8125,71.11891637221026,1048,1265,1938.125,8.26071193675992,1901,1952,48
cpld_mpi_pdlib_p8_intel,hercules,intel,928.8125,84.4289090980652,791,1071,585547.5625,919023.376584261,1984,2013728,48
cpld_mpi_pdlib_p8_intel,orion,intel,1322.4791666666667,143.99083741288973,1204,2096,82654.25,391203.777679651,1916,1942884,48
cpld_mpi_pdlib_p8_intel,ursa,intel,854.6530612244898,109.10708635334834,695,964,45493.102040816324,303733.33944557386,2081,2128236,49
cpld_mpi_pdlib_p8_intel,wcoss2,intel,1094.2708333333333,139.65607292801047,931,1468,1892.7083333333333,2.567872978012365,1885,1897,48
