test_name,machine,compiler,core_mean,core_std,core_min,core_max,mem_mean,mem_std,mem_min,mem_max,n_hashes
cpld_control_p8_faster_intel,acorn,intel,486.54545454545456,11.065722590514198,467,503,3361.0454545454545,3.6184352409671496,3356,3370,22
cpld_control_p8_faster_intel,gaeac6,intel,298.8181818181818,8.027549965061512,289,323,2049.2272727272725,7.360977019661409,2035,2063,22
cpld_control_p8_faster_intel,hera,intel,687.8181818181819,12.819762881829002,664,711,2279.6363636363635,10.499639243441868,2245,2292,22
cpld_control_p8_faster_intel,hercules,intel,555.0909090909091,180.55810543210026,476,1355,2257.9545454545455,9.707519288465598,2243,2274,22
cpld_control_p8_faster_intel,orion,intel,984.6363636363636,37.15930371809799,935,1059,2185.6363636363635,4.6857987533300705,2177,2192,22
cpld_control_p8_faster_intel,ursa,intel,401.4347826086956,15.132223555159369,389,449,2488.7391304347825,20.554179825534245,2454,2521,23
cpld_control_p8_faster_intel,wcoss2,intel,581.8181818181819,112.22877840063438,487,929,3377.318181818182,5.29497842647082,3369,3385,22
