test_name,machine,compiler,core_mean,core_std,core_min,core_max,mem_mean,mem_std,mem_min,mem_max,n_hashes
cpld_warmstart_c24_9deg_intel,acorn,intel,56.148936170212764,6.1147673118808,45,70,2111.4893617021276,2.6773798063024388,2107,2116,47
cpld_warmstart_c24_9deg_intel,derecho,intel,32.7,2.2135943621178664,29,38,2083.3,13.14914445886112,2074,2103,10
cpld_warmstart_c24_9deg_intel,gaeac6,intel,25.804347826086957,2.809662417186578,24,41,140641.89130434784,933958.2443652565,2078,6337340,46
cpld_warmstart_c24_9deg_intel,hera,intel,42.333333333333336,2.096941372706298,35,49,2257.7708333333335,5.087488128830624,2249,2267,48
cpld_warmstart_c24_9deg_intel,hercules,intel,56.43478260869565,34.45102944690755,30,163,196916.97826086957,637803.7534948431,2224,2242140,46
cpld_warmstart_c24_9deg_intel,orion,intel,65.28260869565217,27.590387249892565,46,129,50857.97826086957,329759.600020681,2224,2238776,46
cpld_warmstart_c24_9deg_intel,ursa,intel,36.02040816326531,13.59149518988248,30,96,47232.510204081635,315164.42560069094,2204,2208360,49
cpld_warmstart_c24_9deg_intel,wcoss2,intel,95.7872340425532,50.01301403252905,58,350,2109.7659574468084,1.2889626087847907,2108,2113,47
