test_name,machine,compiler,core_mean,core_std,core_min,core_max,mem_mean,mem_std,mem_min,mem_max,n_hashes
cpld_debug_pdlib_p8_gnu,derecho,gnu,527.2608695652174,9.545191037206065,513,561,1596.6521739130435,8.579090308059124,1582,1610,23
cpld_debug_pdlib_p8_gnu,hera,gnu,657.4666666666667,6.957695294386216,647,674,1538.3333333333333,4.336994790119614,1530,1548,15
cpld_debug_pdlib_p8_gnu,hercules,gnu,557.2692307692307,31.988194937892576,527,616,1592.4615384615386,10.915056643850447,1572,1611,26
cpld_debug_pdlib_p8_gnu,ursa,gnu,391.7857142857143,2.833099897012996,387,398,1567.357142857143,9.522738034963428,1550,1586,28
