test_name,machine,compiler,core_mean,core_std,core_min,core_max,mem_mean,mem_std,mem_min,mem_max,n_hashes
cpld_control_c48_5deg_intel,acorn,intel,366.375,6.058211210986552,352,375,2885.25,5.986094998689346,2874,2895,40
cpld_control_c48_5deg_intel,derecho,intel,335.6296296296296,14.536818369887131,317,358,535137.4444444445,1137739.383339657,2876,2878824,27
cpld_control_c48_5deg_intel,gaeac6,intel,254.56410256410257,4.1217961835439185,248,271,297270.7948717949,882232.7645766966,2858,2876176,39
cpld_control_c48_5deg_intel,hera,intel,477.4634146341463,26.47271950610252,463,593,3072.170731707317,26.492359690129966,3012,3097,41
cpld_control_c48_5deg_intel,hercules,intel,405.76190476190476,57.10956928221807,352,693,2175213.404761905,1390495.5770074113,3033,3063856,42
cpld_control_c48_5deg_intel,orion,intel,546.4634146341464,53.08488370571024,491,729,225257.80487804877,800695.7079577802,3013,3052736,41
cpld_control_c48_5deg_intel,ursa,intel,374.67857142857144,289.58617390407665,255,1347,111284.07142857143,572814.1600029807,3028,3034080,28
cpld_control_c48_5deg_intel,wcoss2,intel,403.775,40.71003624761405,358,524,2883.35,5.512456756037118,2870,2898,40
