test_name,machine,compiler,core_mean,core_std,core_min,core_max,mem_mean,mem_std,mem_min,mem_max,n_hashes
cpld_restart_c48_5deg_intel,acorn,intel,82.72916666666667,5.306517804141785,73,97,2308.6666666666665,7.343642012937685,2292,2322,48
cpld_restart_c48_5deg_intel,derecho,intel,71.0,17.443241289011244,57,100,719818.125,1099162.4718354652,2286,2305576,16
cpld_restart_c48_5deg_intel,gaeac6,intel,45.42553191489362,1.1931813676609309,43,49,197348.68085106384,646474.1595346624,2261,2301088,47
cpld_restart_c48_5deg_intel,hera,intel,88.5,26.304275196572537,77,237,2522.2083333333335,9.821726531355699,2499,2544,48
cpld_restart_c48_5deg_intel,hercules,intel,84.10416666666667,30.635981892618073,57,156,932525.1458333334,1213396.3549423593,2463,2495924,48
cpld_restart_c48_5deg_intel,orion,intel,101.97916666666667,32.82026461659848,83,229,105297.60416666667,498317.8803119397,2460,2475044,48
cpld_restart_c48_5deg_intel,ursa,intel,209.59183673469389,399.33125964789286,49,1291,52629.97959183674,351166.96139760746,2435,2460632,49
cpld_restart_c48_5deg_intel,wcoss2,intel,129.52083333333334,50.42963903209898,90,393,2311.0625,5.958745584111637,2296,2326,48
