test_name,machine,compiler,core_mean,core_std,core_min,core_max,mem_mean,mem_std,mem_min,mem_max,n_hashes
cpld_control_pdlib_p8_intel,acorn,intel,788.4634146341464,5.958596986605214,780,810,1921.6341463414635,2.708838289386895,1916,1927,41
cpld_control_pdlib_p8_intel,derecho,intel,778.2608695652174,15.407251513799816,764,818,1879.3478260869565,4.858064482263903,1874,1892,23
cpld_control_pdlib_p8_intel,gaeac6,intel,521.6829268292682,4.579514299520397,510,532,159198.39024390245,989394.1190909689,1912,6339880,41
cpld_control_pdlib_p8_intel,hera,intel,915.7333333333333,25.84960925914691,893,1033,2121.766666666667,10.404519354035678,2096,2138,30
cpld_control_pdlib_p8_intel,hercules,intel,760.9512195121952,27.50995385266233,729,828,2090.560975609756,4.909423492059895,2082,2103,41
cpld_control_pdlib_p8_intel,orion,intel,1229.775,34.79867924107293,1186,1305,2019.575,7.699109172578541,2001,2039,40
cpld_control_pdlib_p8_intel,ursa,intel,493.69767441860466,8.331051736385396,485,539,2163.046511627907,10.267733761115293,2149,2185,43
cpld_control_pdlib_p8_intel,wcoss2,intel,827.6585365853658,61.511628882715165,790,1125,1900.9512195121952,38.77624996019608,1830,1927,41
