test_name,machine,compiler,core_mean,core_std,core_min,core_max,mem_mean,mem_std,mem_min,mem_max,n_hashes
cpld_control_ciceC_p8_intel,acorn,intel,492.875,7.872994509917529,477,508,3287.0,71.32305884778249,3220,3372,48
cpld_control_ciceC_p8_intel,derecho,intel,466.5882352941176,6.247994330589623,454,480,305652.0588235294,740471.4388646188,2056,2073884,34
cpld_control_ciceC_p8_intel,gaeac6,intel,302.78723404255317,4.643537679739828,296,316,177685.085106383,582032.488778345,2053,2071972,47
cpld_control_ciceC_p8_intel,hera,intel,657.3877551020408,106.36490185648063,522,844,2702.918367346939,538.4329823948495,2255,3403,49
cpld_control_ciceC_p8_intel,hercules,intel,566.02,75.39487613186172,496,1025,1673108.0,1000454.1107401667,2256,2269080,50
cpld_control_ciceC_p8_intel,orion,intel,1036.8775510204082,109.51001336503839,933,1548,135907.42857142858,529055.1019629635,2168,2192604,49
cpld_control_ciceC_p8_intel,ursa,intel,426.7931034482759,13.623454854312389,403,471,87919.27586206897,460052.46152088046,2444,2479948,29
cpld_control_ciceC_p8_intel,wcoss2,intel,547.3125,132.67095053937496,493,1395,3293.6875,75.99276456319647,3208,3382,48
