test_name,machine,compiler,core_mean,core_std,core_min,core_max,mem_mean,mem_std,mem_min,mem_max,n_hashes
cpld_control_p8_lnd_intel,acorn,intel,503.6458333333333,9.263264401704514,490,524,3287.2708333333335,67.26028817399072,3225,3369,48
cpld_control_p8_lnd_intel,derecho,intel,470.65714285714284,6.043678550367166,457,487,297126.1142857143,731572.1242561348,2055,2072240,35
cpld_control_p8_lnd_intel,gaeac6,intel,305.29787234042556,4.586913775442998,297,313,177699.7659574468,582066.0847263865,2057,2075204,47
cpld_control_p8_lnd_intel,hera,intel,700.530612244898,111.11126218810593,559,929,2606.326530612245,597.0732223296651,2062,3337,49
cpld_control_p8_lnd_intel,hercules,intel,582.78,80.47062843557471,501,1065,1648792.9,985925.974409787,2221,2240788,50
cpld_control_p8_lnd_intel,orion,intel,1112.0816326530612,130.37970776650369,996,1540,133385.4081632653,519217.52055909886,2138,2152476,49
cpld_control_p8_lnd_intel,ursa,intel,459.25,13.217903122771137,446,503,92501.64285714286,476178.4720054272,2459,2522212,28
