test_name,machine,compiler,core_mean,core_std,core_min,core_max,mem_mean,mem_std,mem_min,mem_max,n_hashes
cpld_restart_c24_9deg_intel,acorn,intel,46.4468085106383,4.959876009312338,35,58,1455.404255319149,3.597460302636667,1448,1461,47
cpld_restart_c24_9deg_intel,derecho,intel,24.727272727272727,1.0090499582190262,23,27,1421.2727272727273,1.6180796699117919,1419,1424,11
cpld_restart_c24_9deg_intel,gaeac6,intel,20.32608695652174,3.266356092896773,18,32,140584.69565217392,934162.0878243025,1421,6338628,46
cpld_restart_c24_9deg_intel,hera,intel,33.4375,1.4718095679317071,32,39,1582.0,6.226231400037079,1568,1591,48
cpld_restart_c24_9deg_intel,hercules,intel,30.108695652173914,17.101303733107038,23,101,35298.47826086957,228891.507434198,1535,1553968,46
cpld_restart_c24_9deg_intel,orion,intel,49.71739130434783,23.693096081609244,34,125,1551.4565217391305,4.420691357389018,1537,1558,46
cpld_restart_c24_9deg_intel,ursa,intel,85.36734693877551,247.5193337463385,23,1271,1531.5102040816328,1.916185979356699,1523,1534,49
cpld_restart_c24_9deg_intel,wcoss2,intel,80.61702127659575,29.21997023440539,49,156,1469.6808510638298,16.84211385960655,1452,1490,47
