test_name,machine,compiler,core_mean,core_std,core_min,core_max,mem_mean,mem_std,mem_min,mem_max,n_hashes
cpld_mpi_pdlib_p8_intel,acorn,intel,1051.7659574468084,8.69835758099462,1041,1075,1896.3191489361702,4.134196641264306,1889,1905,47
cpld_mpi_pdlib_p8_intel,derecho,intel,930.0370370370371,6.406015691288708,916,944,349714.44444444444,743498.6458262632,1881,1883072,27
cpld_mpi_pdlib_p8_intel,gaeac6,intel,707.5434782608696,4.974184564056145,700,722,167929.1739130435,543909.3619170714,1901,1913816,46
cpld_mpi_pdlib_p8_intel,hera,intel,1214.7083333333333,25.52175403607703,1196,1324,1940.5208333333333,9.715067445004863,1901,1960,48
cpld_mpi_pdlib_p8_intel,hercules,intel,980.530612244898,34.936312317806916,927,1071,1186180.9795918367,993611.3930658767,1990,2016188,49
cpld_mpi_pdlib_p8_intel,orion,intel,1311.2916666666667,173.58607630373123,1204,2096,123001.79166666667,473835.9681969565,1931,1942884,48
cpld_mpi_pdlib_p8_intel,ursa,intel,933.1111111111111,17.318491814536234,907,1001,61165.02777777778,354355.02398998383,2087,2128236,36
cpld_mpi_pdlib_p8_intel,wcoss2,intel,1114.8936170212767,99.73317315686434,1051,1468,1893.3617021276596,3.1167536895809884,1883,1899,47
