test_name,machine,compiler,core_mean,core_std,core_min,core_max,mem_mean,mem_std,mem_min,mem_max,n_hashes
cpld_debug_noaero_p8_intel,derecho,intel,373.05,10.41494371715848,355,391,1897.6,1.7888543819998524,1895,1900,20
cpld_debug_noaero_p8_intel,gaeac6,intel,235.15217391304347,9.816012748575323,225,290,141809.97826086957,934031.0041719765,1937,6338984,46
cpld_debug_noaero_p8_intel,hera,intel,394.05263157894734,5.632662317192137,385,406,2117.842105263158,16.950685732424816,2063,2139,38
cpld_debug_noaero_p8_intel,hercules,intel,355.5869565217391,53.69774507450901,305,621,2072.195652173913,5.479738701058898,2060,2084,46
cpld_debug_noaero_p8_intel,orion,intel,434.9111111111111,29.803006424171233,399,491,2021.5777777777778,7.004832386836737,2010,2041,45
cpld_debug_noaero_p8_intel,ursa,intel,276.55102040816325,6.8740490993597145,268,300,2113.285714285714,12.563173696695118,2070,2137,49
