test_name,machine,compiler,core_mean,core_std,core_min,core_max,mem_mean,mem_std,mem_min,mem_max,n_hashes
cpld_control_qr_p8_intel,acorn,intel,492.6595744680851,5.362010475253216,483,505,3328.851063829787,68.94924999541803,3242,3388,47
cpld_control_qr_p8_intel,derecho,intel,466.2307692307692,6.339133646218199,454,476,403253.0,837389.2958805719,2075,2089616,26
cpld_control_qr_p8_intel,gaeac6,intel,304.2173913043478,4.200069012545474,299,319,183590.41304347827,594643.0662795427,2073,2096036,46
cpld_control_qr_p8_intel,hera,intel,689.75,95.54602322018167,520,863,2550.5,465.31357534919954,2263,3414,48
cpld_control_qr_p8_intel,hercules,intel,589.530612244898,144.21744318343517,494,1468,1351743.8163265307,1132284.4672837055,2279,2290512,49
cpld_control_qr_p8_intel,orion,intel,1017.5,100.47313603063154,929,1489,139877.5,538845.0391659016,2198,2218524,48
cpld_control_qr_p8_intel,ursa,intel,430.5405405405405,15.607324837671214,411,497,66030.54054054055,387268.1094339335,2331,2358024,37
cpld_control_qr_p8_intel,wcoss2,intel,545.0425531914893,76.87764345311784,495,952,3344.3829787234044,76.84641746946201,3232,3411,47
