test_name,machine,compiler,core_mean,core_std,core_min,core_max,mem_mean,mem_std,mem_min,mem_max,n_hashes
cpld_regional_atm_fbh_intel,derecho,intel,500.79545454545456,21.666155737457125,448,526,774.75,1.6156933856023674,772,778,44
cpld_regional_atm_fbh_intel,gaeac6,intel,371.5,11.805155743473245,360,390,138125.91666666666,913874.8872786626,783,6337728,48
cpld_regional_atm_fbh_intel,hera,intel,690.8125,15.47996016360078,665,724,1178.0,4.774934554525328,1167,1187,16
cpld_regional_atm_fbh_intel,hercules,intel,574.4583333333334,26.482397472406557,504,651,23547.020833333332,155647.6840752161,1075,1079440,48
cpld_regional_atm_fbh_intel,orion,intel,826.936170212766,38.40199511082896,726,867,23943.68085106383,156713.1581279613,1073,1075456,47
cpld_regional_atm_fbh_intel,ursa,intel,837.58,546.8199752259627,360,1785,1134.02,4.433131293028057,1124,1150,50
