test_name,machine,compiler,core_mean,core_std,core_min,core_max,mem_mean,mem_std,mem_min,mem_max,n_hashes
cpld_control_nowave_noaero_p8_intel,acorn,intel,435.10714285714283,5.1950067601587655,424,445,1983.9642857142858,6.460605079202622,1968,1989,28
cpld_control_nowave_noaero_p8_intel,derecho,intel,439.7826086956522,14.343058256805023,414,478,1932.5652173913043,0.6623708763718356,1931,1934,23
cpld_control_nowave_noaero_p8_intel,gaeac6,intel,277.64285714285717,6.640026136239747,268,307,232199.92857142858,1196913.4041884546,1824,6339472,28
cpld_control_nowave_noaero_p8_intel,hera,intel,367.6470588235294,5.819591657395175,358,380,2190.470588235294,9.63793058090554,2171,2208,17
cpld_control_nowave_noaero_p8_intel,hercules,intel,370.5,30.639480703461338,347,449,2170.4285714285716,7.99272155674131,2155,2183,28
cpld_control_nowave_noaero_p8_intel,orion,intel,429.2962962962963,109.99958559880503,387,959,2099.703703703704,6.52105946332492,2084,2108,27
cpld_control_nowave_noaero_p8_intel,ursa,intel,355.3333333333333,269.32794179194457,287,1754,2999.4666666666667,10.685902196217492,2978,3027,30
cpld_control_nowave_noaero_p8_intel,wcoss2,intel,449.4642857142857,22.34325176582181,433,557,1949.5,47.86129651089394,1881,1993,28
