test_name,machine,compiler,core_mean,core_std,core_min,core_max,mem_mean,mem_std,mem_min,mem_max,n_hashes
cpld_control_gfsv17_iau_intel,acorn,intel,850.2888888888889,9.778506630318988,831,877,1943.2,3.5522080201167374,1935,1950,45
cpld_control_gfsv17_iau_intel,derecho,intel,845.3695652173913,44.627026537565115,820,1125,1887.9782608695652,5.109855968549789,1874,1897,46
cpld_control_gfsv17_iau_intel,gaeac6,intel,566.6458333333334,7.842843555462584,558,611,6338.729166666667,0.643778187429363,6338,6340,48
cpld_control_gfsv17_iau_intel,hera,intel,1114.3,40.47784030251063,1081,1221,2249.9,4.93175650475795,2247,2263,10
cpld_control_gfsv17_iau_intel,hercules,intel,1005.6458333333334,114.8220620774436,942,1757,50991.229166666664,337141.22377836873,2312,2338112,48
cpld_control_gfsv17_iau_intel,orion,intel,1481.276595744681,46.50652227640842,1305,1561,47572.40425531915,311498.8276031158,2113,2137664,47
cpld_control_gfsv17_iau_intel,ursa,intel,607.1,23.60927697291202,519,643,2629.98,59.5381853116476,2529,2850,50
cpld_control_gfsv17_iau_intel,wcoss2,intel,889.2857142857143,17.961764946686035,856,936,1868.0,43.71546255807733,1828,1955,49
