test_name,machine,compiler,core_mean,core_std,core_min,core_max,mem_mean,mem_std,mem_min,mem_max,n_hashes
cpld_debug_p8_gnu,derecho,gnu,415.625,10.320691191323707,399,433,1666.8125,8.479141072852444,1651,1678,16
cpld_debug_p8_gnu,hera,gnu,414.54761904761904,5.361117379674927,403,426,1686.5714285714287,6.057218459853073,1676,1698,42
cpld_debug_p8_gnu,hercules,gnu,373.19565217391306,69.42097651773798,319,784,1719.8695652173913,13.078580785479616,1688,1742,46
cpld_debug_p8_gnu,ursa,gnu,286.2244897959184,7.089503115294363,279,322,1603.3673469387754,10.564669653991075,1581,1625,49
