test_name,machine,compiler,core_mean,core_std,core_min,core_max,mem_mean,mem_std,mem_min,mem_max,n_hashes
cpld_debug_pdlib_p8_gnu,derecho,gnu,531.4,6.1886993787063185,525,538,1591.0,7.348469228349534,1582,1597,5
cpld_debug_pdlib_p8_gnu,hera,gnu,656.75,8.750683863853526,636,674,1542.5833333333333,8.454718771404893,1527,1558,48
cpld_debug_pdlib_p8_gnu,hercules,gnu,563.0434782608696,47.217208031601366,527,818,210112.10869565216,544339.0426660056,1574,1612684,46
cpld_debug_pdlib_p8_gnu,ursa,gnu,396.9591836734694,7.544200818270595,389,440,33768.28571428572,225365.54199409383,1549,1579132,49
