test_name,machine,compiler,core_mean,core_std,core_min,core_max,mem_mean,mem_std,mem_min,mem_max,n_hashes
cpld_restart_p8_lnd_intel,acorn,intel,293.468085106383,10.654354210592665,282,319,3186.723404255319,66.30027284607151,3110,3248,47
cpld_restart_p8_lnd_intel,derecho,intel,273.5,4.606758320361745,265,282,301496.96428571426,653356.7458265604,1592,1679956,28
cpld_restart_p8_lnd_intel,gaeac6,intel,169.41304347826087,7.138552878424833,164,191,139025.1739130435,450215.9630789207,1578,1589164,46
cpld_restart_p8_lnd_intel,hera,intel,362.0208333333333,50.78762187246999,281,501,2142.0208333333335,678.7797402154475,1717,3261,48
cpld_restart_p8_lnd_intel,hercules,intel,313.57142857142856,52.631976972179174,262,521,1184777.6326530613,951177.923066966,1910,1966664,49
cpld_restart_p8_lnd_intel,orion,intel,573.9791666666666,146.0531074473784,488,1365,112001.47916666667,431501.05825870525,1741,1783536,48
cpld_restart_p8_lnd_intel,ursa,intel,236.14285714285714,9.653231269869169,229,284,67884.11428571428,388056.53399175283,2241,2298064,35
