test_name,machine,compiler,core_mean,core_std,core_min,core_max,mem_mean,mem_std,mem_min,mem_max,n_hashes
cpld_restart_gefs_intel,acorn,intel,459.2083333333333,10.260351977151448,429,476,3944.7083333333335,73.02985642241138,3901,4142,48
cpld_restart_gefs_intel,hera,intel,315.375,22.731199854132434,293,427,2720.8958333333335,18.1333589186825,2680,2745,48
cpld_restart_gefs_intel,hercules,intel,356.6666666666667,72.01694048147324,270,612,998920.1666666666,1359362.7317821647,2807,2835652,48
cpld_restart_gefs_intel,orion,intel,436.6595744680851,86.4986244162411,350,954,60847.255319148935,398422.1416147576,2703,2734176,47
cpld_restart_gefs_intel,ursa,intel,361.42857142857144,24.683834116009347,322,411,2960.4489795918366,13.258741180333551,2937,2991,49
cpld_restart_gefs_intel,wcoss2,intel,522.6458333333334,92.64447936459887,447,947,3938.9583333333335,74.56767833640968,3895,4136,48
