test_name,machine,compiler,core_mean,core_std,core_min,core_max,mem_mean,mem_std,mem_min,mem_max,n_hashes
cpld_control_pdlib_p8_intel,acorn,intel,794.4883720930233,28.207878073014637,780,918,1921.9302325581396,2.971253934726684,1916,1928,43
cpld_control_pdlib_p8_intel,derecho,intel,778.2608695652174,15.407251513799816,764,818,1879.3478260869565,4.858064482263903,1874,1892,23
cpld_control_pdlib_p8_intel,gaeac6,intel,525.9302325581396,19.96472525998129,510,613,151883.0,966131.243307973,1912,6339880,43
cpld_control_pdlib_p8_intel,hera,intel,923.71875,40.323877801716186,893,1058,2122.03125,10.167894998950105,2096,2138,32
cpld_control_pdlib_p8_intel,hercules,intel,767.953488372093,42.800174392375084,729,953,2090.9302325581393,5.17501023158494,2082,2103,43
cpld_control_pdlib_p8_intel,orion,intel,1223.7142857142858,44.09152659831636,1074,1305,2019.7857142857142,7.949645533701437,2001,2039,42
cpld_control_pdlib_p8_intel,ursa,intel,500.8222222222222,34.385705862709386,485,654,2163.311111111111,10.128318136928154,2149,2185,45
cpld_control_pdlib_p8_intel,wcoss2,intel,838.8372093023256,83.34664566980203,790,1191,1902.2093023255813,38.27815374679874,1830,1928,43
