test_name,machine,compiler,core_mean,core_std,core_min,core_max,mem_mean,mem_std,mem_min,mem_max,n_hashes
cpld_control_qr_p8_intel,acorn,intel,492.0833333333333,5.678752235337847,482,505,3302.8958333333335,69.94321088016292,3239,3387,48
cpld_control_qr_p8_intel,derecho,intel,467.48571428571427,6.127908330270783,454,480,300395.0,739639.2788564531,2075,2089616,35
cpld_control_qr_p8_intel,gaeac6,intel,305.3404255319149,4.815177976505224,299,319,179729.10638297873,588739.4728974199,2075,2096036,47
cpld_control_qr_p8_intel,hera,intel,659.6122448979592,107.50480925803019,520,863,2743.9591836734694,541.1823845057412,2263,3414,49
cpld_control_qr_p8_intel,hercules,intel,568.68,66.62304559296004,494,909,1735168.72,983696.8194134015,2280,2294104,50
cpld_control_qr_p8_intel,orion,intel,1038.469387755102,113.72941243012153,929,1489,137066.67346938775,533565.4332270077,2195,2218524,49
cpld_control_qr_p8_intel,ursa,intel,431.32142857142856,16.44081094563964,418,497,86493.85714285714,445178.06335315737,2331,2358024,28
cpld_control_qr_p8_intel,wcoss2,intel,534.8333333333334,69.12533585262058,495,952,3314.3958333333335,78.76891588646576,3232,3411,48
