test_name,machine,compiler,core_mean,core_std,core_min,core_max,mem_mean,mem_std,mem_min,mem_max,n_hashes
cpld_restart_qr_p8_intel,acorn,intel,286.22727272727275,6.298259768375433,275,298,3255.0227272727275,3.669412451311847,3250,3264,44
cpld_restart_qr_p8_intel,derecho,intel,301.82608695652175,14.919944473187693,274,333,1390.0,2.8603877677368246,1385,1395,23
cpld_restart_qr_p8_intel,gaeac6,intel,172.5,16.681001587239546,162,278,148267.88636363635,955027.4841979671,1440,6339208,44
cpld_restart_qr_p8_intel,hera,intel,363.1212121212121,7.236010536535197,348,380,1882.0,7.917543811056554,1849,1893,33
cpld_restart_qr_p8_intel,hercules,intel,283.97727272727275,28.098240147129328,259,407,1834.1136363636363,4.885745326925757,1824,1845,44
cpld_restart_qr_p8_intel,orion,intel,520.5581395348837,26.119051909415347,482,588,1765.4418604651162,5.133003973268521,1753,1779,43
cpld_restart_qr_p8_intel,ursa,intel,223.17391304347825,7.25504988213524,213,241,1991.0217391304348,12.444524240599922,1955,2010,46
cpld_restart_qr_p8_intel,wcoss2,intel,324.6136363636364,61.752776383904454,281,661,2838.25,837.6839089987039,1307,3294,44
