test_name,machine,compiler,core_mean,core_std,core_min,core_max,mem_mean,mem_std,mem_min,mem_max,n_hashes
cpld_control_c192_p8_intel,gaeac6,intel,324.3191489361702,16.012368022710678,307,424,139735.1914893617,923964.2501147276,2370,6339328,47
cpld_control_c192_p8_intel,hera,intel,847.3225806451613,33.813594008696356,772,973,2652.1612903225805,13.682340867443067,2611,2678,31
cpld_control_c192_p8_intel,hercules,intel,906.4468085106383,63.76035585474255,853,1254,2930.148936170213,6.524131537754608,2916,2941,47
cpld_control_c192_p8_intel,orion,intel,993.804347826087,47.98593292261914,900,1224,2666.586956521739,12.674692346836554,2641,2725,46
cpld_control_c192_p8_intel,ursa,intel,1121.469387755102,99.26628792479019,1040,1380,3584.469387755102,14.876018229598351,3562,3617,49
