test_name,machine,compiler,core_mean,core_std,core_min,core_max,mem_mean,mem_std,mem_min,mem_max,n_hashes
cpld_decomp_p8_intel,acorn,intel,487.9148936170213,10.165649292195509,467,507,3352.340425531915,6.643979280864013,3343,3364,47
cpld_decomp_p8_intel,derecho,intel,481.4166666666667,8.617723105040653,468,495,2013.1666666666667,2.4802248187441593,2008,2016,12
cpld_decomp_p8_intel,gaeac6,intel,297.95652173913044,9.82503948929386,285,342,141129.80434782608,934225.8903988578,2034,6339600,46
cpld_decomp_p8_intel,hera,intel,702.6170212765958,40.95891535985859,653,839,2258.68085106383,14.387655310956694,2216,2282,47
cpld_decomp_p8_intel,hercules,intel,552.804347826087,76.9102274849544,476,849,2243.195652173913,7.101234838525039,2229,2257,46
cpld_decomp_p8_intel,orion,intel,985.4782608695652,32.5185342914432,928,1073,2175.0652173913045,6.577409736407224,2157,2191,46
cpld_decomp_p8_intel,ursa,intel,409.9183673469388,16.504843651049132,382,450,2458.1428571428573,20.22683860616876,2424,2496,49
cpld_decomp_p8_intel,wcoss2,intel,546.4468085106383,71.44131325495752,484,852,3367.9148936170213,4.437144534367949,3359,3374,47
