test_name,machine,compiler,core_mean,core_std,core_min,core_max,mem_mean,mem_std,mem_min,mem_max,n_hashes
cpld_control_p8_mixedmode_intel,acorn,intel,391.1666666666667,8.011516533286366,373,407,3307.8541666666665,49.19349099970049,3197,3337,48
cpld_control_p8_mixedmode_intel,derecho,intel,356.9375,4.864411577981453,343,364,635323.5625,970140.2298693366,2021,2033072,16
cpld_control_p8_mixedmode_intel,gaeac6,intel,241.7872340425532,24.878781049942734,224,396,174807.0,572628.3051152588,2007,2035284,47
cpld_control_p8_mixedmode_intel,hera,intel,705.5833333333334,33.28716661106659,662,820,2209.7083333333335,7.660227021060378,2189,2223,48
cpld_control_p8_mixedmode_intel,hercules,intel,540.1875,86.12080981376525,460,946,810528.0833333334,1054648.4061714765,2144,2168036,48
cpld_control_p8_mixedmode_intel,orion,intel,1000.5625,113.87355926640741,926,1722,89756.10416666667,424804.38968788367,2087,2107676,48
cpld_control_p8_mixedmode_intel,ursa,intel,406.51020408163265,21.282937658466,371,494,46955.91836734694,313331.0958036135,2169,2195512,49
cpld_control_p8_mixedmode_intel,wcoss2,intel,443.5,67.82455464480367,389,855,3324.5833333333335,51.46237350263574,3204,3353,48
