test_name,machine,compiler,core_mean,core_std,core_min,core_max,mem_mean,mem_std,mem_min,mem_max,n_hashes
cpld_control_p8_lnd_intel,acorn,intel,501.0625,9.10320553782185,484,524,3318.8125,64.61527921870082,3227,3369,48
cpld_control_p8_lnd_intel,derecho,intel,470.125,5.951342559529713,457,479,431829.5416666667,854937.1978011513,2055,2072240,24
cpld_control_p8_lnd_intel,gaeac6,intel,303.6808510638298,4.943622958478617,295,316,177699.40425531915,582066.1962458901,2053,2075204,47
cpld_control_p8_lnd_intel,hera,intel,741.3541666666666,89.48849672499419,559,929,2318.3541666666665,455.8638509693077,2062,3336,48
cpld_control_p8_lnd_intel,hercules,intel,574.6326530612245,79.26345676433303,497,1065,1137812.387755102,1124181.8640225807,2221,2240788,49
cpld_control_p8_lnd_intel,orion,intel,1085.3061224489795,109.68557412015507,996,1540,133386.3673469388,519217.27306798444,2137,2152476,49
cpld_control_p8_lnd_intel,ursa,intel,459.0,14.156632947500492,435,503,65505.05,398399.4625497707,2459,2522212,40
