test_name,machine,compiler,core_mean,core_std,core_min,core_max,mem_mean,mem_std,mem_min,mem_max,n_hashes
cpld_decomp_p8_intel,acorn,intel,483.1875,9.117801736747639,467,507,3334.5208333333335,49.845714975496776,3220,3364,48
cpld_decomp_p8_intel,derecho,intel,446.875,14.108508071373125,413,470,640659.5,978278.5627484637,2045,2047592,16
cpld_decomp_p8_intel,gaeac6,intel,294.8085106382979,8.232064292520356,285,342,177841.97872340426,582582.123542569,2034,2074984,47
cpld_decomp_p8_intel,hera,intel,719.5833333333334,44.1751029009787,665,839,2259.2916666666665,14.485441456317389,2216,2274,48
cpld_decomp_p8_intel,hercules,intel,566.7291666666666,70.09165415560902,482,849,842270.7083333334,1095945.4343781038,2231,2248780,48
cpld_decomp_p8_intel,orion,intel,1001.5,106.84528484503664,928,1681,93069.35416666667,440519.37163590087,2168,2189268,48
cpld_decomp_p8_intel,ursa,intel,421.7551020408163,20.012007449950406,387,492,53092.510204081635,354455.42611337383,2414,2483644,49
cpld_decomp_p8_intel,wcoss2,intel,543.9375,71.17685682023698,484,852,3347.4791666666665,50.621242527574,3228,3376,48
