test_name,machine,compiler,core_mean,core_std,core_min,core_max,mem_mean,mem_std,mem_min,mem_max,n_hashes
cpld_restart_c192_p8_intel,hera,intel,526.0,18.005554698481244,484,572,2815.7419354838707,11.108458464717966,2789,2842,31
cpld_restart_c192_p8_intel,hercules,intel,339.48936170212767,26.33964802876779,311,406,2956.68085106383,8.567142446272861,2938,2975,47
cpld_restart_c192_p8_intel,orion,intel,544.804347826087,30.04634905920249,503,618,2833.4347826086955,16.329458280343292,2814,2872,46
cpld_restart_c192_p8_intel,ursa,intel,760.204081632653,70.88105635259579,699,925,3471.8367346938776,14.721507705246868,3436,3504,49
