test_name,machine,compiler,core_mean,core_std,core_min,core_max,mem_mean,mem_std,mem_min,mem_max,n_hashes
cpld_control_p8_faster_intel,acorn,intel,495.8,7.656515018088979,477,503,3358.3,1.636391694484501,3356,3361,10
cpld_control_p8_faster_intel,gaeac6,intel,305.4,7.275529763071101,294,323,2043.1,3.6347092196090838,2035,2049,10
cpld_control_p8_faster_intel,hera,intel,682.8,11.38029486046434,664,699,2277.4,6.113736809658904,2268,2285,10
cpld_control_p8_faster_intel,hercules,intel,515.7,20.380001090393574,484,549,2249.1,4.886489310105755,2243,2261,10
cpld_control_p8_faster_intel,orion,intel,972.5,31.472209963712423,935,1029,2185.1,5.195083145522137,2177,2192,10
cpld_control_p8_faster_intel,ursa,intel,400.3,11.116054455905951,390,429,2491.3,18.43336347194643,2464,2521,10
cpld_control_p8_faster_intel,wcoss2,intel,542.5,23.528941988774402,512,585,3372.1,2.726414006223743,3369,3379,10
