test_name,machine,compiler,core_mean,core_std,core_min,core_max,mem_mean,mem_std,mem_min,mem_max,n_hashes
cpld_mpi_pdlib_p8_intel,acorn,intel,915.3448275862069,5.94784391949215,907,938,1890.1724137931035,1.3111871806344273,1887,1893,29
cpld_mpi_pdlib_p8_intel,derecho,intel,875.695652173913,14.946677291469705,861,909,1838.1739130434783,1.3021720984235914,1835,1840,23
cpld_mpi_pdlib_p8_intel,gaeac6,intel,618.0344827586207,38.20665869286277,594,789,224272.4827586207,1176173.0166335655,1896,6339744,29
cpld_mpi_pdlib_p8_intel,hera,intel,1074.888888888889,12.009255689767887,1065,1110,1932.611111111111,7.468670949481862,1907,1939,18
cpld_mpi_pdlib_p8_intel,hercules,intel,803.8965517241379,14.996058595478193,783,841,1994.2413793103449,4.867201985988894,1985,2005,29
cpld_mpi_pdlib_p8_intel,orion,intel,1411.9285714285713,38.76704267652611,1368,1508,1931.5714285714287,5.493623046760193,1916,1937,28
cpld_mpi_pdlib_p8_intel,ursa,intel,707.1935483870968,8.31632673255328,696,733,2099.548387096774,9.465159655907966,2087,2128,31
cpld_mpi_pdlib_p8_intel,wcoss2,intel,946.448275862069,76.76940713540245,912,1343,1862.1724137931035,42.14860526883863,1800,1895,29
