test_name,machine,compiler,core_mean,core_std,core_min,core_max,mem_mean,mem_std,mem_min,mem_max,n_hashes
cpld_control_c24_5deg_intel,acorn,intel,81.8,3.7224199462728893,75,90,2114.2,2.971661022184288,2109,2121,40
cpld_control_c24_5deg_intel,derecho,intel,73.44444444444444,14.449736045854676,54,95,392005.5925925926,833429.7229635483,2103,2108856,27
cpld_control_c24_5deg_intel,gaeac6,intel,45.69230769230769,3.2699094318203503,43,61,217256.89743589744,644770.7798435362,2092,2102480,39
cpld_control_c24_5deg_intel,hera,intel,81.95121951219512,26.404498877570276,67,197,2253.4634146341464,12.383653663147351,2218,2266,41
cpld_control_c24_5deg_intel,hercules,intel,93.0952380952381,40.675880984243804,56,261,1598899.6904761905,1022085.76206041,2224,2249256,42
cpld_control_c24_5deg_intel,orion,intel,125.82926829268293,44.98049712876926,82,294,165764.1463414634,589220.7678527447,2224,2241228,41
cpld_control_c24_5deg_intel,ursa,intel,62.964285714285715,30.685359209911002,51,212,81128.28571428571,417587.30064173264,2208,2211876,28
cpld_control_c24_5deg_intel,wcoss2,intel,116.2,48.44727506824776,82,349,2109.975,2.52665279747225,2104,2118,40
