test_name,machine,compiler,core_mean,core_std,core_min,core_max,mem_mean,mem_std,mem_min,mem_max,n_hashes
cpld_control_c48_5deg_intel,acorn,intel,360.67391304347825,6.626728194972865,348,374,2887.2608695652175,2.185149703579624,2882,2894,46
cpld_control_c48_5deg_intel,derecho,intel,306.6842105263158,1.6004385363930305,304,309,2850.842105263158,1.0678721258619064,2849,2852,19
cpld_control_c48_5deg_intel,gaeac6,intel,242.82608695652175,6.461180999119408,235,257,142182.47826086957,933920.8410250896,2846,6338632,46
cpld_control_c48_5deg_intel,hera,intel,435.56410256410254,22.74781061968831,411,499,3085.8205128205127,6.78958875923765,3059,3097,39
cpld_control_c48_5deg_intel,hercules,intel,347.80434782608694,40.41705886557055,309,447,3049.3695652173915,6.248052836780965,3036,3062,46
cpld_control_c48_5deg_intel,orion,intel,482.9555555555556,31.393366088131312,448,554,3047.8444444444444,5.464578315077614,3029,3058,45
cpld_control_c48_5deg_intel,ursa,intel,382.6938775510204,282.7254413208476,237,1412,3030.8367346938776,3.949403640506573,3015,3038,49
cpld_control_c48_5deg_intel,wcoss2,intel,388.1304347826087,25.28206100569437,361,481,2887.478260869565,4.188551223592636,2878,2897,46
