test_name,machine,compiler,core_mean,core_std,core_min,core_max,mem_mean,mem_std,mem_min,mem_max,n_hashes
cpld_control_p8_intel,acorn,intel,490.0204081632653,8.091893566811054,469,509,3322.5714285714284,65.03492651388692,3219,3371,49
cpld_control_p8_intel,derecho,intel,465.90909090909093,8.901091912200274,451,488,468227.1818181818,879166.9696425911,2046,2064424,22
cpld_control_p8_intel,gaeac6,intel,304.375,12.85206333297863,291,377,173835.375,575732.0056936444,2047,2064400,48
cpld_control_p8_intel,hera,intel,747.1836734693877,77.85019628250457,566,891,2416.7551020408164,365.9082609646534,2237,3395,49
cpld_control_p8_intel,hercules,intel,585.5714285714286,53.591821515351924,503,830,1062473.163265306,1138923.2108982801,2253,2273760,49
cpld_control_p8_intel,orion,intel,1083.3061224489795,115.1524721260238,987,1646,135799.67346938775,528626.149992971,2175,2199572,49
cpld_control_p8_intel,ursa,intel,454.4186046511628,16.938590145046977,427,529,59614.72093023256,374517.9971770271,2459,2458380,43
cpld_control_p8_intel,wcoss2,intel,549.5714285714286,91.96625286846619,481,1030,3335.183673469388,68.03206151924157,3218,3385,49
