test_name,machine,compiler,core_mean,core_std,core_min,core_max,mem_mean,mem_std,mem_min,mem_max,n_hashes
cpld_warmstart_c24_9deg_intel,acorn,intel,55.326530612244895,5.165541900832059,45,70,2111.3673469387754,2.774090523269427,2107,2118,49
cpld_warmstart_c24_9deg_intel,derecho,intel,46.72727272727273,15.235240533465628,29,70,479719.7727272727,901399.4383989255,2102,2106272,22
cpld_warmstart_c24_9deg_intel,gaeac6,intel,25.479166666666668,2.967838839271183,23,41,176695.83333333334,585225.0286504396,2078,2100052,48
cpld_warmstart_c24_9deg_intel,hera,intel,48.06122448979592,22.360128356877883,34,153,2256.4897959183672,8.946885978231819,2231,2270,49
cpld_warmstart_c24_9deg_intel,hercules,intel,58.42857142857143,37.521105172067266,28,163,1006456.775510204,1124032.648373337,2224,2247400,49
cpld_warmstart_c24_9deg_intel,orion,intel,81.38775510204081,44.939689365549796,44,254,138933.10204081633,540823.1643271612,2211,2243888,49
cpld_warmstart_c24_9deg_intel,ursa,intel,62.70454545454545,171.69220425550532,30,1173,52350.34090909091,332589.53877477266,2208,2208360,44
cpld_warmstart_c24_9deg_intel,wcoss2,intel,97.91836734693878,48.539861941284016,63,350,2110.1020408163267,1.3423377921742208,2107,2114,49
