test_name,machine,compiler,core_mean,core_std,core_min,core_max,mem_mean,mem_std,mem_min,mem_max,n_hashes
cpld_restart_qr_p8_intel,acorn,intel,282.4583333333333,5.768433296401674,272,293,3245.9583333333335,44.01738454115577,3130,3269,48
cpld_restart_qr_p8_intel,derecho,intel,270.6666666666667,7.016986193380696,259,284,479738.26666666666,700162.042876552,1431,1439420,15
cpld_restart_qr_p8_intel,gaeac6,intel,168.7659574468085,16.41077690177674,162,278,125246.36170212766,410261.85773152596,1440,1461424,47
cpld_restart_qr_p8_intel,hera,intel,380.6458333333333,25.4135912567936,353,503,1881.6458333333333,8.55890623190387,1862,1894,48
cpld_restart_qr_p8_intel,hercules,intel,309.4791666666667,74.23567691447526,263,638,647148.5,880702.1521485364,1826,1846512,48
cpld_restart_qr_p8_intel,orion,intel,539.4375,111.85341970632817,482,1215,75238.5,356090.73294955766,1746,1766944,48
cpld_restart_qr_p8_intel,ursa,intel,229.28571428571428,10.878112581387155,213,279,42478.4693877551,283374.2234754176,1960,1985616,49
cpld_restart_qr_p8_intel,wcoss2,intel,352.5208333333333,72.43896611670226,281,596,3271.5,43.95258567176762,3155,3296,48
