test_name,machine,compiler,core_mean,core_std,core_min,core_max,mem_mean,mem_std,mem_min,mem_max,n_hashes
cpld_control_c48_5deg_intel,acorn,intel,365.73333333333335,6.231882832368062,352,375,2885.4222222222224,5.66283292775605,2874,2895,45
cpld_control_c48_5deg_intel,derecho,intel,335.6296296296296,14.536818369887131,317,358,535137.4444444445,1137739.383339657,2876,2878824,27
cpld_control_c48_5deg_intel,gaeac6,intel,254.5681818181818,3.87837011602438,248,271,263815.54545454547,834723.8034847621,2858,2876176,44
cpld_control_c48_5deg_intel,hera,intel,476.9347826086956,25.03100492847757,463,593,3074.021739130435,25.55385522593826,3012,3097,46
cpld_control_c48_5deg_intel,hercules,intel,405.3191489361702,54.8563762624843,352,693,1944132.319148936,1477029.2684529207,3033,3063856,47
cpld_control_c48_5deg_intel,orion,intel,544.3913043478261,50.937643037942685,491,729,201105.04347826086,758134.9412115954,3013,3052736,46
cpld_control_c48_5deg_intel,ursa,intel,363.52941176470586,267.0796312184152,255,1347,92180.85294117648,519820.3759437008,3028,3034080,34
cpld_control_c48_5deg_intel,wcoss2,intel,407.3333333333333,41.54406204151311,358,524,2883.8,5.358086496977326,2870,2898,45
