test_name,machine,compiler,core_mean,core_std,core_min,core_max,mem_mean,mem_std,mem_min,mem_max,n_hashes
cpld_restart_gefs_intel,acorn,intel,464.8695652173913,11.40099156633542,429,487,3910.021739130435,9.492661798427319,3891,3927,46
cpld_restart_gefs_intel,hera,intel,319.0243902439024,22.61027178615734,293,380,2726.682926829268,14.132301695743362,2680,2745,41
cpld_restart_gefs_intel,hercules,intel,340.04347826086956,60.43801471911866,270,612,2814.6739130434785,14.198676538992325,2774,2830,46
cpld_restart_gefs_intel,orion,intel,411.26666666666665,29.746199146048284,350,500,2730.777777777778,11.155693387212352,2698,2760,45
cpld_restart_gefs_intel,ursa,intel,374.6938775510204,26.404074876200966,327,445,2957.6938775510203,18.885845759934146,2904,2983,49
cpld_restart_gefs_intel,wcoss2,intel,501.80434782608694,75.8424154459517,404,798,3794.521739130435,381.2639645023108,2565,3925,46
