test_name,machine,compiler,core_mean,core_std,core_min,core_max,mem_mean,mem_std,mem_min,mem_max,n_hashes
cpld_mpi_gfsv17_intel,acorn,intel,917.9111111111112,7.207389586144495,898,932,1874.0444444444445,1.5367550753507153,1871,1877,45
cpld_mpi_gfsv17_intel,derecho,intel,870.6136363636364,27.623899249113215,850,1032,1829.5454545454545,2.327335490696973,1819,1833,44
cpld_mpi_gfsv17_intel,gaeac6,intel,609.7083333333334,19.63925544947997,598,721,138263.20833333334,914000.5270897023,6338,6338720,48
cpld_mpi_gfsv17_intel,hera,intel,1251.2666666666667,32.243419409828284,1217,1353,1871.0666666666666,7.106000147427391,1858,1882,15
cpld_mpi_gfsv17_intel,hercules,intel,968.0212765957447,47.44309605782776,930,1181,42876.78723404255,280767.5534956875,1916,1926768,47
cpld_mpi_gfsv17_intel,orion,intel,1637.4130434782608,34.838405427826714,1588,1725,42809.065217391304,277628.03648714366,1855,1884840,46
cpld_mpi_gfsv17_intel,ursa,intel,1012.44,59.94560799897977,617,1057,1998.56,12.597635022624882,1977,2039,50
cpld_mpi_gfsv17_intel,wcoss2,intel,967.75,30.427800837881662,918,1027,1822.3333333333333,38.73605903423253,1787,1880,48
