test_name,machine,compiler,core_mean,core_std,core_min,core_max,mem_mean,mem_std,mem_min,mem_max,n_hashes
cpld_restart_c12_9deg_intel,acorn,intel,44.775510204081634,4.883071549250741,33,56,1395.857142857143,2.2360679774999075,1390,1402,49
cpld_restart_c12_9deg_intel,derecho,intel,35.36363636363637,15.734540272145152,18,63,316279.36363636365,594295.0588542094,1384,1387872,22
cpld_restart_c12_9deg_intel,gaeac6,intel,16.9375,1.8726048531845187,15,26,116196.6875,384849.7714524823,1364,1381564,48
cpld_restart_c12_9deg_intel,hera,intel,35.04081632653061,21.797323214553845,22,145,1531.8163265306123,6.3596169610408,1510,1539,49
cpld_restart_c12_9deg_intel,hercules,intel,42.183673469387756,33.079873960226784,17,132,677510.3469387755,756657.7202957136,1496,1512792,49
cpld_restart_c12_9deg_intel,orion,intel,50.69387755102041,36.633434228875686,29,212,93641.08163265306,364523.4856448345,1492,1508952,49
cpld_restart_c12_9deg_intel,ursa,intel,30.09090909090909,21.93523043047542,22,143,35320.27272727273,224412.9725145309,1486,1490076,44
cpld_restart_c12_9deg_intel,wcoss2,intel,75.26530612244898,18.96463321356808,47,127,1394.8367346938776,2.003610686314305,1390,1399,49
