test_name,machine,compiler,core_mean,core_std,core_min,core_max,mem_mean,mem_std,mem_min,mem_max,n_hashes
cpld_debug_p8_intel,derecho,intel,751.0,23.021728866442608,716,785,211710.2,662936.3059471434,2014,2098460,10
cpld_debug_p8_intel,gaeac6,intel,504.19565217391306,7.993384946225904,488,519,140393.80434782608,934214.0511722286,2066,6338792,46
cpld_debug_p8_intel,hera,intel,803.375,20.345552078075986,778,909,2295.7708333333335,17.824486603967983,2240,2323,48
cpld_debug_p8_intel,hercules,intel,753.5,141.68741024601377,635,1403,350758.8695652174,831619.7651476067,2274,2297116,46
cpld_debug_p8_intel,orion,intel,861.3260869565217,37.54408037247006,794,1011,98644.45652173914,457304.51108568814,2195,2223112,46
cpld_debug_p8_intel,ursa,intel,545.8571428571429,8.423676948538171,532,574,51287.102040816324,342325.79803579446,2335,2398664,49
