test_name,machine,compiler,core_mean,core_std,core_min,core_max,mem_mean,mem_std,mem_min,mem_max,n_hashes
cpld_debug_p8_gnu,hera,gnu,420.84090909090907,17.00607713787782,408,495,1692.0227272727273,9.571004264003056,1664,1710,44
cpld_debug_p8_gnu,hercules,gnu,402.26666666666665,156.0951632818903,319,1393,1079569.2222222222,849368.9513456685,1716,1750220,45
cpld_debug_p8_gnu,ursa,gnu,291.54545454545456,20.148031710769725,278,369,50423.90909090909,280394.27343958046,1591,1612356,33
