test_name,machine,compiler,core_mean,core_std,core_min,core_max,mem_mean,mem_std,mem_min,mem_max,n_hashes
cpld_debug_p8_gnu,hera,gnu,415.0833333333333,4.885207081276115,403,428,1690.5625,7.7840706137051985,1664,1708,48
cpld_debug_p8_gnu,hercules,gnu,385.9791666666667,70.39115321085889,319,784,577970.9166666666,823574.0961712755,1688,1743272,48
cpld_debug_p8_gnu,ursa,gnu,288.16326530612247,12.164406648729166,278,350,34482.0,230106.6252617106,1581,1612356,49
