test_name,machine,compiler,core_mean,core_std,core_min,core_max,mem_mean,mem_std,mem_min,mem_max,n_hashes
cpld_restart_c12_9deg_intel,acorn,intel,44.541666666666664,4.7800931769309525,33,56,1396.0625,2.0670283943330228,1390,1402,48
cpld_restart_c12_9deg_intel,derecho,intel,33.77777777777778,17.04856576874553,18,63,386254.22222222225,638572.2748707423,1384,1387872,18
cpld_restart_c12_9deg_intel,gaeac6,intel,16.872340425531913,1.7522286588500557,15,26,118639.08510638298,388634.2183234283,1364,1381564,47
cpld_restart_c12_9deg_intel,hera,intel,35.5,21.880721136352168,22,145,1533.2916666666667,3.809050439181216,1513,1539,48
cpld_restart_c12_9deg_intel,hercules,intel,39.708333333333336,31.56752865284559,17,132,597661.9375,744312.5251791552,1496,1512792,48
cpld_restart_c12_9deg_intel,orion,intel,45.020833333333336,32.98967574368925,29,212,64309.75,304385.6629312661,1495,1508952,48
cpld_restart_c12_9deg_intel,ursa,intel,29.659574468085108,21.27590655683057,22,143,33160.70212765958,217132.78400974456,1485,1490076,47
cpld_restart_c12_9deg_intel,wcoss2,intel,77.14583333333333,19.019575115881334,47,127,1395.25,1.6045149064767918,1393,1399,48
