test_name,machine,compiler,core_mean,core_std,core_min,core_max,mem_mean,mem_std,mem_min,mem_max,n_hashes
cpld_warmstart_c48_5deg_intel,acorn,intel,128.6304347826087,6.180106779559985,112,140,2898.804347826087,4.698082659588738,2888,2906,46
cpld_warmstart_c48_5deg_intel,derecho,intel,100.19354838709677,1.6816530525787121,98,105,2857.935483870968,0.997847144973016,2855,2859,31
cpld_warmstart_c48_5deg_intel,gaeac6,intel,76.19148936170212,2.9973778241216964,73,94,140079.085106383,923616.7095849181,2859,6337344,47
cpld_warmstart_c48_5deg_intel,hera,intel,130.92857142857142,1.7623337101185197,127,135,3074.964285714286,4.725675674653404,3067,3085,28
cpld_warmstart_c48_5deg_intel,hercules,intel,114.27659574468085,32.2899244802728,97,259,3034.9148936170213,4.07980065174798,3022,3044,47
cpld_warmstart_c48_5deg_intel,orion,intel,166.17391304347825,34.78269323661224,140,256,3035.478260869565,5.049704635739778,3027,3050,46
cpld_warmstart_c48_5deg_intel,ursa,intel,136.3265306122449,177.50884810753118,79,1257,3018.612244897959,2.4901165177776075,3013,3022,49
cpld_warmstart_c48_5deg_intel,wcoss2,intel,146.31914893617022,15.95388242646083,129,191,2898.446808510638,6.8803706631645545,2884,2904,47
