test_name,machine,compiler,core_mean,core_std,core_min,core_max,mem_mean,mem_std,mem_min,mem_max,n_hashes
cpld_restart_c48_5deg_intel,acorn,intel,80.87234042553192,6.412003082794412,68,97,2305.0851063829787,6.977696727350118,2292,2318,47
cpld_restart_c48_5deg_intel,derecho,intel,60.583333333333336,1.164500152881315,59,63,2267.9166666666665,1.378954368902512,2266,2270,12
cpld_restart_c48_5deg_intel,gaeac6,intel,46.28260869565217,4.031338589259904,43,70,141232.8260869565,933870.1259545272,2261,6337344,46
cpld_restart_c48_5deg_intel,hera,intel,81.06382978723404,4.007624555655556,77,95,2517.0425531914893,8.166627335390872,2498,2533,47
cpld_restart_c48_5deg_intel,hercules,intel,76.8913043478261,27.07949471124647,57,148,2477.021739130435,6.294580139329042,2463,2488,46
cpld_restart_c48_5deg_intel,orion,intel,96.1086956521739,21.57182139414448,83,171,2476.608695652174,7.246388405787897,2458,2491,46
cpld_restart_c48_5deg_intel,ursa,intel,188.48979591836735,366.4633975838617,49,1291,2460.4897959183672,9.231112358440232,2430,2475,49
cpld_restart_c48_5deg_intel,wcoss2,intel,127.55319148936171,53.53942412134392,89,393,2307.7872340425533,5.3970046854219635,2296,2321,47
