test_name,machine,compiler,core_mean,core_std,core_min,core_max,mem_mean,mem_std,mem_min,mem_max,n_hashes
cpld_s2sa_p8_intel,acorn,intel,501.0,5.009990019950141,492,511,3345.6666666666665,1.7416467303484149,3343,3349,21
cpld_s2sa_p8_intel,derecho,intel,507.7142857142857,15.537512211235303,482,552,1997.4761904761904,2.400396792595816,1992,2001,21
cpld_s2sa_p8_intel,gaeac6,intel,318.5238095238095,9.36279364089077,313,355,6338.380952380952,0.4976133515280669,6338,6339,21
cpld_s2sa_p8_intel,hera,intel,425.6666666666667,4.769696007084734,421,433,2265.4444444444443,6.559556218051437,2253,2277,9
cpld_s2sa_p8_intel,hercules,intel,447.0,45.18849411078,399,532,2244.909090909091,4.709757762541266,2235,2252,22
cpld_s2sa_p8_intel,orion,intel,482.2857142857143,26.90193832634157,457,543,2170.285714285714,8.31350020835295,2148,2180,21
cpld_s2sa_p8_intel,ursa,intel,472.3636363636364,364.5912970064067,328,1763,3133.090909090909,27.800152604769735,3093,3179,22
cpld_s2sa_p8_intel,wcoss2,intel,517.4285714285714,10.83776466145777,504,548,2684.4761904761904,707.443257021199,1950,3346,21
