test_name,machine,compiler,core_mean,core_std,core_min,core_max,mem_mean,mem_std,mem_min,mem_max,n_hashes
cpld_debug_pdlib_p8_intel,acorn,intel,1453.264705882353,28.232056595434948,1432,1564,1961.1176470588234,2.099995755873868,1958,1967,34
cpld_debug_pdlib_p8_intel,derecho,intel,1388.0869565217392,17.768493678107173,1352,1431,1895.3478260869565,1.9448929779429753,1891,1899,23
cpld_debug_pdlib_p8_intel,gaeac6,intel,975.9705882352941,9.110384664458673,961,999,191562.35294117648,1086246.7730675333,1931,6339116,34
cpld_debug_pdlib_p8_intel,hera,intel,1651.6521739130435,25.38898955283247,1604,1705,1973.391304347826,10.491291325470353,1937,1988,23
cpld_debug_pdlib_p8_intel,hercules,intel,1338.8823529411766,39.8822241149676,1280,1406,2066.0882352941176,4.614651548346459,2056,2073,34
cpld_debug_pdlib_p8_intel,orion,intel,1716.878787878788,33.455901549425484,1655,1801,1998.5151515151515,3.6152559740045533,1991,2006,33
cpld_debug_pdlib_p8_intel,ursa,intel,1164.8333333333333,13.083249923907621,1144,1212,2182.3333333333335,9.66880107798864,2166,2203,36
cpld_debug_pdlib_p8_intel,wcoss2,intel,1460.0294117647059,26.667975680884002,1429,1533,1933.8823529411766,39.64751106551127,1870,1963,34
