test_name,machine,compiler,core_mean,core_std,core_min,core_max,mem_mean,mem_std,mem_min,mem_max,n_hashes
cpld_restart_p8_lnd_intel,acorn,intel,293.4255319148936,10.676558395261914,282,319,3183.8936170212764,66.55309552221658,3110,3248,47
cpld_restart_p8_lnd_intel,derecho,intel,273.6551724137931,4.600278423786392,265,282,291209.1379310345,643971.1499997897,1592,1679956,29
cpld_restart_p8_lnd_intel,gaeac6,intel,169.52173913043478,7.123479581823539,164,191,139025.71739130435,450215.79350725014,1578,1589164,46
cpld_restart_p8_lnd_intel,hera,intel,360.1041666666667,51.971039228013474,281,501,2173.5208333333335,693.8371257028166,1717,3261,48
cpld_restart_p8_lnd_intel,hercules,intel,314.0408163265306,52.33703245300018,262,521,1224384.693877551,941252.5713925746,1910,1966664,49
cpld_restart_p8_lnd_intel,orion,intel,575.6875,146.1983724114078,488,1365,112001.91666666667,431500.94410980435,1741,1783536,48
cpld_restart_p8_lnd_intel,ursa,intel,236.35294117647058,9.716846829062675,229,284,69812.64705882352,393722.0142052144,2241,2298064,34
