test_name,machine,compiler,core_mean,core_std,core_min,core_max,mem_mean,mem_std,mem_min,mem_max,n_hashes
cpld_regional_atm_fbh_intel,derecho,intel,491.5,7.442371187255364,484,500,790.4,15.327535135609212,776,807,10
cpld_regional_atm_fbh_intel,gaeac6,intel,360.6521739130435,3.3876730217681064,358,380,139393.73913043478,934205.4595417301,783,6337728,46
cpld_regional_atm_fbh_intel,hera,intel,689.2708333333334,12.557509550037828,665,727,1182.0208333333333,4.674464735921792,1167,1190,48
cpld_regional_atm_fbh_intel,hercules,intel,585.3260869565217,28.8159325897062,569,758,141852.39130434784,367482.7544438259,1068,1085948,46
cpld_regional_atm_fbh_intel,orion,intel,846.3695652173913,85.95744649939091,808,1365,24726.782608695652,160348.93329207788,1075,1088624,46
cpld_regional_atm_fbh_intel,ursa,intel,769.6122448979592,513.4638422975262,381,1751,24301.755102040817,162152.99441802004,1128,1136208,49
