test_name,machine,compiler,core_mean,core_std,core_min,core_max,mem_mean,mem_std,mem_min,mem_max,n_hashes
cpld_restart_c24_9deg_intel,acorn,intel,47.5,4.9119914061883385,35,58,1461.7083333333333,7.142793819374895,1452,1482,48
cpld_restart_c24_9deg_intel,derecho,intel,38.65217391304348,14.729712382713739,21,59,316100.04347826086,610405.0600879326,1448,1451568,23
cpld_restart_c24_9deg_intel,gaeac6,intel,18.893617021276597,1.5774779341554845,17,25,124135.59574468085,406629.595228591,1426,1444788,47
cpld_restart_c24_9deg_intel,hera,intel,39.166666666666664,28.28903504091469,25,189,1585.4166666666667,8.534867991434087,1558,1597,48
cpld_restart_c24_9deg_intel,hercules,intel,45.51020408163265,50.37282768226818,20,340,811456.387755102,801962.4038823405,1543,1618496,49
cpld_restart_c24_9deg_intel,orion,intel,56.89795918367347,34.24619498204581,31,186,97193.24489795919,378381.1076996055,1543,1579788,49
cpld_restart_c24_9deg_intel,ursa,intel,38.170731707317074,32.24895536216979,24,135,38874.48780487805,239097.38330595783,1530,1532504,41
cpld_restart_c24_9deg_intel,wcoss2,intel,82.02083333333333,28.399497735544653,48,156,1479.6458333333333,12.365858253861944,1451,1490,48
