test_name,machine,compiler,core_mean,core_std,core_min,core_max,mem_mean,mem_std,mem_min,mem_max,n_hashes
cpld_restart_c192_p8_intel,hera,intel,519.5714285714286,14.075151512857337,484,545,2811.6428571428573,9.178630221729833,2795,2828,14
cpld_restart_c192_p8_intel,hercules,intel,341.0869565217391,42.14990501476394,300,546,63136.34782608696,408498.7872690399,2746,2773480,46
cpld_restart_c192_p8_intel,orion,intel,557.4888888888889,39.597188962568715,502,707,61336.822222222225,392817.0601350576,2625,2637876,45
cpld_restart_c192_p8_intel,ursa,intel,754.24,133.54439145765699,198,925,3375.64,148.12456974879376,3117,3491,50
