test_name,machine,compiler,core_mean,core_std,core_min,core_max,mem_mean,mem_std,mem_min,mem_max,n_hashes
cpld_restart_pdlib_p8_intel,acorn,intel,411.8936170212766,30.173580469872604,377,449,1101.2340425531916,2.799167313742558,1097,1111,47
cpld_restart_pdlib_p8_intel,derecho,intel,406.9,13.641847382227972,377,421,1068.7,26.411487399740828,1040,1102,10
cpld_restart_pdlib_p8_intel,gaeac6,intel,274.2608695652174,24.141651220898265,246,305,139792.08695652173,934354.6028622189,1080,6339116,46
cpld_restart_pdlib_p8_intel,hera,intel,447.1875,33.4451957240689,409,501,1366.4166666666667,8.785465107956439,1338,1382,48
cpld_restart_pdlib_p8_intel,hercules,intel,388.45652173913044,37.40214285111315,343,467,154978.60869565216,444601.32478347525,1402,1424972,46
cpld_restart_pdlib_p8_intel,orion,intel,550.5652173913044,72.10105629490165,486,948,28691.67391304348,186086.68631940262,1237,1263356,46
cpld_restart_pdlib_p8_intel,ursa,intel,281.9183673469388,48.048515730931584,231,365,35164.42857142857,234485.35488046298,1616,1643064,49
cpld_restart_pdlib_p8_intel,wcoss2,intel,466.59574468085106,83.93933098283806,386,823,1102.9787234042553,3.6504279778995983,1094,1113,47
