test_name,machine,compiler,core_mean,core_std,core_min,core_max,mem_mean,mem_std,mem_min,mem_max,n_hashes
cpld_s2sa_p8_intel,acorn,intel,499.8095238095238,9.284758281887475,475,512,3339.0476190476193,8.260846176914866,3325,3349,42
cpld_s2sa_p8_intel,derecho,intel,507.8695652173913,14.860883210710321,482,552,1997.4347826086957,2.3707706257002985,1992,2001,23
cpld_s2sa_p8_intel,gaeac6,intel,313.6904761904762,9.285414986688968,297,355,155431.7619047619,977457.4621056858,1886,6339240,42
cpld_s2sa_p8_intel,hera,intel,427.3225806451613,20.479887852515517,411,532,2255.1612903225805,11.753288261003009,2237,2277,31
cpld_s2sa_p8_intel,hercules,intel,441.3095238095238,44.2286123565642,386,551,2239.3333333333335,8.400541987934762,2220,2252,42
cpld_s2sa_p8_intel,orion,intel,483.1707317073171,28.03649624955335,446,543,2163.3414634146343,11.520871833541175,2138,2181,41
cpld_s2sa_p8_intel,ursa,intel,404.79545454545456,263.8823363181379,326,1763,3131.409090909091,28.788982212449785,3080,3183,44
cpld_s2sa_p8_intel,wcoss2,intel,528.3571428571429,29.417782434183373,483,681,3009.2380952380954,593.4576570476439,1950,3346,42
