test_name,machine,compiler,core_mean,core_std,core_min,core_max,mem_mean,mem_std,mem_min,mem_max,n_hashes
cpld_control_gfsv17_iau_intel,acorn,intel,980.7291666666666,12.443471471800128,951,999,1945.9791666666667,6.573608042394553,1932,1967,48
cpld_control_gfsv17_iau_intel,derecho,intel,889.0285714285715,10.182123071938431,864,908,277430.71428571426,684688.3549879409,1907,1938564,35
cpld_control_gfsv17_iau_intel,gaeac6,intel,666.8297872340426,6.383808148392806,655,683,167165.8085106383,547580.7156305871,1925,1952724,47
cpld_control_gfsv17_iau_intel,hera,intel,1248.8775510204082,26.836412338665664,1221,1374,2227.7755102040815,58.71089666965671,2131,2281,49
cpld_control_gfsv17_iau_intel,hercules,intel,1137.06,37.338719849507434,1078,1240,1720564.72,1028871.0767084204,2306,2349068,50
cpld_control_gfsv17_iau_intel,orion,intel,1376.4897959183672,93.4456442825141,1282,1669,132580.693877551,516091.4482332646,2117,2140616,49
cpld_control_gfsv17_iau_intel,ursa,intel,797.0,8.151346173758327,784,819,94731.21428571429,487496.4918120577,2574,2582192,28
cpld_control_gfsv17_iau_intel,wcoss2,intel,1017.8125,39.783807381738,976,1231,1938.1666666666667,11.778692145246067,1913,1970,48
