test_name,machine,compiler,core_mean,core_std,core_min,core_max,mem_mean,mem_std,mem_min,mem_max,n_hashes
cpld_control_p8.v2.sfc_intel,acorn,intel,489.5833333333333,8.170609845551748,477,508,3285.2708333333335,70.96170366137544,3218,3370,48
cpld_control_p8.v2.sfc_intel,derecho,intel,464.1764705882353,8.540351948731375,446,486,303869.4411764706,736127.6208217831,2047,2057828,34
cpld_control_p8.v2.sfc_intel,gaeac6,intel,302.70212765957444,4.889718110560141,297,315,178236.59574468085,583863.3878558467,2050,2074516,47
cpld_control_p8.v2.sfc_intel,hera,intel,651.4285714285714,99.4072012817314,522,821,2699.8367346938776,542.3635906435665,2208,3405,49
cpld_control_p8.v2.sfc_intel,hercules,intel,588.1,97.22102947114155,489,1085,1672947.32,1000360.1239640478,2248,2267460,50
cpld_control_p8.v2.sfc_intel,orion,intel,1060.0816326530612,182.24089331782505,921,1708,135812.24489795917,528680.3053811808,2167,2185240,49
cpld_control_p8.v2.sfc_intel,ursa,intel,428.8965517241379,12.683917904142044,415,461,87567.44827586207,458107.6141661154,2462,2469484,29
cpld_control_p8.v2.sfc_intel,wcoss2,intel,539.0208333333334,86.62034785845975,488,1051,3295.5625,75.66693711483467,3218,3389,48
