test_name,machine,compiler,core_mean,core_std,core_min,core_max,mem_mean,mem_std,mem_min,mem_max,n_hashes
cpld_debug_pdlib_p8_gnu,hera,gnu,661.3877551020408,21.971398383780098,640,764,1544.3877551020407,8.202683317393285,1527,1558,49
cpld_debug_pdlib_p8_gnu,hercules,gnu,564.795918367347,47.81865901151834,523,818,718995.306122449,803007.7925317778,1585,1615976,49
cpld_debug_pdlib_p8_gnu,ursa,gnu,401.45454545454544,15.300789682394267,391,484,37431.818181818184,237825.1649504045,1558,1579132,44
