test_name,machine,compiler,core_mean,core_std,core_min,core_max,mem_mean,mem_std,mem_min,mem_max,n_hashes
cpld_control_p8_gnu,hera,gnu,678.6666666666666,37.373521935241456,653,805,1686.7291666666667,8.886373942389106,1669,1703,48
cpld_control_p8_gnu,hercules,gnu,653.1020408163265,150.14635150661604,585,1627,985927.5510204082,861204.508954103,1712,1742132,49
cpld_control_p8_gnu,ursa,gnu,463.4054054054054,18.968481839707234,452,545,44688.35135135135,262066.9781399421,1591,1595696,37
