test_name,machine,compiler,core_mean,core_std,core_min,core_max,mem_mean,mem_std,mem_min,mem_max,n_hashes
cpld_control_p8_mixedmode_intel,acorn,intel,391.5208333333333,7.124992223462216,379,406,3256.5,68.79077127613843,3189,3335,48
cpld_control_p8_mixedmode_intel,derecho,intel,361.8181818181818,6.966233493855145,343,382,309648.57575757575,737644.2964962444,2021,2033072,33
cpld_control_p8_mixedmode_intel,gaeac6,intel,242.5744680851064,11.625954249476294,234,294,174811.63829787233,572626.8751177,2012,2035284,47
cpld_control_p8_mixedmode_intel,hera,intel,621.6938775510204,127.06300997301041,449,820,2615.8979591836733,538.846230574253,2189,3331,49
cpld_control_p8_mixedmode_intel,hercules,intel,563.02,128.3352576938502,473,1290,1555522.6,978541.3529394511,2157,2175504,50
cpld_control_p8_mixedmode_intel,orion,intel,1044.9795918367347,156.27799613134897,931,1722,130680.28571428571,508692.053029753,2087,2107676,49
cpld_control_p8_mixedmode_intel,ursa,intel,415.06666666666666,19.779706307455516,398,494,75309.13333333333,400442.3925404238,2169,2195512,30
cpld_control_p8_mixedmode_intel,wcoss2,intel,437.2708333333333,68.46143178347917,392,855,3267.1041666666665,76.34196291305597,3184,3353,48
