test_name,machine,compiler,core_mean,core_std,core_min,core_max,mem_mean,mem_std,mem_min,mem_max,n_hashes
cpld_control_gfsv17_intel,acorn,intel,902.2765957446809,6.707238554627172,891,920,1901.5106382978724,2.3207227175052294,1897,1911,47
cpld_control_gfsv17_intel,derecho,intel,819.7,7.391280977121539,807,833,317880.7,718625.4236486608,1897,1900700,30
cpld_control_gfsv17_intel,gaeac6,intel,622.8260869565217,112.22820092171841,597,1367,168337.9347826087,545224.6937000644,1905,1919840,46
cpld_control_gfsv17_intel,hera,intel,1168.1875,39.06168403403093,1132,1291,2050.7291666666665,43.07625084109343,1971,2091,48
cpld_control_gfsv17_intel,hercules,intel,1089.9591836734694,125.32108082569235,990,1539,1321957.306122449,972034.5768103538,2010,2030604,49
cpld_control_gfsv17_intel,orion,intel,1266.5208333333333,92.42316868582846,1182,1694,125063.0625,481784.41670454264,1961,1976956,48
cpld_control_gfsv17_intel,ursa,intel,720.2727272727273,14.418461965637837,706,776,64277.545454545456,357410.61294732237,2050,2055228,33
cpld_control_gfsv17_intel,wcoss2,intel,959.9148936170212,92.86662474080399,902,1459,1901.659574468085,5.50997749440959,1883,1908,47
