test_name,machine,compiler,core_mean,core_std,core_min,core_max,mem_mean,mem_std,mem_min,mem_max,n_hashes
cpld_control_gfsv17_intel,acorn,intel,790.8260869565217,7.285615501569866,778,807,1897.6521739130435,1.7915529117915867,1894,1903,46
cpld_control_gfsv17_intel,derecho,intel,776.21875,11.575096669282118,757,813,1867.96875,1.7502879947357712,1863,1872,32
cpld_control_gfsv17_intel,gaeac6,intel,526.8723404255319,24.814631922452687,511,649,139942.74468085106,923882.1785408633,1893,6338984,47
cpld_control_gfsv17_intel,hera,intel,1036.7037037037037,30.343944795543404,1010,1148,2075.3333333333335,9.089300556994871,2041,2088,27
cpld_control_gfsv17_intel,hercules,intel,936.7872340425532,97.721862662268,880,1558,2019.0,6.494144519756024,2004,2030,47
cpld_control_gfsv17_intel,orion,intel,1362.2173913043478,33.060828142802464,1321,1445,1962.2826086956522,4.8747104460026245,1953,1977,46
cpld_control_gfsv17_intel,ursa,intel,567.2857142857143,7.552593373581422,555,589,2055.1020408163267,6.377842170224917,2043,2071,49
cpld_control_gfsv17_intel,wcoss2,intel,827.9787234042553,34.21447021726214,798,1029,1865.063829787234,42.06175803936026,1809,1903,47
