test_name,machine,compiler,core_mean,core_std,core_min,core_max,mem_mean,mem_std,mem_min,mem_max,n_hashes
cpld_restart_p8_lnd_intel,acorn,intel,287.3404255319149,15.461419862445123,240,303,3040.7021276595747,581.0124564590609,1372,3247,47
cpld_restart_p8_lnd_intel,gaeac6,intel,171.14893617021278,17.729830823151598,144,270,139462.46808510637,923986.6667828918,1572,6339200,47
cpld_restart_p8_lnd_intel,hera,intel,366.38709677419354,8.098054990160039,349,381,1729.8064516129032,5.558293232271307,1710,1740,31
cpld_restart_p8_lnd_intel,hercules,intel,273.70212765957444,34.02167780389503,236,408,1901.5531914893618,77.2474309438123,1676,1936,47
cpld_restart_p8_lnd_intel,orion,intel,518.5869565217391,23.48671121857495,494,605,1719.8260869565217,75.75671714928467,1502,1759,46
cpld_restart_p8_lnd_intel,ursa,intel,225.85714285714286,8.995369179009094,214,254,2261.714285714286,80.24337978923886,2008,2323,49
