test_name,machine,compiler,core_mean,core_std,core_min,core_max,mem_mean,mem_std,mem_min,mem_max,n_hashes
cpld_debug_pdlib_p8_gnu,derecho,gnu,525.3333333333334,7.749877809398412,513,538,1596.8333333333333,8.020806277010658,1582,1610,12
cpld_debug_pdlib_p8_gnu,hera,gnu,657.4893617021277,8.277450616835685,636,674,1542.4893617021276,8.38443781119562,1527,1558,47
cpld_debug_pdlib_p8_gnu,hercules,gnu,556.6086956521739,28.048749832207463,527,623,1598.8695652173913,8.304239066490693,1574,1617,46
cpld_debug_pdlib_p8_gnu,ursa,gnu,394.9183673469388,4.636075633433051,387,411,1571.3061224489795,11.405780847215006,1549,1593,49
