test_name,machine,compiler,core_mean,core_std,core_min,core_max,mem_mean,mem_std,mem_min,mem_max,n_hashes
cpld_control_p8_lnd_intel,acorn,intel,501.7916666666667,9.109168477671798,484,524,3316.0208333333335,65.3792502652651,3227,3369,48
cpld_control_p8_lnd_intel,derecho,intel,470.28,5.877357682950175,457,479,414685.32,841314.9351404086,2055,2072240,25
cpld_control_p8_lnd_intel,gaeac6,intel,303.9574468085106,4.809218714494923,295,316,177699.6170212766,582066.1306469265,2054,2075204,47
cpld_control_p8_lnd_intel,hera,intel,738.2083333333334,92.60369882170464,559,929,2343.125,477.16229564266587,2062,3336,48
cpld_control_p8_lnd_intel,hercules,intel,575.204081632653,78.79165025343653,501,1065,1183315.0,1122382.2962188134,2221,2240788,49
cpld_control_p8_lnd_intel,orion,intel,1086.8979591836735,109.99474322627859,996,1540,133386.0,519217.36785140535,2137,2152476,49
cpld_control_p8_lnd_intel,ursa,intel,459.56410256410254,13.878788950266728,435,503,67119.8717948718,403474.880374047,2459,2522212,39
