test_name,machine,compiler,core_mean,core_std,core_min,core_max,mem_mean,mem_std,mem_min,mem_max,n_hashes
cpld_control_p8_intel,acorn,intel,491.6875,9.37437941208385,469,512,3360.3125,19.30952388760421,3234,3371,48
cpld_control_p8_intel,derecho,intel,462.3,5.982381539896038,451,473,1027052.0,1080452.2478200197,2050,2064424,10
cpld_control_p8_intel,gaeac6,intel,304.0,12.617448236470004,291,377,184701.1739130435,976047.0942283311,2036,6339320,46
cpld_control_p8_intel,hera,intel,759.2291666666666,41.85447919969873,706,891,2279.25,13.794078285433894,2230,2299,48
cpld_control_p8_intel,hercules,intel,570.6808510638298,42.65539691781645,502,722,579725.2978723404,996874.014481986,2245,2273760,47
cpld_control_p8_intel,orion,intel,1063.468085106383,97.24036804068693,987,1646,95267.14893617021,446290.89434232085,2168,2199572,47
cpld_control_p8_intel,ursa,intel,445.3265306122449,14.071821362658934,419,472,52620.755102040814,350839.8907419362,2459,2458380,49
cpld_control_p8_intel,wcoss2,intel,557.9791666666666,93.4644066017564,481,1030,3375.5416666666665,19.14553259744195,3248,3385,48
