test_name,machine,compiler,core_mean,core_std,core_min,core_max,mem_mean,mem_std,mem_min,mem_max,n_hashes
cpld_restart_p8_lnd_intel,acorn,intel,289.27659574468083,12.175710188481581,240,303,3120.3829787234044,460.510895551201,1373,3247,47
cpld_restart_p8_lnd_intel,gaeac6,intel,172.0,17.025556238120135,144,270,139260.4255319149,924016.9163338512,1572,6339200,47
cpld_restart_p8_lnd_intel,hera,intel,367.09090909090907,8.330529831452926,349,381,1730.030303030303,5.457133224533,1710,1740,33
cpld_restart_p8_lnd_intel,hercules,intel,286.6170212765957,86.91989145221451,236,825,1912.404255319149,60.97136162183324,1679,1937,47
cpld_restart_p8_lnd_intel,orion,intel,518.5434782608696,23.509531420954566,495,605,1730.3478260869565,60.774343048254096,1502,1759,46
cpld_restart_p8_lnd_intel,ursa,intel,226.46938775510205,8.872011329682438,214,254,2272.4285714285716,62.50599971202751,2015,2323,49
