test_name,machine,compiler,core_mean,core_std,core_min,core_max,mem_mean,mem_std,mem_min,mem_max,n_hashes
cpld_control_p8_intel,acorn,intel,494.531914893617,9.345659452456788,469,512,3362.191489361702,5.391774322269001,3354,3371,47
cpld_control_p8_intel,derecho,intel,497.5,13.97020639313058,463,517,2021.1,12.413702106946111,2011,2053,10
cpld_control_p8_intel,gaeac6,intel,305.5869565217391,12.706212106169035,291,377,140847.28260869565,934225.9761467101,2036,6339320,46
cpld_control_p8_intel,hera,intel,750.9791666666666,38.57597619913606,706,864,2277.6458333333335,14.157908222905865,2230,2299,48
cpld_control_p8_intel,hercules,intel,564.0434782608696,44.11951270091479,502,722,150134.23913043478,566034.2913989963,2240,2273760,46
cpld_control_p8_intel,orion,intel,1054.9130434782608,40.473764389598536,999,1193,49957.17391304348,323986.6020059955,2168,2199572,46
cpld_control_p8_intel,ursa,intel,440.0816326530612,13.058899798435467,419,468,2498.265306122449,24.449587172898624,2459,2543,49
cpld_control_p8_intel,wcoss2,intel,558.3617021276596,94.42467104198785,481,1030,3377.255319148936,3.584192863517196,3368,3383,47
