test_name,machine,compiler,core_mean,core_std,core_min,core_max,mem_mean,mem_std,mem_min,mem_max,n_hashes
cpld_dcp_gefs_intel,hera,intel,979.04,67.9616803794609,928,1193,3047.52,16.911830178901386,2999,3069,25
cpld_dcp_gefs_intel,hercules,intel,932.2826086956521,81.21785874861607,811,1101,3165.695652173913,8.578706365096727,3131,3180,46
cpld_dcp_gefs_intel,orion,intel,1268.8478260869565,56.496594741553274,1190,1528,68661.26086956522,444953.2121376076,3039,3020876,46
cpld_dcp_gefs_intel,ursa,intel,1971.7755102040817,48.01096459235572,1869,2076,3446.265306122449,22.078246750859417,3398,3503,49
