test_name,machine,compiler,core_mean,core_std,core_min,core_max,mem_mean,mem_std,mem_min,mem_max,n_hashes
cpld_2threads_p8_intel,acorn,intel,453.0425531914894,8.975709846722093,433,470,3575.2978723404253,11.255751947177792,3559,3594,47
cpld_2threads_p8_intel,derecho,intel,876.2,66.12916653539997,793,980,2190.3,28.311952717300656,2164,2233,10
cpld_2threads_p8_intel,gaeac6,intel,358.6521739130435,19.681031354303606,341,474,140789.78260869565,934234.281722355,2199,6339320,46
cpld_2threads_p8_intel,hera,intel,666.8125,57.36544153912456,602,770,2342.7708333333335,19.251128271254842,2307,2387,48
cpld_2threads_p8_intel,hercules,intel,629.7173913043479,158.4032355229987,489,1540,212012.73913043478,686777.6005985388,2365,2419036,46
cpld_2threads_p8_intel,orion,intel,750.6304347826087,43.204608136762566,689,891,52672.065217391304,341640.72214050323,2278,2319420,46
cpld_2threads_p8_intel,ursa,intel,898.0612244897959,70.18262135412185,724,983,64918.836734693876,433405.7533861094,2965,3036844,49
cpld_2threads_p8_intel,wcoss2,intel,510.1276595744681,86.57758948437564,451,1005,3612.7872340425533,8.63747187804585,3599,3625,47
