test_name,machine,compiler,core_mean,core_std,core_min,core_max,mem_mean,mem_std,mem_min,mem_max,n_hashes
cpld_control_c24_9deg_intel,acorn,intel,81.3913043478261,4.479475469638358,66,93,2112.913043478261,3.734678846561683,2104,2118,46
cpld_control_c24_9deg_intel,derecho,intel,57.38461538461539,1.8045526471705535,56,61,2074.076923076923,1.0377490433256396,2072,2075,13
cpld_control_c24_9deg_intel,gaeac6,intel,45.22222222222222,1.550496824904974,43,49,144314.6222222222,944361.9629940698,2078,6338496,45
cpld_control_c24_9deg_intel,hera,intel,73.2,2.3510152545810326,71,81,2255.5333333333333,3.421854893050079,2243,2262,45
cpld_control_c24_9deg_intel,hercules,intel,79.78260869565217,34.123900417598,53,156,2237.0652173913045,4.841497352922642,2226,2245,46
cpld_control_c24_9deg_intel,orion,intel,99.88888888888889,28.031818140870353,80,171,2238.2444444444445,5.135241675978669,2225,2246,45
cpld_control_c24_9deg_intel,ursa,intel,155.46938775510205,313.44876654997495,48,1157,2209.673469387755,1.8527879342364308,2204,2214,49
cpld_control_c24_9deg_intel,wcoss2,intel,105.34782608695652,16.113786218024405,85,146,2108.217391304348,1.331883269464048,2106,2113,46
