test_name,machine,compiler,core_mean,core_std,core_min,core_max,mem_mean,mem_std,mem_min,mem_max,n_hashes
cpld_control_c192_p8_intel,gaeac6,intel,324.5531914893617,16.041804775726895,307,424,139567.02127659574,923989.4087831847,2370,6339328,47
cpld_control_c192_p8_intel,hera,intel,852.4545454545455,42.73105640887177,772,1005,2652.6969696969695,13.422194419330342,2611,2678,33
cpld_control_c192_p8_intel,hercules,intel,910.6170212765958,64.97810774858323,853,1254,2930.7021276595747,7.147255154548427,2916,2948,47
cpld_control_c192_p8_intel,orion,intel,986.1521739130435,34.36210276278499,900,1059,2666.8260869565215,12.747643525724243,2641,2725,46
cpld_control_c192_p8_intel,ursa,intel,1123.9183673469388,99.16102996613924,1040,1380,3585.673469387755,15.675601736326254,3562,3617,49
