test_name,machine,compiler,core_mean,core_std,core_min,core_max,mem_mean,mem_std,mem_min,mem_max,n_hashes
cpld_restart_gfsv17_iau_intel,acorn,intel,393.531914893617,17.848213969628496,377,454,1932.127659574468,2.401240813997706,1926,1940,47
cpld_restart_gfsv17_iau_intel,derecho,intel,408.16,13.804226405947823,390,443,1884.84,4.524746770078301,1873,1889,25
cpld_restart_gfsv17_iau_intel,gaeac6,intel,258.29787234042556,13.061584719116318,246,301,139307.97872340426,924090.54867789,1909,6339744,47
cpld_restart_gfsv17_iau_intel,hera,intel,487.88235294117646,25.089856342067726,467,540,2207.4117647058824,10.186496251525918,2182,2230,34
cpld_restart_gfsv17_iau_intel,hercules,intel,442.93617021276594,28.56069376769648,419,551,2211.68085106383,9.217437121349445,2189,2230,47
cpld_restart_gfsv17_iau_intel,orion,intel,637.1739130434783,26.53409073276287,557,720,2086.7608695652175,6.436647790784429,2075,2101,46
cpld_restart_gfsv17_iau_intel,ursa,intel,283.734693877551,27.349417658489624,270,395,2350.5510204081634,14.494339735004944,2321,2375,49
cpld_restart_gfsv17_iau_intel,wcoss2,intel,421.4255319148936,32.10495334994618,396,557,1908.8085106382978,38.47790913253763,1836,1938,47
