test_name,machine,compiler,core_mean,core_std,core_min,core_max,mem_mean,mem_std,mem_min,mem_max,n_hashes
cpld_control_nowave_noaero_p8_gnu,hera,gnu,599.875,27.190130405891097,580,693,1634.375,27.03081378014761,1510,1656,48
cpld_control_nowave_noaero_p8_gnu,hercules,gnu,556.1836734693877,186.76920622671668,483,1576,1091002.224489796,887270.8115013482,1617,3096464,49
cpld_control_nowave_noaero_p8_gnu,ursa,gnu,456.85714285714283,129.10145186615674,403,997,45500.68571428571,259980.96291219338,1524,1539624,35
