test_name,machine,compiler,core_mean,core_std,core_min,core_max,mem_mean,mem_std,mem_min,mem_max,n_hashes
cpld_restart_c24_9deg_intel,acorn,intel,47.1875,5.004917794295883,35,58,1458.625,3.7224162822987665,1448,1465,48
cpld_restart_c24_9deg_intel,derecho,intel,36.0,15.646837680878676,21,59,403496.94444444444,667066.9314332859,1448,1451568,18
cpld_restart_c24_9deg_intel,gaeac6,intel,19.0,1.4744195615489708,17,25,124134.0,406630.08720184816,1423,1444788,47
cpld_restart_c24_9deg_intel,hera,intel,39.3125,28.218114183713737,25,189,1587.1666666666667,3.9103427141164957,1576,1593,48
cpld_restart_c24_9deg_intel,hercules,intel,36.708333333333336,24.781563439880518,20,111,629107.4375,783714.946760888,1542,1618496,48
cpld_restart_c24_9deg_intel,orion,intel,48.541666666666664,27.612792543615317,31,186,66303.27083333333,313809.9428777993,1543,1558820,48
cpld_restart_c24_9deg_intel,ursa,intel,36.59574468085106,30.359913196923003,24,135,34107.085106382976,223315.03704766795,1523,1532504,47
cpld_restart_c24_9deg_intel,wcoss2,intel,84.64583333333333,27.880817460567823,48,156,1480.6666666666667,11.675275445898,1452,1490,48
