test_name,machine,compiler,core_mean,core_std,core_min,core_max,mem_mean,mem_std,mem_min,mem_max,n_hashes
cpld_control_c48_5deg_intel,acorn,intel,362.4375,7.623888129607211,348,375,2886.7708333333335,2.308537193036176,2882,2895,48
cpld_control_c48_5deg_intel,derecho,intel,318.5,1.5092308563562196,317,321,1439972.6,1514831.041474351,2876,2878824,10
cpld_control_c48_5deg_intel,gaeac6,intel,249.30434782608697,9.13325928246717,235,271,203067.71739130435,1016916.335615749,2846,6338632,46
cpld_control_c48_5deg_intel,hera,intel,453.6666666666667,25.075488865503136,411,499,3086.0208333333335,6.3864536935721254,3059,3097,48
cpld_control_c48_5deg_intel,hercules,intel,382.93617021276594,47.581693710062744,309,455,782414.2765957447,1345407.1816368732,3036,3063856,47
cpld_control_c48_5deg_intel,orion,intel,510.6595744680851,54.267163822888385,448,729,132647.89361702127,621383.2738632145,3033,3052736,47
cpld_control_c48_5deg_intel,ursa,intel,384.7755102040816,289.43128612462596,237,1347,64889.30612244898,433006.9762062252,3015,3034080,49
cpld_control_c48_5deg_intel,wcoss2,intel,409.7083333333333,37.455765873402214,371,524,2884.0833333333335,3.1273218324905283,2876,2889,48
