test_name,machine,compiler,core_mean,core_std,core_min,core_max,mem_mean,mem_std,mem_min,mem_max,n_hashes
cpld_control_ciceC_p8_intel,acorn,intel,492.625,7.731188562940666,469,508,3313.7916666666665,68.69697826465897,3220,3372,48
cpld_control_ciceC_p8_intel,derecho,intel,465.68,6.283045970440345,454,480,414524.16,840990.7280944344,2056,2073884,25
cpld_control_ciceC_p8_intel,gaeac6,intel,301.74468085106383,4.825061770752962,291,317,177683.48936170212,582032.9807542238,2049,2071972,47
cpld_control_ciceC_p8_intel,hera,intel,692.0625,89.45637383187938,522,844,2484.7083333333335,433.4540127922148,2216,3403,48
cpld_control_ciceC_p8_intel,hercules,intel,591.3265306122449,130.30355389037777,496,1090,1246569.9387755103,1134843.0378720774,2256,2269080,49
cpld_control_ciceC_p8_intel,orion,intel,1020.9795918367347,104.5909671442198,933,1548,135908.38775510204,529054.8544743422,2168,2192604,49
cpld_control_ciceC_p8_intel,ursa,intel,425.2307692307692,12.724740796577379,400,471,66012.35897435897,396711.1387850496,2444,2479948,39
cpld_control_ciceC_p8_intel,wcoss2,intel,554.9583333333334,134.96492189396463,493,1395,3322.9583333333335,73.48815459139159,3208,3384,48
