test_name,machine,compiler,core_mean,core_std,core_min,core_max,mem_mean,mem_std,mem_min,mem_max,n_hashes
cpld_control_nowave_noaero_p8_intel,acorn,intel,435.53333333333336,5.348111708872092,424,445,1982.9666666666667,7.303675660988812,1968,1989,30
cpld_control_nowave_noaero_p8_intel,derecho,intel,439.7826086956522,14.343058256805023,414,478,1932.5652173913043,0.6623708763718356,1931,1934,23
cpld_control_nowave_noaero_p8_intel,gaeac6,intel,277.73333333333335,6.464402969116817,268,307,216841.9,1156381.2582710371,1824,6339472,30
cpld_control_nowave_noaero_p8_intel,hera,intel,367.3157894736842,5.637696846318904,358,380,2188.9473684210525,10.16788891128741,2171,2208,19
cpld_control_nowave_noaero_p8_intel,hercules,intel,373.0,33.517879942831584,347,456,2169.766666666667,8.11419927565604,2155,2183,30
cpld_control_nowave_noaero_p8_intel,orion,intel,429.7586206896552,106.0396338209761,387,959,2097.9655172413795,9.120161177385128,2070,2108,29
cpld_control_nowave_noaero_p8_intel,ursa,intel,351.5,260.93158168872674,287,1754,2998.375,11.204117906578624,2978,3027,32
cpld_control_nowave_noaero_p8_intel,wcoss2,intel,450.0,21.902605733817026,433,557,1950.6,46.38935668656236,1881,1993,30
