test_name,machine,compiler,core_mean,core_std,core_min,core_max,mem_mean,mem_std,mem_min,mem_max,n_hashes
cpld_dcp_gefs_intel,hera,intel,976.4791666666666,58.642802458117934,905,1193,3053.2291666666665,16.947025827476722,2999,3083,48
cpld_dcp_gefs_intel,hercules,intel,961.2173913043479,181.9585927308712,791,1710,71932.71739130435,466426.4521561388,3151,3166620,46
cpld_dcp_gefs_intel,orion,intel,1255.1304347826087,48.08030721645796,1179,1429,3072.2391304347825,11.56658939956643,3043,3090,46
cpld_dcp_gefs_intel,ursa,intel,1958.4489795918366,46.673092366163274,1869,2061,3459.918367346939,15.834872821684145,3427,3503,49
