test_name,machine,compiler,core_mean,core_std,core_min,core_max,mem_mean,mem_std,mem_min,mem_max,n_hashes
cpld_control_p8_faster_intel,acorn,intel,493.0,2.8284271247461903,491,495,3359.5,0.7071067811865476,3359,3360,2
cpld_control_p8_faster_intel,gaeac6,intel,307.0,0.0,307,307,2044.0,0.0,2044,2044,2
cpld_control_p8_faster_intel,hera,intel,683.0,9.899494936611665,676,690,2275.0,9.899494936611665,2268,2282,2
cpld_control_p8_faster_intel,hercules,intel,536.0,18.384776310850235,523,549,2249.0,2.8284271247461903,2247,2251,2
cpld_control_p8_faster_intel,orion,intel,984.5,33.23401871576773,961,1008,2189.5,3.5355339059327378,2187,2192,2
cpld_control_p8_faster_intel,ursa,intel,396.0,2.8284271247461903,394,398,2487.5,7.7781745930520225,2482,2493,2
cpld_control_p8_faster_intel,wcoss2,intel,565.0,28.284271247461902,545,585,3371.0,0.0,3371,3371,2
