test_name,machine,compiler,core_mean,core_std,core_min,core_max,mem_mean,mem_std,mem_min,mem_max,n_hashes
cpld_control_c12_9deg_intel,acorn,intel,56.148936170212764,5.449286843664301,44,68,2039.468085106383,1.8749036361300786,2035,2044,47
cpld_control_c12_9deg_intel,derecho,intel,34.2,0.9189365834726789,33,35,2014.7,15.282888034225287,2002,2037,10
cpld_control_c12_9deg_intel,gaeac6,intel,27.97826086956522,3.036731652687603,25,45,140524.1739130435,934171.2285602869,2009,6338636,46
cpld_control_c12_9deg_intel,hera,intel,43.0625,1.9285784644698856,35,50,2187.0,4.3073415802977,2179,2196,48
cpld_control_c12_9deg_intel,hercules,intel,51.67391304347826,36.7175733571367,31,212,237707.30434782608,681940.971182595,2150,2174516,46
cpld_control_c12_9deg_intel,orion,intel,65.21739130434783,26.857577489398295,47,132,49251.5,319353.7692851856,2152,2168128,46
cpld_control_c12_9deg_intel,ursa,intel,34.6530612244898,2.4113535307665144,32,43,45743.142857142855,305239.7916705542,2131,2138816,49
cpld_control_c12_9deg_intel,wcoss2,intel,87.31914893617021,22.116397991750592,58,199,2039.212765957447,1.2324625439721413,2037,2043,47
