test_name,machine,compiler,core_mean,core_std,core_min,core_max,mem_mean,mem_std,mem_min,mem_max,n_hashes
cpld_restart_gfsv17_intel,acorn,intel,412.1489361702128,29.896181756643674,374,448,1071.127659574468,2.5843763125887147,1067,1080,47
cpld_restart_gfsv17_intel,derecho,intel,405.1,11.503139668030736,390,422,1041.6,23.86629422428209,1011,1067,10
cpld_restart_gfsv17_intel,gaeac6,intel,272.4130434782609,24.10862094489713,244,299,139670.3260869565,934487.907875135,1055,6339880,46
cpld_restart_gfsv17_intel,hera,intel,447.875,30.851480187946073,411,483,1366.1666666666667,7.087097456265827,1352,1382,48
cpld_restart_gfsv17_intel,hercules,intel,395.1304347826087,44.39750177939305,341,477,177387.6739130435,459558.9823364258,1330,1354976,46
cpld_restart_gfsv17_intel,orion,intel,555.5434782608696,51.95926033249043,488,771,28048.195652173912,181909.89816507386,1213,1235000,46
cpld_restart_gfsv17_intel,ursa,intel,274.1020408163265,44.503859803560445,226,322,32297.102040816328,215608.58958792326,1465,1510756,49
cpld_restart_gfsv17_intel,wcoss2,intel,456.48936170212767,78.05791393474841,382,804,1070.1489361702127,3.3426019766191435,1064,1085,47
