test_name,machine,compiler,core_mean,core_std,core_min,core_max,mem_mean,mem_std,mem_min,mem_max,n_hashes
cpld_restart_p8_intel,acorn,intel,281.7659574468085,6.731537604432514,267,298,3241.3829787234044,4.4210621952556695,3234,3249,47
cpld_restart_p8_intel,derecho,intel,294.9166666666667,9.01975945389125,278,305,1538.4166666666667,3.287948609787922,1531,1541,12
cpld_restart_p8_intel,gaeac6,intel,166.3913043478261,3.779936865255031,160,181,140803.84782608695,934153.712028783,1578,6338792,46
cpld_restart_p8_intel,hera,intel,369.6808510638298,19.833115020940554,350,486,1886.5106382978724,8.612105586161693,1858,1899,47
cpld_restart_p8_intel,hercules,intel,298.8478260869565,45.2273110170807,256,422,1954.5434782608695,6.846593708598873,1944,1967,46
cpld_restart_p8_intel,orion,intel,511.5652173913044,14.864801338752564,489,566,1774.804347826087,5.968880651502806,1763,1784,46
cpld_restart_p8_intel,ursa,intel,225.89795918367346,8.372188328923674,211,245,2270.6938775510203,19.73280272544579,2231,2314,49
cpld_restart_p8_intel,wcoss2,intel,367.59574468085106,141.7544814987409,289,895,3258.808510638298,5.451917484272653,3238,3270,47
