test_name,machine,compiler,core_mean,core_std,core_min,core_max,mem_mean,mem_std,mem_min,mem_max,n_hashes
cpld_control_c12_9deg_intel,acorn,intel,56.04255319148936,5.520544423406518,44,68,2039.5531914893618,1.8974641044700569,2035,2044,47
cpld_control_c12_9deg_intel,derecho,intel,33.8,1.0327955589886444,32,35,205133.9,642304.3054280684,2003,2033164,10
cpld_control_c12_9deg_intel,gaeac6,intel,28.02173913043478,3.0658631587552247,25,45,140336.71739130435,934199.1762069124,2009,6338636,46
cpld_control_c12_9deg_intel,hera,intel,43.104166666666664,1.9156642460374154,35,50,2187.25,4.32459566428766,2179,2196,48
cpld_control_c12_9deg_intel,hercules,intel,51.54347826086956,36.79233405766245,28,212,332174.26086956525,787555.6366132542,2150,2176280,46
cpld_control_c12_9deg_intel,orion,intel,67.58695652173913,30.412406888531912,47,163,96405.10869565218,446906.04268231336,2155,2171212,46
cpld_control_c12_9deg_intel,ursa,intel,34.775510204081634,2.5352950693036473,32,43,45743.244897959186,305239.77678953,2131,2138816,49
cpld_control_c12_9deg_intel,wcoss2,intel,88.12765957446808,21.822024197024078,58,199,2039.1489361702127,1.285009277656406,2037,2043,47
