test_name,machine,compiler,core_mean,core_std,core_min,core_max,mem_mean,mem_std,mem_min,mem_max,n_hashes
cpld_control_nowave_noaero_p8_intel,acorn,intel,427.1666666666667,6.990368246877289,409,441,1976.7708333333333,5.773157192700812,1970,1986,48
cpld_control_nowave_noaero_p8_intel,derecho,intel,409.90909090909093,7.887346022124766,397,430,299342.9090909091,714614.7560615861,1957,1973544,33
cpld_control_nowave_noaero_p8_intel,gaeac6,intel,268.5531914893617,4.628872107141628,264,293,158657.27659574468,519680.0889883122,1840,1848944,47
cpld_control_nowave_noaero_p8_intel,hera,intel,390.46938775510205,22.127567686048998,376,494,2152.0408163265306,45.57546817444347,2073,2203,49
cpld_control_nowave_noaero_p8_intel,hercules,intel,430.36,186.91575751702493,345,1679,1557807.78,979981.3323827266,2155,2178576,50
cpld_control_nowave_noaero_p8_intel,orion,intel,511.57142857142856,212.41410028526823,392,1564,130154.0612244898,506663.0566742313,2070,2096968,49
cpld_control_nowave_noaero_p8_intel,ursa,intel,342.96666666666664,158.16217851510416,287,921,102602.53333333334,545590.8717119724,2978,2991316,30
cpld_control_nowave_noaero_p8_intel,wcoss2,intel,490.2916666666667,172.61566684318174,424,1622,1970.7083333333333,7.067932778321149,1959,1986,48
