test_name,machine,compiler,core_mean,core_std,core_min,core_max,mem_mean,mem_std,mem_min,mem_max,n_hashes
cpld_warmstart_c24_9deg_intel,acorn,intel,56.84782608695652,6.0625164973130765,45,70,2111.8478260869565,2.6328471391196726,2107,2116,46
cpld_warmstart_c24_9deg_intel,derecho,intel,33.0,1.58113883008419,32,38,2074.6923076923076,1.3155870289605276,2072,2076,13
cpld_warmstart_c24_9deg_intel,gaeac6,intel,25.511111111111113,1.5465830698411238,24,32,144286.3777777778,944190.0296871653,2078,6337340,45
cpld_warmstart_c24_9deg_intel,hera,intel,42.15555555555556,1.6916312132424585,40,49,2256.8,5.052452149923762,2249,2267,45
cpld_warmstart_c24_9deg_intel,hercules,intel,52.54347826086956,33.49872735343116,30,163,2236.586956521739,5.70993709619573,2224,2247,46
cpld_warmstart_c24_9deg_intel,orion,intel,61.55555555555556,24.094091651798216,46,125,2236.7555555555555,4.787082787686108,2224,2244,45
cpld_warmstart_c24_9deg_intel,ursa,intel,35.3469387755102,13.707587650045264,29,96,2208.5714285714284,1.779513042005464,2204,2212,49
cpld_warmstart_c24_9deg_intel,wcoss2,intel,90.93478260869566,45.59697951688031,58,350,2109.8260869565215,1.3216882776894139,2108,2113,46
