test_name,machine,compiler,core_mean,core_std,core_min,core_max,mem_mean,mem_std,mem_min,mem_max,n_hashes
cpld_control_gfsv17_intel,acorn,intel,895.3125,27.811796249762423,785,919,1901.6458333333333,2.2264329197394286,1898,1911,48
cpld_control_gfsv17_intel,derecho,intel,817.304347826087,6.462723761617255,807,832,414047.4347826087,799564.0825104654,1897,1900700,23
cpld_control_gfsv17_intel,gaeac6,intel,616.1276595744681,114.21996646845726,512,1367,164794.78723404257,539812.5682768505,1901,1919840,47
cpld_control_gfsv17_intel,hera,intel,1162.2916666666667,51.21749964127049,1025,1291,2067.2083333333335,31.245737297922442,1985,2093,48
cpld_control_gfsv17_intel,hercules,intel,1074.8979591836735,133.04530007012008,896,1539,991694.2040816327,1020548.197098051,2010,2030604,49
cpld_control_gfsv17_intel,orion,intel,1252.4897959183672,86.21052779122058,1178,1694,122552.22448979592,477063.28773192596,1961,1976956,49
cpld_control_gfsv17_intel,ursa,intel,708.3414634146342,42.89091381405715,563,776,52138.29268292683,320650.80644037406,2050,2055228,41
cpld_control_gfsv17_intel,wcoss2,intel,960.1666666666666,104.34401640182944,810,1459,1901.3125,5.170111526020461,1883,1907,48
