test_name,machine,compiler,core_mean,core_std,core_min,core_max,mem_mean,mem_std,mem_min,mem_max,n_hashes
cpld_control_p8.v2.sfc_intel,acorn,intel,495.6,15.367320698630095,450,535,3114.511111111111,524.9784680529215,1993,3359,45
cpld_control_p8.v2.sfc_intel,derecho,intel,496.3333333333333,16.958581778408234,467,543,1999.1904761904761,28.14183423151465,1945,2028,42
cpld_control_p8.v2.sfc_intel,gaeac6,intel,311.4166666666667,28.0203826521272,288,483,138013.47916666666,914166.480844709,2049,6339592,48
cpld_control_p8.v2.sfc_intel,hera,intel,681.7777777777778,11.864705720331436,657,713,2279.5555555555557,17.331447861252705,2225,2295,18
cpld_control_p8.v2.sfc_intel,hercules,intel,511.9375,39.206711458680836,456,631,47894.041666666664,316285.44440566946,2185,2193532,48
cpld_control_p8.v2.sfc_intel,orion,intel,993.0,35.3958975760948,939,1072,47020.65957446808,307471.8389629738,2104,2110092,47
cpld_control_p8.v2.sfc_intel,ursa,intel,412.46,22.46740042000081,369,488,2446.98,90.70978391529296,2263,2537,50
cpld_control_p8.v2.sfc_intel,wcoss2,intel,508.0416666666667,25.820129318308684,458,590,2514.0208333333335,704.8420824971116,1899,3377,48
