test_name,machine,compiler,core_mean,core_std,core_min,core_max,mem_mean,mem_std,mem_min,mem_max,n_hashes
cpld_control_c24_5deg_intel,acorn,intel,81.35555555555555,5.882004743110957,67,94,2114.288888888889,3.634570264845862,2107,2119,45
cpld_control_c24_5deg_intel,derecho,intel,57.351351351351354,1.1835965955091698,56,60,2076.9189189189187,1.1150081807965653,2074,2079,37
cpld_control_c24_5deg_intel,gaeac6,intel,45.361702127659576,1.1310928135309946,43,48,140403.72340425532,923547.99619303,2081,6337208,47
cpld_control_c24_5deg_intel,hera,intel,71.63636363636364,1.4324622340390156,70,77,2257.318181818182,3.227653779101545,2250,2262,22
cpld_control_c24_5deg_intel,hercules,intel,69.12765957446808,25.244557761569983,53,149,49886.04255319149,326661.5028862617,2225,2241716,47
cpld_control_c24_5deg_intel,orion,intel,105.73913043478261,36.438340480938905,80,214,50810.739130434784,329432.7277601392,2221,2236560,46
cpld_control_c24_5deg_intel,ursa,intel,229.16326530612244,386.50637914845464,49,1248,2211.326530612245,2.357503579902251,2205,2217,49
cpld_control_c24_5deg_intel,wcoss2,intel,92.04255319148936,10.263818779976395,81,119,2117.0851063829787,5.937463179690369,2110,2128,47
