test_name,machine,compiler,core_mean,core_std,core_min,core_max,mem_mean,mem_std,mem_min,mem_max,n_hashes
cpld_2threads_p8_intel,acorn,intel,452.48936170212767,8.672476052896698,433,470,3576.148936170213,11.005885230786355,3559,3594,47
cpld_2threads_p8_intel,derecho,intel,862.3,73.58902394001734,793,980,2199.9,28.403638264607363,2167,2233,10
cpld_2threads_p8_intel,gaeac6,intel,358.4130434782609,19.709643535822227,341,474,140611.1739130435,934260.9412687491,2199,6339320,46
cpld_2threads_p8_intel,hera,intel,665.4791666666666,57.810765979362024,602,770,2345.0208333333335,19.984557424696554,2307,2387,48
cpld_2threads_p8_intel,hercules,intel,624.695652173913,157.59721790624172,489,1540,317189.9347826087,821804.5971928255,2365,2422688,46
cpld_2threads_p8_intel,orion,intel,769.9347826086956,116.13161157811196,689,1487,52673.5,341640.5059250147,2278,2319420,46
cpld_2threads_p8_intel,ursa,intel,902.6734693877551,69.9060046762503,724,983,64921.71428571428,433405.3338123563,2965,3036844,49
cpld_2threads_p8_intel,wcoss2,intel,510.25531914893617,86.53586039403007,451,1005,3613.425531914894,8.62943567314808,3599,3625,47
