test_name,machine,compiler,core_mean,core_std,core_min,core_max,mem_mean,mem_std,mem_min,mem_max,n_hashes
cpld_dcp_gefs_intel,gaeac6,intel,592.7333333333333,51.08461701175898,574,774,3076.6666666666665,6.8313005106397595,3069,3093,15
cpld_dcp_gefs_intel,hera,intel,958.2448979591836,48.98704361539768,853,1133,3490.061224489796,625.9454318656453,3020,4410,49
cpld_dcp_gefs_intel,hercules,intel,967.12,107.52059888074224,811,1391,2082340.92,1507491.8085483047,3139,3183684,50
cpld_dcp_gefs_intel,orion,intel,1332.8775510204082,221.84328483686605,1179,2399,65680.69387755102,438228.4822206145,3050,3070676,49
cpld_dcp_gefs_intel,ursa,intel,2011.65625,259.1914984387089,1908,3416,111282.46875,609936.1732220091,3434,3453780,32
