test_name,machine,compiler,core_mean,core_std,core_min,core_max,mem_mean,mem_std,mem_min,mem_max,n_hashes
cpld_control_pdlib_p8_gnu,derecho,gnu,699.0434782608696,11.125230379104156,685,734,1588.8260869565217,10.547089964505231,1569,1609,23
cpld_control_pdlib_p8_gnu,hera,gnu,1068.7142857142858,8.10914556277306,1057,1080,1600.2142857142858,5.235655442453023,1590,1610,14
cpld_control_pdlib_p8_gnu,hercules,gnu,834.88,9.207424540373218,824,865,1584.8,8.321658488546605,1563,1596,25
cpld_control_pdlib_p8_gnu,ursa,gnu,576.6296296296297,209.84282545755858,529,1626,1562.3333333333333,9.101986258292952,1540,1585,27
