test_name,machine,compiler,core_mean,core_std,core_min,core_max,mem_mean,mem_std,mem_min,mem_max,n_hashes
cpld_dcp_gefs_intel,hera,intel,978.8333333333334,54.54115499925246,905,1185,3054.6666666666665,16.91195389058187,2999,3083,48
cpld_dcp_gefs_intel,hercules,intel,975.1739130434783,191.19208541822556,791,1710,689328.195652174,1316300.060555995,3151,3169020,46
cpld_dcp_gefs_intel,orion,intel,1309.5,227.2709347404058,1179,2399,69762.84782608696,452292.9612209801,3043,3070676,46
cpld_dcp_gefs_intel,ursa,intel,1976.530612244898,212.67072573589905,1869,3416,73876.89795918367,492902.5359665118,3427,3453780,49
