test_name,machine,compiler,core_mean,core_std,core_min,core_max,mem_mean,mem_std,mem_min,mem_max,n_hashes
cpld_control_p8_mixedmode_intel,acorn,intel,394.82978723404256,8.4037236801835,373,409,3326.0851063829787,5.20380206836271,3319,3337,47
cpld_control_p8_mixedmode_intel,derecho,intel,389.6923076923077,8.158682648816685,374,403,1980.6923076923076,1.4366984945014025,1979,1983,13
cpld_control_p8_mixedmode_intel,gaeac6,intel,242.6304347826087,24.77575759187209,224,396,141167.58695652173,933983.9815719321,2007,6338032,46
cpld_control_p8_mixedmode_intel,hera,intel,689.0,23.141113005020085,656,748,2207.8260869565215,6.916339262375042,2190,2223,46
cpld_control_p8_mixedmode_intel,hercules,intel,519.9130434782609,89.54795762593274,457,946,2158.7608695652175,6.092562980511299,2144,2169,46
cpld_control_p8_mixedmode_intel,orion,intel,980.4782608695652,33.46489977436379,926,1133,2104.3478260869565,5.888661010995215,2090,2121,46
cpld_control_p8_mixedmode_intel,ursa,intel,394.3265306122449,14.882019009392481,367,443,2187.4489795918366,18.20263399493993,2168,2249,49
cpld_control_p8_mixedmode_intel,wcoss2,intel,435.17021276595744,32.998233911197346,389,524,3344.1702127659573,3.857906330912502,3338,3350,47
