test_name,machine,compiler,core_mean,core_std,core_min,core_max,mem_mean,mem_std,mem_min,mem_max,n_hashes
cpld_restart_gfsv17_iau_intel,acorn,intel,392.2340425531915,15.830917419593083,377,454,1932.3191489361702,2.2564533827758577,1927,1940,47
cpld_restart_gfsv17_iau_intel,derecho,intel,407.7692307692308,13.671306279380005,390,443,1884.6923076923076,4.49683649486381,1873,1889,26
cpld_restart_gfsv17_iau_intel,gaeac6,intel,257.48936170212767,11.650475527569741,246,301,139402.02127659574,924076.4876643409,1909,6339744,47
cpld_restart_gfsv17_iau_intel,hera,intel,486.3030303030303,23.700586554562364,467,539,2207.242424242424,10.295722118403955,2182,2230,33
cpld_restart_gfsv17_iau_intel,hercules,intel,441.8510638297872,28.16564259442184,419,551,2211.723404255319,9.247096201463032,2189,2230,47
cpld_restart_gfsv17_iau_intel,orion,intel,640.6086956521739,32.92447806782434,557,772,2086.7391304347825,6.416765480135352,2075,2101,46
cpld_restart_gfsv17_iau_intel,ursa,intel,281.8775510204082,24.209702473957663,270,395,2350.1020408163267,14.377709741644042,2321,2375,49
cpld_restart_gfsv17_iau_intel,wcoss2,intel,419.70212765957444,26.32234535408787,396,503,1906.936170212766,39.64703193853984,1836,1938,47
