test_name,machine,compiler,core_mean,core_std,core_min,core_max,mem_mean,mem_std,mem_min,mem_max,n_hashes
cpld_control_c24_5deg_intel,acorn,intel,81.63636363636364,5.750999545441662,67,94,2114.7272727272725,3.5198020317192227,2108,2120,44
cpld_control_c24_5deg_intel,derecho,intel,57.95454545454545,5.075955840584142,56,90,2076.7954545454545,1.0907549221578081,2074,2079,44
cpld_control_c24_5deg_intel,gaeac6,intel,45.38297872340426,0.9902391342578457,44,48,6337.574468085107,0.49976867914527756,6337,6338,47
cpld_control_c24_5deg_intel,hera,intel,71.84615384615384,1.724632997005148,70,77,2257.769230769231,2.9482719841133376,2254,2262,13
cpld_control_c24_5deg_intel,hercules,intel,66.97826086956522,23.89931577861573,53,149,50921.760869565216,330193.09903726104,2225,2241716,46
cpld_control_c24_5deg_intel,orion,intel,109.28888888888889,36.94628916181276,80,214,51890.75555555556,333072.8822487761,2221,2236560,45
cpld_control_c24_5deg_intel,ursa,intel,164.3,318.3968291555783,49,1151,2211.62,2.2213252157855954,2205,2217,50
cpld_control_c24_5deg_intel,wcoss2,intel,87.16666666666667,7.029825013207087,76,115,2120.3125,6.267634695868635,2110,2129,48
