test_name,machine,compiler,core_mean,core_std,core_min,core_max,mem_mean,mem_std,mem_min,mem_max,n_hashes
cpld_debug_pdlib_p8_intel,acorn,intel,1453.6129032258063,29.48183329821358,1432,1564,1961.0645161290322,2.1124312039444044,1958,1967,31
cpld_debug_pdlib_p8_intel,derecho,intel,1388.0869565217392,17.768493678107173,1352,1431,1895.3478260869565,1.9448929779429753,1891,1899,23
cpld_debug_pdlib_p8_intel,gaeac6,intel,976.7741935483871,9.105711311842926,961,999,209912.16129032258,1137533.2720224962,1931,6339116,31
cpld_debug_pdlib_p8_intel,hera,intel,1653.7,26.318094635880446,1604,1705,1972.2,10.585988753760184,1937,1988,20
cpld_debug_pdlib_p8_intel,hercules,intel,1338.774193548387,40.17520767622681,1280,1406,2065.8387096774195,4.619500508305767,2056,2073,31
cpld_debug_pdlib_p8_intel,orion,intel,1720.0,33.405553946653235,1655,1801,1998.4333333333334,3.539757768191367,1991,2006,30
cpld_debug_pdlib_p8_intel,ursa,intel,1165.0,13.418736900319649,1144,1212,2182.878787878788,9.898729639951192,2166,2203,33
cpld_debug_pdlib_p8_intel,wcoss2,intel,1459.0,27.490604455583238,1429,1533,1931.5483870967741,40.79774398148131,1870,1963,31
