test_name,machine,compiler,core_mean,core_std,core_min,core_max,mem_mean,mem_std,mem_min,mem_max,n_hashes
cpld_restart_c192_p8_intel,derecho,intel,312.6666666666667,0.577350269189634,312,313,2654.0,5.196152422706632,2651,2660,3
cpld_restart_c192_p8_intel,hera,intel,531.4583333333334,17.386664409563437,484,572,2817.8958333333335,10.24225619952655,2789,2842,48
cpld_restart_c192_p8_intel,hercules,intel,389.95652173913044,119.11375636979024,313,812,260717.13043478262,844453.6460723415,2938,2969440,46
cpld_restart_c192_p8_intel,orion,intel,545.5217391304348,38.83969283002166,487,646,64897.13043478261,420880.4822136358,2814,2857392,46
cpld_restart_c192_p8_intel,ursa,intel,733.3265306122449,20.741853576667616,699,803,74450.24489795919,496783.8394190563,3459,3480968,49
