test_name,machine,compiler,core_mean,core_std,core_min,core_max,mem_mean,mem_std,mem_min,mem_max,n_hashes
cpld_debug_p8_intel,derecho,intel,770.5294117647059,12.031820555608075,754,793,2030.6470588235295,6.254410208710642,2014,2041,17
cpld_debug_p8_intel,gaeac6,intel,508.44444444444446,10.526061932079843,488,535,144693.11111111112,944349.5968600012,2066,6338792,45
cpld_debug_p8_intel,hera,intel,802.560975609756,19.33784990696717,778,909,2298.951219512195,13.15855466894468,2258,2311,41
cpld_debug_p8_intel,hercules,intel,744.3695652173913,97.37632810576869,635,1229,2283.9347826086955,6.7639639065764365,2270,2300,46
cpld_debug_p8_intel,orion,intel,852.6,30.862893283329452,794,903,2210.5333333333333,6.686485691982778,2195,2223,45
cpld_debug_p8_intel,ursa,intel,545.530612244898,9.764096734158963,533,585,2378.4489795918366,16.425413775216605,2334,2413,49
