test_name,machine,compiler,core_mean,core_std,core_min,core_max,mem_mean,mem_std,mem_min,mem_max,n_hashes
cpld_control_c12_9deg_intel,acorn,intel,56.40816326530612,5.110929332269797,45,68,2039.6530612244899,2.642213563852579,2034,2046,49
cpld_control_c12_9deg_intel,derecho,intel,48.6,16.317249510225285,31,72,510039.55,902748.3902292618,2029,2036396,20
cpld_control_c12_9deg_intel,gaeac6,intel,27.4375,3.0798331676286512,25,45,170832.89583333334,565802.0464218927,2009,2031608,48
cpld_control_c12_9deg_intel,hera,intel,48.142857142857146,27.079358682706403,35,203,2186.612244897959,6.891469142263964,2158,2196,49
cpld_control_c12_9deg_intel,hercules,intel,52.734693877551024,36.97621730597255,28,212,886202.3265306122,1075558.4004508888,2153,2177128,49
cpld_control_c12_9deg_intel,orion,intel,73.81632653061224,33.824715735063066,48,180,90635.48979591837,433316.576362004,2145,2171212,49
cpld_control_c12_9deg_intel,ursa,intel,39.45652173913044,17.922929475010037,32,133,48587.52173913043,315035.9839975772,2132,2138816,46
cpld_control_c12_9deg_intel,wcoss2,intel,88.38775510204081,21.34714688833402,58,199,2039.0816326530612,1.7180019244008702,2034,2043,49
