test_name,machine,compiler,core_mean,core_std,core_min,core_max,mem_mean,mem_std,mem_min,mem_max,n_hashes
cpld_decomp_p8_intel,acorn,intel,484.4255319148936,7.207317178157764,470,501,3294.127659574468,70.42344502806412,3214,3364,47
cpld_decomp_p8_intel,derecho,intel,450.6896551724138,11.616193894349955,413,470,354870.9310344828,785370.89726324,2044,2047592,29
cpld_decomp_p8_intel,gaeac6,intel,296.7826086956522,8.18104324637352,290,342,181666.65217391305,588422.8037915978,2052,2074984,46
cpld_decomp_p8_intel,hera,intel,674.0,97.54017175698928,525,839,2582.0625,510.9121757501841,2222,3390,48
cpld_decomp_p8_intel,hercules,intel,586.8775510204082,151.21337471889694,499,1555,1467366.1836734693,1078955.6577788286,2241,2255528,49
cpld_decomp_p8_intel,orion,intel,1023.1458333333334,120.90667925574868,928,1681,138352.5,532988.7965757198,2154,2189268,48
cpld_decomp_p8_intel,ursa,intel,429.1764705882353,17.897808547476945,410,492,75430.08823529411,425520.59042067715,2414,2483644,34
cpld_decomp_p8_intel,wcoss2,intel,540.0212765957447,73.45258433956536,491,852,3302.1702127659573,73.40753401357253,3217,3376,47
