test_name,machine,compiler,core_mean,core_std,core_min,core_max,mem_mean,mem_std,mem_min,mem_max,n_hashes
cpld_control_c24_5deg_intel,acorn,intel,82.36734693877551,4.121558552047899,72,90,2113.591836734694,2.8351834695699885,2109,2121,49
cpld_control_c24_5deg_intel,derecho,intel,71.25,16.299418782017323,54,95,528466.65,935363.922846204,2103,2108856,20
cpld_control_c24_5deg_intel,gaeac6,intel,45.520833333333336,3.045677672090321,43,61,176910.91666666666,585939.827735907,2081,2102480,48
cpld_control_c24_5deg_intel,hera,intel,79.87755102040816,24.423889136339806,67,197,2258.4489795918366,5.212409969205654,2239,2266,49
cpld_control_c24_5deg_intel,hercules,intel,83.3265306122449,32.888946823047576,54,151,916914.0408163265,1112829.3511877724,2224,2249256,49
cpld_control_c24_5deg_intel,orion,intel,114.3265306122449,44.22451608699921,80,294,93587.44897959183,447404.59266432154,2224,2241228,49
cpld_control_c24_5deg_intel,ursa,intel,75.3913043478261,112.61704592918618,49,805,50247.760869565216,325797.24486395146,2207,2211876,46
cpld_control_c24_5deg_intel,wcoss2,intel,122.63265306122449,48.87641467583958,83,349,2110.387755102041,2.03936598124079,2106,2118,49
