test_name,machine,compiler,core_mean,core_std,core_min,core_max,mem_mean,mem_std,mem_min,mem_max,n_hashes
cpld_dcp_gefs_intel,hera,intel,975.8095238095239,55.54423376698885,933,1193,3047.190476190476,18.173109386175618,2999,3069,21
cpld_dcp_gefs_intel,hercules,intel,940.1063829787234,81.17941322949383,811,1101,3167.5106382978724,9.52769952713517,3131,3190,47
cpld_dcp_gefs_intel,orion,intel,1286.468085106383,70.60848916317124,1190,1542,67264.76595744681,440194.314106169,3039,3020876,47
cpld_dcp_gefs_intel,ursa,intel,1978.48,48.44700028623749,1869,2076,3444.08,21.93668067834501,3398,3503,50
