test_name,machine,compiler,core_mean,core_std,core_min,core_max,mem_mean,mem_std,mem_min,mem_max,n_hashes
cpld_restart_c12_9deg_intel,acorn,intel,41.61702127659574,4.811910907996323,28,50,1396.4468085106382,1.7792097737637225,1393,1400,47
cpld_restart_c12_9deg_intel,derecho,intel,22.555555555555557,1.0127393670836673,21,25,1361.2592592592594,1.1297580609817808,1358,1363,27
cpld_restart_c12_9deg_intel,gaeac6,intel,18.425531914893618,2.420426488210056,16,28,139245.29787234042,923761.840423614,1363,6337472,47
cpld_restart_c12_9deg_intel,hera,intel,29.21875,0.7506717421857098,28,31,1530.90625,3.39220524903966,1524,1537,32
cpld_restart_c12_9deg_intel,hercules,intel,29.74468085106383,21.034617518154693,20,92,1502.8297872340424,4.792744284836525,1490,1511,47
cpld_restart_c12_9deg_intel,orion,intel,42.45652173913044,27.151187018650567,30,131,1503.5869565217392,4.343966886289359,1490,1512,46
cpld_restart_c12_9deg_intel,ursa,intel,137.18367346938774,325.529291658817,21,1194,1488.5714285714287,1.2909944487358302,1485,1491,49
cpld_restart_c12_9deg_intel,wcoss2,intel,59.340425531914896,12.975355563101116,43,106,1398.723404255319,4.431616289991801,1393,1407,47
