test_name,machine,compiler,core_mean,core_std,core_min,core_max,mem_mean,mem_std,mem_min,mem_max,n_hashes
cpld_control_noaero_p8_intel,acorn,intel,287.57142857142856,8.231038816577183,270,307,1925.6938775510205,3.58935974811116,1916,1932,49
cpld_control_noaero_p8_intel,derecho,intel,285.2631578947368,7.467277543933167,270,305,505199.4210526316,865235.0214882091,1905,1917516,19
cpld_control_noaero_p8_intel,gaeac6,intel,178.02083333333334,5.807147405818773,165,193,162366.8125,537735.2560186399,1918,1931280,48
cpld_control_noaero_p8_intel,hera,intel,683.3061224489796,76.13973012430081,373,818,2101.183673469388,19.831239528191134,2013,2120,49
cpld_control_noaero_p8_intel,hercules,intel,493.7551020408163,33.31574365836977,449,566,795939.8979591837,1007915.3160268113,2036,2058720,49
cpld_control_noaero_p8_intel,orion,intel,965.9183673469388,118.31751714748567,905,1729,83677.8163265306,400051.806647572,1990,2007956,49
cpld_control_noaero_p8_intel,ursa,intel,393.8085106382979,15.14371486483727,366,456,46261.36170212766,302841.4836402203,2070,2078264,47
cpld_control_noaero_p8_intel,wcoss2,intel,334.6530612244898,72.73082537125282,285,762,1922.7142857142858,6.474308199851671,1907,1931,49
