test_name,machine,compiler,core_mean,core_std,core_min,core_max,mem_mean,mem_std,mem_min,mem_max,n_hashes
cpld_control_nowave_noaero_p8_gnu,derecho,gnu,536.0434782608696,8.767078195103053,525,568,1635.391304347826,8.932774843415775,1615,1652,23
cpld_control_nowave_noaero_p8_gnu,hera,gnu,601.4,35.2053499722225,586,769,1631.84,8.429511650544546,1616,1654,25
cpld_control_nowave_noaero_p8_gnu,hercules,gnu,512.8888888888889,22.562646473164783,493,571,1624.4722222222222,10.478511647615123,1598,1644,36
cpld_control_nowave_noaero_p8_gnu,ursa,gnu,493.7631578947368,249.46997156788734,411,1646,1549.078947368421,8.14855841651922,1529,1568,38
