test_name,machine,compiler,core_mean,core_std,core_min,core_max,mem_mean,mem_std,mem_min,mem_max,n_hashes
cpld_control_gfsv17_iau_intel,acorn,intel,848.8695652173913,6.591606432601849,832,864,1943.7826086956522,4.396529153665915,1938,1954,46
cpld_control_gfsv17_iau_intel,derecho,intel,841.0,17.039170558842756,820,890,1889.5483870967741,2.631079748916982,1882,1894,31
cpld_control_gfsv17_iau_intel,gaeac6,intel,564.5744680851063,8.984877829009186,553,611,139876.1489361702,924025.1193195801,1913,6339876,47
cpld_control_gfsv17_iau_intel,hera,intel,1110.357142857143,31.42800624792442,1081,1221,2259.1428571428573,10.717636160447332,2239,2282,28
cpld_control_gfsv17_iau_intel,hercules,intel,1000.3617021276596,115.51706546840198,942,1757,2329.553191489362,8.84358895923629,2310,2356,47
cpld_control_gfsv17_iau_intel,orion,intel,1482.5217391304348,28.19750905502486,1449,1561,2135.891304347826,8.116453141255983,2113,2153,46
cpld_control_gfsv17_iau_intel,ursa,intel,608.3061224489796,7.627264913979782,597,628,2617.795918367347,25.2107612537425,2580,2663,49
cpld_control_gfsv17_iau_intel,wcoss2,intel,890.6595744680851,44.71857730671587,849,1124,1906.127659574468,49.1278797236606,1828,1957,47
