test_name,machine,compiler,core_mean,core_std,core_min,core_max,mem_mean,mem_std,mem_min,mem_max,n_hashes
cpld_restart_c192_p8_intel,derecho,intel,320.22222222222223,10.509255180289623,312,344,1182796.0,1399478.1869778286,2651,2662888,9
cpld_restart_c192_p8_intel,hera,intel,533.2708333333334,17.09141825637018,484,572,2818.125,10.45074567226587,2789,2842,48
cpld_restart_c192_p8_intel,hercules,intel,393.0217391304348,118.07238629669983,313,812,647176.2826086957,1235818.211224624,2938,2974652,46
cpld_restart_c192_p8_intel,orion,intel,562.304347826087,97.63807762803681,487,1148,126337.06521739131,585641.9396989333,2814,2857392,46
cpld_restart_c192_p8_intel,ursa,intel,735.7551020408164,20.810184417976803,699,803,74452.14285714286,496783.562617565,3461,3480968,49
