test_name,machine,compiler,core_mean,core_std,core_min,core_max,mem_mean,mem_std,mem_min,mem_max,n_hashes
cpld_warmstart_c12_9deg_intel,acorn,intel,47.91111111111111,8.688608587795812,33,70,2040.7555555555555,2.1862749094745926,2034,2044,45
cpld_warmstart_c12_9deg_intel,derecho,intel,34.04347826086956,11.871453195215132,26,62,2004.7826086956522,1.2456688248711874,2001,2007,46
cpld_warmstart_c12_9deg_intel,gaeac6,intel,22.488888888888887,1.9957024534805496,20,34,6337.6,0.7804427647757263,6336,6339,45
cpld_warmstart_c12_9deg_intel,hera,intel,33.333333333333336,0.5163977794943221,33,34,2186.5,3.5071355833500366,2181,2190,6
cpld_warmstart_c12_9deg_intel,hercules,intel,38.1063829787234,25.897988878233292,24,117,48070.234042553195,314724.8854763414,2151,2159808,47
cpld_warmstart_c12_9deg_intel,orion,intel,76.67391304347827,39.76321826223386,37,157,49096.891304347824,318312.99945879466,2151,2161068,46
cpld_warmstart_c12_9deg_intel,ursa,intel,50.12,156.6659829193358,25,1135,2138.36,1.675270310202396,2135,2141,50
cpld_warmstart_c12_9deg_intel,wcoss2,intel,55.97959183673469,9.631739622896026,47,109,2048.4489795918366,3.9794326673209923,2039,2052,49
