test_name,machine,compiler,core_mean,core_std,core_min,core_max,mem_mean,mem_std,mem_min,mem_max,n_hashes
cpld_debug_pdlib_p8_gnu,hera,gnu,661.875,22.209471814923283,640,764,1544.5833333333333,8.057858153019634,1527,1558,48
cpld_debug_pdlib_p8_gnu,hercules,gnu,571.4285714285714,62.50866606586106,523,850,784475.918367347,807324.7649037074,1585,1615976,49
cpld_debug_pdlib_p8_gnu,ursa,gnu,401.76190476190476,15.595198641685688,391,484,39139.76190476191,243421.71658384308,1558,1579132,42
