test_name,machine,compiler,core_mean,core_std,core_min,core_max,mem_mean,mem_std,mem_min,mem_max,n_hashes
cpld_mpi_gfsv17_intel,acorn,intel,917.6,6.856980517558809,898,930,1874.0,1.4924050144892935,1872,1877,45
cpld_mpi_gfsv17_intel,derecho,intel,872.1052631578947,29.36884677238262,850,1032,1829.3157894736842,2.3835615318473597,1819,1832,38
cpld_mpi_gfsv17_intel,gaeac6,intel,609.2127659574468,20.1342625675659,594,721,140500.93617021278,923758.8082174491,1872,6338720,47
cpld_mpi_gfsv17_intel,hera,intel,1252.142857142857,27.19243592303875,1217,1353,1870.7619047619048,7.442477825998274,1857,1882,21
cpld_mpi_gfsv17_intel,hercules,intel,972.3191489361702,48.21244038581325,930,1181,42876.27659574468,280767.62959489267,1916,1926768,47
cpld_mpi_gfsv17_intel,orion,intel,1632.2826086956522,34.65939862495421,1587,1725,42809.30434782609,277628.00044198794,1855,1884840,46
cpld_mpi_gfsv17_intel,ursa,intel,1021.469387755102,16.738306914600027,985,1057,1998.1020408163265,11.260633674367474,1977,2020,49
cpld_mpi_gfsv17_intel,wcoss2,intel,967.1489361702128,42.04344477851055,918,1153,1833.5744680851064,40.714672433182635,1787,1880,47
