test_name,machine,compiler,core_mean,core_std,core_min,core_max,mem_mean,mem_std,mem_min,mem_max,n_hashes
cpld_control_gfsv17_iau_intel,acorn,intel,849.9333333333333,9.264791613218483,831,877,1943.3777777777777,3.868808184399508,1935,1951,45
cpld_control_gfsv17_iau_intel,derecho,intel,845.8409090909091,45.583015595529,820,1125,1887.8863636363637,5.049595466601438,1874,1894,44
cpld_control_gfsv17_iau_intel,gaeac6,intel,566.2291666666666,7.9204544876402405,555,611,138195.58333333334,914181.1213903886,1929,6339876,48
cpld_control_gfsv17_iau_intel,hera,intel,1110.375,31.987237038127127,1081,1221,2253.1875,8.634958019585238,2239,2270,16
cpld_control_gfsv17_iau_intel,hercules,intel,1003.9166666666666,115.33463492890756,942,1757,50991.666666666664,337141.15927588334,2314,2338112,48
cpld_control_gfsv17_iau_intel,orion,intel,1490.8936170212767,29.70304774477523,1450,1561,47571.29787234042,311498.99246601766,2113,2137664,47
cpld_control_gfsv17_iau_intel,ursa,intel,611.2,8.713114675415367,597,643,2614.32,28.22463824536343,2529,2663,50
cpld_control_gfsv17_iau_intel,wcoss2,intel,886.9166666666666,20.027463413526533,849,936,1879.0833333333333,48.39458090523069,1828,1955,48
