test_name,machine,compiler,core_mean,core_std,core_min,core_max,mem_mean,mem_std,mem_min,mem_max,n_hashes
cpld_control_sfs_intel,acorn,intel,717.6666666666666,23.320884124827636,668,766,2195.9555555555557,2.584530514387127,2190,2201,45
cpld_control_sfs_intel,derecho,intel,654.7954545454545,20.338506891590644,614,715,2161.2045454545455,5.805288468903696,2150,2175,44
cpld_control_sfs_intel,gaeac6,intel,441.51063829787233,9.08144869793826,427,468,6338.574468085107,0.6509084237690659,6338,6340,47
cpld_control_sfs_intel,hera,intel,686.0,15.287716824767704,667,707,2214.0,9.396047801374424,2198,2225,8
cpld_control_sfs_intel,hercules,intel,625.2127659574468,66.269192845877,540,876,51477.31914893617,337087.5709708801,2300,2313264,47
cpld_control_sfs_intel,orion,intel,812.6304347826087,44.00826119196372,747,949,50637.086956521736,328325.4976704825,2221,2229040,46
cpld_control_sfs_intel,ursa,intel,517.2,26.535305707294814,490,622,2398.06,9.494165770275426,2384,2426,50
cpld_control_sfs_intel,wcoss2,intel,725.8571428571429,15.271160182950506,696,776,2121.8571428571427,40.67964273851622,2096,2204,49
