test_name,machine,compiler,core_mean,core_std,core_min,core_max,mem_mean,mem_std,mem_min,mem_max,n_hashes
cpld_debug_p8_gnu,derecho,gnu,418.30434782608694,12.289813899799277,399,455,1666.5652173913043,7.981946031551025,1651,1678,23
cpld_debug_p8_gnu,hera,gnu,413.7241379310345,4.854280524327678,407,426,1684.9310344827586,5.9337475178770775,1676,1697,29
cpld_debug_p8_gnu,hercules,gnu,366.65,31.799492013359142,321,437,1714.825,12.10189114274167,1686,1733,40
cpld_debug_p8_gnu,ursa,gnu,285.4047619047619,5.250131351711176,278,304,1598.8095238095239,8.551816510038686,1581,1612,42
