test_name,machine,compiler,core_mean,core_std,core_min,core_max,mem_mean,mem_std,mem_min,mem_max,n_hashes
cpld_debug_pdlib_p8_intel,acorn,intel,1447.530612244898,27.826173261290343,1422,1588,1968.5102040816328,3.6120311055530396,1960,1979,49
cpld_debug_pdlib_p8_intel,derecho,intel,1374.7,15.79840098504305,1344,1402,488835.8,865226.4918300811,1939,1954012,20
cpld_debug_pdlib_p8_intel,gaeac6,intel,968.5208333333334,6.311049355822797,960,994,164964.1875,546363.1621733963,1937,1962676,48
cpld_debug_pdlib_p8_intel,hera,intel,1649.0,65.89164084565908,1420,1791,1982.142857142857,11.339459128782723,1930,1997,49
cpld_debug_pdlib_p8_intel,hercules,intel,1361.795918367347,38.931552965769704,1288,1471,845488.0,1026145.0281601483,2052,2078676,49
cpld_debug_pdlib_p8_intel,orion,intel,1735.1632653061224,66.249951867522,1667,2033,84018.63265306123,401689.0999834684,1987,2012516,49
cpld_debug_pdlib_p8_intel,ursa,intel,1165.8478260869565,14.466770185965089,1137,1211,48974.760869565216,317339.67952135985,2160,2154488,46
cpld_debug_pdlib_p8_intel,wcoss2,intel,1482.795918367347,35.57092655985402,1435,1624,1962.9183673469388,5.357380947090081,1951,1970,49
