test_name,machine,compiler,core_mean,core_std,core_min,core_max,mem_mean,mem_std,mem_min,mem_max,n_hashes
cpld_control_p8_lnd_intel,acorn,intel,505.7826086956522,9.50535064167837,484,521,3360.913043478261,4.461320616422122,3356,3369,46
cpld_control_p8_lnd_intel,gaeac6,intel,308.8888888888889,21.919503791478633,294,448,144690.17777777778,944409.2212793978,2043,6339180,45
cpld_control_p8_lnd_intel,hera,intel,749.3170731707318,42.52201725247184,703,891,2112.682926829268,15.461951727369902,2057,2129,41
cpld_control_p8_lnd_intel,hercules,intel,537.7173913043479,46.94425206489477,489,662,2222.717391304348,5.890342542306213,2211,2233,46
cpld_control_p8_lnd_intel,orion,intel,1043.2222222222222,31.526964569230188,1000,1125,2146.733333333333,6.268246093677893,2134,2162,45
cpld_control_p8_lnd_intel,ursa,intel,444.1020408163265,15.668765237938594,420,495,2516.326530612245,24.369882159390652,2477,2558,49
