test_name,machine,compiler,core_mean,core_std,core_min,core_max,mem_mean,mem_std,mem_min,mem_max,n_hashes
cpld_control_ciceC_p8_intel,acorn,intel,492.8541666666667,9.776196848606055,469,512,3355.1458333333335,32.8322555354654,3228,3372,48
cpld_control_ciceC_p8_intel,derecho,intel,464.0833333333333,6.9864587639666285,454,480,860581.6666666666,1060994.9206313456,2056,2073884,12
cpld_control_ciceC_p8_intel,gaeac6,intel,301.0,4.338903888832026,291,317,224522.48936170212,1003404.0151127271,2037,6339064,47
cpld_control_ciceC_p8_intel,hera,intel,712.9583333333334,44.78837155948349,660,844,2278.1458333333335,15.9039531862475,2216,2297,48
cpld_control_ciceC_p8_intel,hercules,intel,572.0416666666666,118.01405584033844,483,1090,661053.4375,1037521.231138211,2248,2269080,48
cpld_control_ciceC_p8_intel,orion,intel,1006.5,89.23743132192999,933,1548,93373.83333333333,441935.21448194835,2177,2192604,48
cpld_control_ciceC_p8_intel,ursa,intel,415.38775510204084,14.614228692343227,388,448,53051.97959183674,353922.3369537029,2444,2479948,49
cpld_control_ciceC_p8_intel,wcoss2,intel,562.3541666666666,133.13862389914829,483,1395,3369.4791666666665,32.66984397994194,3244,3384,48
