test_name,machine,compiler,core_mean,core_std,core_min,core_max,mem_mean,mem_std,mem_min,mem_max,n_hashes
cpld_warmstart_c12_9deg_intel,acorn,intel,47.40909090909091,8.144960438804036,33,60,2041.4772727272727,2.0515296206379334,2037,2045,44
cpld_warmstart_c12_9deg_intel,derecho,intel,30.31111111111111,8.112342510650114,26,56,2004.8444444444444,1.0650556015267083,2002,2006,45
cpld_warmstart_c12_9deg_intel,gaeac6,intel,22.5625,1.9559646909748711,20,34,6337.458333333333,0.7706955502696025,6336,6339,48
cpld_warmstart_c12_9deg_intel,hera,intel,33.5,0.6741998624632436,33,35,2185.25,3.3063300170760495,2179,2190,12
cpld_warmstart_c12_9deg_intel,hercules,intel,37.93617021276596,25.97356871841831,24,117,48070.78723404255,314724.803028665,2151,2159808,47
cpld_warmstart_c12_9deg_intel,orion,intel,68.84782608695652,36.83715961501938,37,157,49096.065217391304,318313.12395867205,2151,2161068,46
cpld_warmstart_c12_9deg_intel,ursa,intel,51.28,156.67645591069095,25,1135,2137.96,1.8178255680670294,2134,2141,50
cpld_warmstart_c12_9deg_intel,wcoss2,intel,55.520833333333336,5.953685014193051,47,75,2047.2291666666667,4.80354294481671,2038,2052,48
