test_name,machine,compiler,core_mean,core_std,core_min,core_max,mem_mean,mem_std,mem_min,mem_max,n_hashes
cpld_control_p8_lnd_intel,acorn,intel,498.04347826086956,27.17756960905577,431,521,3063.9347826086955,563.8496411938172,2005,3362,46
cpld_control_p8_lnd_intel,gaeac6,intel,309.1914893617021,31.102661914510836,269,448,140167.6170212766,923877.5143420057,2043,6339180,47
cpld_control_p8_lnd_intel,hera,intel,732.08,15.32133588605553,703,771,2107.92,16.390851106638745,2057,2125,25
cpld_control_p8_lnd_intel,hercules,intel,532.1489361702128,51.00638439297245,470,710,47904.68085106383,313303.911284312,2141,2150108,47
cpld_control_p8_lnd_intel,orion,intel,1038.9347826086957,31.582978660392445,991,1125,47321.32608695652,306510.4752131324,2062,2080984,46
cpld_control_p8_lnd_intel,ursa,intel,443.2857142857143,16.308229006649785,420,495,2464.7551020408164,100.00281883782178,2272,2558,49
