test_name,machine,compiler,core_mean,core_std,core_min,core_max,mem_mean,mem_std,mem_min,mem_max,n_hashes
cpld_control_p8_lnd_intel,acorn,intel,500.7659574468085,23.530935018985446,434,521,3215.0425531914893,421.6789917258207,2005,3367,47
cpld_control_p8_lnd_intel,gaeac6,intel,308.3404255319149,27.238301514231814,269,448,139621.12765957447,923959.5222079623,2043,6339180,47
cpld_control_p8_lnd_intel,hera,intel,738.0645161290323,29.203807381767827,703,873,2110.8064516129034,15.950798004778655,2057,2129,31
cpld_control_p8_lnd_intel,hercules,intel,529.1914893617021,44.90697549082526,470,662,2213.744680851064,22.161921990409102,2151,2232,47
cpld_control_p8_lnd_intel,orion,intel,1040.4782608695652,29.829693729894768,1006,1125,2137.804347826087,21.3141784476566,2074,2162,46
cpld_control_p8_lnd_intel,ursa,intel,441.46938775510205,13.321508361819019,420,484,2492.326530612245,75.30338299038048,2272,2558,49
