test_name,machine,compiler,core_mean,core_std,core_min,core_max,mem_mean,mem_std,mem_min,mem_max,n_hashes
cpld_restart_c24_9deg_intel,acorn,intel,46.45652173913044,5.492243102732882,31,58,1453.0434782608695,3.133734171092396,1448,1459,46
cpld_restart_c24_9deg_intel,derecho,intel,25.391304347826086,1.4690482520320483,23,29,1422.4347826086957,1.8297065576087104,1419,1425,23
cpld_restart_c24_9deg_intel,gaeac6,intel,20.804347826086957,3.081266443940012,18,32,141862.4347826087,933970.0485532988,1421,6338628,46
cpld_restart_c24_9deg_intel,hera,intel,33.17142857142857,1.2001400478501587,32,37,1580.2,6.1825180478316435,1568,1591,35
cpld_restart_c24_9deg_intel,hercules,intel,27.82608695652174,12.039387854180196,23,73,1549.4347826086957,5.277424346162454,1535,1557,46
cpld_restart_c24_9deg_intel,orion,intel,48.888888888888886,25.444433417138452,34,125,1550.3555555555556,4.286106283179073,1537,1558,45
cpld_restart_c24_9deg_intel,ursa,intel,104.16326530612245,299.1938019452425,23,1271,1531.0204081632653,1.8084269858816964,1523,1534,49
cpld_restart_c24_9deg_intel,wcoss2,intel,63.95652173913044,14.206346815950697,45,118,1461.6739130434783,13.793805933302089,1452,1490,46
