test_name,machine,compiler,core_mean,core_std,core_min,core_max,mem_mean,mem_std,mem_min,mem_max,n_hashes
cpld_restart_c192_p8_intel,hera,intel,521.7,9.569047322835585,510,545,2811.4,9.924156835161767,2795,2828,10
cpld_restart_c192_p8_intel,hercules,intel,342.0625,42.89542268394196,300,546,60613.291666666664,399899.83809358417,2746,2773480,48
cpld_restart_c192_p8_intel,orion,intel,541.6382978723404,67.49474231759119,325,707,58830.65957446808,384370.533619425,2625,2637876,47
cpld_restart_c192_p8_intel,ursa,intel,745.58,154.35713822965553,198,925,3350.2,156.57142857142864,3117,3491,50
