test_name,machine,compiler,core_mean,core_std,core_min,core_max,mem_mean,mem_std,mem_min,mem_max,n_hashes
cpld_control_gefs_intel,acorn,intel,1077.6444444444444,68.81105736843173,1003,1171,4092.0,9.501196096951599,4075,4108,45
cpld_control_gefs_intel,hera,intel,970.25,88.18608571813195,922,1181,3040.875,9.046506823867725,3022,3052,8
cpld_control_gefs_intel,hercules,intel,1017.195652173913,80.91466549264996,879,1169,3104.413043478261,29.094922112863802,3079,3192,46
cpld_control_gefs_intel,orion,intel,1227.0869565217392,54.024202842370805,1127,1325,69169.15217391304,448511.99242472707,3001,3044996,46
cpld_control_gefs_intel,ursa,intel,1209.16,110.3882498923038,800,1424,3213.5,20.752427937620098,3180,3258,50
cpld_control_gefs_intel,wcoss2,intel,1056.9795918367347,46.85237889545498,982,1162,3126.2244897959185,501.00179911961277,2857,4109,49
