test_name,machine,compiler,core_mean,core_std,core_min,core_max,mem_mean,mem_std,mem_min,mem_max,n_hashes
cpld_restart_c24_5deg_intel,acorn,intel,46.755102040816325,4.479260598603756,35,59,1458.6938775510205,3.819926273463138,1448,1465,49
cpld_restart_c24_5deg_intel,derecho,intel,37.421052631578945,15.374277903453923,22,60,382124.5263157895,654436.3501791588,1446,1450360,19
cpld_restart_c24_5deg_intel,gaeac6,intel,19.229166666666668,1.1712801386178158,17,22,121678.47916666667,403008.65972523653,1424,1447396,48
cpld_restart_c24_5deg_intel,hera,intel,39.326530612244895,27.424432351389125,26,188,1586.938775510204,4.487984715072159,1570,1597,49
cpld_restart_c24_5deg_intel,hercules,intel,39.795918367346935,24.85372171311969,20,91,617005.8775510204,781622.1513327969,1546,1622332,49
cpld_restart_c24_5deg_intel,orion,intel,48.87755102040816,33.984452727841365,33,229,65054.22448979592,311013.465918296,1544,1557400,49
cpld_restart_c24_5deg_intel,ursa,intel,92.53191489361703,250.4365623973143,24,1264,34116.382978723406,223373.86185394606,1530,1532908,47
cpld_restart_c24_5deg_intel,wcoss2,intel,86.75510204081633,32.16593087170862,50,188,1481.9795918367347,12.241476279297213,1453,1491,49
