test_name,machine,compiler,core_mean,core_std,core_min,core_max,mem_mean,mem_std,mem_min,mem_max,n_hashes
cpld_control_nowave_noaero_p8_gnu,derecho,gnu,534.6666666666666,5.615105677073758,525,549,1634.5,9.069989298910542,1615,1652,18
cpld_control_nowave_noaero_p8_gnu,hera,gnu,598.25,28.115831839019087,586,769,1634.35,8.541152267187467,1616,1654,40
cpld_control_nowave_noaero_p8_gnu,hercules,gnu,531.5869565217391,99.23721884386289,484,1153,1626.4130434782608,10.45110538960995,1598,1644,46
cpld_control_nowave_noaero_p8_gnu,ursa,gnu,458.3265306122449,193.10202266279498,404,1646,1550.1224489795918,9.556046630844984,1524,1569,49
