test_name,machine,compiler,core_mean,core_std,core_min,core_max,mem_mean,mem_std,mem_min,mem_max,n_hashes
cpld_dcp_gefs_intel,hera,intel,979.8541666666666,56.197595762661834,905,1185,3058.5416666666665,14.963726827477604,3020,3083,48
cpld_dcp_gefs_intel,hercules,intel,976.6458333333334,186.19098974741112,791,1710,1185493.875,1542552.4056257443,3141,3172352,48
cpld_dcp_gefs_intel,orion,intel,1303.3333333333333,223.87566204645287,1179,2399,66985.35416666667,442769.77108562,3043,3070676,48
cpld_dcp_gefs_intel,ursa,intel,1986.1224489795918,211.87286209865948,1900,3416,73872.91836734694,492903.1162925106,3427,3453780,49
