test_name,machine,compiler,core_mean,core_std,core_min,core_max,mem_mean,mem_std,mem_min,mem_max,n_hashes
cpld_restart_c12_9deg_intel,acorn,intel,40.22727272727273,6.4225751423221045,28,52,1396.4545454545455,1.7712765788595055,1393,1400,44
cpld_restart_c12_9deg_intel,derecho,intel,25.22222222222222,8.756527147035387,21,56,1361.8,1.5608855295516038,1358,1365,45
cpld_restart_c12_9deg_intel,gaeac6,intel,18.875,2.1891900766012427,17,28,6337.75,0.7293249574894508,6337,6340,48
cpld_restart_c12_9deg_intel,hera,intel,29.333333333333332,0.492365963917331,29,30,1529.25,1.959823739755451,1527,1532,12
cpld_restart_c12_9deg_intel,hercules,intel,28.914893617021278,20.952150234402154,20,96,33469.95744680851,219149.94787160822,1490,1503920,47
cpld_restart_c12_9deg_intel,orion,intel,43.391304347826086,26.18861352307276,30,131,34204.13043478261,221768.30475016122,1493,1505612,46
cpld_restart_c12_9deg_intel,ursa,intel,138.28,331.84100200584754,21,1248,1490.44,2.643127399309343,1486,1496,50
cpld_restart_c12_9deg_intel,wcoss2,intel,51.375,7.318368031077551,41,71,1403.875,5.072348904034226,1395,1409,48
