test_name,machine,compiler,core_mean,core_std,core_min,core_max,mem_mean,mem_std,mem_min,mem_max,n_hashes
cpld_regional_atm_fbh_intel,derecho,intel,482.61764705882354,2.5228015437670814,478,487,119207.0294117647,289444.2336841401,796,816460,34
cpld_regional_atm_fbh_intel,gaeac6,intel,358.78723404255317,1.2146957073376934,357,362,68396.74468085106,224047.1053369055,786,796380,47
cpld_regional_atm_fbh_intel,hera,intel,704.1428571428571,29.164761842561557,675,827,1144.734693877551,50.08233866602568,1064,1190,49
cpld_regional_atm_fbh_intel,hercules,intel,629.04,183.9744835901025,565,1559,798751.2,477627.12217684917,1080,1085948,50
cpld_regional_atm_fbh_intel,orion,intel,882.1836734693877,105.71417310161313,811,1365,67970.3469387755,264691.8983344559,1065,1120668,49
cpld_regional_atm_fbh_intel,ursa,intel,678.5862068965517,452.43922379865245,391,1721,40277.06896551724,210777.45334965616,1125,1136208,29
