test_name,machine,compiler,core_mean,core_std,core_min,core_max,mem_mean,mem_std,mem_min,mem_max,n_hashes
cpld_control_gfsv17_intel,acorn,intel,902.3617021276596,5.93598287497121,891,919,1901.5531914893618,2.2632077143264815,1898,1911,47
cpld_control_gfsv17_intel,derecho,intel,818.7692307692307,7.4849592774186515,807,833,366492.6153846154,761982.7928230441,1897,1900700,26
cpld_control_gfsv17_intel,gaeac6,intel,622.4782608695652,112.27540328840901,597,1367,168336.78260869565,545225.0532126228,1901,1919840,46
cpld_control_gfsv17_intel,hera,intel,1169.6041666666667,42.12581943559754,1132,1291,2058.8541666666665,38.27559056805411,1971,2091,48
cpld_control_gfsv17_intel,hercules,intel,1086.6938775510205,126.04367696715832,990,1539,1156831.306122449,1010460.7318725578,2010,2030604,49
cpld_control_gfsv17_intel,orion,intel,1249.375,81.61002884762783,1178,1694,125063.58333333333,481784.2808032442,1961,1976956,48
cpld_control_gfsv17_intel,ursa,intel,719.4864864864865,13.975418144453274,705,776,57551.91891891892,337538.5893357955,2050,2055228,37
cpld_control_gfsv17_intel,wcoss2,intel,959.8723404255319,93.13725659553462,902,1459,1901.5106382978724,5.416851084410049,1883,1908,47
