test_name,machine,compiler,core_mean,core_std,core_min,core_max,mem_mean,mem_std,mem_min,mem_max,n_hashes
cpld_restart_gfsv17_intel,acorn,intel,386.2340425531915,19.49159547528275,368,444,1071.595744680851,2.3834536001000544,1067,1079,47
cpld_restart_gfsv17_intel,derecho,intel,402.4583333333333,13.509993617179534,386,442,1020.625,5.686081404546571,1009,1026,24
cpld_restart_gfsv17_intel,gaeac6,intel,255.6595744680851,14.455744451292468,244,297,138851.10638297873,924180.050475749,1055,6339880,47
cpld_restart_gfsv17_intel,hera,intel,425.8,23.35631921041549,408,482,1366.5714285714287,5.730648840616123,1354,1385,35
cpld_restart_gfsv17_intel,hercules,intel,362.1063829787234,30.022624832784683,341,462,1343.4893617021276,8.796917297073174,1330,1365,47
cpld_restart_gfsv17_intel,orion,intel,576.1521739130435,33.71578423053796,488,664,1224.891304347826,7.056055747038443,1210,1244,46
cpld_restart_gfsv17_intel,ursa,intel,238.18367346938774,27.043694173648376,225,319,1497.5714285714287,11.124297730643466,1468,1518,49
cpld_restart_gfsv17_intel,wcoss2,intel,422.5531914893617,78.6557741352176,382,804,1050.2978723404256,37.74681955713617,978,1085,47
