test_name,machine,compiler,core_mean,core_std,core_min,core_max,mem_mean,mem_std,mem_min,mem_max,n_hashes
cpld_restart_gfsv17_intel,acorn,intel,378.6304347826087,6.100487032113515,363,395,1072.3260869565217,2.5565110585073283,1068,1079,46
cpld_restart_gfsv17_intel,derecho,intel,401.38235294117646,12.235107721739386,385,442,1020.9117647058823,5.429256587643872,1009,1026,34
cpld_restart_gfsv17_intel,gaeac6,intel,251.82978723404256,3.863537177116837,244,266,139973.12765957447,924011.6914162377,1057,6339880,47
cpld_restart_gfsv17_intel,hera,intel,417.24,8.38291914152423,408,445,1367.32,5.305029060555083,1358,1385,25
cpld_restart_gfsv17_intel,hercules,intel,354.97872340425533,19.73684411769469,341,428,30072.936170212764,196963.41347375908,1330,1351656,47
cpld_restart_gfsv17_intel,orion,intel,586.0652173913044,26.47800107755116,561,664,27902.369565217392,180945.5753272371,1210,1228456,46
cpld_restart_gfsv17_intel,ursa,intel,229.28571428571428,2.629955639676585,225,242,1495.8367346938776,15.694142934514769,1466,1558,49
cpld_restart_gfsv17_intel,wcoss2,intel,398.1276595744681,26.59161114964202,381,560,1029.4255319148936,45.697371573567075,969,1077,47
