test_name,machine,compiler,core_mean,core_std,core_min,core_max,mem_mean,mem_std,mem_min,mem_max,n_hashes
cpld_warmstart_c24_5deg_intel,acorn,intel,57.36363636363637,6.4450843323218,41,73,2113.7045454545455,2.0638589443254474,2110,2119,44
cpld_warmstart_c24_5deg_intel,derecho,intel,36.45652173913044,9.203155308525993,32,64,2076.6521739130435,1.4486375408079974,2074,2079,46
cpld_warmstart_c24_5deg_intel,gaeac6,intel,26.854166666666668,1.2202124567944352,25,30,6337.5625,0.542109747858624,6337,6339,48
cpld_warmstart_c24_5deg_intel,hera,intel,41.54545454545455,1.035725481354625,40,44,2255.5454545454545,2.296241989148226,2253,2259,11
cpld_warmstart_c24_5deg_intel,hercules,intel,45.416666666666664,26.826339337850467,30,112,48732.375,322140.16813153535,2226,2234088,48
cpld_warmstart_c24_5deg_intel,orion,intel,78.25531914893617,34.41907211764152,46,165,49705.1914893617,325422.2465954735,2224,2233220,47
cpld_warmstart_c24_5deg_intel,ursa,intel,81.06,219.89286909208994,29,1153,2209.18,3.0685368447107044,2195,2212,50
cpld_warmstart_c24_5deg_intel,wcoss2,intel,61.333333333333336,6.3491776426233875,54,79,2119.3958333333335,4.611454671185621,2111,2125,48
