test_name,machine,compiler,core_mean,core_std,core_min,core_max,mem_mean,mem_std,mem_min,mem_max,n_hashes
cpld_control_gfsv17_intel,acorn,intel,892.7291666666666,31.797055653424163,785,919,1901.6875,2.213654434966492,1898,1911,48
cpld_control_gfsv17_intel,derecho,intel,817.4545454545455,6.57359271723775,807,832,432780.9090909091,813197.1791787506,1897,1900700,22
cpld_control_gfsv17_intel,gaeac6,intel,614.0425531914893,115.24283575710683,511,1367,164794.53191489363,539812.646992408,1901,1919840,47
cpld_control_gfsv17_intel,hera,intel,1158.7291666666667,54.78769064396937,1023,1291,2068.8958333333335,29.62908259566922,1985,2093,48
cpld_control_gfsv17_intel,hercules,intel,1072.938775510204,134.71720506355544,896,1539,950582.612244898,1018979.2316047184,2010,2030604,49
cpld_control_gfsv17_intel,orion,intel,1253.6938775510205,86.81306643242917,1178,1694,122552.1836734694,477063.29826339055,1961,1976956,49
cpld_control_gfsv17_intel,ursa,intel,704.8095238095239,48.15282485203879,560,776,50945.880952380954,316810.55373182177,2050,2055228,42
cpld_control_gfsv17_intel,wcoss2,intel,959.1041666666666,105.15343188687967,810,1459,1901.25,5.130219189875747,1883,1907,48
