test_name,machine,compiler,core_mean,core_std,core_min,core_max,mem_mean,mem_std,mem_min,mem_max,n_hashes
cpld_warmstart_c48_5deg_intel,acorn,intel,125.97872340425532,5.814110877115851,115,137,2896.063829787234,3.6499211148065305,2888,2904,47
cpld_warmstart_c48_5deg_intel,derecho,intel,99.3,1.3374935098492644,98,102,1155911.0,1488556.7212334683,2858,2888644,10
cpld_warmstart_c48_5deg_intel,gaeac6,intel,77.19565217391305,3.581555001934786,73,93,140803.34782608695,933933.3659833963,2859,6337344,46
cpld_warmstart_c48_5deg_intel,hera,intel,137.9375,6.621712351656863,126,151,3076.125,7.353172712249444,3050,3088,48
cpld_warmstart_c48_5deg_intel,hercules,intel,135.82608695652175,36.25729311942393,95,221,664530.5434782609,1268965.0923006986,3022,3049572,46
cpld_warmstart_c48_5deg_intel,orion,intel,178.08695652173913,46.19900243605869,139,409,135362.0652173913,627502.0708969245,3027,3047152,46
cpld_warmstart_c48_5deg_intel,ursa,intel,93.38775510204081,27.894007963577216,80,197,64563.163265306124,430812.7886976809,3013,3018708,49
cpld_warmstart_c48_5deg_intel,wcoss2,intel,179.82978723404256,78.62246585366213,132,677,2892.31914893617,4.4677899554512965,2884,2903,47
