test_name,machine,compiler,core_mean,core_std,core_min,core_max,mem_mean,mem_std,mem_min,mem_max,n_hashes
cpld_debug_p8_gnu,derecho,gnu,418.30434782608694,12.289813899799277,399,455,1666.5652173913043,7.981946031551025,1651,1678,23
cpld_debug_p8_gnu,hera,gnu,413.962962962963,4.934037833735097,407,426,1684.0740740740741,5.18077753242273,1676,1696,27
cpld_debug_p8_gnu,hercules,gnu,366.7105263157895,32.26152247101703,321,437,1713.9736842105262,11.808120984935702,1686,1733,38
cpld_debug_p8_gnu,ursa,gnu,285.025,5.086369416996156,278,304,1598.175,8.25829031787809,1581,1612,40
