test_name,machine,compiler,core_mean,core_std,core_min,core_max,mem_mean,mem_std,mem_min,mem_max,n_hashes
cpld_control_noaero_p8_intel,acorn,intel,280.72340425531917,8.571190693144258,268,296,1920.8297872340424,5.317400267604478,1914,1928,47
cpld_control_noaero_p8_intel,derecho,intel,288.75,6.268608661055066,281,300,1871.0833333333333,0.9962049198956336,1869,1872,12
cpld_control_noaero_p8_intel,gaeac6,intel,174.54347826086956,6.5309741377841775,165,190,141040.5652173913,934201.4839850401,1917,6339348,46
cpld_control_noaero_p8_intel,hera,intel,682.4468085106383,41.774658695891056,638,818,2104.723404255319,7.39771447566472,2076,2120,47
cpld_control_noaero_p8_intel,hercules,intel,473.8478260869565,29.661772923189563,443,542,2046.304347826087,4.907452678064203,2035,2057,46
cpld_control_noaero_p8_intel,orion,intel,952.8695652173913,31.616879244164764,906,1012,1997.3478260869565,5.700750014220655,1985,2008,46
cpld_control_noaero_p8_intel,ursa,intel,382.0408163265306,13.645755114798916,354,413,2086.204081632653,12.79319414089111,2066,2109,49
cpld_control_noaero_p8_intel,wcoss2,intel,327.531914893617,77.02931431373887,278,762,1920.6808510638298,4.123666493170964,1907,1927,47
