test_name,machine,compiler,core_mean,core_std,core_min,core_max,mem_mean,mem_std,mem_min,mem_max,n_hashes
cpld_control_p8_faster_intel,acorn,intel,483.8979591836735,7.829551120485721,467,500,3332.0204081632655,56.03662857003964,3225,3370,49
cpld_control_p8_faster_intel,derecho,intel,456.7368421052632,5.455294118388912,446,469,544243.5263157894,931817.9501344771,2057,2068448,19
cpld_control_p8_faster_intel,gaeac6,intel,295.625,4.024525874017745,289,307,174086.08333333334,576581.8251311494,2035,2070888,48
cpld_control_p8_faster_intel,hera,intel,696.2857142857143,61.20389421161587,499,877,2326.591836734694,218.9596536624335,2245,3378,49
cpld_control_p8_faster_intel,hercules,intel,551.8571428571429,124.2844519640329,475,1355,878157.4285714285,1112028.7927879647,2246,2270340,49
cpld_control_p8_faster_intel,orion,intel,1014.9591836734694,99.90327805425805,935,1399,91506.79591836735,437487.6518815026,2169,2197324,49
cpld_control_p8_faster_intel,ursa,intel,402.78723404255317,13.290951760686768,389,449,55867.31914893617,365939.44499781507,2441,2511244,47
cpld_control_p8_faster_intel,wcoss2,intel,562.6530612244898,108.39463990061351,487,1039,3345.469387755102,61.90453067722418,3214,3386,49
