test_name,machine,compiler,core_mean,core_std,core_min,core_max,mem_mean,mem_std,mem_min,mem_max,n_hashes
cpld_control_gfsv17_intel,acorn,intel,844.7446808510638,54.46996303712256,784,908,1899.5531914893618,2.796025989167587,1894,1906,47
cpld_control_gfsv17_intel,derecho,intel,789.3,23.64576541840467,762,825,1877.7,16.673665197283736,1863,1905,10
cpld_control_gfsv17_intel,gaeac6,intel,577.5,126.95576657508182,511,1367,140537.36956521738,934221.9125630663,1893,6338984,46
cpld_control_gfsv17_intel,hera,intel,1102.8958333333333,79.6001281896041,1010,1291,2077.3333333333335,9.842014439480792,2041,2093,48
cpld_control_gfsv17_intel,hercules,intel,1020.4565217391304,158.20460823766436,881,1539,177949.1739130435,576365.502544168,2004,2027672,46
cpld_control_gfsv17_intel,orion,intel,1289.9130434782608,74.67286464958897,1178,1407,44903.239130434784,291195.98604705965,1956,1976956,46
cpld_control_gfsv17_intel,ursa,intel,635.7755102040817,76.60240023059612,555,736,43958.28571428572,293310.1667571805,2043,2055228,49
cpld_control_gfsv17_intel,wcoss2,intel,908.0425531914893,129.9151826061926,800,1459,1899.7446808510638,4.909919352505011,1883,1905,47
