test_name,machine,compiler,core_mean,core_std,core_min,core_max,mem_mean,mem_std,mem_min,mem_max,n_hashes
cpld_control_pdlib_p8_intel,acorn,intel,905.6808510638298,7.268473863433972,893,922,1925.276595744681,5.257301868993325,1914,1932,47
cpld_control_pdlib_p8_intel,derecho,intel,818.3333333333334,5.71346463723367,806,828,321676.1666666667,727210.1976857474,1913,1926004,30
cpld_control_pdlib_p8_intel,gaeac6,intel,607.0,4.335896677735737,600,622,169685.34782608695,549582.0164078724,1916,1932176,46
cpld_control_pdlib_p8_intel,hera,intel,1042.9375,23.53033917524621,1021,1150,2100.9791666666665,46.00855127886724,2003,2142,48
cpld_control_pdlib_p8_intel,hercules,intel,900.8775510204082,37.38796188450971,840,961,1368189.6734693877,1006031.679375443,2089,2105156,49
cpld_control_pdlib_p8_intel,orion,intel,1152.1875,173.49629418447154,1045,1940,128912.6875,496624.7311524261,2013,2036512,48
cpld_control_pdlib_p8_intel,ursa,intel,662.8484848484849,13.16748175459439,648,703,67459.33333333333,375052.56200520304,2154,2156684,33
cpld_control_pdlib_p8_intel,wcoss2,intel,962.0851063829788,80.47544313187117,903,1303,1924.3829787234042,5.739084881942856,1912,1933,47
