test_name,machine,compiler,core_mean,core_std,core_min,core_max,mem_mean,mem_std,mem_min,mem_max,n_hashes
cpld_dcp_gefs_intel,hera,intel,970.4583333333334,53.837096606471,928,1193,3047.5,17.275265051763906,2999,3069,24
cpld_dcp_gefs_intel,hercules,intel,934.8260869565217,81.43990404595581,811,1101,3166.0,8.620389266797119,3131,3180,46
cpld_dcp_gefs_intel,orion,intel,1271.1304347826087,58.02513198631254,1190,1528,68660.93478260869,444953.26128329494,3039,3020876,46
cpld_dcp_gefs_intel,ursa,intel,1973.204081632653,47.53813363669072,1869,2076,3445.877551020408,22.142185089647853,3398,3503,49
