test_name,machine,compiler,core_mean,core_std,core_min,core_max,mem_mean,mem_std,mem_min,mem_max,n_hashes
cpld_warmstart_c12_9deg_intel,acorn,intel,48.45652173913044,6.761678035448925,34,60,2042.0217391304348,1.6665217328287587,2039,2045,46
cpld_warmstart_c12_9deg_intel,derecho,intel,28.029411764705884,2.1670437077669984,26,35,2005.0294117647059,1.0584521035998384,2002,2006,34
cpld_warmstart_c12_9deg_intel,gaeac6,intel,22.25531914893617,2.211315613781937,19,34,140144.02127659574,923779.1194766316,2008,6338496,47
cpld_warmstart_c12_9deg_intel,hera,intel,33.6,0.7637626158259747,32,35,2184.72,2.9933259094191285,2179,2190,25
cpld_warmstart_c12_9deg_intel,hercules,intel,39.808510638297875,26.39057662670715,24,117,48070.10638297872,314724.90450324304,2151,2159808,47
cpld_warmstart_c12_9deg_intel,orion,intel,55.65217391304348,28.71717828238728,37,124,49096.0,318313.13378586475,2151,2161068,46
cpld_warmstart_c12_9deg_intel,ursa,intel,29.020408163265305,9.16853722411225,25,81,2137.0204081632655,1.3305668578712648,2134,2140,49
cpld_warmstart_c12_9deg_intel,wcoss2,intel,62.340425531914896,12.84231557703686,48,104,2044.2978723404256,5.400945543695136,2038,2052,47
