test_name,machine,compiler,core_mean,core_std,core_min,core_max,mem_mean,mem_std,mem_min,mem_max,n_hashes
cpld_restart_c24_5deg_intel,acorn,intel,46.1063829787234,5.108535238688422,31,59,1456.7021276595744,4.1541749226165985,1448,1465,47
cpld_restart_c24_5deg_intel,derecho,intel,24.3,1.5670212364724203,22,27,290851.3,610136.7216745677,1422,1449488,10
cpld_restart_c24_5deg_intel,gaeac6,intel,19.869565217391305,1.3099397043320378,18,23,139739.0652173913,934328.5577422109,1421,6338896,46
cpld_restart_c24_5deg_intel,hera,intel,33.895833333333336,1.61429232678349,28,37,1583.4375,6.139880967728375,1570,1591,48
cpld_restart_c24_5deg_intel,hercules,intel,36.108695652173914,22.619783141577212,21,91,275720.47826086957,604293.8562579831,1546,1622332,46
cpld_restart_c24_5deg_intel,orion,intel,47.52173913043478,34.24729616606237,33,229,69193.89130434782,320767.640656821,1544,1557400,46
cpld_restart_c24_5deg_intel,ursa,intel,115.38775510204081,296.8167094582201,24,1264,32784.755102040814,218767.97322130002,1528,1532908,49
cpld_restart_c24_5deg_intel,wcoss2,intel,84.80851063829788,32.69466004655296,51,188,1476.1702127659576,16.84109769857265,1452,1491,47
