test_name,machine,compiler,core_mean,core_std,core_min,core_max,mem_mean,mem_std,mem_min,mem_max,n_hashes
cpld_regional_atm_fbh_intel,derecho,intel,484.7142857142857,1.3827826698682197,482,487,288349.35714285716,400362.8740567942,796,816460,14
cpld_regional_atm_fbh_intel,gaeac6,intel,359.8085106382979,3.3663184501014145,357,380,51503.1914893617,196311.85778895146,784,796380,47
cpld_regional_atm_fbh_intel,hera,intel,692.6041666666666,22.303267181073586,673,827,1183.1666666666667,3.680502586710174,1175,1190,48
cpld_regional_atm_fbh_intel,hercules,intel,591.7708333333334,60.47128370129307,565,953,361165.6875,514624.66149902437,1068,1085948,48
cpld_regional_atm_fbh_intel,orion,intel,844.6458333333334,84.6350084960152,808,1365,47065.875,222878.82450160687,1075,1120668,48
cpld_regional_atm_fbh_intel,ursa,intel,717.6530612244898,466.363437988568,383,1747,24300.775510204083,162153.1372751626,1125,1136208,49
