test_name,machine,compiler,core_mean,core_std,core_min,core_max,mem_mean,mem_std,mem_min,mem_max,n_hashes
cpld_control_c192_p8_intel,derecho,intel,507.969696969697,15.547276386245372,487,554,363009.6666666667,864670.9676049347,2373,2382192,33
cpld_control_c192_p8_intel,gaeac6,intel,335.8936170212766,8.2230694643397,327,361,203525.40425531915,666577.9315764068,2362,2366656,47
cpld_control_c192_p8_intel,hera,intel,803.0204081632653,143.3173183585871,600,1023,2974.081632653061,408.45138616969547,2649,3533,49
cpld_control_c192_p8_intel,hercules,intel,981.72,69.93730136664537,887,1236,2064828.78,1363568.0104633402,2925,2968744,50
cpld_control_c192_p8_intel,orion,intel,1033.734693877551,194.07942698697312,905,1797,167467.85714285713,651962.3012102578,2653,2705924,49
cpld_control_c192_p8_intel,ursa,intel,1141.5,26.77073801360548,1111,1233,124016.8,659552.9987241046,3577,3616120,30
