test_name,machine,compiler,core_mean,core_std,core_min,core_max,mem_mean,mem_std,mem_min,mem_max,n_hashes
cpld_control_qr_p8_intel,acorn,intel,496.80434782608694,9.837839792730964,469,516,3377.9347826086955,4.977291427241501,3371,3388,46
cpld_control_qr_p8_intel,derecho,intel,497.77777777777777,10.86578848851404,482,530,2034.5,4.409214949465252,2029,2046,18
cpld_control_qr_p8_intel,gaeac6,intel,308.2,15.238408411284,295,402,144792.13333333333,944374.7776087241,2061,6339056,45
cpld_control_qr_p8_intel,hera,intel,694.625,34.71398705760984,663,863,2292.75,15.03457553569321,2236,2311,40
cpld_control_qr_p8_intel,hercules,intel,549.5434782608696,144.05318562897207,476,1468,2279.195652173913,7.066728192239759,2262,2292,46
cpld_control_qr_p8_intel,orion,intel,987.8,33.19748073683793,932,1057,2205.511111111111,6.87426763776008,2189,2220,45
cpld_control_qr_p8_intel,ursa,intel,412.46938775510205,14.887217728665107,390,455,2359.469387755102,9.062519059327823,2345,2387,49
cpld_control_qr_p8_intel,wcoss2,intel,533.9782608695652,43.45597472305086,490,750,3252.3478260869565,442.2533319963069,1994,3411,46
