test_name,machine,compiler,core_mean,core_std,core_min,core_max,mem_mean,mem_std,mem_min,mem_max,n_hashes
cpld_control_c12_9deg_intel,acorn,intel,55.84444444444444,7.112586652469611,40,67,2039.9555555555555,1.9063954034626467,2037,2044,45
cpld_control_c12_9deg_intel,derecho,intel,35.13513513513514,1.109608593708265,34,38,2003.4054054054054,1.3008428775960175,2000,2006,37
cpld_control_c12_9deg_intel,gaeac6,intel,28.46808510638298,1.5583026416695271,25,33,140423.40425531915,923757.929042976,2009,6338636,47
cpld_control_c12_9deg_intel,hera,intel,42.5,1.3001831372834325,41,47,2185.090909090909,3.7532093049256123,2179,2191,22
cpld_control_c12_9deg_intel,hercules,intel,47.787234042553195,27.6349937030167,31,127,48228.53191489362,315804.1595881337,2150,2167208,47
cpld_control_c12_9deg_intel,orion,intel,70.5,33.3977710500433,47,148,49229.0,319214.8822517174,2148,2167184,46
cpld_control_c12_9deg_intel,ursa,intel,68.42857142857143,168.41738825509276,31,1025,2137.530612244898,1.7571525357842077,2131,2143,49
cpld_control_c12_9deg_intel,wcoss2,intel,67.57446808510639,11.86105186487904,56,107,2046.063829787234,6.644396970442786,2038,2055,47
