test_name,machine,compiler,core_mean,core_std,core_min,core_max,mem_mean,mem_std,mem_min,mem_max,n_hashes
cpld_debug_gfsv17_intel,acorn,intel,1221.2340425531916,24.215708848630197,1200,1353,1941.5531914893618,4.2159557719727445,1935,1959,47
cpld_debug_gfsv17_intel,derecho,intel,1116.0,12.32145209860353,1092,1136,1871.9166666666667,2.065224325624614,1868,1875,12
cpld_debug_gfsv17_intel,gaeac6,intel,766.6739130434783,8.574002949034274,756,804,141027.71739130435,934108.7679037206,1915,6338720,46
cpld_debug_gfsv17_intel,hera,intel,1294.9574468085107,15.092407314835214,1263,1321,1929.8085106382978,11.43533482309062,1893,1943,47
cpld_debug_gfsv17_intel,hercules,intel,1096.4565217391305,36.9412184854318,1028,1183,1996.5652173913043,4.2303253035568,1988,2010,46
cpld_debug_gfsv17_intel,orion,intel,1354.3478260869565,29.547112956395093,1311,1405,1950.3695652173913,8.551435735599973,1922,1963,46
cpld_debug_gfsv17_intel,ursa,intel,802.6122448979592,12.783153507857223,789,873,2086.6326530612246,9.549637596856583,2048,2107,49
cpld_debug_gfsv17_intel,wcoss2,intel,1240.212765957447,35.66567962415312,1201,1339,1941.468085106383,3.6406584678538767,1933,1953,47
