test_name,machine,compiler,core_mean,core_std,core_min,core_max,mem_mean,mem_std,mem_min,mem_max,n_hashes
cpld_2threads_p8_intel,acorn,intel,456.19565217391306,14.545896046220058,415,499,3374.7391304347825,492.98291314913234,2115,3587,46
cpld_2threads_p8_intel,derecho,intel,899.0769230769231,42.85187744789856,840,999,2150.74358974359,35.76658095332042,2070,2182,39
cpld_2threads_p8_intel,gaeac6,intel,361.9375,20.745064780953513,332,474,137759.35416666666,914164.2846441304,2202,6339320,48
cpld_2threads_p8_intel,hera,intel,708.7142857142857,44.41975107668081,605,764,2328.809523809524,9.594889512751296,2310,2353,21
cpld_2threads_p8_intel,hercules,intel,679.6875,42.33712532578313,554,790,48393.9375,318947.0727294037,2208,2212088,48
cpld_2threads_p8_intel,orion,intel,734.6808510638298,42.67526846301472,682,872,48176.617021276594,314698.8993225217,2152,2159740,47
cpld_2threads_p8_intel,ursa,intel,805.22,46.58908079131411,721,943,2931.88,124.86476603076768,2622,3001,50
cpld_2threads_p8_intel,wcoss2,intel,472.6041666666667,26.7388788441844,423,575,2788.7916666666665,758.7332656735945,2021,3609,48
