test_name,machine,compiler,core_mean,core_std,core_min,core_max,mem_mean,mem_std,mem_min,mem_max,n_hashes
cpld_control_nowave_noaero_p8_intel,acorn,intel,430.1276595744681,7.5429697221596355,412,445,1973.659574468085,5.623230526496034,1968,1989,47
cpld_control_nowave_noaero_p8_intel,derecho,intel,423.1,18.858832295652753,402,449,1951.5,20.478986520062307,1932,1976,10
cpld_control_nowave_noaero_p8_intel,gaeac6,intel,270.4130434782609,5.213555353143406,260,282,140302.0,934330.6774896252,1823,6339472,46
cpld_control_nowave_noaero_p8_intel,hera,intel,375.0625,14.184807950611944,354,441,2185.9583333333335,11.204023466771796,2148,2208,48
cpld_control_nowave_noaero_p8_intel,hercules,intel,408.5217391304348,55.58446590767555,345,616,284457.7826086957,736935.5706632074,2153,2174212,46
cpld_control_nowave_noaero_p8_intel,orion,intel,466.9347826086956,203.31698318678133,377,1564,47578.95652173913,308513.57789511065,2070,2094532,46
cpld_control_nowave_noaero_p8_intel,ursa,intel,344.0612244897959,206.26190957163192,285,1567,63978.12244897959,426903.4405813974,2977,2991316,49
cpld_control_nowave_noaero_p8_intel,wcoss2,intel,503.21276595744683,174.97427589446355,419,1622,1970.8510638297873,7.271082460542644,1961,1989,47
