test_name,machine,compiler,core_mean,core_std,core_min,core_max,mem_mean,mem_std,mem_min,mem_max,n_hashes
cpld_control_c24_5deg_intel,acorn,intel,81.55319148936171,5.063975541866457,67,90,2113.340425531915,2.861107992617591,2107,2118,47
cpld_control_c24_5deg_intel,derecho,intel,56.3,0.6749485577105517,55,57,2088.4,15.44308547178597,2076,2109,10
cpld_control_c24_5deg_intel,gaeac6,intel,45.45652173913044,2.705603417922232,43,61,140549.23913043478,933952.1781169211,2081,6337208,46
cpld_control_c24_5deg_intel,hera,intel,73.29166666666667,2.1133651025645253,70,78,2258.0625,3.55148305851143,2243,2263,48
cpld_control_c24_5deg_intel,hercules,intel,77.56521739130434,31.094588435155252,54,151,245910.9347826087,705474.4119133325,2228,2245412,46
cpld_control_c24_5deg_intel,orion,intel,104.34782608695652,30.86185519828958,80,174,50870.30434782609,329822.2497466624,2228,2239204,46
cpld_control_c24_5deg_intel,ursa,intel,161.26530612244898,301.79454763065525,49,1248,47306.69387755102,315666.357149259,2207,2211876,49
cpld_control_c24_5deg_intel,wcoss2,intel,119.23404255319149,50.503642901735084,83,349,2110.31914893617,1.6165769388048614,2106,2114,47
