test_name,machine,compiler,core_mean,core_std,core_min,core_max,mem_mean,mem_std,mem_min,mem_max,n_hashes
cpld_2threads_p8_intel,acorn,intel,455.06382978723406,9.01545594429043,433,472,3572.6382978723404,10.851618857220362,3559,3589,47
cpld_2threads_p8_intel,derecho,intel,916.4615384615385,41.907865977274845,869,999,2169.4615384615386,7.183492472506983,2160,2182,13
cpld_2threads_p8_intel,gaeac6,intel,359.17391304347825,19.61099957543791,341,474,141325.5,934154.1060021392,2199,6339320,46
cpld_2threads_p8_intel,hera,intel,676.8260869565217,59.374257178165486,602,770,2337.2608695652175,15.393266612543021,2307,2383,46
cpld_2threads_p8_intel,hercules,intel,628.4565217391304,152.73967781406364,489,1540,2383.5652173913045,10.303510025257303,2365,2417,46
cpld_2threads_p8_intel,orion,intel,743.1304347826087,45.25906106732284,687,891,2295.586956521739,12.179356098572775,2278,2326,46
cpld_2threads_p8_intel,ursa,intel,879.8367346938776,75.01842744141133,724,983,2996.7755102040815,16.44341979096086,2965,3046,49
cpld_2threads_p8_intel,wcoss2,intel,498.9574468085106,45.44416423375742,451,626,3610.6170212765956,8.535229274038684,3599,3625,47
