test_name,machine,compiler,core_mean,core_std,core_min,core_max,mem_mean,mem_std,mem_min,mem_max,n_hashes
cpld_decomp_p8_intel,acorn,intel,485.25,10.313180989765462,467,507,3355.0,6.198833109134032,3343,3364,48
cpld_decomp_p8_intel,derecho,intel,440.9,14.027354229029338,413,456,1023827.6,1077048.0775467525,2046,2047592,10
cpld_decomp_p8_intel,gaeac6,intel,296.5652173913044,9.83565435638918,285,342,140014.39130434784,934392.3137484597,2034,6339600,46
cpld_decomp_p8_intel,hera,intel,711.0208333333334,42.09082862821701,653,839,2259.25,14.397842627992096,2216,2274,48
cpld_decomp_p8_intel,hercules,intel,562.4347826086956,73.24924032185909,482,849,537613.4782608695,965526.7338272409,2231,2246832,46
cpld_decomp_p8_intel,orion,intel,1001.5,107.8611762096693,928,1681,97021.45652173914,449776.49729446275,2169,2189268,46
cpld_decomp_p8_intel,ursa,intel,413.40816326530614,16.384594348740823,382,450,53094.0,354455.2088602545,2424,2483644,49
cpld_decomp_p8_intel,wcoss2,intel,546.5416666666666,70.70073529767004,484,852,3369.4166666666665,4.9285677576601445,3359,3376,48
