test_name,machine,compiler,core_mean,core_std,core_min,core_max,mem_mean,mem_std,mem_min,mem_max,n_hashes
cpld_debug_pdlib_p8_intel,acorn,intel,1451.45,32.6100969187862,1432,1564,1960.9,2.1001253095445893,1958,1967,20
cpld_debug_pdlib_p8_intel,derecho,intel,1387.4,18.700970985204908,1352,1431,1895.35,1.6311119875070201,1892,1898,20
cpld_debug_pdlib_p8_intel,gaeac6,intel,978.7,10.000526301939779,961,999,6338.7,0.5712405705771446,6338,6340,20
cpld_debug_pdlib_p8_intel,hera,intel,1655.25,23.747180283742548,1617,1685,1973.25,9.422617167523821,1954,1988,8
cpld_debug_pdlib_p8_intel,hercules,intel,1344.4761904761904,39.93196595162706,1280,1406,2066.6666666666665,4.704607670500627,2056,2073,21
cpld_debug_pdlib_p8_intel,orion,intel,1727.3,31.850142526327385,1665,1801,1998.8,3.6792447737630707,1991,2006,20
cpld_debug_pdlib_p8_intel,ursa,intel,1166.6666666666667,15.634363860846202,1144,1212,2185.095238095238,8.932551493860853,2170,2203,21
cpld_debug_pdlib_p8_intel,wcoss2,intel,1455.0,26.55877295833961,1429,1532,1916.15,43.84095057555688,1870,1963,20
