test_name,machine,compiler,core_mean,core_std,core_min,core_max,mem_mean,mem_std,mem_min,mem_max,n_hashes
cpld_control_c24_9deg_intel,acorn,intel,80.625,5.030227777085417,66,91,2112.875,3.5106221792021586,2104,2119,48
cpld_control_c24_9deg_intel,derecho,intel,55.4,0.8432740427115673,54,57,1053211.1,1107966.0403599872,2101,2107348,10
cpld_control_c24_9deg_intel,gaeac6,intel,45.21739130434783,2.764159856112689,43,61,185524.69565217392,977533.1239448927,2078,6338496,46
cpld_control_c24_9deg_intel,hera,intel,74.02083333333333,2.5221536165047924,69,81,2256.5833333333335,3.5480491093374007,2243,2264,48
cpld_control_c24_9deg_intel,hercules,intel,83.8936170212766,34.26890721704062,54,156,574216.5531914893,987401.5706139987,2227,2248584,47
cpld_control_c24_9deg_intel,orion,intel,107.19148936170212,48.045104848543026,79,369,97554.27659574468,457007.9889994648,2225,2242552,47
cpld_control_c24_9deg_intel,ursa,intel,165.0204081632653,303.4412690151038,48,1157,47272.4081632653,315435.69048427016,2204,2210260,49
cpld_control_c24_9deg_intel,wcoss2,intel,120.35416666666667,68.01235481735226,85,572,2107.6666666666665,1.4192196437349076,2105,2113,48
