test_name,machine,compiler,core_mean,core_std,core_min,core_max,mem_mean,mem_std,mem_min,mem_max,n_hashes
cpld_warmstart_c12_9deg_intel,acorn,intel,48.06666666666667,7.328028384224504,34,60,2042.0222222222221,1.7514784519589115,2038,2045,45
cpld_warmstart_c12_9deg_intel,derecho,intel,28.0,2.0949675149960894,26,35,2004.972972972973,1.0404722882338433,2002,2006,37
cpld_warmstart_c12_9deg_intel,gaeac6,intel,22.340425531914892,2.1495863681454064,20,34,140420.0,923737.573016535,2008,6338496,47
cpld_warmstart_c12_9deg_intel,hera,intel,33.5,0.7400128699009562,32,35,2185.0,3.0079260375911776,2179,2190,22
cpld_warmstart_c12_9deg_intel,hercules,intel,42.57446808510638,28.413671449750982,24,117,48070.12765957447,314724.9013323842,2151,2159808,47
cpld_warmstart_c12_9deg_intel,orion,intel,59.56521739130435,32.6065107158494,37,147,49095.891304347824,318313.15016702435,2151,2161068,46
cpld_warmstart_c12_9deg_intel,ursa,intel,28.73469387755102,9.093897931681264,25,81,2137.2244897959185,1.5446858650770776,2134,2141,49
cpld_warmstart_c12_9deg_intel,wcoss2,intel,60.4468085106383,11.734024311782004,48,104,2044.9787234042553,5.447334257119541,2038,2052,47
