test_name,machine,compiler,core_mean,core_std,core_min,core_max,mem_mean,mem_std,mem_min,mem_max,n_hashes
cpld_control_c192_p8_intel,gaeac6,intel,323.2888888888889,6.583803205326289,307,335,144523.7111111111,944456.6437145853,2370,6339328,45
cpld_control_c192_p8_intel,hera,intel,869.7777777777778,52.55252302951474,772,1023,2656.5555555555557,13.595713822504273,2611,2678,45
cpld_control_c192_p8_intel,hercules,intel,943.7173913043479,105.8912782146498,853,1464,2933.717391304348,9.427296168227592,2916,2957,46
cpld_control_c192_p8_intel,orion,intel,979.4888888888889,33.087090466759946,900,1059,2669.822222222222,12.717720080281827,2650,2725,45
cpld_control_c192_p8_intel,ursa,intel,1102.6122448979593,49.34226396919214,1040,1356,3594.938775510204,18.248753568469223,3562,3634,49
