test_name,machine,compiler,core_mean,core_std,core_min,core_max,mem_mean,mem_std,mem_min,mem_max,n_hashes
cpld_control_p8_faster_intel,acorn,intel,485.0416666666667,8.126547861290423,471,501,3293.25,69.4514984597014,3219,3367,48
cpld_control_p8_faster_intel,derecho,intel,459.2258064516129,5.976117342775626,446,469,334817.03225806454,769889.4461434268,2057,2068448,31
cpld_control_p8_faster_intel,gaeac6,intel,296.468085106383,3.9334190450425672,289,306,177750.3829787234,582250.1100047147,2053,2070888,47
cpld_control_p8_faster_intel,hera,intel,647.5510204081633,102.59245042571962,499,877,2638.408163265306,517.2461099566688,2245,3396,49
cpld_control_p8_faster_intel,hercules,intel,541.26,40.71694728142532,475,634,1492459.64,1080443.884929609,2257,2270340,50
cpld_control_p8_faster_intel,orion,intel,1042.591836734694,117.64351490260506,937,1416,136096.04081632654,529804.8843121384,2169,2197324,49
cpld_control_p8_faster_intel,ursa,intel,401.9375,10.814976175536382,390,440,80888.1875,443489.3105234267,2441,2511244,32
cpld_control_p8_faster_intel,wcoss2,intel,548.5625,98.44815165268359,490,1039,3300.7708333333335,78.66607032620503,3210,3386,48
