test_name,machine,compiler,core_mean,core_std,core_min,core_max,mem_mean,mem_std,mem_min,mem_max,n_hashes
cpld_control_qr_p8_intel,acorn,intel,500.41379310344826,5.967275289798227,491,516,3374.655172413793,1.7783592371494699,3371,3377,29
cpld_control_qr_p8_intel,derecho,intel,497.2608695652174,9.87751068798735,482,530,2034.0,4.022663070879541,2029,2046,23
cpld_control_qr_p8_intel,gaeac6,intel,314.7931034482759,19.79787021435969,306,402,224266.75862068965,1176041.735054186,2065,6339056,29
cpld_control_qr_p8_intel,hera,intel,680.6666666666666,10.064497883504115,667,699,2291.1111111111113,9.946260833859288,2269,2302,18
cpld_control_qr_p8_intel,hercules,intel,514.1379310344828,38.783947469034,472,635,2277.2758620689656,6.0112783981691384,2262,2289,29
cpld_control_qr_p8_intel,orion,intel,995.0714285714286,46.24726504140027,942,1151,2203.6785714285716,7.226769020536809,2189,2216,28
cpld_control_qr_p8_intel,ursa,intel,409.4193548387097,13.014797203051575,390,439,2356.032258064516,6.700665991614729,2345,2370,31
cpld_control_qr_p8_intel,wcoss2,intel,517.7241379310345,17.838354648109355,502,591,2920.3793103448274,679.688605896275,1994,3408,29
