test_name,machine,compiler,core_mean,core_std,core_min,core_max,mem_mean,mem_std,mem_min,mem_max,n_hashes
cpld_control_c12_9deg_intel,acorn,intel,55.28888888888889,8.351979140033551,40,77,2039.2888888888888,2.370483477941148,2035,2044,45
cpld_control_c12_9deg_intel,derecho,intel,38.869565217391305,9.90759236512231,34,66,2003.7826086956522,1.3648450213732746,2000,2006,46
cpld_control_c12_9deg_intel,gaeac6,intel,28.708333333333332,1.219667435197919,27,33,6337.541666666667,0.5035336128708623,6337,6338,48
cpld_control_c12_9deg_intel,hera,intel,42.2,0.7888106377466162,41,44,2183.8,2.780887148615259,2180,2189,10
cpld_control_c12_9deg_intel,hercules,intel,46.645833333333336,27.457115175467088,31,127,47269.479166666664,312497.1257501854,2152,2167208,48
cpld_control_c12_9deg_intel,orion,intel,80.38297872340425,38.99919352091971,47,183,48228.53191489362,315800.5827194594,2148,2167184,47
cpld_control_c12_9deg_intel,ursa,intel,68.78,166.7372722554369,31,1025,2137.82,1.5738941696133257,2136,2143,50
cpld_control_c12_9deg_intel,wcoss2,intel,62.142857142857146,6.157651067303719,55,82,2048.9795918367345,5.643911896601252,2038,2055,49
