test_name,machine,compiler,core_mean,core_std,core_min,core_max,mem_mean,mem_std,mem_min,mem_max,n_hashes
cpld_control_p8_mixedmode_intel,acorn,intel,396.20512820512823,7.1641633264004705,375,409,3322.74358974359,2.7693619702010985,3319,3332,39
cpld_control_p8_mixedmode_intel,derecho,intel,394.17391304347825,14.980751813616893,374,435,1979.3478260869565,1.9910868583441015,1976,1983,23
cpld_control_p8_mixedmode_intel,gaeac6,intel,241.94871794871796,11.507317392696196,227,303,167248.5641025641,1014121.2905105735,2007,6338032,39
cpld_control_p8_mixedmode_intel,hera,intel,678.5357142857143,19.191977766296265,656,748,2204.964285714286,5.446590118169756,2190,2215,28
cpld_control_p8_mixedmode_intel,hercules,intel,491.71794871794873,29.95606319257091,457,569,2156.8205128205127,5.590743265113398,2144,2166,39
cpld_control_p8_mixedmode_intel,orion,intel,978.1315789473684,26.325582104014735,948,1052,2101.4210526315787,5.635944386905259,2090,2121,38
cpld_control_p8_mixedmode_intel,ursa,intel,391.1707317073171,12.905236222216871,367,425,2180.2195121951218,7.699065511872071,2168,2209,41
cpld_control_p8_mixedmode_intel,wcoss2,intel,422.53846153846155,22.32280655087286,393,524,2981.7179487179487,621.0331777185984,1927,3349,39
