test_name,machine,compiler,core_mean,core_std,core_min,core_max,mem_mean,mem_std,mem_min,mem_max,n_hashes
cpld_debug_pdlib_p8_gnu,derecho,gnu,527.2608695652174,9.545191037206065,513,561,1596.6521739130435,8.579090308059124,1582,1610,23
cpld_debug_pdlib_p8_gnu,hera,gnu,655.8125,8.383691926745687,636,674,1540.3125,7.506717421857132,1527,1558,32
cpld_debug_pdlib_p8_gnu,hercules,gnu,560.6279069767442,33.0879227397133,527,623,1593.953488372093,9.682958738034678,1572,1612,43
cpld_debug_pdlib_p8_gnu,ursa,gnu,393.53333333333336,4.003407639408328,387,404,1567.2,10.347595241056117,1549,1590,45
