test_name,machine,compiler,core_mean,core_std,core_min,core_max,mem_mean,mem_std,mem_min,mem_max,n_hashes
cpld_debug_pdlib_p8_intel,acorn,intel,1450.0816326530612,33.100123825733775,1422,1588,1968.5510204081634,3.5593844533957024,1960,1979,49
cpld_debug_pdlib_p8_intel,derecho,intel,1374.3333333333333,15.48978157797366,1344,1402,465650.71428571426,849985.0294255272,1939,1954012,21
cpld_debug_pdlib_p8_intel,gaeac6,intel,968.875,6.525318937342579,960,994,164964.3125,546363.1240843384,1937,1962676,48
cpld_debug_pdlib_p8_intel,hera,intel,1644.5714285714287,73.31467565683332,1420,1791,1983.142857142857,12.846854349087414,1930,2025,49
cpld_debug_pdlib_p8_intel,hercules,intel,1363.3877551020407,37.416471599267275,1291,1471,887598.918367347,1033127.5735106854,2052,2078676,49
cpld_debug_pdlib_p8_intel,orion,intel,1735.2244897959183,66.2106063086203,1667,2033,84018.71428571429,401689.0829680961,1987,2012516,49
cpld_debug_pdlib_p8_intel,ursa,intel,1165.8,14.626563630476042,1137,1211,50014.71111111111,320846.2727048169,2160,2154488,45
cpld_debug_pdlib_p8_intel,wcoss2,intel,1482.3673469387754,35.64564833044788,1435,1624,1962.8775510204082,5.426142940513534,1951,1970,49
