test_name,machine,compiler,core_mean,core_std,core_min,core_max,mem_mean,mem_std,mem_min,mem_max,n_hashes
cpld_control_c48_5deg_intel,acorn,intel,365.92857142857144,6.260183341594978,352,375,2885.3333333333335,5.854606969235884,2874,2895,42
cpld_control_c48_5deg_intel,derecho,intel,335.6296296296296,14.536818369887131,317,358,535137.4444444445,1137739.383339657,2876,2878824,27
cpld_control_c48_5deg_intel,gaeac6,intel,254.58536585365854,4.0185545271658265,248,271,282909.5853658537,862287.7866840622,2858,2876176,41
cpld_control_c48_5deg_intel,hera,intel,477.1860465116279,25.87171264045282,463,593,3072.9302325581393,26.087212109746925,3012,3097,43
cpld_control_c48_5deg_intel,hercules,intel,406.04545454545456,55.796121622928936,352,693,2076478.5909090908,1432839.6636951605,3033,3063856,44
cpld_control_c48_5deg_intel,orion,intel,546.0697674418604,51.95437345761376,491,729,214922.62790697673,782832.2034914551,3013,3052736,43
cpld_control_c48_5deg_intel,ursa,intel,367.23333333333335,280.8550593594784,255,1347,104067.23333333334,553391.0641696393,3028,3034080,30
cpld_control_c48_5deg_intel,wcoss2,intel,405.8095238095238,41.38589255056286,358,524,2883.5,5.4201520993869545,2870,2898,42
