test_name,machine,compiler,core_mean,core_std,core_min,core_max,mem_mean,mem_std,mem_min,mem_max,n_hashes
cpld_restart_c24_5deg_intel,acorn,intel,46.680851063829785,4.996113197880073,31,61,1452.5744680851064,3.424621088853444,1448,1460,47
cpld_restart_c24_5deg_intel,derecho,intel,25.814814814814813,1.1106836784693621,24,28,1422.4074074074074,1.5002373981181605,1419,1425,27
cpld_restart_c24_5deg_intel,gaeac6,intel,21.319148936170212,3.2711278667783774,18,33,139297.46808510637,923966.2157153953,1421,6338896,47
cpld_restart_c24_5deg_intel,hera,intel,33.34375,1.153098910230253,32,37,1578.8125,5.384790408357112,1570,1591,32
cpld_restart_c24_5deg_intel,hercules,intel,30.29787234042553,17.767722192121088,23,96,1550.595744680851,4.994168662454883,1532,1561,47
cpld_restart_c24_5deg_intel,orion,intel,42.91304347826087,19.781951467555835,34,124,1550.7391304347825,3.8840687864872354,1538,1559,46
cpld_restart_c24_5deg_intel,ursa,intel,182.0612244897959,402.72976920858827,24,1264,1531.265306122449,1.3960585918351613,1528,1535,49
cpld_restart_c24_5deg_intel,wcoss2,intel,62.1063829787234,15.107202489790431,46,123,1460.2340425531916,12.403037436463821,1452,1491,47
