test_name,machine,compiler,core_mean,core_std,core_min,core_max,mem_mean,mem_std,mem_min,mem_max,n_hashes
cpld_control_p8_mixedmode_intel,acorn,intel,394.0,8.272531813701024,373,409,3327.2340425531916,5.201223793942312,3319,3337,47
cpld_control_p8_mixedmode_intel,derecho,intel,375.3,20.74206675655377,352,403,2004.3,23.5468799537339,1981,2028,10
cpld_control_p8_mixedmode_intel,gaeac6,intel,243.1304347826087,25.051598924931955,224,396,140418.26086956522,934096.0099342257,2007,6338032,46
cpld_control_p8_mixedmode_intel,hera,intel,694.0208333333334,28.495232586203695,656,816,2208.8333333333335,7.484262448442075,2190,2223,48
cpld_control_p8_mixedmode_intel,hercules,intel,530.4130434782609,90.45209317323886,457,946,284018.76086956525,735800.581541046,2144,2168036,46
cpld_control_p8_mixedmode_intel,orion,intel,998.1521739130435,114.29493376374113,926,1722,47878.69565217391,310449.44486733846,2087,2107676,46
cpld_control_p8_mixedmode_intel,ursa,intel,397.3265306122449,17.241408192563185,367,443,46951.34693877551,313331.76244507934,2168,2195512,49
cpld_control_p8_mixedmode_intel,wcoss2,intel,446.2340425531915,68.82688199734469,389,855,3345.2978723404253,3.999537438564369,3338,3352,47
