test_name,machine,compiler,core_mean,core_std,core_min,core_max,mem_mean,mem_std,mem_min,mem_max,n_hashes
cpld_restart_c192_p8_intel,hera,intel,524.1111111111111,16.851911704746595,484,563,2814.4444444444443,9.8889256076281,2795,2829,18
cpld_restart_c192_p8_intel,hercules,intel,341.5833333333333,41.50766826530606,300,546,60636.8125,399896.3680961024,2746,2773480,48
cpld_restart_c192_p8_intel,orion,intel,558.1489361702128,39.18239329719202,503,707,58855.72340425532,384366.7953608728,2625,2637876,47
cpld_restart_c192_p8_intel,ursa,intel,772.2,75.96776975017978,672,925,3402.28,133.20508049390514,3122,3497,50
