test_name,machine,compiler,core_mean,core_std,core_min,core_max,mem_mean,mem_std,mem_min,mem_max,n_hashes
cpld_control_p8_gnu,hera,gnu,674.7708333333334,34.66879127763878,653,805,1687.0625,8.655108564040004,1670,1703,48
cpld_control_p8_gnu,hercules,gnu,627.625,46.63786471883027,585,788,575336.2291666666,819807.9347767401,1702,1737088,48
cpld_control_p8_gnu,ursa,gnu,462.2448979591837,13.799955634356367,452,545,34134.4081632653,227727.73231188438,1574,1595696,49
