test_name,machine,compiler,core_mean,core_std,core_min,core_max,mem_mean,mem_std,mem_min,mem_max,n_hashes
cpld_control_sfs_intel,acorn,intel,768.3695652173913,94.81756956168277,683,944,2101.0,138.09207878159515,1901,2199,46
cpld_control_sfs_intel,derecho,intel,649.0,20.7635497928461,629,715,2158.764705882353,5.911106196862591,2150,2169,17
cpld_control_sfs_intel,gaeac6,intel,483.44444444444446,76.03006449471619,425,623,144670.53333333333,944362.2401913417,1895,6338852,45
cpld_control_sfs_intel,hera,intel,855.3170731707318,235.86621621423342,663,1261,2156.682926829268,76.05144279512061,2039,2237,41
cpld_control_sfs_intel,hercules,intel,744.0217391304348,256.771968799853,540,1772,2204.086956521739,148.93381469438097,1985,2312,46
cpld_control_sfs_intel,orion,intel,951.4222222222222,235.41901607838128,743,1422,2136.866666666667,129.54160440849594,1949,2240,45
cpld_control_sfs_intel,ursa,intel,575.8367346938776,112.94842977711392,495,789,2266.734693877551,182.8580705891641,1995,2412,49
cpld_control_sfs_intel,wcoss2,intel,810.5652173913044,136.63001983034542,696,1186,2094.195652173913,138.30073825868976,1895,2204,46
