test_name,machine,compiler,core_mean,core_std,core_min,core_max,mem_mean,mem_std,mem_min,mem_max,n_hashes
cpld_control_pdlib_p8_gnu,derecho,gnu,699.0434782608696,11.125230379104156,685,734,1588.8260869565217,10.547089964505231,1569,1609,23
cpld_control_pdlib_p8_gnu,hera,gnu,1069.1818181818182,8.3164677816749,1057,1080,1600.2727272727273,3.951984541743782,1593,1604,11
cpld_control_pdlib_p8_gnu,hercules,gnu,835.3333333333334,9.115999631162925,825,865,1584.4166666666667,8.272093823928977,1563,1596,24
cpld_control_pdlib_p8_gnu,ursa,gnu,581.7083333333334,222.56517934746893,529,1626,1562.2916666666667,9.214729072743156,1540,1585,24
