test_name,machine,compiler,core_mean,core_std,core_min,core_max,mem_mean,mem_std,mem_min,mem_max,n_hashes
cpld_restart_p8_intel,acorn,intel,281.21276595744683,6.695021415080076,267,298,3242.191489361702,4.441103945565771,3234,3249,47
cpld_restart_p8_intel,derecho,intel,289.9,12.022663783223939,276,305,1550.3,20.94463601444967,1538,1590,10
cpld_restart_p8_intel,gaeac6,intel,166.02173913043478,3.7975964938938467,160,181,140392.30434782608,934215.2384414984,1578,6338792,46
cpld_restart_p8_intel,hera,intel,370.8333333333333,19.73045311547211,350,486,1888.25,7.0454451862418885,1869,1899,48
cpld_restart_p8_intel,hercules,intel,314.5217391304348,82.28534070346912,256,635,172502.97826086957,558745.3440394028,1944,1964856,46
cpld_restart_p8_intel,orion,intel,517.3478260869565,26.473649281506177,489,616,40506.45652173913,262684.39449936507,1763,1783388,46
cpld_restart_p8_intel,ursa,intel,225.87755102040816,8.135909734681475,211,245,2272.387755102041,20.351920800556165,2231,2314,49
cpld_restart_p8_intel,wcoss2,intel,368.93617021276594,141.17309822793695,289,895,3258.8297872340427,5.69637241140345,3238,3270,47
