test_name,machine,compiler,core_mean,core_std,core_min,core_max,mem_mean,mem_std,mem_min,mem_max,n_hashes
cpld_control_gfsv17_intel,acorn,intel,791.0888888888888,7.9567644812511915,775,806,1898.1555555555556,1.744544164942387,1895,1904,45
cpld_control_gfsv17_intel,derecho,intel,774.8636363636364,10.487181342756312,757,813,1867.1136363636363,2.2121851670985286,1862,1872,44
cpld_control_gfsv17_intel,gaeac6,intel,530.9791666666666,32.83711547140323,517,698,138268.6875,914038.6352785527,6338,6338984,48
cpld_control_gfsv17_intel,hera,intel,1037.0666666666666,33.63770560093595,1010,1148,2076.6666666666665,7.207800007795859,2062,2088,15
cpld_control_gfsv17_intel,hercules,intel,938.9787234042553,100.4421722796153,880,1558,45099.48936170213,295343.464783239,2004,2026792,47
cpld_control_gfsv17_intel,orion,intel,1372.4130434782608,34.43743188705926,1322,1449,44691.760869565216,289806.8862009233,1953,1967528,46
cpld_control_gfsv17_intel,ursa,intel,567.7,14.119388898147914,482,589,2058.6,17.631141280619012,2047,2173,50
cpld_control_gfsv17_intel,wcoss2,intel,826.0833333333334,15.490331003885364,798,874,1842.2708333333333,40.54298458785161,1807,1903,48
