test_name,machine,compiler,core_mean,core_std,core_min,core_max,mem_mean,mem_std,mem_min,mem_max,n_hashes
cpld_restart_gfsv17_iau_intel,acorn,intel,419.5,30.65488904273221,381,460,1931.695652173913,2.60656918161608,1923,1940,46
cpld_restart_gfsv17_iau_intel,derecho,intel,412.77777777777777,4.841946348777974,405,420,1899.111111111111,23.374368678343192,1873,1930,9
cpld_restart_gfsv17_iau_intel,gaeac6,intel,300.8666666666667,104.04492036877849,246,676,143456.0,944682.3655745352,1909,6339744,45
cpld_restart_gfsv17_iau_intel,hera,intel,510.40425531914894,33.56282854229483,468,574,2210.68085106383,8.92019297651142,2182,2230,47
cpld_restart_gfsv17_iau_intel,hercules,intel,489.97777777777776,90.19889358545592,421,1002,247951.84444444443,702906.2737501144,2189,2217272,45
cpld_restart_gfsv17_iau_intel,orion,intel,613.4666666666667,32.31141087491035,557,665,48516.955555555556,311446.51707556145,2065,2091336,45
cpld_restart_gfsv17_iau_intel,ursa,intel,319.9583333333333,46.21870227209232,270,395,51209.979166666664,338500.51535178657,2321,2347552,48
cpld_restart_gfsv17_iau_intel,wcoss2,intel,456.39130434782606,49.291639255385796,397,574,1928.4347826086957,4.915518166030874,1915,1938,46
