test_name,machine,compiler,core_mean,core_std,core_min,core_max,mem_mean,mem_std,mem_min,mem_max,n_hashes
cpld_control_gefs_intel,acorn,intel,980.7708333333334,27.67688918638548,938,1049,4135.479166666667,67.34856601273378,4099,4330,48
cpld_control_gefs_intel,hera,intel,989.3125,66.45368127740667,893,1188,3043.1458333333335,13.69732010336997,3008,3067,48
cpld_control_gefs_intel,hercules,intel,1021.1875,180.4538788544514,850,1704,1043243.0416666666,1486524.410116916,3102,3134244,48
cpld_control_gefs_intel,orion,intel,1233.625,174.32247264218438,1137,2200,66899.45833333333,442285.3711105322,3034,3067304,48
cpld_control_gefs_intel,ursa,intel,1257.0,72.72350605776182,1126,1514,3254.8571428571427,11.676186592091401,3234,3276,49
cpld_control_gefs_intel,wcoss2,intel,1124.2083333333333,184.47002389632868,959,1765,4131.1875,68.49278770852546,4082,4339,48
