test_name,machine,compiler,core_mean,core_std,core_min,core_max,mem_mean,mem_std,mem_min,mem_max,n_hashes
cpld_restart_c192_p8_intel,hera,intel,529.0487804878048,17.532756799077834,484,572,2816.878048780488,10.763816985510314,2789,2842,41
cpld_restart_c192_p8_intel,hercules,intel,365.4782608695652,78.20137513153954,313,762,2958.413043478261,9.476464617277486,2938,2976,46
cpld_restart_c192_p8_intel,orion,intel,540.6666666666666,32.530405357561605,487,618,2837.8888888888887,18.519304697116795,2814,2872,45
cpld_restart_c192_p8_intel,ursa,intel,749.9387755102041,59.86457221765417,699,925,3477.4897959183672,13.621555296935531,3446,3504,49
