test_name,machine,compiler,core_mean,core_std,core_min,core_max,mem_mean,mem_std,mem_min,mem_max,n_hashes
cpld_warmstart_c48_5deg_intel,acorn,intel,128.1086956521739,5.797425715568615,117,140,2897.586956521739,4.425060386061691,2888,2906,46
cpld_warmstart_c48_5deg_intel,derecho,intel,99.625,1.258305739211791,98,102,2857.4375,1.0935416468216073,2855,2859,16
cpld_warmstart_c48_5deg_intel,gaeac6,intel,76.06666666666666,1.8512894768978543,73,82,145021.73333333334,944077.9186024319,2859,6337344,45
cpld_warmstart_c48_5deg_intel,hera,intel,134.21428571428572,5.858226295647036,126,147,3076.309523809524,6.642391926062434,3050,3088,42
cpld_warmstart_c48_5deg_intel,hercules,intel,123.5,35.32499901706376,95,221,3036.021739130435,5.013267421706762,3022,3046,46
cpld_warmstart_c48_5deg_intel,orion,intel,169.0222222222222,30.712367133607515,139,229,3037.4,6.0279651323117465,3027,3050,45
cpld_warmstart_c48_5deg_intel,ursa,intel,130.44897959183675,173.80089916631738,79,1257,3018.7755102040815,2.559828331829178,3013,3022,49
cpld_warmstart_c48_5deg_intel,wcoss2,intel,160.52173913043478,29.153798403512678,130,268,2895.4565217391305,6.76167803544932,2884,2904,46
