test_name,machine,compiler,core_mean,core_std,core_min,core_max,mem_mean,mem_std,mem_min,mem_max,n_hashes
cpld_control_nowave_noaero_p8_intel,acorn,intel,432.39130434782606,8.155375216845405,412,445,1976.9565217391305,7.896431041198454,1968,1989,46
cpld_control_nowave_noaero_p8_intel,derecho,intel,435.3529411764706,8.767419635150556,414,449,1932.5882352941176,0.7122871199007388,1931,1934,17
cpld_control_nowave_noaero_p8_intel,gaeac6,intel,272.8666666666667,5.479714657468282,260,282,144575.0888888889,944471.5350480835,1823,6339472,45
cpld_control_nowave_noaero_p8_intel,hera,intel,369.8780487804878,8.405935765728941,354,386,2187.0243902439024,11.274945243499063,2148,2208,41
cpld_control_nowave_noaero_p8_intel,hercules,intel,396.8478260869565,56.35087198035945,345,616,2166.0652173913045,7.116185538500288,2153,2183,46
cpld_control_nowave_noaero_p8_intel,orion,intel,421.53333333333336,86.3467112602127,377,959,2093.733333333333,8.502406076571011,2070,2108,45
cpld_control_nowave_noaero_p8_intel,ursa,intel,337.44897959183675,191.4575737624929,285,1567,2994.7551020408164,11.063322685501618,2977,3024,49
cpld_control_nowave_noaero_p8_intel,wcoss2,intel,469.6521739130435,48.83314784552001,419,686,1967.108695652174,27.72101349828289,1881,1993,46
