test_name,machine,compiler,core_mean,core_std,core_min,core_max,mem_mean,mem_std,mem_min,mem_max,n_hashes
cpld_control_c48_5deg_intel,acorn,intel,362.8333333333333,7.563443247547073,348,375,2886.7916666666665,2.3151520636912015,2882,2895,48
cpld_control_c48_5deg_intel,derecho,intel,321.90909090909093,11.39696929411099,317,356,1309327.7272727273,1500996.5643738222,2876,2878824,11
cpld_control_c48_5deg_intel,gaeac6,intel,249.40425531914894,9.059368378184853,235,271,259942.36170212767,1078735.4041701958,2846,6338632,47
cpld_control_c48_5deg_intel,hera,intel,454.9375,24.77336099308317,411,499,3086.1875,6.4894554405509535,3059,3097,48
cpld_control_c48_5deg_intel,hercules,intel,383.7708333333333,47.4266464213963,309,455,829730.5625,1370792.167459912,3036,3063856,48
cpld_control_c48_5deg_intel,orion,intel,511.2291666666667,53.8315890743484,448,729,129948.0,615021.7934856091,3033,3052736,48
cpld_control_c48_5deg_intel,ursa,intel,377.0,287.6538718668671,237,1347,64889.34693877551,433006.97025382624,3015,3034080,49
cpld_control_c48_5deg_intel,wcoss2,intel,410.5625,37.18379093786214,371,524,2884.0208333333335,3.0769533379580896,2876,2889,48
