test_name,machine,compiler,core_mean,core_std,core_min,core_max,mem_mean,mem_std,mem_min,mem_max,n_hashes
cpld_debug_pdlib_p8_gnu,derecho,gnu,527.2608695652174,9.545191037206065,513,561,1596.6521739130435,8.579090308059124,1582,1610,23
cpld_debug_pdlib_p8_gnu,hera,gnu,658.2222222222222,7.191134701884943,647,674,1539.0,4.2426406871194065,1530,1548,18
cpld_debug_pdlib_p8_gnu,hercules,gnu,559.6896551724138,33.48038172708212,527,616,1592.655172413793,10.379498549919706,1572,1611,29
cpld_debug_pdlib_p8_gnu,ursa,gnu,391.93548387096774,2.743908208753447,387,398,1567.1612903225807,9.237953504225706,1550,1586,31
