test_name,machine,compiler,core_mean,core_std,core_min,core_max,mem_mean,mem_std,mem_min,mem_max,n_hashes
cpld_s2sa_p8_intel,acorn,intel,495.3333333333333,8.696620359298139,475,512,3328.1875,26.591196951606737,3202,3339,48
cpld_s2sa_p8_intel,derecho,intel,464.72727272727275,10.040825753800423,441,476,930731.9090909091,1066992.6636639498,2032,2054660,11
cpld_s2sa_p8_intel,gaeac6,intel,308.0,8.90285738205535,297,360,218458.1489361702,992527.4076959327,1886,6339240,47
cpld_s2sa_p8_intel,hera,intel,452.1666666666667,56.359157285476506,411,648,2249.25,11.97603990954002,2222,2269,48
cpld_s2sa_p8_intel,hercules,intel,451.4583333333333,52.57212202474232,386,666,608584.9791666666,1005451.5287180943,2218,2251460,48
cpld_s2sa_p8_intel,orion,intel,520.7083333333334,158.6332527096643,446,1566,92314.0625,436952.77193037036,2130,2171172,48
cpld_s2sa_p8_intel,ursa,intel,374.83673469387753,185.18013155424902,326,1476,67281.9387755102,449116.80135774106,3080,3146940,49
cpld_s2sa_p8_intel,wcoss2,intel,561.3541666666666,83.34253583940102,483,1021,3330.6041666666665,27.542415709602615,3202,3344,48
