test_name,machine,compiler,core_mean,core_std,core_min,core_max,mem_mean,mem_std,mem_min,mem_max,n_hashes
cpld_control_p8_intel,acorn,intel,492.7837837837838,16.164321367916596,458,532,2988.2432432432433,611.6377107317612,1993,3358,37
cpld_control_p8_intel,derecho,intel,493.85,16.981966302144762,464,543,1994.5,32.291937550559354,1942,2028,40
cpld_control_p8_intel,gaeac6,intel,307.65,16.405987024754427,289,380,6338.725,0.4522025867764693,6338,6339,40
cpld_control_p8_intel,hera,intel,728.8571428571429,10.85400957294234,711,744,2276.1428571428573,11.320020191804266,2253,2286,7
cpld_control_p8_intel,hercules,intel,531.6341463414634,38.29997134304474,477,637,55426.439024390245,340583.7100300783,2180,2183036,41
cpld_control_p8_intel,orion,intel,1059.45,39.49355676108469,1003,1187,54817.225,332996.3980006535,2095,2108220,40
cpld_control_p8_intel,ursa,intel,450.0731707317073,26.41816632915922,397,537,2427.4634146341464,102.7210050478907,2260,2533,41
cpld_control_p8_intel,wcoss2,intel,503.25,25.86329941075297,461,565,2268.425,604.8576813958717,1898,3378,40
