test_name,machine,compiler,core_mean,core_std,core_min,core_max,mem_mean,mem_std,mem_min,mem_max,n_hashes
cpld_restart_gefs_intel,acorn,intel,466.0869565217391,11.065112515281793,429,487,3906.304347826087,11.455943756102739,3879,3927,46
cpld_restart_gefs_intel,hera,intel,319.94444444444446,23.989217154432946,293,380,2728.5555555555557,9.458010797940934,2707,2745,36
cpld_restart_gefs_intel,hercules,intel,343.0652173913044,59.36194148289252,274,612,2809.804347826087,17.09791353770968,2774,2830,46
cpld_restart_gefs_intel,orion,intel,410.4,26.19021330053028,350,491,2726.711111111111,14.486078304581662,2691,2760,45
cpld_restart_gefs_intel,ursa,intel,377.59183673469386,24.174640955061196,327,445,2951.6530612244896,22.966960889874187,2889,2981,49
cpld_restart_gefs_intel,wcoss2,intel,483.0869565217391,62.464150104753514,397,731,3649.304347826087,536.0135516348744,2565,3925,46
