test_name,machine,compiler,core_mean,core_std,core_min,core_max,mem_mean,mem_std,mem_min,mem_max,n_hashes
cpld_debug_noaero_p8_intel,derecho,intel,350.7692307692308,7.532902188706266,331,363,376504.03846153844,782805.1643570311,1942,1951888,26
cpld_debug_noaero_p8_intel,gaeac6,intel,229.30434782608697,3.319100046815841,225,240,172293.8260869565,558051.273307124,1946,1965108,46
cpld_debug_noaero_p8_intel,hera,intel,401.4583333333333,25.48671605043421,386,528,2103.1875,45.798660321389875,1982,2144,48
cpld_debug_noaero_p8_intel,hercules,intel,368.1020408163265,56.43478718026349,300,621,1229090.9387755103,1029546.4765408118,2068,2084584,49
cpld_debug_noaero_p8_intel,orion,intel,446.9791666666667,32.34158747096136,400,536,128518.52083333333,495081.91080574074,2014,2031136,48
cpld_debug_noaero_p8_intel,ursa,intel,276.7567567567568,13.13055259352826,268,332,59352.75675675676,348171.1167866556,2079,2119956,37
