test_name,machine,compiler,core_mean,core_std,core_min,core_max,mem_mean,mem_std,mem_min,mem_max,n_hashes
cpld_s2sa_p8_intel,acorn,intel,495.5208333333333,7.122005405284937,482,511,3258.8958333333335,65.58354736057761,3199,3338,48
cpld_s2sa_p8_intel,derecho,intel,469.37142857142857,7.654624570214036,441,484,294514.0857142857,725136.3956001403,2032,2054660,35
cpld_s2sa_p8_intel,gaeac6,intel,307.6808510638298,4.71402340376551,300,326,165019.53191489363,540550.0718052359,1904,1920172,47
cpld_s2sa_p8_intel,hera,intel,469.8979591836735,53.882683094060624,435,648,2698.5714285714284,548.6897271379032,2222,3377,49
cpld_s2sa_p8_intel,hercules,intel,503.38,160.65171988510056,399,1547,1696975.88,962064.7526455402,2218,2251460,50
cpld_s2sa_p8_intel,orion,intel,573.530612244898,189.7443567497261,462,1566,134473.4693877551,523481.19207324047,2130,2171172,49
cpld_s2sa_p8_intel,ursa,intel,384.0,214.6150731650264,326,1476,115396.92857142857,594126.5973179347,3080,3146940,28
cpld_s2sa_p8_intel,wcoss2,intel,540.2708333333334,76.774812908682,496,1021,3258.1875,68.16614753829604,3189,3344,48
