test_name,machine,compiler,core_mean,core_std,core_min,core_max,mem_mean,mem_std,mem_min,mem_max,n_hashes
cpld_control_noaero_p8_agrid_intel,acorn,intel,307.04347826086956,8.326547962161928,287,323,1979.5217391304348,8.933679422238109,1967,1991,46
cpld_control_noaero_p8_agrid_intel,derecho,intel,331.5263157894737,14.863708304504735,316,363,1928.6842105263158,1.376494403223402,1924,1931,19
cpld_control_noaero_p8_agrid_intel,gaeac6,intel,196.02173913043478,10.418976555486049,182,255,141729.89130434784,934082.8321579105,1954,6339248,46
cpld_control_noaero_p8_agrid_intel,hera,intel,254.23076923076923,6.359665410189019,242,266,2169.4358974358975,8.178260244134135,2153,2185,39
cpld_control_noaero_p8_agrid_intel,hercules,intel,282.54347826086956,92.79384714318537,235,851,2135.1521739130435,7.560033484065271,2119,2153,46
cpld_control_noaero_p8_agrid_intel,orion,intel,287.06666666666666,29.139476503689828,257,354,2079.3333333333335,9.219544457292722,2050,2098,45
cpld_control_noaero_p8_agrid_intel,ursa,intel,210.53061224489795,8.777580439241044,197,240,2169.612244897959,12.081004936349846,2135,2196,49
cpld_control_noaero_p8_agrid_intel,wcoss2,intel,333.89130434782606,25.802005314720574,300,448,1968.5652173913043,32.40072164759652,1880,1991,46
