test_name,machine,compiler,core_mean,core_std,core_min,core_max,mem_mean,mem_std,mem_min,mem_max,n_hashes
cpld_control_c24_5deg_intel,acorn,intel,82.20833333333333,4.212233113375663,72,90,2113.625,2.8999266315003345,2107,2121,48
cpld_control_c24_5deg_intel,derecho,intel,69.17647058823529,16.879111699515054,54,95,621351.9411764706,988856.7978297257,2103,2108856,17
cpld_control_c24_5deg_intel,gaeac6,intel,45.42553191489362,2.9543238824171203,43,61,180630.17021276595,591701.5026442743,2081,2102480,47
cpld_control_c24_5deg_intel,hera,intel,80.14583333333333,24.60754907810215,68,197,2259.25,3.534029103180636,2243,2266,48
cpld_control_c24_5deg_intel,hercules,intel,81.85416666666667,31.86873982469631,54,151,843138.75,1097081.4312790153,2228,2249256,48
cpld_control_c24_5deg_intel,orion,intel,108.20833333333333,35.781225514098594,80,231,95491.45833333333,451938.499568341,2229,2241228,48
cpld_control_c24_5deg_intel,ursa,intel,99.47916666666667,202.01885203617556,49,1248,48246.25,318937.58773081796,2207,2211876,48
cpld_control_c24_5deg_intel,wcoss2,intel,123.52083333333333,49.16666816925109,83,349,2110.2708333333335,1.7593468726888324,2106,2114,48
