test_name,machine,compiler,core_mean,core_std,core_min,core_max,mem_mean,mem_std,mem_min,mem_max,n_hashes
cpld_control_p8.v2.sfc_intel,acorn,intel,489.8125,7.983110496009008,477,508,3294.5208333333335,71.3343907341923,3219,3370,48
cpld_control_p8.v2.sfc_intel,derecho,intel,464.3225806451613,8.506417564694695,446,486,332964.3548387097,765609.9803581259,2047,2057828,31
cpld_control_p8.v2.sfc_intel,gaeac6,intel,302.21276595744683,4.520177806298668,297,315,178236.12765957447,583863.5321674293,2050,2074516,47
cpld_control_p8.v2.sfc_intel,hera,intel,662.1632653061224,95.43962902859394,522,821,2632.918367346939,521.0181473460838,2208,3405,49
cpld_control_p8.v2.sfc_intel,hercules,intel,587.82,97.56623914248291,489,1085,1537378.02,1063780.0234999773,2248,2267460,50
cpld_control_p8.v2.sfc_intel,orion,intel,1056.1224489795918,181.7093183096129,921,1708,135812.61224489796,528680.2105944582,2167,2185240,49
cpld_control_p8.v2.sfc_intel,ursa,intel,428.4375,12.489834576243828,415,461,79591.46875,436105.6043457886,2459,2469484,32
cpld_control_p8.v2.sfc_intel,wcoss2,intel,549.0,96.13532129243653,488,1051,3305.5208333333335,75.77177085739251,3218,3389,48
