test_name,machine,compiler,core_mean,core_std,core_min,core_max,mem_mean,mem_std,mem_min,mem_max,n_hashes
cpld_warmstart_c24_9deg_intel,acorn,intel,56.276595744680854,6.0673829601566185,45,70,2111.6170212765956,2.7071017029235063,2107,2116,47
cpld_warmstart_c24_9deg_intel,derecho,intel,33.2,1.7511900715418265,32,38,2074.7,1.059349905471362,2073,2076,10
cpld_warmstart_c24_9deg_intel,gaeac6,intel,25.565217391304348,1.6553237201096003,24,32,140918.60869565216,933916.8824705138,2078,6337340,46
cpld_warmstart_c24_9deg_intel,hera,intel,42.354166666666664,1.8506995035613616,40,49,2256.9791666666665,5.0465475172609615,2249,2267,48
cpld_warmstart_c24_9deg_intel,hercules,intel,53.54347826086956,33.69121647600232,30,163,99540.93478260869,461438.102647336,2224,2242140,46
cpld_warmstart_c24_9deg_intel,orion,intel,63.58695652173913,26.620440005509987,46,129,50857.67391304348,329759.6458939318,2224,2238776,46
cpld_warmstart_c24_9deg_intel,ursa,intel,35.55102040816327,13.658119112347604,30,96,2208.734693877551,1.8571428571430961,2204,2212,49
cpld_warmstart_c24_9deg_intel,wcoss2,intel,95.0,50.42730454305743,58,350,2109.7872340425533,1.2842891827396825,2108,2113,47
