test_name,machine,compiler,core_mean,core_std,core_min,core_max,mem_mean,mem_std,mem_min,mem_max,n_hashes
cpld_debug_p8_intel,derecho,intel,738.04,12.650691680694777,716,760,422123.72,856392.140998285,2095,2105364,25
cpld_debug_p8_intel,gaeac6,intel,499.7659574468085,5.960787684881655,488,515,179732.93617021278,588736.0496360495,2075,2090652,47
cpld_debug_p8_intel,hera,intel,810.8541666666666,34.22702029741583,775,940,2506.5208333333335,437.1877725793666,2240,3438,48
cpld_debug_p8_intel,hercules,intel,764.1020408163265,141.2071830234389,635,1403,1263763.4897959183,1150505.1276237883,2282,2306088,49
cpld_debug_p8_intel,orion,intel,870.0,40.209348001014206,794,1011,137722.6326530612,536124.25568242,2201,2223112,49
cpld_debug_p8_intel,ursa,intel,546.6410256410256,11.624581892848237,532,596,63832.743589743586,383710.9615220755,2335,2398664,39
