test_name,machine,compiler,core_mean,core_std,core_min,core_max,mem_mean,mem_std,mem_min,mem_max,n_hashes
cpld_warmstart_c12_9deg_intel,acorn,intel,49.875,4.265771736818359,41,59,2041.5625,2.268247519233857,2036,2047,48
cpld_warmstart_c12_9deg_intel,derecho,intel,41.34782608695652,15.639718364274783,23,66,443852.5652173913,857126.1313192755,2032,2037208,23
cpld_warmstart_c12_9deg_intel,gaeac6,intel,20.617021276595743,2.731086672476899,18,36,174483.27659574468,571559.3022146674,2011,2031188,47
cpld_warmstart_c12_9deg_intel,hera,intel,40.041666666666664,27.78255869022662,26,189,2184.2708333333335,10.410182378955609,2156,2196,48
cpld_warmstart_c12_9deg_intel,hercules,intel,59.714285714285715,77.410970368116,22,532,1105207.5918367347,1091966.6021135696,2157,2174796,49
cpld_warmstart_c12_9deg_intel,orion,intel,71.89795918367346,47.3898920736089,36,285,134421.5918367347,523258.8910368572,2153,2166684,49
cpld_warmstart_c12_9deg_intel,ursa,intel,31.24390243902439,13.836149189360597,26,110,54191.73170731707,333304.430132576,2135,2136328,41
cpld_warmstart_c12_9deg_intel,wcoss2,intel,105.39583333333333,102.70837451267285,48,670,2039.3333333333333,2.1960635317451804,2034,2046,48
