test_name,machine,compiler,core_mean,core_std,core_min,core_max,mem_mean,mem_std,mem_min,mem_max,n_hashes
cpld_warmstart_c24_5deg_intel,acorn,intel,56.56521739130435,6.500092901602915,39,67,2113.7391304347825,1.7183297136555766,2110,2117,46
cpld_warmstart_c24_5deg_intel,derecho,intel,33.38235294117647,1.371013911083702,32,37,2077.264705882353,1.081772494129604,2074,2079,34
cpld_warmstart_c24_5deg_intel,gaeac6,intel,26.4468085106383,1.4862925956641213,24,30,140126.3404255319,923550.3946967088,2077,6336944,47
cpld_warmstart_c24_5deg_intel,hera,intel,41.76,1.4798648586948744,40,46,2256.76,2.9337120967585046,2250,2262,25
cpld_warmstart_c24_5deg_intel,hercules,intel,45.297872340425535,26.17492568289522,30,112,49721.36170212766,325549.19986776233,2226,2234088,47
cpld_warmstart_c24_5deg_intel,orion,intel,68.95652173913044,33.965967622338376,46,165,50736.065217391304,328940.5828839949,2224,2233220,46
cpld_warmstart_c24_5deg_intel,ursa,intel,130.3877551020408,314.0890144745681,30,1236,2208.7755102040815,3.090747658485682,2195,2212,49
cpld_warmstart_c24_5deg_intel,wcoss2,intel,67.55319148936171,10.735573759273214,54,94,2115.9148936170213,4.4566988525536795,2111,2123,47
