test_name,machine,compiler,core_mean,core_std,core_min,core_max,mem_mean,mem_std,mem_min,mem_max,n_hashes
cpld_control_p8_faster_intel,acorn,intel,484.7083333333333,8.307797755488467,471,501,3284.4375,69.14920846918602,3219,3367,48
cpld_control_p8_faster_intel,derecho,intel,459.8235294117647,6.027565910227692,446,469,305559.29411764705,740242.373627127,2057,2068448,34
cpld_control_p8_faster_intel,gaeac6,intel,297.1276595744681,3.7741513372378,291,306,177750.5744680851,582250.0509683456,2053,2070888,47
cpld_control_p8_faster_intel,hera,intel,636.8367346938776,106.09947120092376,499,877,2705.061224489796,536.2032189448354,2252,3396,49
cpld_control_p8_faster_intel,hercules,intel,541.68,41.743355819843245,475,634,1627689.16,1023936.7314934474,2257,2270340,50
cpld_control_p8_faster_intel,orion,intel,1045.3469387755101,119.73904804135672,937,1416,136095.9387755102,529804.9106434686,2169,2197324,49
cpld_control_p8_faster_intel,ursa,intel,402.7586206896552,10.927211029658922,394,440,88999.8275862069,465863.7174111629,2441,2511244,29
cpld_control_p8_faster_intel,wcoss2,intel,536.6041666666666,80.45792863442264,490,1039,3290.875,77.63132319125789,3210,3386,48
