test_name,machine,compiler,core_mean,core_std,core_min,core_max,mem_mean,mem_std,mem_min,mem_max,n_hashes
cpld_control_p8_lnd_intel,acorn,intel,499.2708333333333,8.139056308236997,484,522,3337.9166666666665,53.90055197812069,3232,3369,48
cpld_control_p8_lnd_intel,derecho,intel,470.3888888888889,5.802016778053178,461,479,574696.1666666666,949969.7288446028,2055,2072240,18
cpld_control_p8_lnd_intel,gaeac6,intel,302.29787234042556,4.619970325601213,294,316,177697.3404255319,582066.8325543739,2043,2075204,47
cpld_control_p8_lnd_intel,hera,intel,768.625,59.944167284977475,563,929,2141.5416666666665,174.92429466843137,2062,3325,48
cpld_control_p8_lnd_intel,hercules,intel,561.3125,40.57730014717641,491,662,883171.9166666666,1099881.4051976546,2215,2240788,48
cpld_control_p8_lnd_intel,orion,intel,1066.9583333333333,84.6376402190182,996,1540,91625.5625,433649.9521451927,2137,2152476,48
cpld_control_p8_lnd_intel,ursa,intel,455.06382978723406,16.21513551582239,427,503,56124.70212765958,367535.7123126543,2459,2522212,47
