test_name,machine,compiler,core_mean,core_std,core_min,core_max,mem_mean,mem_std,mem_min,mem_max,n_hashes
cpld_control_gfsv17_intel,acorn,intel,902.2291666666666,6.643632636587392,891,920,1901.5,2.2970841831941726,1897,1911,48
cpld_control_gfsv17_intel,derecho,intel,820.0,7.456540752922907,807,833,307687.93548387097,708822.3205430227,1897,1900700,31
cpld_control_gfsv17_intel,gaeac6,intel,622.6808510638298,111.00609195640503,597,1367,164797.085106383,539811.8598306439,1905,1919840,47
cpld_control_gfsv17_intel,hera,intel,1168.142857142857,38.65391312661629,1132,1291,2049.469387755102,43.52781775333247,1971,2091,49
cpld_control_gfsv17_intel,hercules,intel,1089.68,124.05141133038838,990,1539,1336028.88,967196.4640938145,2010,2030604,50
cpld_control_gfsv17_intel,orion,intel,1267.7551020408164,91.86256278907581,1182,1694,122550.8163265306,477063.65106755204,1961,1976956,49
cpld_control_gfsv17_intel,ursa,intel,720.71875,14.416017916909086,707,776,66221.875,362952.18556334614,2050,2055228,32
cpld_control_gfsv17_intel,wcoss2,intel,960.125,91.88490140595994,902,1459,1901.6666666666667,5.451267013891228,1883,1908,48
