test_name,machine,compiler,core_mean,core_std,core_min,core_max,mem_mean,mem_std,mem_min,mem_max,n_hashes
cpld_restart_c12_9deg_intel,acorn,intel,43.46808510638298,5.294997901341242,30,56,1396.2978723404256,2.009919894759071,1394,1402,47
cpld_restart_c12_9deg_intel,derecho,intel,19.6,1.4298407059684815,18,22,555669.5,715582.3927060702,1361,1387872,10
cpld_restart_c12_9deg_intel,gaeac6,intel,17.130434782608695,1.4237461642078684,15,22,139437.97826086957,934158.8650811783,1363,6337472,46
cpld_restart_c12_9deg_intel,hera,intel,30.729166666666668,7.359288770368625,22,79,1532.625,3.186574229348737,1524,1539,48
cpld_restart_c12_9deg_intel,hercules,intel,39.54347826086956,29.802092783888803,17,132,329027.45652173914,628297.4726185999,1492,1512792,46
cpld_restart_c12_9deg_intel,orion,intel,46.93478260869565,34.73672547345759,30,212,67039.60869565218,310782.2583834024,1490,1508952,46
cpld_restart_c12_9deg_intel,ursa,intel,77.6734693877551,230.5431438071031,22,1194,31867.85714285714,212655.35417078028,1485,1490076,49
cpld_restart_c12_9deg_intel,wcoss2,intel,75.0,18.864505432621105,50,127,1395.1489361702127,1.4443100263999038,1393,1399,47
