test_name,machine,compiler,core_mean,core_std,core_min,core_max,mem_mean,mem_std,mem_min,mem_max,n_hashes
cpld_control_nowave_noaero_p8_gnu,hera,gnu,595.4791666666666,19.446587605632672,580,672,1639.8541666666667,9.529326701078384,1610,1656,48
cpld_control_nowave_noaero_p8_gnu,hercules,gnu,556.6530612244898,186.73561424069683,483,1576,864713.9591836735,820193.2227648139,1616,1645320,49
cpld_control_nowave_noaero_p8_gnu,ursa,gnu,452.6,121.15613998642515,403,997,40007.55,243189.9283053822,1524,1539624,40
