test_name,machine,compiler,core_mean,core_std,core_min,core_max,mem_mean,mem_std,mem_min,mem_max,n_hashes
cpld_restart_gefs_intel,acorn,intel,458.7291666666667,11.869394907112712,429,504,3963.375,88.38061426989216,3901,4142,48
cpld_restart_gefs_intel,gaeac6,intel,224.0,,224,224,2702.0,,2702,2702,1
cpld_restart_gefs_intel,hera,intel,316.5208333333333,25.871194515788382,293,427,2749.1875,222.38969594318473,2665,4251,48
cpld_restart_gefs_intel,hercules,intel,355.4583333333333,72.33990639154567,270,612,1116329.625,1390249.938356327,2803,2835652,48
cpld_restart_gefs_intel,orion,intel,457.8510638297872,132.05647321660865,350,954,60846.382978723406,398422.2716465837,2703,2734176,47
cpld_restart_gefs_intel,ursa,intel,358.63829787234044,22.62974719057514,322,407,2961.021276595745,13.065868848632293,2937,2991,47
cpld_restart_gefs_intel,wcoss2,intel,522.0416666666666,93.22381175436983,447,947,3956.2916666666665,88.22504067110677,3895,4137,48
