test_name,machine,compiler,core_mean,core_std,core_min,core_max,mem_mean,mem_std,mem_min,mem_max,n_hashes
cpld_control_p8_gnu,derecho,gnu,583.0,9.34077084613469,567,596,1658.3333333333333,6.928203230275498,1647,1670,9
cpld_control_p8_gnu,hera,gnu,676.4791666666666,34.22515535195196,653,805,1683.75,9.418180697968046,1668,1703,48
cpld_control_p8_gnu,hercules,gnu,623.1304347826087,37.26279568187262,585,764,113653.13043478261,428462.68630813423,1702,1723740,46
cpld_control_p8_gnu,ursa,gnu,462.0816326530612,7.466136703738527,452,493,1598.6326530612246,10.719324212123915,1562,1625,49
