test_name,machine,compiler,core_mean,core_std,core_min,core_max,mem_mean,mem_std,mem_min,mem_max,n_hashes
cpld_control_p8_faster_intel,acorn,intel,496.0,5.033222956847161,491,503,3359.25,0.9574271077563183,3358,3360,4
cpld_control_p8_faster_intel,gaeac6,intel,305.0,2.3094010767585114,303,307,2044.0,0.816496580927726,2043,2045,4
cpld_control_p8_faster_intel,hera,intel,676.75,10.626225419530043,664,690,2276.0,7.615773105863918,2268,2283,4
cpld_control_p8_faster_intel,hercules,intel,530.0,13.904435743076132,517,549,2247.25,3.304037933599835,2243,2251,4
cpld_control_p8_faster_intel,orion,intel,987.5,23.69950773047125,961,1008,2186.5,6.027713773341671,2178,2192,4
cpld_control_p8_faster_intel,ursa,intel,398.0,3.741657386773946,394,403,2493.75,14.244882121894365,2482,2514,4
cpld_control_p8_faster_intel,wcoss2,intel,543.75,29.948567021923864,516,585,3371.0,0.0,3371,3371,4
