test_name,machine,compiler,core_mean,core_std,core_min,core_max,mem_mean,mem_std,mem_min,mem_max,n_hashes
cpld_warmstart_c24_9deg_intel,acorn,intel,57.148936170212764,6.9312735620150905,42,70,2112.1702127659573,2.5222414887673303,2107,2116,47
cpld_warmstart_c24_9deg_intel,derecho,intel,33.785714285714285,1.892620031070838,32,38,2075.3214285714284,1.1239339452243051,2072,2077,28
cpld_warmstart_c24_9deg_intel,gaeac6,intel,26.340425531914892,1.8565582432658292,24,32,139591.2340425532,923689.7193677676,2078,6337340,47
cpld_warmstart_c24_9deg_intel,hera,intel,41.61290322580645,1.3083684331980976,40,45,2255.967741935484,4.826895972690924,2249,2267,31
cpld_warmstart_c24_9deg_intel,hercules,intel,43.0,24.19126683959209,30,123,2234.553191489362,5.484398863806081,2222,2247,47
cpld_warmstart_c24_9deg_intel,orion,intel,63.369565217391305,27.61670886792364,46,133,2235.108695652174,4.212300827442159,2224,2244,46
cpld_warmstart_c24_9deg_intel,ursa,intel,58.714285714285715,162.3750801898698,29,1168,2207.918367346939,1.4696475582867266,2204,2211,49
cpld_warmstart_c24_9deg_intel,wcoss2,intel,71.93617021276596,13.894641218077323,53,102,2112.148936170213,4.138781186922664,2108,2119,47
