test_name,machine,compiler,core_mean,core_std,core_min,core_max,mem_mean,mem_std,mem_min,mem_max,n_hashes
cpld_control_pdlib_p8_intel,acorn,intel,788.8,6.784363360470671,780,810,1921.7666666666667,1.6333450621206036,1919,1924,30
cpld_control_pdlib_p8_intel,derecho,intel,778.2608695652174,15.407251513799816,764,818,1879.3478260869565,4.858064482263903,1874,1892,23
cpld_control_pdlib_p8_intel,gaeac6,intel,523.2,4.36601293693881,510,532,216866.76666666666,1156453.5817260812,1912,6339880,30
cpld_control_pdlib_p8_intel,hera,intel,914.8947368421053,12.587007131880535,906,962,2118.5789473684213,9.895654430515776,2096,2133,19
cpld_control_pdlib_p8_intel,hercules,intel,750.8333333333334,17.55402170902496,729,785,2089.233333333333,4.280536006827736,2082,2097,30
cpld_control_pdlib_p8_intel,orion,intel,1229.3793103448277,37.37972501724079,1186,1305,2017.4137931034484,5.08160015138166,2001,2025,29
cpld_control_pdlib_p8_intel,ursa,intel,493.9375,9.21407583799847,485,539,2162.96875,10.6845815200252,2149,2185,32
cpld_control_pdlib_p8_intel,wcoss2,intel,818.5666666666667,58.4268970496515,790,1125,1893.0,42.743823913620794,1830,1927,30
