test_name,machine,compiler,core_mean,core_std,core_min,core_max,mem_mean,mem_std,mem_min,mem_max,n_hashes
cpld_mpi_gfsv17_intel,acorn,intel,1006.1458333333334,61.7589650941752,911,1061,1883.1875,5.855189551231577,1871,1891,48
cpld_mpi_gfsv17_intel,derecho,intel,922.0,7.17318237984688,914,936,779899.5833333334,961517.6768128279,1862,1873524,12
cpld_mpi_gfsv17_intel,gaeac6,intel,670.1276595744681,51.4357416847875,591,712,217410.5744680851,990873.5711739577,1872,6338720,47
cpld_mpi_gfsv17_intel,hera,intel,1357.7291666666667,76.55028651316871,1239,1507,1875.5625,7.745709175943681,1857,1894,48
cpld_mpi_gfsv17_intel,hercules,intel,1072.6041666666667,71.4862699459144,934,1216,563583.3125,884542.0410036244,1917,1935872,48
cpld_mpi_gfsv17_intel,orion,intel,1515.8958333333333,84.85788860716063,1418,1675,80156.95833333333,379365.0301196169,1856,1881344,48
cpld_mpi_gfsv17_intel,ursa,intel,1148.5102040816328,101.64421660235998,985,1264,42863.42857142857,286041.6668786356,1971,2004292,49
cpld_mpi_gfsv17_intel,wcoss2,intel,1064.6041666666667,96.61191054350002,924,1356,1879.4791666666667,2.625485432994378,1873,1884,48
