test_name,machine,compiler,core_mean,core_std,core_min,core_max,mem_mean,mem_std,mem_min,mem_max,n_hashes
cpld_restart_c24_5deg_intel,acorn,intel,46.42553191489362,5.659715313362247,31,61,1455.9787234042553,3.8475817459019725,1448,1461,47
cpld_restart_c24_5deg_intel,derecho,intel,25.1,0.8755950357709131,24,27,1426.9,10.082437976777001,1421,1446,10
cpld_restart_c24_5deg_intel,gaeac6,intel,20.52173913043478,3.0385605542009326,18,33,140271.04347826086,934249.3328017589,1421,6338896,46
cpld_restart_c24_5deg_intel,hera,intel,33.9375,1.4052523056565995,32,37,1582.2083333333333,6.1331271164840135,1570,1591,48
cpld_restart_c24_5deg_intel,hercules,intel,34.71739130434783,21.61549140313571,23,91,136279.6739130435,441390.4035667822,1544,1554384,46
cpld_restart_c24_5deg_intel,orion,intel,42.97826086956522,18.796558940915855,34,124,35370.52173913043,229362.9481391873,1544,1557168,46
cpld_restart_c24_5deg_intel,ursa,intel,91.20408163265306,245.86564586441622,24,1264,1532.0204081632653,1.749878518621135,1528,1535,49
cpld_restart_c24_5deg_intel,wcoss2,intel,82.31914893617021,33.41121029195123,51,188,1472.595744680851,17.72208101244479,1452,1491,47
