test_name,machine,compiler,core_mean,core_std,core_min,core_max,mem_mean,mem_std,mem_min,mem_max,n_hashes
cpld_debug_pdlib_p8_gnu,hera,gnu,656.75,9.31825022383723,636,682,1543.8333333333333,8.701512055771534,1527,1558,48
cpld_debug_pdlib_p8_gnu,hercules,gnu,565.7083333333334,47.444013291068885,529,818,534057.1666666666,761000.1120707646,1585,1615976,48
cpld_debug_pdlib_p8_gnu,ursa,gnu,398.9183673469388,8.200194953713691,391,440,33771.204081632655,225365.1163555653,1549,1579132,49
