test_name,machine,compiler,core_mean,core_std,core_min,core_max,mem_mean,mem_std,mem_min,mem_max,n_hashes
cpld_debug_noaero_p8_intel,derecho,intel,352.7368421052632,6.764631099929159,339,363,514496.5789473684,881153.9510467899,1942,1951888,19
cpld_debug_noaero_p8_intel,gaeac6,intel,229.6875,3.1700476538467894,225,240,165193.75,547131.9590493025,1940,1965108,48
cpld_debug_noaero_p8_intel,hera,intel,400.0612244897959,25.32736346594437,386,528,2120.6530612244896,20.50157617965864,2045,2144,49
cpld_debug_noaero_p8_intel,hercules,intel,363.59183673469386,56.83782424852417,300,621,806665.4285714285,1021498.6822134794,2063,2084584,49
cpld_debug_noaero_p8_intel,orion,intel,447.6938775510204,33.030417850844096,400,536,84809.12244897959,405460.1550241832,2014,2031136,49
cpld_debug_noaero_p8_intel,ursa,intel,277.2340425531915,12.276192523242504,268,332,47174.51063829787,308918.9991732652,2079,2119956,47
