test_name,machine,compiler,core_mean,core_std,core_min,core_max,mem_mean,mem_std,mem_min,mem_max,n_hashes
cpld_control_gfsv17_iau_intel,acorn,intel,848.9130434782609,6.551763416419662,832,864,1943.7391304347825,4.434384750553544,1938,1954,46
cpld_control_gfsv17_iau_intel,derecho,intel,841.2666666666667,17.264540764703003,820,890,1889.4,2.54070313373938,1882,1893,30
cpld_control_gfsv17_iau_intel,gaeac6,intel,564.4893617021277,9.009348623912647,553,611,139782.55319148937,924039.1623106299,1913,6339876,47
cpld_control_gfsv17_iau_intel,hera,intel,1109.7586206896551,31.029542573413334,1081,1221,2259.8275862068967,11.151774251908147,2239,2282,29
cpld_control_gfsv17_iau_intel,hercules,intel,999.9787234042553,115.51764204839807,942,1757,2329.191489361702,8.49715629636659,2310,2356,47
cpld_control_gfsv17_iau_intel,orion,intel,1482.9347826086957,28.566026576969627,1449,1561,2135.7391304347825,8.217690355727111,2113,2153,46
cpld_control_gfsv17_iau_intel,ursa,intel,608.1632653061224,7.487063673362141,597,628,2616.326530612245,25.03529820997906,2580,2663,49
cpld_control_gfsv17_iau_intel,wcoss2,intel,890.4042553191489,44.77414800222,849,1124,1908.3829787234042,48.50215288430592,1828,1957,47
