test_name,machine,compiler,core_mean,core_std,core_min,core_max,mem_mean,mem_std,mem_min,mem_max,n_hashes
cpld_control_c24_9deg_intel,acorn,intel,80.63829787234043,4.958197129895948,66,91,2112.8297872340427,3.509732734381814,2104,2118,47
cpld_control_c24_9deg_intel,derecho,intel,56.0,1.9436506316150994,54,61,422425.1,886139.1926389254,2074,2103876,10
cpld_control_c24_9deg_intel,gaeac6,intel,45.369565217391305,2.7191395342577183,43,61,140301.13043478262,934183.2400773916,2078,6338496,46
cpld_control_c24_9deg_intel,hera,intel,73.60416666666667,2.1805677899402363,69,79,2256.25,3.5878044017939112,2243,2264,48
cpld_control_c24_9deg_intel,hercules,intel,84.30434782608695,34.55550740167825,54,156,391738.23913043475,858278.7926020098,2226,2248584,46
cpld_control_c24_9deg_intel,orion,intel,105.1086956521739,47.317945038910075,79,369,99625.93478260869,461834.77303205896,2225,2242552,46
cpld_control_c24_9deg_intel,ursa,intel,165.6734693877551,303.26084672516265,48,1157,47272.34693877551,315435.6994130335,2204,2210260,49
cpld_control_c24_9deg_intel,wcoss2,intel,119.34042553191489,68.91559948218473,85,572,2107.744680851064,1.358837180417926,2106,2113,47
