test_name,machine,compiler,core_mean,core_std,core_min,core_max,mem_mean,mem_std,mem_min,mem_max,n_hashes
cpld_control_c12_9deg_intel,acorn,intel,57.91489361702128,5.10255599732408,44,67,2039.8085106382978,1.9069472288398828,2036,2044,47
cpld_control_c12_9deg_intel,derecho,intel,35.19230769230769,1.2655190482716812,34,38,2003.3076923076924,1.2575923272423142,2000,2005,26
cpld_control_c12_9deg_intel,gaeac6,intel,28.170212765957448,1.5786503445248,25,33,139412.29787234042,923909.7220816289,2009,6338636,47
cpld_control_c12_9deg_intel,hera,intel,42.72727272727273,1.2316839913490203,41,47,2185.878787878788,4.211276348667738,2179,2194,33
cpld_control_c12_9deg_intel,hercules,intel,41.48936170212766,22.608071221719193,31,122,2164.4893617021276,6.365232809108744,2150,2174,47
cpld_control_c12_9deg_intel,orion,intel,63.52173913043478,28.2101157037564,47,132,2164.195652173913,4.7871103100693375,2148,2172,46
cpld_control_c12_9deg_intel,ursa,intel,33.775510204081634,1.7942652410114963,32,39,2137.204081632653,1.5939938288872266,2131,2141,49
cpld_control_c12_9deg_intel,wcoss2,intel,74.27659574468085,15.253940513932468,56,107,2043.063829787234,5.821266317186923,2038,2053,47
