test_name,machine,compiler,core_mean,core_std,core_min,core_max,mem_mean,mem_std,mem_min,mem_max,n_hashes
cpld_control_c192_p8_intel,gaeac6,intel,325.82978723404256,16.595336103511997,307,424,139987.6595744681,923926.4198108002,2370,6339328,47
cpld_control_c192_p8_intel,hera,intel,846.8928571428571,35.44775946084111,772,973,2650.9285714285716,13.410688306219047,2611,2672,28
cpld_control_c192_p8_intel,hercules,intel,907.2127659574468,63.78630634364846,853,1254,2929.6382978723404,6.162387778023638,2916,2941,47
cpld_control_c192_p8_intel,orion,intel,997.1739130434783,46.69013902448355,952,1224,2664.891304347826,9.087789759084133,2641,2712,46
cpld_control_c192_p8_intel,ursa,intel,1120.734693877551,99.45660182340077,1040,1380,3583.0,14.28869016623524,3562,3617,49
