test_name,machine,compiler,core_mean,core_std,core_min,core_max,mem_mean,mem_std,mem_min,mem_max,n_hashes
cpld_control_p8_intel,acorn,intel,494.24444444444447,14.854071305316737,458,532,3084.4444444444443,549.7584409850776,1993,3360,45
cpld_control_p8_intel,derecho,intel,494.6046511627907,16.45649319654087,464,543,1997.9302325581396,31.218428126773617,1942,2028,43
cpld_control_p8_intel,gaeac6,intel,307.9166666666667,14.887997926837011,289,380,138097.02083333334,914113.880272351,2039,6339320,48
cpld_control_p8_intel,hera,intel,732.0588235294117,15.722080763353556,711,767,2271.6470588235293,14.594267609538413,2230,2287,17
cpld_control_p8_intel,hercules,intel,531.2708333333334,36.12786958835116,482,637,47673.666666666664,314770.7292409949,2180,2183036,48
cpld_control_p8_intel,orion,intel,1057.1914893617022,39.56372861152777,1003,1187,46980.425531914894,307198.8403567153,2095,2108220,47
cpld_control_p8_intel,ursa,intel,445.82,25.775078930578506,397,537,2444.02,94.5141151319932,2260,2534,50
cpld_control_p8_intel,wcoss2,intel,510.4583333333333,36.461555582023564,461,698,2483.8333333333335,698.8656563845151,1898,3379,48
