test_name,machine,compiler,core_mean,core_std,core_min,core_max,mem_mean,mem_std,mem_min,mem_max,n_hashes
cpld_control_p8.v2.sfc_intel,acorn,intel,497.17021276595744,9.473806335126648,471,514,3357.276595744681,3.1047097999202204,3354,3367,47
cpld_control_p8.v2.sfc_intel,derecho,intel,500.44,10.73576576992376,486,529,2015.2,4.349329450233311,2011,2028,25
cpld_control_p8.v2.sfc_intel,gaeac6,intel,309.6595744680851,27.46007108808738,289,483,139354.78723404257,924060.7784338064,2034,6339592,47
cpld_control_p8.v2.sfc_intel,hera,intel,689.5294117647059,20.018529740638485,657,748,2281.3823529411766,13.343968574835694,2225,2295,34
cpld_control_p8.v2.sfc_intel,hercules,intel,542.4468085106383,181.14836682899005,476,1737,2256.978723404255,6.809486227513723,2239,2271,47
cpld_control_p8.v2.sfc_intel,orion,intel,985.0652173913044,31.29742777781023,943,1072,2186.8260869565215,6.549993546480576,2168,2197,46
cpld_control_p8.v2.sfc_intel,ursa,intel,409.0612244897959,16.607488475666297,389,461,2491.8367346938776,24.499444669535794,2448,2537,49
cpld_control_p8.v2.sfc_intel,wcoss2,intel,520.2978723404256,17.00244853673196,490,590,3018.1702127659573,616.7890316211974,1971,3383,47
