test_name,machine,compiler,core_mean,core_std,core_min,core_max,mem_mean,mem_std,mem_min,mem_max,n_hashes
cpld_restart_pdlib_p8_intel,acorn,intel,444.0833333333333,6.734583129569191,428,458,1102.7291666666667,3.0578784422170946,1099,1111,48
cpld_restart_pdlib_p8_intel,derecho,intel,417.1515151515151,7.176877855835073,405,435,167221.84848484848,399219.6428578761,1084,1101232,33
cpld_restart_pdlib_p8_intel,gaeac6,intel,299.8936170212766,2.5811527804889285,296,306,95246.25531914894,312002.4961649358,1088,1113456,47
cpld_restart_pdlib_p8_intel,hera,intel,488.1020408163265,19.883247657637984,475,589,1335.3061224489795,52.24748960541575,1247,1388,49
cpld_restart_pdlib_p8_intel,hercules,intel,432.86,59.40934098202375,396,793,990973.54,654423.9866454365,1400,1432648,50
cpld_restart_pdlib_p8_intel,orion,intel,561.1632653061224,129.04058582134397,486,1228,78095.36734693877,304002.5601972576,1239,1263356,49
cpld_restart_pdlib_p8_intel,ursa,intel,330.1333333333333,13.39771811073485,318,365,56378.6,299677.0299856278,1623,1643064,30
cpld_restart_pdlib_p8_intel,wcoss2,intel,481.5,55.90797910548706,440,823,1100.1458333333333,4.43865795000734,1091,1109,48
