test_name,machine,compiler,core_mean,core_std,core_min,core_max,mem_mean,mem_std,mem_min,mem_max,n_hashes
cpld_control_pdlib_p8_gnu,hera,gnu,1070.795918367347,19.481807316738557,1058,1170,1607.0816326530612,8.575247165276252,1589,1624,49
cpld_control_pdlib_p8_gnu,hercules,gnu,869.1224489795918,123.01551945673722,814,1660,717251.1836734693,801045.8854858563,1578,1607136,49
cpld_control_pdlib_p8_gnu,ursa,gnu,541.0681818181819,15.59427105191495,527,624,37184.86363636364,236204.63958113815,1558,1568380,44
