test_name,machine,compiler,core_mean,core_std,core_min,core_max,mem_mean,mem_std,mem_min,mem_max,n_hashes
cpld_restart_c12_9deg_intel,acorn,intel,42.170212765957444,4.940159955763492,28,56,1396.468085106383,1.7674725731811287,1393,1400,47
cpld_restart_c12_9deg_intel,derecho,intel,22.576923076923077,1.0265700920278915,21,25,1361.1923076923076,1.096147098494718,1358,1362,26
cpld_restart_c12_9deg_intel,gaeac6,intel,18.425531914893618,2.4204264882100532,16,28,139139.53191489363,923777.6729893411,1363,6337472,47
cpld_restart_c12_9deg_intel,hera,intel,29.21212121212121,0.7398300378117156,28,31,1530.939393939394,3.3442057534206002,1524,1537,33
cpld_restart_c12_9deg_intel,hercules,intel,29.78723404255319,21.018559262887443,20,92,1502.9148936170213,4.813160343104837,1490,1511,47
cpld_restart_c12_9deg_intel,orion,intel,42.47826086956522,27.14220913831836,30,131,1503.7173913043478,4.4154428164908275,1490,1512,46
cpld_restart_c12_9deg_intel,ursa,intel,137.22448979591837,325.5146735879788,21,1194,1488.5510204081634,1.2757550785351235,1485,1491,49
cpld_restart_c12_9deg_intel,wcoss2,intel,59.97872340425532,13.388004627280814,43,106,1398.5106382978724,4.313136357210629,1393,1407,47
