test_name,machine,compiler,core_mean,core_std,core_min,core_max,mem_mean,mem_std,mem_min,mem_max,n_hashes
cpld_control_p8.v2.sfc_intel,acorn,intel,491.5744680851064,9.331444458880746,471,514,3361.851063829787,4.951849559614923,3354,3370,47
cpld_control_p8.v2.sfc_intel,derecho,intel,468.2,18.581950621204683,454,505,617019.4,990214.7234375426,2011,2057828,10
cpld_control_p8.v2.sfc_intel,gaeac6,intel,305.5869565217391,27.36549009809945,289,483,140201.52173913043,934363.28167619,2034,6339592,46
cpld_control_p8.v2.sfc_intel,hera,intel,705.3541666666666,31.118503480489675,663,800,2279.4791666666665,11.864464344604746,2246,2295,48
cpld_control_p8.v2.sfc_intel,hercules,intel,581.804347826087,185.21442463206645,476,1737,444780.17391304346,907161.5146879562,2242,2265884,46
cpld_control_p8.v2.sfc_intel,orion,intel,1007.0869565217391,111.76638852474714,921,1708,97086.58695652174,450025.5805425868,2175,2185240,46
cpld_control_p8.v2.sfc_intel,ursa,intel,413.0,15.206906325745573,389,450,52846.183673469386,352426.3488215584,2448,2469484,49
cpld_control_p8.v2.sfc_intel,wcoss2,intel,556.8297872340426,94.63782660155921,490,1051,3377.8936170212764,4.033738381253603,3370,3389,47
