test_name,machine,compiler,core_mean,core_std,core_min,core_max,mem_mean,mem_std,mem_min,mem_max,n_hashes
cpld_control_nowave_noaero_p8_gnu,hera,gnu,591.7291666666666,5.097932761396172,583,608,1636.4791666666667,9.455358906817676,1616,1655,48
cpld_control_nowave_noaero_p8_gnu,hercules,gnu,528.3125,98.55793333569987,484,1153,441636.1875,729624.7556952457,1598,1632664,48
cpld_control_nowave_noaero_p8_gnu,ursa,gnu,442.53061224489795,104.73540113877772,403,997,32942.65306122449,219724.36332999798,1524,1539624,49
