test_name,machine,compiler,core_mean,core_std,core_min,core_max,mem_mean,mem_std,mem_min,mem_max,n_hashes
cpld_debug_pdlib_p8_intel,acorn,intel,1447.0851063829787,18.731315080963984,1430,1518,1964.8510638297873,4.938661689004949,1958,1976,47
cpld_debug_pdlib_p8_intel,derecho,intel,1382.3076923076924,17.138575472622247,1352,1419,1896.0,1.9999999999999947,1891,1899,13
cpld_debug_pdlib_p8_intel,gaeac6,intel,970.3260869565217,8.761162651982517,961,999,141144.86956521738,934150.8569933708,1931,6339116,46
cpld_debug_pdlib_p8_intel,hera,intel,1657.4565217391305,22.95280812811763,1604,1705,1978.4347826086957,10.083324350217683,1937,1997,46
cpld_debug_pdlib_p8_intel,hercules,intel,1350.391304347826,44.87041998212155,1280,1471,2065.695652173913,5.951170063170149,2052,2077,46
cpld_debug_pdlib_p8_intel,orion,intel,1714.9130434782608,28.301414245743608,1655,1754,2003.3260869565217,6.802138055464922,1992,2021,46
cpld_debug_pdlib_p8_intel,ursa,intel,1163.2857142857142,11.694015563526538,1142,1187,2183.2244897959185,9.766578439851322,2166,2203,49
cpld_debug_pdlib_p8_intel,wcoss2,intel,1474.1489361702127,29.6016882034764,1434,1536,1962.0851063829787,4.476167747731052,1953,1970,47
