test_name,machine,compiler,core_mean,core_std,core_min,core_max,mem_mean,mem_std,mem_min,mem_max,n_hashes
cpld_mpi_p8_intel,acorn,intel,405.27906976744185,12.528682485734464,377,432,2980.860465116279,573.0749797778624,1949,3296,43
cpld_mpi_p8_intel,derecho,intel,402.72727272727275,17.130638452327315,373,436,1937.9772727272727,27.74257800294466,1891,1967,44
cpld_mpi_p8_intel,gaeac6,intel,246.2826086956522,12.938595224243317,230,302,6338.478260869565,0.6232221089637319,6337,6339,46
cpld_mpi_p8_intel,hera,intel,679.9285714285714,18.9105761443138,654,713,2053.3571428571427,13.37970416401214,2010,2064,14
cpld_mpi_p8_intel,hercules,intel,433.4130434782609,36.516404889952646,388,538,46895.45652173913,303750.8007971671,2057,2062248,46
cpld_mpi_p8_intel,orion,intel,846.9111111111112,37.02936317807445,785,935,46462.666666666664,297955.4495521405,1993,2000792,45
cpld_mpi_p8_intel,ursa,intel,675.0416666666666,52.92988470642519,534,732,2269.5208333333335,56.27061875846897,2165,2323,48
cpld_mpi_p8_intel,wcoss2,intel,416.2391304347826,21.37307213669545,376,467,2364.304347826087,675.7884899077425,1856,3327,46
