test_name,machine,compiler,core_mean,core_std,core_min,core_max,mem_mean,mem_std,mem_min,mem_max,n_hashes
cpld_control_p8_faster_intel,acorn,intel,485.3404255319149,7.943486792566707,471,501,3294.808510638298,69.3487212815477,3219,3367,47
cpld_control_p8_faster_intel,derecho,intel,459.23333333333335,6.078131140483849,446,469,345869.93333333335,780545.2961267852,2057,2068448,30
cpld_control_p8_faster_intel,gaeac6,intel,296.4130434782609,3.958541184474216,289,306,181569.69565217392,588088.4542470677,2053,2070888,46
cpld_control_p8_faster_intel,hera,intel,650.3958333333334,101.70623939171908,499,877,2623.1875,511.5101819352225,2245,3396,48
cpld_control_p8_faster_intel,hercules,intel,541.6326530612245,41.05265616536029,475,634,1476686.4081632653,1085808.4840271657,2257,2270340,49
cpld_control_p8_faster_intel,orion,intel,1043.875,118.54142376796464,937,1416,138886.04166666666,535047.5446523107,2169,2197324,48
cpld_control_p8_faster_intel,ursa,intel,401.6969696969697,10.733955609667069,390,440,78512.0,436718.16866666137,2441,2511244,33
cpld_control_p8_faster_intel,wcoss2,intel,548.5531914893617,99.51246557497387,490,1039,3302.6170212765956,78.45839473235388,3210,3386,47
