test_name,machine,compiler,core_mean,core_std,core_min,core_max,mem_mean,mem_std,mem_min,mem_max,n_hashes
cpld_restart_c12_9deg_intel,acorn,intel,40.76086956521739,5.546509543482463,28,50,1396.5652173913043,1.721138820833296,1393,1400,46
cpld_restart_c12_9deg_intel,derecho,intel,22.558823529411764,0.9274002918091908,21,25,1361.2058823529412,1.1488970142601937,1358,1363,34
cpld_restart_c12_9deg_intel,gaeac6,intel,18.595744680851062,2.3743152282205973,16,28,139985.31914893616,923650.7112830586,1363,6337472,47
cpld_restart_c12_9deg_intel,hera,intel,29.16,0.7461009761866461,28,31,1529.68,2.703701166919112,1524,1536,25
cpld_restart_c12_9deg_intel,hercules,intel,28.97872340425532,20.579104389290364,20,92,33468.48936170213,219150.166651711,1490,1503920,47
cpld_restart_c12_9deg_intel,orion,intel,41.28260869565217,25.447691921952163,30,131,34201.239130434784,221768.74051159035,1490,1505612,46
cpld_restart_c12_9deg_intel,ursa,intel,158.79591836734693,361.8636932368226,21,1239,1488.6938775510205,1.2450582588888022,1485,1492,49
cpld_restart_c12_9deg_intel,wcoss2,intel,55.723404255319146,11.599666651243973,41,106,1400.5531914893618,5.098203053584255,1395,1409,47
