test_name,machine,compiler,core_mean,core_std,core_min,core_max,mem_mean,mem_std,mem_min,mem_max,n_hashes
cpld_control_gefs_intel,acorn,intel,987.1875,29.774082868130442,938,1049,4112.0625,6.978405139992446,4099,4126,48
cpld_control_gefs_intel,hera,intel,987.2083333333334,67.07219303119722,893,1188,3041.2083333333335,14.545538664327992,2998,3067,48
cpld_control_gefs_intel,hercules,intel,1022.9347826086956,184.83162333731542,850,1704,749651.7173913043,1346354.2219462101,3102,3134244,46
cpld_control_gefs_intel,orion,intel,1235.804347826087,177.70370090127454,1137,2200,69675.41304347826,451797.9166064096,3044,3067304,46
cpld_control_gefs_intel,ursa,intel,1253.8979591836735,74.34442505941495,1126,1514,3255.9591836734694,11.033961179908486,3236,3276,49
cpld_control_gefs_intel,wcoss2,intel,1128.0,182.47179904524566,959,1765,4107.875,8.988467788866476,4082,4121,48
