test_name,machine,compiler,core_mean,core_std,core_min,core_max,mem_mean,mem_std,mem_min,mem_max,n_hashes
cpld_control_p8_intel,acorn,intel,491.8125,7.698179530584247,477,509,3291.8541666666665,71.53692383399816,3219,3371,48
cpld_control_p8_intel,derecho,intel,467.4375,8.511614455857423,451,488,322913.6875,756012.30980422,2046,2064424,32
cpld_control_p8_intel,gaeac6,intel,305.7659574468085,12.32920316540376,296,377,177492.59574468085,581392.4535063722,2053,2064400,47
cpld_control_p8_intel,hera,intel,709.1428571428571,102.24745310601456,566,891,2659.1020408163267,525.5290685307032,2237,3399,49
cpld_control_p8_intel,hercules,intel,587.64,50.86266422676754,515,830,1582509.18,1045027.0346938437,2253,2273760,50
cpld_control_p8_intel,orion,intel,1093.204081632653,124.77980265114968,987,1646,135798.85714285713,528626.360618372,2175,2199572,49
cpld_control_p8_intel,ursa,intel,458.4516129032258,17.1169286763668,440,529,81724.2258064516,441088.64450876607,2464,2458380,31
cpld_control_p8_intel,wcoss2,intel,550.4791666666666,93.05820406590509,495,1030,3301.7291666666665,75.79079256472106,3214,3385,48
