test_name,machine,compiler,core_mean,core_std,core_min,core_max,mem_mean,mem_std,mem_min,mem_max,n_hashes
cpld_restart_gfsv17_iau_intel,acorn,intel,411.3404255319149,30.20673448935917,381,460,1931.6382978723404,2.574334290603682,1923,1940,47
cpld_restart_gfsv17_iau_intel,derecho,intel,405.75,7.237842471093405,390,414,1883.3333333333333,5.193235693640014,1873,1888,12
cpld_restart_gfsv17_iau_intel,gaeac6,intel,294.1304347826087,104.09325065016402,246,676,141049.34782608695,934259.8443966507,1909,6339744,46
cpld_restart_gfsv17_iau_intel,hera,intel,502.0851063829787,32.04197640001113,467,574,2209.0,10.268144068364801,2182,2230,47
cpld_restart_gfsv17_iau_intel,hercules,intel,478.54347826086956,89.35962461916061,421,1002,2212.6739130434785,8.446049300842951,2189,2230,46
cpld_restart_gfsv17_iau_intel,orion,intel,618.3695652173913,31.122952370416368,557,665,2088.6521739130435,6.8999754953003505,2075,2101,46
cpld_restart_gfsv17_iau_intel,ursa,intel,308.7142857142857,44.786995880500896,270,395,2352.7551020408164,14.696273070982084,2321,2385,49
cpld_restart_gfsv17_iau_intel,wcoss2,intel,446.468085106383,51.492443963982794,396,574,1929.1914893617022,4.528356539736201,1915,1938,47
