test_name,machine,compiler,core_mean,core_std,core_min,core_max,mem_mean,mem_std,mem_min,mem_max,n_hashes
cpld_control_nowave_noaero_p8_gnu,derecho,gnu,536.0434782608696,8.767078195103053,525,568,1635.391304347826,8.932774843415775,1615,1652,23
cpld_control_nowave_noaero_p8_gnu,hera,gnu,598.5142857142857,30.00722602050009,586,769,1633.857142857143,8.503088909825827,1616,1654,35
cpld_control_nowave_noaero_p8_gnu,hercules,gnu,532.1086956521739,98.22179623708097,489,1153,1625.5652173913043,10.255951494756642,1598,1644,46
cpld_control_nowave_noaero_p8_gnu,ursa,gnu,477.42857142857144,221.22942465534132,406,1646,1549.8163265306123,9.038513588591702,1524,1569,49
