test_name,machine,compiler,core_mean,core_std,core_min,core_max,mem_mean,mem_std,mem_min,mem_max,n_hashes
cpld_control_noaero_p8_agrid_intel,acorn,intel,317.2391304347826,13.617284412929324,303,351,1985.2826086956522,7.822085665255139,1968,1991,46
cpld_control_noaero_p8_agrid_intel,derecho,intel,340.3333333333333,20.645291719310666,316,387,1929.1025641025642,1.2310644045505712,1924,1931,39
cpld_control_noaero_p8_agrid_intel,gaeac6,intel,203.5,10.088965955069582,193,226,137727.5,914158.4917228406,1954,6339248,48
cpld_control_noaero_p8_agrid_intel,hera,intel,254.38095238095238,5.084055374169229,246,264,2171.285714285714,8.792854241615082,2156,2185,21
cpld_control_noaero_p8_agrid_intel,hercules,intel,277.4375,42.867885241826244,238,399,46514.291666666664,307439.12283274624,2119,2132140,48
cpld_control_noaero_p8_agrid_intel,orion,intel,300.40425531914894,34.19487603013064,265,400,46413.234042553195,303897.2733423621,2050,2085500,47
cpld_control_noaero_p8_agrid_intel,ursa,intel,221.02,18.308568307472527,203,287,2172.3,13.902356282446403,2135,2204,50
cpld_control_noaero_p8_agrid_intel,wcoss2,intel,330.8958333333333,17.034682497816576,309,394,1934.3541666666667,45.19814041709152,1880,1991,48
