test_name,machine,compiler,core_mean,core_std,core_min,core_max,mem_mean,mem_std,mem_min,mem_max,n_hashes
cpld_control_p8_mixedmode_intel,acorn,intel,394.6222222222222,8.288241640719068,373,409,3324.1111111111113,4.513727658347677,3319,3337,45
cpld_control_p8_mixedmode_intel,derecho,intel,394.17391304347825,14.980751813616893,374,435,1979.3478260869565,1.9910868583441015,1976,1983,23
cpld_control_p8_mixedmode_intel,gaeac6,intel,240.93333333333334,11.288368913499985,224,303,145217.95555555556,944153.7805333685,2007,6338032,45
cpld_control_p8_mixedmode_intel,hera,intel,682.0,21.533624165406263,656,748,2206.3529411764707,6.323991609357483,2190,2223,34
cpld_control_p8_mixedmode_intel,hercules,intel,501.93333333333334,73.87717078798,457,946,2157.866666666667,5.941380311005151,2144,2169,45
cpld_control_p8_mixedmode_intel,orion,intel,977.4318181818181,26.849622341350546,926,1052,2102.1363636363635,5.563965914875938,2090,2121,44
cpld_control_p8_mixedmode_intel,ursa,intel,392.3829787234043,13.360475765235666,367,425,2181.8297872340427,8.721086761497869,2168,2209,47
cpld_control_p8_mixedmode_intel,wcoss2,intel,420.8222222222222,21.715399739783418,389,524,3030.5777777777776,590.7277672071076,1927,3350,45
