test_name,machine,compiler,core_mean,core_std,core_min,core_max,mem_mean,mem_std,mem_min,mem_max,n_hashes
cpld_restart_p8_lnd_intel,acorn,intel,288.3333333333333,4.521030448034684,282,303,3220.0416666666665,51.72840625985301,3110,3248,48
cpld_restart_p8_lnd_intel,derecho,intel,273.8235294117647,3.940737464575109,266,282,494542.29411764705,787123.0424648331,1592,1679956,17
cpld_restart_p8_lnd_intel,gaeac6,intel,167.2340425531915,5.005270118052734,162,191,136092.5744680851,445749.0505010124,1572,1589164,47
cpld_restart_p8_lnd_intel,hera,intel,382.2708333333333,28.303627001118432,349,501,1732.5625,6.753742067542504,1717,1749,48
cpld_restart_p8_lnd_intel,hercules,intel,308.3958333333333,85.69881440708585,250,825,722509.5208333334,940133.5003145348,1910,1937220,48
cpld_restart_p8_lnd_intel,orion,intel,537.9583333333334,80.02471914201799,488,911,74873.6875,354398.39448072744,1737,1760880,48
cpld_restart_p8_lnd_intel,ursa,intel,233.25,9.981898510420775,215,284,50118.708333333336,331366.42254664237,2241,2298064,48
