test_name,machine,compiler,core_mean,core_std,core_min,core_max,mem_mean,mem_std,mem_min,mem_max,n_hashes
cpld_control_ciceC_p8_intel,acorn,intel,494.42857142857144,15.91155870266747,454,540,3032.3571428571427,585.6316923579847,1993,3359,42
cpld_control_ciceC_p8_intel,derecho,intel,494.09090909090907,17.444687579195275,464,543,1995.9772727272727,28.759215822316627,1945,2025,44
cpld_control_ciceC_p8_intel,gaeac6,intel,306.4888888888889,12.556458356744004,289,348,6338.822222222222,0.5346574472114111,6338,6341,45
cpld_control_ciceC_p8_intel,hera,intel,684.3076923076923,18.368381417463972,661,715,2280.846153846154,8.980034835178824,2260,2292,13
cpld_control_ciceC_p8_intel,hercules,intel,509.53333333333336,38.16209447272851,456,608,50823.88888888889,325924.2046960962,2178,2188604,45
cpld_control_ciceC_p8_intel,orion,intel,997.2272727272727,61.30171803668693,944,1331,50141.86363636364,318227.85766955995,2097,2113052,44
cpld_control_ciceC_p8_intel,ursa,intel,413.3829787234043,23.3922629270313,377,488,2436.744680851064,98.67810384078778,2259,2526,47
cpld_control_ciceC_p8_intel,wcoss2,intel,504.4,25.501693348410477,459,557,2390.711111111111,669.500038095668,1898,3377,45
