test_name,machine,compiler,core_mean,core_std,core_min,core_max,mem_mean,mem_std,mem_min,mem_max,n_hashes
cpld_control_p8_lnd_intel,acorn,intel,499.61224489795916,8.400933297682394,484,522,3335.816326530612,55.325428703485706,3232,3369,49
cpld_control_p8_lnd_intel,derecho,intel,470.1578947368421,5.727741050698763,461,479,544619.052631579,932467.0584287846,2055,2072240,19
cpld_control_p8_lnd_intel,gaeac6,intel,302.5208333333333,4.824536504398074,294,316,174038.39583333334,576399.0516135589,2043,2075204,48
cpld_control_p8_lnd_intel,hera,intel,764.3469387755102,66.44720680748748,559,929,2165.918367346939,243.05964946341643,2062,3336,49
cpld_control_p8_lnd_intel,hercules,intel,562.1020408163265,40.530978326233786,491,662,865193.4897959183,1095615.8885635613,2215,2240788,49
cpld_control_p8_lnd_intel,orion,intel,1074.734693877551,99.88697268876044,996,1540,89799.48979591837,429299.3334212894,2137,2152476,49
cpld_control_p8_lnd_intel,ursa,intel,455.06382978723406,16.21513551582239,427,503,56124.70212765958,367535.7123126543,2459,2522212,47
