test_name,machine,compiler,core_mean,core_std,core_min,core_max,mem_mean,mem_std,mem_min,mem_max,n_hashes
cpld_control_p8_faster_intel,acorn,intel,491.46153846153845,10.72858630494082,474,503,3359.0,1.9578900207451149,3356,3362,13
cpld_control_p8_faster_intel,gaeac6,intel,302.7692307692308,8.053506960261144,293,323,2045.076923076923,5.171420476386567,2035,2054,13
cpld_control_p8_faster_intel,hera,intel,685.3076923076923,12.222824382990868,664,709,2279.076923076923,7.285391072339426,2268,2292,13
cpld_control_p8_faster_intel,hercules,intel,519.1538461538462,26.726535359221018,479,569,2252.923076923077,8.6261379776965,2243,2271,13
cpld_control_p8_faster_intel,orion,intel,974.0769230769231,29.736233617315918,935,1029,2185.5384615384614,4.806512675793477,2177,2192,13
cpld_control_p8_faster_intel,ursa,intel,402.9230769230769,17.08050320522173,390,449,2493.5384615384614,18.168724889286096,2464,2521,13
cpld_control_p8_faster_intel,wcoss2,intel,543.6153846153846,30.969174086335332,487,600,3374.076923076923,4.443375939934347,3369,3381,13
