test_name,machine,compiler,core_mean,core_std,core_min,core_max,mem_mean,mem_std,mem_min,mem_max,n_hashes
cpld_restart_c48_5deg_intel,acorn,intel,80.48936170212765,6.202637378832002,68,97,2302.744680851064,6.190694577545627,2292,2315,47
cpld_restart_c48_5deg_intel,derecho,intel,60.55172413793103,1.8629125985278268,54,64,2266.896551724138,4.160570252692068,2253,2270,29
cpld_restart_c48_5deg_intel,gaeac6,intel,46.61702127659574,4.178377006994576,43,70,139742.46808510637,923667.5195214255,2261,6337344,47
cpld_restart_c48_5deg_intel,hera,intel,79.0,3.4441354452920754,77,95,2513.9666666666667,7.242038831488162,2498,2530,30
cpld_restart_c48_5deg_intel,hercules,intel,66.17021276595744,19.240264787267904,57,123,2475.8936170212764,6.112119260137109,2459,2485,47
cpld_restart_c48_5deg_intel,orion,intel,95.26086956521739,26.840628227958778,83,220,2475.9565217391305,6.606247957600028,2458,2491,46
cpld_restart_c48_5deg_intel,ursa,intel,250.83673469387756,404.98684890884505,49,1266,2456.4489795918366,7.458387963924068,2430,2473,49
cpld_restart_c48_5deg_intel,wcoss2,intel,105.57446808510639,26.135719919091123,84,240,2307.6170212765956,4.984991350083767,2296,2313,47
