test_name,machine,compiler,core_mean,core_std,core_min,core_max,mem_mean,mem_std,mem_min,mem_max,n_hashes
cpld_mpi_p8_intel,acorn,intel,408.59574468085106,6.330257136298322,391,417,3294.063829787234,3.6558723179536594,3290,3304,47
cpld_mpi_p8_intel,derecho,intel,408.89285714285717,12.925253162401482,387,436,1954.9285714285713,3.8675149589461357,1950,1967,28
cpld_mpi_p8_intel,gaeac6,intel,246.17021276595744,10.119544475347164,233,302,139616.31914893616,924059.8530847706,1986,6339848,47
cpld_mpi_p8_intel,hera,intel,677.7096774193549,20.43068533421742,646,746,2053.8064516129034,11.08578475597977,2010,2067,31
cpld_mpi_p8_intel,hercules,intel,435.2340425531915,30.929943818359032,391,503,2126.4893617021276,5.926625040132519,2117,2144,47
cpld_mpi_p8_intel,orion,intel,840.0434782608696,32.527565418845825,787,918,2062.3478260869565,9.527078114054977,2024,2077,46
cpld_mpi_p8_intel,ursa,intel,684.6734693877551,39.872394248768835,569,732,2306.2244897959185,16.238156332799623,2278,2336,49
cpld_mpi_p8_intel,wcoss2,intel,434.3191489361702,23.960208301862483,404,526,2878.191489361702,659.7606166105575,1917,3332,47
