test_name,machine,compiler,core_mean,core_std,core_min,core_max,mem_mean,mem_std,mem_min,mem_max,n_hashes
cpld_control_c24_9deg_intel,acorn,intel,81.92682926829268,4.880523762376528,72,92,2113.2195121951218,3.3129457822454267,2104,2119,41
cpld_control_c24_9deg_intel,derecho,intel,73.03703703703704,14.651021181215375,54,96,391407.4074074074,832154.6919736675,2101,2107348,27
cpld_control_c24_9deg_intel,gaeac6,intel,45.625,3.2792080031930158,43,61,211900.475,637429.5162195959,2087,2102236,40
cpld_control_c24_9deg_intel,hera,intel,81.45238095238095,23.088591186412547,67,185,2252.0,11.261850127429234,2223,2264,42
cpld_control_c24_9deg_intel,hercules,intel,91.65116279069767,43.17510510695577,55,227,1561053.6744186047,1038301.0335757005,2228,2248584,43
cpld_control_c24_9deg_intel,orion,intel,125.23809523809524,50.816652505779516,79,369,161585.83333333334,581521.8986623371,2208,2242552,42
cpld_control_c24_9deg_intel,ursa,intel,144.75862068965517,258.9269967677616,50,1109,78350.5172413793,410024.42566829565,2209,2210260,29
cpld_control_c24_9deg_intel,wcoss2,intel,119.09756097560975,75.12250158176603,80,572,2107.5365853658536,2.3884886536847514,2103,2116,41
