test_name,machine,compiler,core_mean,core_std,core_min,core_max,mem_mean,mem_std,mem_min,mem_max,n_hashes
cpld_control_nowave_noaero_p8_intel,acorn,intel,428.2083333333333,5.761051667192091,412,442,1974.7083333333333,4.757785705839902,1970,1986,48
cpld_control_nowave_noaero_p8_intel,derecho,intel,412.0416666666667,7.743042692955239,400,430,410852.75,814203.9286244037,1957,1973544,24
cpld_control_nowave_noaero_p8_intel,gaeac6,intel,268.2340425531915,3.885383792566851,260,282,158655.31914893616,519680.6924609575,1834,1848944,47
cpld_control_nowave_noaero_p8_intel,hera,intel,387.625,22.841381819063734,361,494,2171.6666666666665,33.23887325159308,2091,2203,48
cpld_control_nowave_noaero_p8_intel,hercules,intel,438.8979591836735,190.64870015488773,345,1679,1149241.2040816327,1090064.0599961693,2153,2178576,49
cpld_control_nowave_noaero_p8_intel,orion,intel,474.53061224489795,188.03679848645055,377,1564,130155.44897959183,506662.6985889322,2070,2096968,49
cpld_control_nowave_noaero_p8_intel,ursa,intel,364.3,238.68423513622366,287,1567,77699.5,472495.6086772469,2977,2991316,40
cpld_control_nowave_noaero_p8_intel,wcoss2,intel,496.0208333333333,174.49117390144272,419,1622,1969.0625,5.922931455054714,1959,1986,48
