test_name,machine,compiler,core_mean,core_std,core_min,core_max,mem_mean,mem_std,mem_min,mem_max,n_hashes
cpld_warmstart_c24_5deg_intel,acorn,intel,55.97826086956522,4.5288660853820435,47,66,2113.4565217391305,3.7280112168355632,2109,2122,46
cpld_warmstart_c24_5deg_intel,derecho,intel,48.44444444444444,14.765691349396448,30,71,391638.3333333333,832646.5477088934,2102,2112784,27
cpld_warmstart_c24_5deg_intel,gaeac6,intel,27.91111111111111,16.110163678168316,23,132,188182.88888888888,602504.7735598609,2082,2098204,45
cpld_warmstart_c24_5deg_intel,hera,intel,47.53191489361702,21.441377170068186,36,152,2253.31914893617,13.245354202723522,2224,2269,47
cpld_warmstart_c24_5deg_intel,hercules,intel,65.83333333333333,43.281529318426855,29,246,1399410.6041666667,1093715.951558269,2226,2249100,48
cpld_warmstart_c24_5deg_intel,orion,intel,91.8936170212766,51.360293427711,46,294,145070.21276595743,552926.5359927608,2216,2245140,47
cpld_warmstart_c24_5deg_intel,ursa,intel,39.371428571428574,15.080345046539522,30,96,65316.05714285714,373334.55277609394,2209,2210888,35
cpld_warmstart_c24_5deg_intel,wcoss2,intel,87.80434782608695,26.70382375051465,54,196,2112.5652173913045,1.5297374344499288,2108,2116,46
