test_name,machine,compiler,core_mean,core_std,core_min,core_max,mem_mean,mem_std,mem_min,mem_max,n_hashes
cpld_control_p8_intel,acorn,intel,495.2608695652174,9.107834924109598,469,512,3359.913043478261,4.9072557932404814,3354,3371,46
cpld_control_p8_intel,derecho,intel,499.5882352941176,8.284464553679765,483,517,2017.1176470588234,6.333268833520837,2009,2028,17
cpld_control_p8_intel,gaeac6,intel,306.5777777777778,12.646395262339112,291,377,144690.06666666668,944430.5889123784,2036,6339320,45
cpld_control_p8_intel,hera,intel,746.0243902439024,37.32993959603874,706,864,2277.0975609756097,14.971314033926307,2230,2299,41
cpld_control_p8_intel,hercules,intel,551.7826086956521,42.36293612921471,495,722,2257.3260869565215,7.12758131899798,2240,2270,46
cpld_control_p8_intel,orion,intel,1047.4222222222222,30.3790364986426,999,1117,2187.9777777777776,7.426882647422593,2168,2200,45
cpld_control_p8_intel,ursa,intel,440.16326530612247,14.132331340428111,419,473,2497.285714285714,24.36613086506213,2459,2542,49
cpld_control_p8_intel,wcoss2,intel,541.695652173913,62.73360593820241,481,779,3255.0652173913045,398.948250733457,1973,3383,46
