test_name,machine,compiler,core_mean,core_std,core_min,core_max,mem_mean,mem_std,mem_min,mem_max,n_hashes
cpld_restart_c24_9deg_intel,acorn,intel,45.044444444444444,7.099793708768637,31,57,1452.2222222222222,2.4204515815413385,1448,1457,45
cpld_restart_c24_9deg_intel,derecho,intel,27.613636363636363,8.400486998869878,23,58,1422.909090909091,1.8149019041743897,1419,1426,44
cpld_restart_c24_9deg_intel,gaeac6,intel,21.541666666666668,2.8431203515386643,18,32,138260.4375,913987.3739451232,6336,6338628,48
cpld_restart_c24_9deg_intel,hera,intel,32.8,1.0141851056742197,32,35,1576.4666666666667,3.6226798814978864,1568,1582,15
cpld_restart_c24_9deg_intel,hercules,intel,30.106382978723403,18.54047750728025,23,100,34550.12765957447,226243.4384948729,1538,1552596,47
cpld_restart_c24_9deg_intel,orion,intel,49.32608695652174,25.023592732393862,34,125,35177.608695652176,228077.15598537438,1537,1548444,46
cpld_restart_c24_9deg_intel,ursa,intel,166.0,377.188958221316,23,1271,1531.88,1.8913336186783538,1529,1537,50
cpld_restart_c24_9deg_intel,wcoss2,intel,54.583333333333336,8.307477619419933,44,74,1458.9166666666667,5.49596886443738,1452,1469,48
