test_name,machine,compiler,core_mean,core_std,core_min,core_max,mem_mean,mem_std,mem_min,mem_max,n_hashes
cpld_control_pdlib_p8_intel,acorn,intel,883.0612244897959,45.96439208926895,785,918,1926.8979591836735,3.417143653447711,1916,1932,49
cpld_control_pdlib_p8_intel,derecho,intel,817.6842105263158,6.307426236666926,806,828,506792.2631578947,867963.8247203651,1913,1926004,19
cpld_control_pdlib_p8_intel,gaeac6,intel,589.8541666666666,35.31197710339022,516,622,162691.39583333334,538828.9156868688,1912,1932176,48
cpld_control_pdlib_p8_intel,hera,intel,1018.6122448979592,55.446977798061894,893,1150,2125.877551020408,22.348222014533658,2003,2142,49
cpld_control_pdlib_p8_intel,hercules,intel,883.3469387755102,66.00932731453187,745,1081,814171.2448979592,1031001.8750362138,2087,2105156,49
cpld_control_pdlib_p8_intel,orion,intel,1143.8367346938776,152.6244501681026,1045,1940,85059.75510204081,406676.3306343639,2013,2036512,49
cpld_control_pdlib_p8_intel,ursa,intel,630.1063829787234,67.79676600038538,487,703,48009.765957446805,314268.3091269799,2152,2156684,47
cpld_control_pdlib_p8_intel,wcoss2,intel,959.1836734693877,103.13738278573463,816,1303,1924.6326530612246,5.3060259672023244,1912,1933,49
