test_name,machine,compiler,core_mean,core_std,core_min,core_max,mem_mean,mem_std,mem_min,mem_max,n_hashes
cpld_control_p8_mixedmode_intel,acorn,intel,392.4791666666667,6.841642154913272,380,406,3277.2083333333335,67.46629050577717,3189,3337,48
cpld_control_p8_mixedmode_intel,derecho,intel,359.84615384615387,5.883484054145526,343,370,392154.3461538461,814308.1227376253,2021,2033072,26
cpld_control_p8_mixedmode_intel,gaeac6,intel,244.31914893617022,24.258666208521568,234,396,174810.10638297873,572627.3474100584,2012,2035284,47
cpld_control_p8_mixedmode_intel,hera,intel,660.5625,108.64443396656308,450,820,2441.5625,455.6398776866418,2189,3331,48
cpld_control_p8_mixedmode_intel,hercules,intel,572.8163265306123,146.52384240988843,473,1290,1234294.387755102,1078126.5662493128,2155,2175504,49
cpld_control_p8_mixedmode_intel,orion,intel,1015.3265306122449,123.03715356128238,926,1722,130681.44897959183,508691.7528693933,2087,2107676,49
cpld_control_p8_mixedmode_intel,ursa,intel,413.7368421052632,18.37401839338202,398,494,59916.05263157895,355802.6374053343,2169,2195512,38
cpld_control_p8_mixedmode_intel,wcoss2,intel,438.375,68.96703652948683,396,855,3290.1875,73.34287192155806,3191,3353,48
