test_name,machine,compiler,core_mean,core_std,core_min,core_max,mem_mean,mem_std,mem_min,mem_max,n_hashes
cpld_restart_gefs_intel,acorn,intel,461.5208333333333,10.56286063633781,429,476,3916.0833333333335,8.015499170379485,3901,3930,48
cpld_restart_gefs_intel,hera,intel,313.4166666666667,15.922462833840594,293,380,2724.8333333333335,15.262711247020507,2680,2745,48
cpld_restart_gefs_intel,hercules,intel,355.5,73.28051127914799,270,612,676751.7391304348,1215424.257321614,2807,2835652,46
cpld_restart_gefs_intel,orion,intel,434.6666666666667,88.30782936564985,350,954,63433.555555555555,407179.2038718979,2725,2734176,45
cpld_restart_gefs_intel,ursa,intel,363.59183673469386,24.555140642496617,322,411,2962.081632653061,13.327347721092597,2937,2991,49
cpld_restart_gefs_intel,wcoss2,intel,522.7708333333334,92.5037640598923,453,947,3910.5625,7.827682056840246,3895,3925,48
