test_name,machine,compiler,core_mean,core_std,core_min,core_max,mem_mean,mem_std,mem_min,mem_max,n_hashes
cpld_control_c12_9deg_intel,acorn,intel,56.62222222222222,5.352522297897967,45,68,2039.8,2.6163819571030924,2034,2046,45
cpld_control_c12_9deg_intel,derecho,intel,50.96296296296296,14.603691528781557,31,72,378337.962962963,804368.0052479559,2029,2036396,27
cpld_control_c12_9deg_intel,gaeac6,intel,27.295454545454547,3.239146782967201,25,45,186181.0,589083.3235407089,2017,2031608,44
cpld_control_c12_9deg_intel,hera,intel,48.93478260869565,27.91208593177518,35,203,2181.2391304347825,13.216462432401066,2146,2196,46
cpld_control_c12_9deg_intel,hercules,intel,80.23404255319149,153.804394798684,28,1082,1382132.7659574468,1050050.0383921715,2155,2177128,47
cpld_control_c12_9deg_intel,orion,intel,80.8913043478261,32.165010845720445,48,180,143389.97826086957,540581.081435379,2145,2171212,46
cpld_control_c12_9deg_intel,ursa,intel,41.35294117647059,20.558685185144732,32,133,64981.73529411765,366437.20713652804,2132,2138816,34
cpld_control_c12_9deg_intel,wcoss2,intel,84.93333333333334,23.225573679185466,58,199,2038.0444444444445,2.4304466065048875,2032,2043,45
