test_name,machine,compiler,core_mean,core_std,core_min,core_max,mem_mean,mem_std,mem_min,mem_max,n_hashes
cpld_restart_gfsv17_intel,acorn,intel,426.0208333333333,25.848568488560428,374,448,1070.8541666666667,2.9099212779681305,1067,1080,48
cpld_restart_gfsv17_intel,derecho,intel,413.0625,6.180277771535299,404,422,331981.3125,506950.875715418,1047,1065812,16
cpld_restart_gfsv17_intel,gaeac6,intel,283.70212765957444,22.03644697710255,245,303,92638.29787234042,303478.8000823634,1055,1079764,47
cpld_restart_gfsv17_intel,hera,intel,468.3333333333333,37.8470231738319,411,593,1366.3541666666667,7.7418167732357634,1352,1383,48
cpld_restart_gfsv17_intel,hercules,intel,415.75,39.971532423154855,353,509,477474.5208333333,649795.6882071436,1330,1368924,48
cpld_restart_gfsv17_intel,orion,intel,539.6666666666666,52.89022486740647,487,771,52334.8125,247700.8829463692,1208,1235000,48
cpld_restart_gfsv17_intel,ursa,intel,298.3061224489796,40.88102864901228,226,371,32296.979591836734,215608.60746138374,1465,1510756,49
cpld_restart_gfsv17_intel,wcoss2,intel,471.75,69.46283255369723,395,804,1070.0416666666667,3.370449388140166,1064,1085,48
