test_name,machine,compiler,core_mean,core_std,core_min,core_max,mem_mean,mem_std,mem_min,mem_max,n_hashes
cpld_debug_gfsv17_intel,acorn,intel,1219.9555555555555,13.07835747880574,1197,1259,1937.6222222222223,4.706324994036844,1930,1959,45
cpld_debug_gfsv17_intel,derecho,intel,1123.9302325581396,12.486936695597795,1092,1159,1870.906976744186,2.5430947914881843,1862,1875,43
cpld_debug_gfsv17_intel,gaeac6,intel,771.5,7.074076136958779,757,802,138079.41666666666,914028.053528291,1924,6338720,48
cpld_debug_gfsv17_intel,hera,intel,1292.0588235294117,17.404994212277437,1263,1321,1929.3529411764705,6.873328673853986,1918,1943,17
cpld_debug_gfsv17_intel,hercules,intel,1104.625,53.99867019639203,1023,1350,43510.604166666664,287627.3636653035,1987,1994736,48
cpld_debug_gfsv17_intel,orion,intel,1363.0212765957447,29.490963510364658,1309,1412,43308.574468085106,283572.44222188543,1922,1946020,47
cpld_debug_gfsv17_intel,ursa,intel,802.86,14.702505686766044,790,882,2083.94,6.2707939802593415,2064,2095,50
cpld_debug_gfsv17_intel,wcoss2,intel,1248.9375,297.22299145412046,567,3158,1886.5416666666667,41.38401291347533,1848,1941,48
