test_name,machine,compiler,core_mean,core_std,core_min,core_max,mem_mean,mem_std,mem_min,mem_max,n_hashes
cpld_control_pdlib_p8_intel,acorn,intel,900.9375,24.769925355714335,785,922,1926.6875,3.673691690697243,1917,1932,48
cpld_control_pdlib_p8_intel,derecho,intel,818.125,6.117064513381379,806,828,401613.75,795897.180628047,1913,1926004,24
cpld_control_pdlib_p8_intel,gaeac6,intel,603.1914893617021,18.921621285751584,516,622,166113.97872340426,544126.6092501893,1912,1932176,47
cpld_control_pdlib_p8_intel,hera,intel,1036.5833333333333,35.247956532490115,899,1150,2114.8958333333335,36.28506496778381,2003,2142,48
cpld_control_pdlib_p8_intel,hercules,intel,898.734693877551,48.7107857281989,788,1081,1069935.9591836734,1057113.464957128,2089,2105156,49
cpld_control_pdlib_p8_intel,orion,intel,1138.591836734694,163.92794636253893,1045,1940,126324.32653061225,491758.22511526546,2013,2036512,49
cpld_control_pdlib_p8_intel,ursa,intel,653.85,39.197429272064035,487,703,56033.2,340658.5178974875,2154,2156684,40
cpld_control_pdlib_p8_intel,wcoss2,intel,967.2291666666666,94.99501433352674,816,1303,1924.5625,5.712644616168423,1912,1933,48
