test_name,machine,compiler,core_mean,core_std,core_min,core_max,mem_mean,mem_std,mem_min,mem_max,n_hashes
cpld_control_ciceC_p8_intel,acorn,intel,497.5531914893617,9.46345030984379,469,513,3356.851063829787,2.3123367007370095,3354,3364,47
cpld_control_ciceC_p8_intel,derecho,intel,498.7857142857143,12.623778687848917,479,531,2013.607142857143,3.0470299529856026,2008,2025,28
cpld_control_ciceC_p8_intel,gaeac6,intel,306.1489361702128,8.040600030076309,291,348,139618.1914893617,923942.6733289728,2037,6339064,47
cpld_control_ciceC_p8_intel,hera,intel,684.8064516129032,19.673026126888747,660,745,2279.4193548387098,10.883547808652562,2240,2292,31
cpld_control_ciceC_p8_intel,hercules,intel,517.1063829787234,32.21546620366844,476,589,2256.148936170213,6.6658726014915235,2240,2273,47
cpld_control_ciceC_p8_intel,orion,intel,986.2608695652174,28.306602906670765,938,1048,2187.586956521739,7.784817380164459,2164,2199,46
cpld_control_ciceC_p8_intel,ursa,intel,409.265306122449,15.617532229042078,388,445,2491.7755102040815,19.745532518060124,2452,2526,49
cpld_control_ciceC_p8_intel,wcoss2,intel,521.5744680851063,19.373608988889853,483,596,2928.2978723404253,660.2527156124659,1962,3381,47
