test_name,machine,compiler,core_mean,core_std,core_min,core_max,mem_mean,mem_std,mem_min,mem_max,n_hashes
cpld_restart_c24_5deg_intel,acorn,intel,46.57446808510638,5.566767389377568,31,61,1455.6808510638298,3.7941968444886895,1448,1461,47
cpld_restart_c24_5deg_intel,derecho,intel,25.6,1.07496769977314,25,28,1421.9,1.1972189997378675,1419,1423,10
cpld_restart_c24_5deg_intel,gaeac6,intel,20.543478260869566,3.038322064262372,18,33,140483.86956521738,934217.5487616152,1421,6338896,46
cpld_restart_c24_5deg_intel,hera,intel,33.791666666666664,1.3676868705542682,32,37,1581.6666666666667,5.994086920806489,1570,1591,48
cpld_restart_c24_5deg_intel,hercules,intel,32.41304347826087,19.684823355351732,23,91,69052.84782608696,320105.2505327283,1532,1554384,46
cpld_restart_c24_5deg_intel,orion,intel,44.02173913043478,19.98942957380201,34,124,35370.217391304344,229362.99401244242,1544,1557168,46
cpld_restart_c24_5deg_intel,ursa,intel,91.04081632653062,245.9097869124361,24,1264,1531.8979591836735,1.758845477853637,1528,1535,49
cpld_restart_c24_5deg_intel,wcoss2,intel,81.46808510638297,33.90514329575445,50,188,1471.1063829787233,17.75220016070646,1452,1491,47
