test_name,machine,compiler,core_mean,core_std,core_min,core_max,mem_mean,mem_std,mem_min,mem_max,n_hashes
cpld_control_noaero_p8_agrid_intel,acorn,intel,305.69565217391306,8.650933322075412,287,323,1978.0434782608695,8.294460056739979,1967,1991,46
cpld_control_noaero_p8_agrid_intel,derecho,intel,328.9230769230769,9.15115237243866,316,342,1928.6153846153845,1.6602440351979266,1924,1931,13
cpld_control_noaero_p8_agrid_intel,gaeac6,intel,195.11111111111111,10.564137925122434,182,255,144254.86666666667,944485.8446660183,1954,6339248,45
cpld_control_noaero_p8_agrid_intel,hera,intel,254.9111111111111,6.167444668367421,242,266,2167.822222222222,9.078668526949537,2150,2185,45
cpld_control_noaero_p8_agrid_intel,hercules,intel,282.6304347826087,92.3727614242429,235,851,2133.8695652173915,7.144877561044472,2119,2153,46
cpld_control_noaero_p8_agrid_intel,orion,intel,291.2888888888889,32.84649021116136,257,356,2077.8888888888887,9.135898777057797,2050,2098,45
cpld_control_noaero_p8_agrid_intel,ursa,intel,209.6530612244898,7.412126945104231,197,240,2169.8367346938776,11.467975225919933,2135,2196,49
cpld_control_noaero_p8_agrid_intel,wcoss2,intel,347.32608695652175,43.20805189767609,300,469,1980.108695652174,7.50474889910706,1960,1991,46
