test_name,machine,compiler,core_mean,core_std,core_min,core_max,mem_mean,mem_std,mem_min,mem_max,n_hashes
cpld_control_gfsv17_iau_intel,acorn,intel,849.7045454545455,9.302611649935377,831,877,1943.1363636363637,3.593216535918101,1935,1950,44
cpld_control_gfsv17_iau_intel,derecho,intel,845.4888888888889,45.123881110390386,820,1125,1887.9333333333334,5.001817851359745,1874,1894,45
cpld_control_gfsv17_iau_intel,gaeac6,intel,566.6875,7.7354014873316626,558,611,6338.75,0.635810757339765,6338,6340,48
cpld_control_gfsv17_iau_intel,hera,intel,1112.5833333333333,36.8546489810329,1081,1221,2249.75,6.180982563844171,2239,2263,12
cpld_control_gfsv17_iau_intel,hercules,intel,1006.4893617021277,115.93492783912005,942,1757,52026.617021276594,340708.95168977557,2312,2338112,47
cpld_control_gfsv17_iau_intel,orion,intel,1484.7608695652175,42.91914091643531,1305,1561,48559.5,314866.5798608639,2113,2137664,46
cpld_control_gfsv17_iau_intel,ursa,intel,606.52,23.105119143000422,519,643,2628.72,60.04863335120078,2529,2850,50
cpld_control_gfsv17_iau_intel,wcoss2,intel,888.8958333333334,18.473948976332597,856,936,1870.6666666666667,45.05284525141787,1828,1955,48
