test_name,machine,compiler,core_mean,core_std,core_min,core_max,mem_mean,mem_std,mem_min,mem_max,n_hashes
cpld_decomp_p8_intel,acorn,intel,490.3333333333333,14.08577619121827,449,531,3224.911111111111,391.19106133019744,1984,3350,45
cpld_decomp_p8_intel,derecho,intel,480.8918918918919,15.985729371647187,450,534,2003.6216216216217,26.243889607711406,1932,2025,37
cpld_decomp_p8_intel,gaeac6,intel,303.4468085106383,18.32888965853384,284,405,140449.68085106384,923897.6643347349,2040,6339600,47
cpld_decomp_p8_intel,hera,intel,683.1363636363636,14.176759837160239,653,707,2260.4545454545455,9.251652479047971,2244,2282,22
cpld_decomp_p8_intel,hercules,intel,520.4042553191489,37.86627475877851,468,629,48318.51063829787,315941.57454620244,2161,2168220,47
cpld_decomp_p8_intel,orion,intel,992.1304347826087,32.35676724386153,943,1048,47839.717391304344,309777.08731865475,2092,2103176,46
cpld_decomp_p8_intel,ursa,intel,410.8775510204082,18.30372531874916,382,468,2434.5102040816328,67.465769854355,2231,2491,49
cpld_decomp_p8_intel,wcoss2,intel,508.70212765957444,24.491271642750625,453,593,2645.2340425531916,714.4702875973147,1897,3371,47
