test_name,machine,compiler,core_mean,core_std,core_min,core_max,mem_mean,mem_std,mem_min,mem_max,n_hashes
cpld_debug_noaero_p8_intel,derecho,intel,352.8888888888889,6.927259783245846,339,363,542971.2777777778,897659.8543561382,1942,1951888,18
cpld_debug_noaero_p8_intel,gaeac6,intel,229.46808510638297,2.8118620152132956,225,236,168666.63829787233,552512.037613442,1940,1965108,47
cpld_debug_noaero_p8_intel,hera,intel,400.2291666666667,25.567798550032318,386,528,2122.2291666666665,17.462713570583254,2051,2144,48
cpld_debug_noaero_p8_intel,hercules,intel,362.7083333333333,57.09825735438693,300,621,823427.8125,1025475.4959100194,2063,2084584,48
cpld_debug_noaero_p8_intel,orion,intel,447.7291666666667,33.37902232249581,400,536,86533.85416666667,409569.169015234,2014,2031136,48
cpld_debug_noaero_p8_intel,ursa,intel,277.2340425531915,12.276192523242504,268,332,47174.51063829787,308918.9991732652,2079,2119956,47
