test_name,machine,compiler,core_mean,core_std,core_min,core_max,mem_mean,mem_std,mem_min,mem_max,n_hashes
cpld_restart_c192_p8_intel,hera,intel,523.2173913043479,15.822758412946412,484,563,2814.0434782608695,8.926356585821205,2795,2829,23
cpld_restart_c192_p8_intel,hercules,intel,345.1489361702128,41.28742240493666,311,546,61888.70212765958,404124.64142546064,2746,2773480,47
cpld_restart_c192_p8_intel,orion,intel,551.0434782608696,32.90927361481973,503,635,60099.80434782609,388518.42067638435,2627,2637876,46
cpld_restart_c192_p8_intel,ursa,intel,767.9591836734694,73.42483661985953,699,925,3441.6938775510203,92.10234436068781,3126,3497,49
