test_name,machine,compiler,core_mean,core_std,core_min,core_max,mem_mean,mem_std,mem_min,mem_max,n_hashes
cpld_debug_p8_intel,derecho,intel,773.8260869565217,18.639284452499396,754,822,2031.0869565217392,5.96133788734663,2014,2043,23
cpld_debug_p8_intel,gaeac6,intel,513.7142857142857,8.549411498740133,501,535,186169.22857142857,1070572.453332688,2066,6338792,35
cpld_debug_p8_intel,hera,intel,800.9166666666666,8.224653642326324,783,817,2300.8333333333335,11.491647880721539,2258,2311,24
cpld_debug_p8_intel,hercules,intel,746.7714285714286,56.294961489245495,671,911,2280.3142857142857,4.142828165647692,2270,2288,35
cpld_debug_p8_intel,orion,intel,851.2941176470588,32.81955201785065,798,901,2208.323529411765,6.246068282044076,2195,2220,34
cpld_debug_p8_intel,ursa,intel,547.5675675675676,10.991260519513078,533,585,2375.9189189189187,15.339452363066924,2334,2407,37
