test_name,machine,compiler,core_mean,core_std,core_min,core_max,mem_mean,mem_std,mem_min,mem_max,n_hashes
cpld_control_gfsv17_intel,acorn,intel,902.7291666666666,6.721637285767385,891,920,1901.3541666666667,2.436334736926489,1897,1911,48
cpld_control_gfsv17_intel,derecho,intel,821.3714285714286,8.370416091582227,807,841,272741.2571428571,673099.5477305122,1897,1900700,35
cpld_control_gfsv17_intel,gaeac6,intel,607.5744680851063,4.54802719223958,599,620,164797.8085106383,539811.6368011538,1910,1919840,47
cpld_control_gfsv17_intel,hera,intel,1170.3673469387754,38.92444276926721,1132,1291,2042.0204081632653,46.949658232656795,1964,2091,49
cpld_control_gfsv17_intel,hercules,intel,1091.98,124.18772656173161,990,1539,1497122.1,895225.8140428843,2010,2030604,50
cpld_control_gfsv17_intel,orion,intel,1280.9591836734694,100.71286726458075,1182,1694,122550.32653061225,477063.7774477586,1961,1976956,49
cpld_control_gfsv17_intel,ursa,intel,721.0714285714286,15.067572665553882,707,776,75387.92857142857,388012.18263385876,2050,2055228,28
cpld_control_gfsv17_intel,wcoss2,intel,952.0625,82.3253551206715,902,1459,1901.75,5.463612708619351,1883,1908,48
