test_name,machine,compiler,core_mean,core_std,core_min,core_max,mem_mean,mem_std,mem_min,mem_max,n_hashes
cpld_control_p8.v2.sfc_intel,acorn,intel,488.1875,7.886579632380084,471,509,3335.125,55.70653538954279,3224,3370,48
cpld_control_p8.v2.sfc_intel,derecho,intel,462.72222222222223,10.022360621046364,446,486,571110.6111111111,944034.999194175,2047,2057828,18
cpld_control_p8.v2.sfc_intel,gaeac6,intel,300.5531914893617,5.220396914104862,289,315,178231.63829787233,583864.9162609158,2034,2074516,47
cpld_control_p8.v2.sfc_intel,hera,intel,714.0208333333334,42.02708831792027,552,821,2299.5208333333335,156.2487092145266,2208,3354,48
cpld_control_p8.v2.sfc_intel,hercules,intel,588.9166666666666,178.93191779465658,476,1737,896417.7291666666,1116370.163931239,2248,2265884,48
cpld_control_p8.v2.sfc_intel,orion,intel,1004.625,110.93042193482499,921,1708,93131.22916666667,440763.5531553117,2175,2185240,48
cpld_control_p8.v2.sfc_intel,ursa,intel,421.93617021276594,15.673855627485787,389,461,54987.34042553192,359846.8512341035,2448,2469484,47
cpld_control_p8.v2.sfc_intel,wcoss2,intel,552.6458333333334,94.77599336561826,488,1051,3349.7708333333335,57.77441073226959,3218,3389,48
