test_name,machine,compiler,core_mean,core_std,core_min,core_max,mem_mean,mem_std,mem_min,mem_max,n_hashes
cpld_warmstart_c24_5deg_intel,acorn,intel,56.43478260869565,5.698546301618583,39,66,2113.086956521739,2.5718656173341397,2108,2117,46
cpld_warmstart_c24_5deg_intel,derecho,intel,33.166666666666664,1.4652845537742532,32,37,2077.222222222222,1.0032626514091083,2075,2078,18
cpld_warmstart_c24_5deg_intel,gaeac6,intel,28.42222222222222,15.865183276723922,24,132,144750.04444444444,944059.1888310855,2077,6336944,45
cpld_warmstart_c24_5deg_intel,hera,intel,42.05,1.2999013769296457,40,46,2259.05,4.437312654044698,2250,2268,40
cpld_warmstart_c24_5deg_intel,hercules,intel,47.73913043478261,29.411588632607383,30,122,2236.7391304347825,5.571494045022484,2226,2247,46
cpld_warmstart_c24_5deg_intel,orion,intel,64.93333333333334,27.610439395930726,47,136,2238.7555555555555,4.8717905778413595,2226,2248,45
cpld_warmstart_c24_5deg_intel,ursa,intel,128.51020408163265,314.2758291194337,30,1236,2209.4897959183672,2.5829767144676823,2197,2214,49
cpld_warmstart_c24_5deg_intel,wcoss2,intel,78.17391304347827,17.15071018656025,57,135,2113.4565217391305,2.6558658076803305,2111,2121,46
