test_name,machine,compiler,core_mean,core_std,core_min,core_max,mem_mean,mem_std,mem_min,mem_max,n_hashes
cpld_control_nowave_noaero_p8_intel,acorn,intel,432.3695652173913,8.176820070995213,412,445,1976.4130434782608,7.75621925928265,1968,1989,46
cpld_control_nowave_noaero_p8_intel,derecho,intel,436.06666666666666,9.121925444198927,414,449,1932.5333333333333,0.7432233529571657,1931,1934,15
cpld_control_nowave_noaero_p8_intel,gaeac6,intel,272.6,5.614105611598507,260,282,144375.84444444443,944501.8215537312,1823,6339472,45
cpld_control_nowave_noaero_p8_intel,hera,intel,370.3488372093023,8.526942512748954,354,386,2186.093023255814,12.043203879778892,2148,2208,43
cpld_control_nowave_noaero_p8_intel,hercules,intel,398.60869565217394,55.90884575643127,345,616,2165.8478260869565,7.096062730852491,2153,2183,46
cpld_control_nowave_noaero_p8_intel,orion,intel,420.9555555555556,86.53610795383614,377,959,2093.488888888889,8.33563604548751,2070,2108,45
cpld_control_nowave_noaero_p8_intel,ursa,intel,337.18367346938777,191.50812357327774,285,1567,2994.4285714285716,11.020813642074485,2977,3024,49
cpld_control_nowave_noaero_p8_intel,wcoss2,intel,473.0869565217391,50.94302965599317,419,686,1970.9130434782608,20.60294055275338,1884,1993,46
