test_name,machine,compiler,core_mean,core_std,core_min,core_max,mem_mean,mem_std,mem_min,mem_max,n_hashes
cpld_control_p8_faster_intel,acorn,intel,486.4583333333333,10.870699216208457,467,503,3361.25,3.5539322985403063,3356,3370,24
cpld_control_p8_faster_intel,gaeac6,intel,298.4782608695652,8.010615486609563,289,323,2049.391304347826,7.234633435677107,2035,2063,23
cpld_control_p8_faster_intel,hera,intel,693.1666666666666,31.954678049940696,664,831,2280.25,10.313562198260682,2245,2292,24
cpld_control_p8_faster_intel,hercules,intel,551.9583333333334,173.08919016975955,476,1355,2258.25,9.330874417293654,2243,2274,24
cpld_control_p8_faster_intel,orion,intel,985.5416666666666,36.98293280474898,935,1059,2186.125,4.775958815640605,2177,2192,24
cpld_control_p8_faster_intel,ursa,intel,401.08,14.565713164826494,389,449,2490.88,21.498682130152375,2454,2531,25
cpld_control_p8_faster_intel,wcoss2,intel,582.0833333333334,107.38833094516556,487,929,3377.9166666666665,5.46861930485603,3369,3386,24
