test_name,machine,compiler,core_mean,core_std,core_min,core_max,mem_mean,mem_std,mem_min,mem_max,n_hashes
cpld_control_c24_5deg_intel,acorn,intel,81.2,5.971903914467845,67,94,2114.8,3.5329616728487707,2107,2119,45
cpld_control_c24_5deg_intel,derecho,intel,57.2093023255814,1.1661523941676928,56,60,2076.7906976744184,1.1032018235871204,2074,2079,43
cpld_control_c24_5deg_intel,gaeac6,intel,45.333333333333336,1.0382746189699337,43,48,138053.45833333334,913808.9677011847,2081,6337208,48
cpld_control_c24_5deg_intel,hera,intel,71.6470588235294,1.5387160422974484,70,77,2258.0588235294117,2.8388067087090714,2254,2262,17
cpld_control_c24_5deg_intel,hercules,intel,66.47916666666667,23.51006084621875,53,149,48893.0,323240.9232747138,2225,2241716,48
cpld_control_c24_5deg_intel,orion,intel,108.19148936170212,36.63844399218343,80,214,49777.914893617024,325909.188346121,2221,2236560,47
cpld_control_c24_5deg_intel,ursa,intel,180.26,330.3939398811729,49,1151,2211.36,2.2201305348643317,2205,2217,50
cpld_control_c24_5deg_intel,wcoss2,intel,89.0,8.879812150591203,76,115,2118.9166666666665,6.434062722772166,2110,2129,48
