test_name,machine,compiler,core_mean,core_std,core_min,core_max,mem_mean,mem_std,mem_min,mem_max,n_hashes
cpld_restart_c192_p8_intel,hera,intel,530.304347826087,17.340856784186357,484,572,2816.978260869565,10.81663149544312,2789,2842,46
cpld_restart_c192_p8_intel,hercules,intel,366.8695652173913,78.20190639780597,313,762,2959.9347826086955,9.900397688786704,2938,2977,46
cpld_restart_c192_p8_intel,orion,intel,538.6739130434783,33.07100398155196,487,618,2839.086956521739,17.71982704575295,2814,2871,46
cpld_restart_c192_p8_intel,ursa,intel,740.4897959183673,42.10756189459896,699,922,3479.183673469388,12.831720898792087,3446,3504,49
