test_name,machine,compiler,core_mean,core_std,core_min,core_max,mem_mean,mem_std,mem_min,mem_max,n_hashes
cpld_s2sa_p8_intel,acorn,intel,498.19565217391306,9.431906995153078,475,512,3337.521739130435,7.443831541573467,3325,3349,46
cpld_s2sa_p8_intel,derecho,intel,503.25,9.298745435093188,482,518,1998.375,1.6683325008322736,1995,2001,16
cpld_s2sa_p8_intel,gaeac6,intel,311.77777777777777,9.522434965741056,297,360,144508.84444444443,944446.1480803047,1886,6339240,45
cpld_s2sa_p8_intel,hera,intel,446.8095238095238,59.95699194167886,411,648,2252.285714285714,13.527362900370646,2222,2277,42
cpld_s2sa_p8_intel,hercules,intel,442.4782608695652,51.10500698689352,386,666,2237.5,7.951938966902236,2220,2252,46
cpld_s2sa_p8_intel,orion,intel,489.4888888888889,30.58566377051229,446,557,2161.777777777778,10.767984720898186,2138,2181,45
cpld_s2sa_p8_intel,ursa,intel,389.53061224489795,225.7956397239932,326,1763,3127.7551020408164,26.285714285714363,3080,3183,49
cpld_s2sa_p8_intel,wcoss2,intel,545.2608695652174,49.81317754374667,483,740,3248.0434782608695,344.647192004406,1950,3346,46
