test_name,machine,compiler,core_mean,core_std,core_min,core_max,mem_mean,mem_std,mem_min,mem_max,n_hashes
cpld_restart_c24_9deg_intel,acorn,intel,46.42553191489362,5.076564572926234,35,58,1455.0,3.653467679747222,1448,1461,47
cpld_restart_c24_9deg_intel,derecho,intel,24.692307692307693,0.9473309334313418,23,27,1421.6923076923076,1.7974340685458368,1419,1424,13
cpld_restart_c24_9deg_intel,gaeac6,intel,20.282608695652176,3.243201734077408,18,32,140797.5652173913,934130.2212532767,1421,6338628,46
cpld_restart_c24_9deg_intel,hera,intel,33.41304347826087,1.4843792111559893,32,39,1581.891304347826,6.3393945062058705,1568,1591,46
cpld_restart_c24_9deg_intel,hercules,intel,28.347826086956523,13.396877565403642,23,100,1550.0434782608695,5.481105005133023,1535,1558,46
cpld_restart_c24_9deg_intel,orion,intel,50.95652173913044,25.353462635956653,34,125,1551.2826086956522,4.385141799193524,1537,1558,46
cpld_restart_c24_9deg_intel,ursa,intel,85.38775510204081,247.5143780610306,23,1271,1531.4897959183672,1.9161859793566176,1523,1534,49
cpld_restart_c24_9deg_intel,wcoss2,intel,79.08510638297872,29.427752198306926,49,156,1468.2978723404256,16.778499302765894,1452,1490,47
