test_name,machine,compiler,core_mean,core_std,core_min,core_max,mem_mean,mem_std,mem_min,mem_max,n_hashes
cpld_control_qr_p8_intel,acorn,intel,498.02272727272725,9.655673440952151,469,516,3375.9772727272725,3.757093361701373,3371,3385,44
cpld_control_qr_p8_intel,derecho,intel,497.2608695652174,9.87751068798735,482,530,2034.0,4.022663070879541,2029,2046,23
cpld_control_qr_p8_intel,gaeac6,intel,310.3181818181818,17.353737922221526,295,402,148519.61363636365,954964.4777212664,2061,6339056,44
cpld_control_qr_p8_intel,hera,intel,685.7878787878788,20.42938688470241,663,746,2291.6969696969695,15.867586553420955,2236,2311,33
cpld_control_qr_p8_intel,hercules,intel,520.2727272727273,36.79444070518822,472,635,2277.840909090909,6.404733648468402,2262,2289,44
cpld_control_qr_p8_intel,orion,intel,991.6279069767442,41.87624810126571,932,1151,2204.4418604651164,6.716370638335431,2189,2219,43
cpld_control_qr_p8_intel,ursa,intel,408.9347826086956,12.42471045745899,390,439,2357.782608695652,7.90755768863136,2345,2379,46
cpld_control_qr_p8_intel,wcoss2,intel,522.8636363636364,21.111653245267547,490,599,3085.590909090909,595.6707892936828,1994,3411,44
