test_name,machine,compiler,core_mean,core_std,core_min,core_max,mem_mean,mem_std,mem_min,mem_max,n_hashes
cpld_control_ciceC_p8_intel,acorn,intel,491.0416666666667,7.978583923130675,469,504,3322.5416666666665,64.92973561763412,3220,3372,48
cpld_control_ciceC_p8_intel,derecho,intel,465.09090909090907,6.054585754451637,454,480,470609.63636363635,883652.5908142399,2056,2073884,22
cpld_control_ciceC_p8_intel,gaeac6,intel,301.06382978723406,5.130489659312348,291,317,177682.72340425532,582033.2168999464,2048,2071972,47
cpld_control_ciceC_p8_intel,hera,intel,702.1666666666666,80.43216603656357,522,844,2417.2291666666665,369.0050013835847,2216,3403,48
cpld_control_ciceC_p8_intel,hercules,intel,589.9795918367347,130.9754254615343,486,1090,1108506.2040816327,1140758.3150831985,2256,2269080,49
cpld_control_ciceC_p8_intel,orion,intel,1020.9387755102041,102.52995663123396,933,1548,135909.14285714287,529054.6596407045,2168,2192604,49
cpld_control_ciceC_p8_intel,ursa,intel,423.26190476190476,14.219635211624944,394,471,61475.42857142857,382280.33294717385,2444,2479948,42
cpld_control_ciceC_p8_intel,wcoss2,intel,556.0208333333334,134.79732454939065,483,1395,3332.7916666666665,69.71246670563602,3208,3384,48
