test_name,machine,compiler,core_mean,core_std,core_min,core_max,mem_mean,mem_std,mem_min,mem_max,n_hashes
cpld_warmstart_c12_9deg_intel,acorn,intel,48.208333333333336,4.9592309515897375,35,57,2041.7083333333333,2.0931329804288783,2038,2047,48
cpld_warmstart_c12_9deg_intel,derecho,intel,34.857142857142854,16.755514099759896,23,66,727875.0714285715,1010578.0783167519,2032,2037208,14
cpld_warmstart_c12_9deg_intel,gaeac6,intel,20.893617021276597,2.622926034140792,19,36,131406.10638297873,500864.06692075793,2008,2031188,47
cpld_warmstart_c12_9deg_intel,hera,intel,34.75,2.1976776911190927,26,41,2187.7291666666665,4.3011111050041615,2178,2196,48
cpld_warmstart_c12_9deg_intel,hercules,intel,49.458333333333336,33.07500073709546,24,142,724083.6458333334,1031751.903897495,2151,2174796,48
cpld_warmstart_c12_9deg_intel,orion,intel,61.520833333333336,42.88678295794952,36,285,92340.52083333333,437038.1524615682,2155,2166684,48
cpld_warmstart_c12_9deg_intel,ursa,intel,30.102040816326532,11.99347895378843,26,110,45692.67346938775,304884.3184558822,2135,2136328,49
cpld_warmstart_c12_9deg_intel,wcoss2,intel,110.5625,100.86158753671057,55,670,2039.5833333333333,1.4117038646325988,2037,2044,48
