test_name,machine,compiler,core_mean,core_std,core_min,core_max,mem_mean,mem_std,mem_min,mem_max,n_hashes
cpld_restart_c24_5deg_intel,acorn,intel,45.93617021276596,5.0234418104096425,31,59,1456.1914893617022,3.8200745375857084,1448,1461,47
cpld_restart_c24_5deg_intel,derecho,intel,24.9,0.9944289260117528,24,27,1432.2,13.04522049555994,1421,1451,10
cpld_restart_c24_5deg_intel,gaeac6,intel,20.304347826086957,2.40249467768994,18,33,140058.19565217392,934281.0692663844,1421,6338896,46
cpld_restart_c24_5deg_intel,hera,intel,33.854166666666664,1.6371951018184834,28,37,1582.8125,6.152862160487251,1570,1591,48
cpld_restart_c24_5deg_intel,hercules,intel,35.0,21.637416152992433,23,91,170167.95652173914,488177.3593345379,1544,1560396,46
cpld_restart_c24_5deg_intel,orion,intel,45.32608695652174,23.74592769561981,34,142,35370.760869565216,229362.91209940487,1544,1557168,46
cpld_restart_c24_5deg_intel,ursa,intel,91.26530612244898,245.84902002297764,24,1264,32784.65306122449,218767.9881023645,1528,1532908,49
cpld_restart_c24_5deg_intel,wcoss2,intel,82.72340425531915,33.16539718996001,51,188,1474.0851063829787,17.476480825774107,1452,1491,47
