test_name,machine,compiler,core_mean,core_std,core_min,core_max,mem_mean,mem_std,mem_min,mem_max,n_hashes
cpld_control_nowave_noaero_p8_intel,acorn,intel,431.17021276595744,7.929908023306076,412,445,1974.5531914893618,6.736689003019538,1968,1989,47
cpld_control_nowave_noaero_p8_intel,derecho,intel,433.7,13.08986036764504,403,449,1936.7,13.47466759021045,1931,1975,10
cpld_control_nowave_noaero_p8_intel,gaeac6,intel,271.3478260869565,5.518523922227156,260,282,140692.4347826087,934272.409214278,1823,6339472,46
cpld_control_nowave_noaero_p8_intel,hera,intel,372.5416666666667,10.158233916978707,354,398,2186.375,11.686735525117367,2148,2208,48
cpld_control_nowave_noaero_p8_intel,hercules,intel,403.0217391304348,56.794166026855166,345,616,143264.4347826087,540098.6276617612,2153,2168328,46
cpld_control_nowave_noaero_p8_intel,orion,intel,429.54347826086956,88.51031490967947,377,959,47579.47826086957,308513.4992726494,2070,2094532,46
cpld_control_nowave_noaero_p8_intel,ursa,intel,351.44897959183675,208.51779112988675,285,1567,2992.877551020408,10.090491921154525,2977,3024,49
cpld_control_nowave_noaero_p8_intel,wcoss2,intel,502.8723404255319,175.0508767064812,419,1622,1972.7446808510638,8.800859852029253,1961,1993,47
