test_name,machine,compiler,core_mean,core_std,core_min,core_max,mem_mean,mem_std,mem_min,mem_max,n_hashes
cpld_restart_p8_intel,acorn,intel,281.74468085106383,6.719433481252204,267,298,3241.127659574468,4.436101996693796,3234,3249,47
cpld_restart_p8_intel,derecho,intel,294.0769230769231,9.151152372438668,278,305,1538.4615384615386,3.1521258597804556,1531,1541,13
cpld_restart_p8_intel,gaeac6,intel,166.54347826086956,3.78127857117804,160,181,140906.71739130435,934138.3033749377,1578,6338792,46
cpld_restart_p8_intel,hera,intel,369.5652173913044,20.036247346483545,350,486,1886.3260869565217,8.612792418067173,1858,1899,46
cpld_restart_p8_intel,hercules,intel,297.0869565217391,45.2856740099052,256,422,1954.3478260869565,6.786317578790006,1944,1967,46
cpld_restart_p8_intel,orion,intel,511.54347826086956,14.870861174703148,489,566,1774.7173913043478,5.995046264220578,1763,1784,46
cpld_restart_p8_intel,ursa,intel,225.9795918367347,8.422415023610023,211,245,2269.6938775510203,18.97828153622,2231,2314,49
cpld_restart_p8_intel,wcoss2,intel,357.74468085106383,129.60080315188375,289,895,3258.978723404255,5.293512689674372,3238,3270,47
