test_name,machine,compiler,core_mean,core_std,core_min,core_max,mem_mean,mem_std,mem_min,mem_max,n_hashes
cpld_control_c12_9deg_intel,acorn,intel,57.23913043478261,5.047264529133885,44,67,2039.9565217391305,1.8129965586671868,2036,2044,46
cpld_control_c12_9deg_intel,derecho,intel,34.875,1.2041594578792294,34,38,2002.875,1.360147050873544,2000,2005,16
cpld_control_c12_9deg_intel,gaeac6,intel,27.622222222222224,1.4505310765510722,25,32,144559.64444444445,944346.1917558995,2009,6338636,45
cpld_control_c12_9deg_intel,hera,intel,42.833333333333336,1.1876738212535694,41,47,2186.5,4.0499924721398735,2179,2194,42
cpld_control_c12_9deg_intel,hercules,intel,43.65217391304348,22.903873899703658,31,122,2165.108695652174,6.286593357188521,2150,2174,46
cpld_control_c12_9deg_intel,orion,intel,64.22222222222223,26.66363619144049,47,132,2164.822222222222,4.468520646441887,2148,2172,45
cpld_control_c12_9deg_intel,ursa,intel,33.816326530612244,1.7520638947128797,32,39,2137.204081632653,1.4139128897722704,2131,2140,49
cpld_control_c12_9deg_intel,wcoss2,intel,80.8695652173913,16.71540699228931,58,107,2040.3478260869565,3.308019825980839,2038,2053,46
