test_name,machine,compiler,core_mean,core_std,core_min,core_max,mem_mean,mem_std,mem_min,mem_max,n_hashes
cpld_restart_pdlib_p8_intel,acorn,intel,399.8695652173913,27.026413989652703,377,449,1101.9130434782608,3.061053463953084,1097,1111,46
cpld_restart_pdlib_p8_intel,derecho,intel,396.93333333333334,10.003332777962877,377,420,1049.8666666666666,5.20805237337428,1040,1054,15
cpld_restart_pdlib_p8_intel,gaeac6,intel,265.0888888888889,20.501465825889152,246,302,143920.77777777778,944517.8361191368,1080,6339116,45
cpld_restart_pdlib_p8_intel,hera,intel,435.5348837209302,30.092198670411086,409,486,1363.6279069767443,9.299317066102304,1338,1382,43
cpld_restart_pdlib_p8_intel,hercules,intel,376.7608695652174,37.821912979769785,343,467,1414.2826086956522,6.469288277797946,1400,1434,46
cpld_restart_pdlib_p8_intel,orion,intel,553.5333333333333,33.59288344548317,486,643,1252.3111111111111,7.140862636398987,1237,1263,45
cpld_restart_pdlib_p8_intel,ursa,intel,263.3265306122449,41.034227458662535,230,330,1663.6530612244899,19.451382791899576,1616,1707,49
cpld_restart_pdlib_p8_intel,wcoss2,intel,442.69565217391306,67.45166815010492,385,668,1099.8260869565217,19.829612365602337,1008,1113,46
