test_name,machine,compiler,core_mean,core_std,core_min,core_max,mem_mean,mem_std,mem_min,mem_max,n_hashes
cpld_control_c24_5deg_intel,acorn,intel,81.97872340425532,5.0754711141456905,67,94,2114.127659574468,3.579027201304564,2107,2119,47
cpld_control_c24_5deg_intel,derecho,intel,57.44444444444444,1.3107054276032875,56,60,2076.925925925926,1.1068293567984362,2074,2079,27
cpld_control_c24_5deg_intel,gaeac6,intel,45.340425531914896,1.4184589884598855,43,50,139499.27659574468,923683.807668057,2081,6337208,47
cpld_control_c24_5deg_intel,hera,intel,71.90625,1.510380746699318,70,77,2257.34375,4.084663487541098,2243,2263,32
cpld_control_c24_5deg_intel,hercules,intel,66.42553191489361,25.205024241081862,53,149,2239.595744680851,5.265389759998557,2225,2248,47
cpld_control_c24_5deg_intel,orion,intel,102.58695652173913,35.73953682903044,80,214,2239.195652173913,4.865385974034317,2221,2247,46
cpld_control_c24_5deg_intel,ursa,intel,222.0204081632653,375.88503837587086,49,1248,2210.938775510204,2.444450886406658,2205,2217,49
cpld_control_c24_5deg_intel,wcoss2,intel,101.74468085106383,31.313608713414027,81,285,2114.1702127659573,5.05327766614275,2109,2122,47
