test_name,machine,compiler,core_mean,core_std,core_min,core_max,mem_mean,mem_std,mem_min,mem_max,n_hashes
cpld_control_nowave_noaero_p8_intel,acorn,intel,435.6818181818182,5.515228818258497,424,445,1986.4545454545455,1.2993504870941297,1984,1989,22
cpld_control_nowave_noaero_p8_intel,derecho,intel,439.7826086956522,14.343058256805023,414,478,1932.5652173913043,0.6623708763718356,1931,1934,23
cpld_control_nowave_noaero_p8_intel,gaeac6,intel,278.2608695652174,6.857095802586525,273,307,6338.739130434783,0.4489777585447506,6338,6339,23
cpld_control_nowave_noaero_p8_intel,hera,intel,367.90909090909093,3.910359202286806,363,376,2194.2727272727275,9.220530452104414,2171,2208,11
cpld_control_nowave_noaero_p8_intel,hercules,intel,362.5416666666667,24.594059315680052,347,449,2172.6666666666665,6.176157991521203,2164,2183,24
cpld_control_nowave_noaero_p8_intel,orion,intel,432.0,118.85743943519442,387,959,2102.0434782608695,3.3094665990097103,2092,2108,23
cpld_control_nowave_noaero_p8_intel,ursa,intel,370.3333333333333,300.4506277413062,287,1754,3002.1666666666665,9.239173060430204,2991,3027,24
cpld_control_nowave_noaero_p8_intel,wcoss2,intel,445.3181818181818,6.847914966903389,435,456,1942.0454545454545,51.51742864842401,1881,1993,22
