test_name,machine,compiler,core_mean,core_std,core_min,core_max,mem_mean,mem_std,mem_min,mem_max,n_hashes
cpld_control_c24_9deg_intel,acorn,intel,81.85416666666667,4.850924822258708,72,92,2112.75,3.3927331604288913,2104,2119,48
cpld_control_c24_9deg_intel,derecho,intel,72.65384615384616,14.802546558460289,54,96,406380.3076923077,844917.4496996389,2101,2107348,26
cpld_control_c24_9deg_intel,gaeac6,intel,45.680851063829785,3.036777346340827,43,61,180651.97872340426,591765.7931797624,2087,2102236,47
cpld_control_c24_9deg_intel,hera,intel,80.70833333333333,21.662751964952086,67,185,2253.0208333333335,10.491109880504716,2223,2264,48
cpld_control_c24_9deg_intel,hercules,intel,86.51020408163265,39.57488810732739,55,227,1279340.9591836734,1117479.6302831608,2227,2248584,49
cpld_control_c24_9deg_intel,orion,intel,120.61224489795919,48.84406153196902,79,369,138822.16326530612,540393.8139251375,2208,2242552,49
cpld_control_c24_9deg_intel,ursa,intel,180.6315789473684,325.1395892371943,50,1157,60317.34210526316,358192.881787232,2209,2210260,38
cpld_control_c24_9deg_intel,wcoss2,intel,117.95833333333333,69.36611421593715,80,572,2107.6666666666665,2.2534449592563712,2103,2116,48
