test_name,machine,compiler,core_mean,core_std,core_min,core_max,mem_mean,mem_std,mem_min,mem_max,n_hashes
cpld_restart_c24_5deg_intel,acorn,intel,47.170212765957444,5.414630538346087,31,61,1453.1489361702127,3.5812235181765875,1448,1460,47
cpld_restart_c24_5deg_intel,derecho,intel,25.916666666666668,1.1389036172018077,24,28,1422.5,1.5322617553657336,1419,1425,24
cpld_restart_c24_5deg_intel,gaeac6,intel,21.21276595744681,3.276637793019239,18,33,138984.36170212767,924013.0453875692,1421,6338896,47
cpld_restart_c24_5deg_intel,hera,intel,33.42857142857143,1.1449560558152014,32,37,1579.5142857142857,5.725954472561574,1570,1591,35
cpld_restart_c24_5deg_intel,hercules,intel,30.914893617021278,18.903450095998743,23,96,1550.7021276595744,5.034294966471003,1532,1561,47
cpld_restart_c24_5deg_intel,orion,intel,42.97826086956522,19.76134175655397,34,124,1550.891304347826,3.939702531746211,1538,1559,46
cpld_restart_c24_5deg_intel,ursa,intel,159.3877551020408,373.33144435868076,24,1264,1531.4285714285713,1.5000000000000095,1528,1535,49
cpld_restart_c24_5deg_intel,wcoss2,intel,63.48936170212766,14.92134791152469,46,123,1462.2553191489362,14.442491783541604,1452,1491,47
