test_name,machine,compiler,core_mean,core_std,core_min,core_max,mem_mean,mem_std,mem_min,mem_max,n_hashes
cpld_control_c24_5deg_intel,acorn,intel,81.61702127659575,5.075744500924757,67,90,2113.6170212765956,3.0684452336176835,2107,2118,47
cpld_control_c24_5deg_intel,derecho,intel,56.6,0.5163977794943194,56,57,2079.1,8.774331250237097,2075,2104,10
cpld_control_c24_5deg_intel,gaeac6,intel,45.21739130434783,1.4284886104358434,43,50,140825.54347826086,933910.9067352243,2081,6337208,46
cpld_control_c24_5deg_intel,hera,intel,73.0625,2.0359142438989557,70,78,2257.8333333333335,3.598660113143401,2243,2263,48
cpld_control_c24_5deg_intel,hercules,intel,77.26086956521739,30.964090156616138,54,151,148394.0,559442.2113230284,2228,2244824,46
cpld_control_c24_5deg_intel,orion,intel,103.78260869565217,30.616562724177218,80,174,50870.065217391304,329822.28578610846,2228,2239204,46
cpld_control_c24_5deg_intel,ursa,intel,181.83673469387756,329.6964100337091,49,1248,2211.408163265306,2.2353072807682697,2205,2216,49
cpld_control_c24_5deg_intel,wcoss2,intel,119.25531914893617,50.50461368726898,83,349,2110.595744680851,1.4841125948742198,2107,2114,47
