test_name,machine,compiler,core_mean,core_std,core_min,core_max,mem_mean,mem_std,mem_min,mem_max,n_hashes
cpld_control_noaero_p8_intel,acorn,intel,290.0,5.783321581119129,272,307,1925.2291666666667,4.233803095619988,1915,1932,48
cpld_control_noaero_p8_intel,derecho,intel,285.1666666666667,7.184927863646024,270,305,400348.625,793396.4971734587,1905,1917516,24
cpld_control_noaero_p8_intel,gaeac6,intel,179.89361702127658,3.9189286610167744,166,193,165781.59574468085,543022.4598002435,1918,1931280,47
cpld_control_noaero_p8_intel,hera,intel,645.3125,124.68157847347905,373,801,2089.25,36.58420773119405,1993,2120,48
cpld_control_noaero_p8_intel,hercules,intel,515.7755102040817,142.32215002505794,449,1466,1088307.7346938776,1032262.5734891127,2036,2058720,49
cpld_control_noaero_p8_intel,orion,intel,970.8775510204082,122.08273025784966,905,1729,124234.57142857143,483607.4507208386,1987,2007956,49
cpld_control_noaero_p8_intel,ursa,intel,397.425,13.264348786048604,374,456,53991.275,328272.4318297765,2070,2078264,40
cpld_control_noaero_p8_intel,wcoss2,intel,332.8125,73.89977578925479,285,762,1922.7083333333333,6.620272969024563,1907,1931,48
