test_name,machine,compiler,core_mean,core_std,core_min,core_max,mem_mean,mem_std,mem_min,mem_max,n_hashes
cpld_mpi_gfsv17_intel,acorn,intel,930.3829787234042,39.417802859097414,905,1061,1876.063829787234,5.422995543613491,1871,1888,47
cpld_mpi_gfsv17_intel,derecho,intel,875.96,35.40889718700655,850,1032,1829.48,1.7107503227141978,1823,1832,25
cpld_mpi_gfsv17_intel,gaeac6,intel,615.0212765957447,34.69399732675364,591,721,139269.59574468085,923943.7044443653,1872,6338720,47
cpld_mpi_gfsv17_intel,hera,intel,1278.764705882353,65.33830786111089,1217,1504,1873.0882352941176,8.039175470531037,1857,1888,34
cpld_mpi_gfsv17_intel,hercules,intel,975.2765957446809,50.123630688294185,930,1134,1923.404255319149,5.298316280825039,1916,1940,47
cpld_mpi_gfsv17_intel,orion,intel,1605.2391304347825,57.44531110644239,1419,1695,1878.5,6.1526868566142845,1856,1893,46
cpld_mpi_gfsv17_intel,ursa,intel,1034.3877551020407,61.087647526092454,985,1237,1998.6530612244899,11.292606394613854,1971,2021,49
cpld_mpi_gfsv17_intel,wcoss2,intel,974.1914893617021,68.9254916867143,918,1269,1857.6170212765958,35.43000030156789,1787,1884,47
