test_name,machine,compiler,core_mean,core_std,core_min,core_max,mem_mean,mem_std,mem_min,mem_max,n_hashes
cpld_control_p8.v2.sfc_intel,acorn,intel,493.25,17.509793178186268,450,535,2978.0833333333335,616.5726176673294,1993,3358,36
cpld_control_p8.v2.sfc_intel,derecho,intel,494.8974358974359,17.602025708475594,467,543,1994.3076923076924,30.629495456223918,1945,2028,39
cpld_control_p8.v2.sfc_intel,gaeac6,intel,307.3333333333333,13.877913792356189,288,354,6338.794871794872,0.4090738692453908,6338,6339,39
cpld_control_p8.v2.sfc_intel,hera,intel,680.6666666666666,13.80821011813866,657,694,2284.0,3.521363372331789,2280,2290,6
cpld_control_p8.v2.sfc_intel,hercules,intel,510.6,41.14190576840613,456,631,57018.675,346474.2761641271,2182,2193532,40
cpld_control_p8.v2.sfc_intel,orion,intel,992.8205128205128,32.94722398247157,939,1058,56213.64102564102,337538.58701974916,2103,2110092,39
cpld_control_p8.v2.sfc_intel,ursa,intel,415.075,24.669494813614925,369,488,2422.6,101.65219737304842,2263,2537,40
cpld_control_p8.v2.sfc_intel,wcoss2,intel,501.35897435897436,25.059389646332058,458,569,2239.8205128205127,585.0836589661378,1899,3376,39
