test_name,machine,compiler,core_mean,core_std,core_min,core_max,mem_mean,mem_std,mem_min,mem_max,n_hashes
cpld_s2sa_p8_intel,acorn,intel,494.3125,7.65522002407647,475,511,3291.6875,62.89577878810018,3199,3339,48
cpld_s2sa_p8_intel,derecho,intel,467.69565217391306,8.636259620759098,441,484,446501.7826086957,861508.52086141,2032,2054660,23
cpld_s2sa_p8_intel,gaeac6,intel,307.36170212765956,9.32137686208402,297,360,165018.25531914894,540550.4653851949,1899,1920172,47
cpld_s2sa_p8_intel,hera,intel,462.6041666666667,56.52140983294337,413,648,2411.6458333333335,397.57790563121006,2222,3377,48
cpld_s2sa_p8_intel,hercules,intel,490.83673469387753,165.73841675699586,386,1547,1141455.163265306,1127790.881991156,2218,2251460,49
cpld_s2sa_p8_intel,orion,intel,541.7551020408164,166.31314973720572,446,1566,134473.7142857143,523481.1288857509,2130,2171172,49
cpld_s2sa_p8_intel,ursa,intel,383.9024390243902,201.7444924747698,326,1476,79800.12195121951,490981.94307607657,3080,3146940,41
cpld_s2sa_p8_intel,wcoss2,intel,551.7291666666666,84.3782616916187,483,1021,3292.25,66.02852381695926,3189,3344,48
