test_name,machine,compiler,core_mean,core_std,core_min,core_max,mem_mean,mem_std,mem_min,mem_max,n_hashes
cpld_restart_qr_p8_intel,acorn,intel,282.9791666666667,6.082726094243309,272,299,3216.75,65.60795878031206,3125,3269,48
cpld_restart_qr_p8_intel,derecho,intel,271.6666666666667,6.155002678392147,259,284,300882.5,595006.6317732718,1431,1439420,24
cpld_restart_qr_p8_intel,gaeac6,intel,169.25531914893617,16.393885505307978,163,278,125248.97872340426,410261.05089747376,1444,1461424,47
cpld_restart_qr_p8_intel,hera,intel,372.25,46.15261454985227,283,505,2121.7916666666665,544.879020667084,1862,3336,48
cpld_restart_qr_p8_intel,hercules,intel,325.7959183673469,113.77426107425701,265,915,966280.081632653,916572.6300979654,1800,1846512,49
cpld_restart_qr_p8_intel,orion,intel,559.6734693877551,142.83825172712866,482,1215,109508.79591836735,426286.3634189551,1746,1766944,49
cpld_restart_qr_p8_intel,ursa,intel,234.225,12.851194696533277,213,289,51588.65,313637.5121798845,1965,1985616,40
cpld_restart_qr_p8_intel,wcoss2,intel,345.7708333333333,75.49672096115513,281,596,3235.7916666666665,72.11838917181669,3117,3296,48
