test_name,machine,compiler,core_mean,core_std,core_min,core_max,mem_mean,mem_std,mem_min,mem_max,n_hashes
cpld_warmstart_c48_5deg_intel,acorn,intel,128.06666666666666,6.932794268088183,112,140,2898.4666666666667,4.82229669914087,2889,2906,45
cpld_warmstart_c48_5deg_intel,derecho,intel,106.52173913043478,13.007244358322083,98,139,2858.021739130435,1.626026245992703,2855,2864,46
cpld_warmstart_c48_5deg_intel,gaeac6,intel,77.38297872340425,2.870791373164048,74,94,6337.659574468085,0.8666927579744048,6337,6341,47
cpld_warmstart_c48_5deg_intel,hera,intel,130.5,1.1952286093343942,129,132,3076.75,4.399675312695577,3071,3083,8
cpld_warmstart_c48_5deg_intel,hercules,intel,116.68085106382979,35.26798423929872,97,259,67521.76595744681,442091.69095091056,3028,3033864,47
cpld_warmstart_c48_5deg_intel,orion,intel,177.7173913043478,39.19901531840267,143,256,68907.10869565218,446762.76063975453,3026,3033128,46
cpld_warmstart_c48_5deg_intel,ursa,intel,135.32,175.69714666703834,79,1257,3019.68,1.6591121303953347,3015,3024,50
cpld_warmstart_c48_5deg_intel,wcoss2,intel,138.3469387755102,14.757132485129807,125,218,2902.877551020408,1.1660591226653252,2900,2905,49
