test_name,machine,compiler,core_mean,core_std,core_min,core_max,mem_mean,mem_std,mem_min,mem_max,n_hashes
cpld_control_nowave_noaero_p8_intel,acorn,intel,428.4375,6.610456738975929,412,442,1972.625,2.5148495153997175,1968,1982,48
cpld_control_nowave_noaero_p8_intel,derecho,intel,412.55555555555554,8.472948109908534,400,430,547144.5,904560.7676176811,1957,1973544,18
cpld_control_nowave_noaero_p8_intel,gaeac6,intel,268.1276595744681,3.8988126468841955,260,282,158652.3829787234,519681.5976961927,1823,1848944,47
cpld_control_nowave_noaero_p8_intel,hera,intel,384.1875,24.47200419585004,354,494,2184.2708333333335,16.93006840836902,2094,2203,48
cpld_control_nowave_noaero_p8_intel,hercules,intel,404.4791666666667,54.438718067407635,345,616,857951.2708333334,1068471.0976016896,2153,2178576,48
cpld_control_nowave_noaero_p8_intel,orion,intel,456.9583333333333,185.261167961907,377,1564,89328.5,422795.1739321274,2070,2096968,48
cpld_control_nowave_noaero_p8_intel,ursa,intel,362.29787234042556,225.79867089507715,285,1567,66573.74468085106,435891.7978588098,2977,2991316,47
cpld_control_nowave_noaero_p8_intel,wcoss2,intel,500.875,173.22947822948487,419,1622,1968.8958333333333,4.420645872389883,1959,1986,48
