test_name,machine,compiler,core_mean,core_std,core_min,core_max,mem_mean,mem_std,mem_min,mem_max,n_hashes
cpld_control_ciceC_p8_intel,acorn,intel,496.9347826086956,9.91609729214304,469,513,3359.9347826086955,4.635141967922983,3354,3370,46
cpld_control_ciceC_p8_intel,derecho,intel,497.26666666666665,9.223159256278008,483,511,2013.8666666666666,2.3258383025317957,2008,2016,15
cpld_control_ciceC_p8_intel,gaeac6,intel,303.26666666666665,4.946991739706801,291,317,144495.33333333334,944421.1652523419,2037,6339064,45
cpld_control_ciceC_p8_intel,hera,intel,702.046511627907,45.18952337938307,660,844,2277.232558139535,15.3666881664488,2216,2297,43
cpld_control_ciceC_p8_intel,hercules,intel,554.2391304347826,124.24691988717179,476,1090,2257.8478260869565,7.615677955680507,2240,2275,46
cpld_control_ciceC_p8_intel,orion,intel,990.7333333333333,29.074668762281068,938,1048,2188.0666666666666,6.6380446189851225,2170,2197,45
cpld_control_ciceC_p8_intel,ursa,intel,410.2857142857143,14.075688260259245,388,433,2491.6530612244896,19.044411932384197,2452,2526,49
cpld_control_ciceC_p8_intel,wcoss2,intel,542.5652173913044,51.66974277892799,483,697,3315.4347826086955,289.60928869188297,1971,3384,46
