test_name,machine,compiler,core_mean,core_std,core_min,core_max,mem_mean,mem_std,mem_min,mem_max,n_hashes
cpld_regional_atm_fbh_intel,derecho,intel,497.93333333333334,1.579632265825837,495,500,775.3333333333334,1.5430334996209003,772,777,15
cpld_regional_atm_fbh_intel,gaeac6,intel,361.8222222222222,4.355189636247416,358,380,143705.3777777778,944339.4781889347,783,6337728,45
cpld_regional_atm_fbh_intel,hera,intel,688.2093023255813,13.01566481029848,665,727,1181.2558139534883,5.01945274599971,1167,1190,43
cpld_regional_atm_fbh_intel,hercules,intel,580.0,8.008328997570844,569,597,1083.3260869565217,4.447492915870078,1068,1100,46
cpld_regional_atm_fbh_intel,orion,intel,831.0444444444445,10.8459367246146,808,859,1084.911111111111,4.856215427967371,1073,1104,45
cpld_regional_atm_fbh_intel,ursa,intel,776.0408163265306,532.7929147107593,381,1751,1135.2244897959183,4.440651726391281,1126,1150,49
