test_name,machine,compiler,core_mean,core_std,core_min,core_max,mem_mean,mem_std,mem_min,mem_max,n_hashes
cpld_debug_p8_intel,derecho,intel,774.9047619047619,19.154385299206968,754,822,2030.7619047619048,5.898345207808357,2014,2043,21
cpld_debug_p8_intel,gaeac6,intel,514.952380952381,10.273637089542298,501,535,6338.714285714285,0.46291004988608864,6338,6339,21
cpld_debug_p8_intel,hera,intel,797.7777777777778,9.066115179306106,783,817,2305.1111111111113,5.08538210079734,2294,2311,9
cpld_debug_p8_intel,hercules,intel,767.6818181818181,58.70700969231009,689,911,2280.181818181818,4.382175624443051,2270,2288,22
cpld_debug_p8_intel,orion,intel,856.047619047619,31.297725461247474,809,901,2208.0476190476193,5.616726720040672,2199,2220,21
cpld_debug_p8_intel,ursa,intel,548.4545454545455,13.037408713928734,533,585,2374.3636363636365,15.139181126956801,2334,2398,22
