test_name,machine,compiler,core_mean,core_std,core_min,core_max,mem_mean,mem_std,mem_min,mem_max,n_hashes
cpld_control_noaero_p8_agrid_intel,acorn,intel,308.0217391304348,7.984677355019947,287,323,1980.0434782608695,8.971452308391255,1967,1991,46
cpld_control_noaero_p8_agrid_intel,derecho,intel,332.2857142857143,14.839618786016219,316,363,1928.6666666666667,1.3165611772087458,1924,1931,21
cpld_control_noaero_p8_agrid_intel,gaeac6,intel,195.06521739130434,5.474799535297259,182,203,141919.69565217392,934054.2360154436,1954,6339248,46
cpld_control_noaero_p8_agrid_intel,hera,intel,253.86486486486487,6.307676813755346,242,266,2169.3513513513512,8.363997636086392,2153,2185,37
cpld_control_noaero_p8_agrid_intel,hercules,intel,281.10869565217394,93.02526019214581,235,851,2135.5,7.53289084246155,2119,2153,46
cpld_control_noaero_p8_agrid_intel,orion,intel,286.6666666666667,29.165670978675664,257,354,2080.088888888889,9.652654421128515,2050,2098,45
cpld_control_noaero_p8_agrid_intel,ursa,intel,210.6734693877551,8.733049665642866,197,240,2169.5102040816328,12.327345025355273,2135,2196,49
cpld_control_noaero_p8_agrid_intel,wcoss2,intel,333.4782608695652,25.947587454058063,300,448,1964.9130434782608,35.509514272441585,1880,1991,46
