test_name,machine,compiler,core_mean,core_std,core_min,core_max,mem_mean,mem_std,mem_min,mem_max,n_hashes
cpld_2threads_p8_intel,acorn,intel,458.5,12.512660255384013,415,499,3469.195652173913,361.40888629333335,2115,3587,46
cpld_2threads_p8_intel,derecho,intel,905.1142857142858,41.04643814064277,851,999,2159.3714285714286,26.102834773129032,2075,2182,35
cpld_2threads_p8_intel,gaeac6,intel,363.6170212765957,19.54543557467792,332,474,140291.40425531915,923879.6928864865,2199,6339320,47
cpld_2threads_p8_intel,hera,intel,695.625,54.47281930906699,603,764,2328.0833333333335,10.099146182880437,2307,2353,24
cpld_2threads_p8_intel,hercules,intel,672.8085106382979,50.88120789936888,554,790,49387.085106382976,322320.22950022784,2216,2212088,47
cpld_2threads_p8_intel,orion,intel,728.9782608695652,40.93001568012013,682,872,49185.586956521736,318099.4784780786,2152,2159740,46
cpld_2threads_p8_intel,ursa,intel,813.9591836734694,54.48086788943799,724,943,2961.285714285714,86.2539854151675,2626,3008,49
cpld_2threads_p8_intel,wcoss2,intel,478.3191489361702,24.692109620703008,429,575,2905.191489361702,753.0789738105553,2027,3609,47
