test_name,machine,compiler,core_mean,core_std,core_min,core_max,mem_mean,mem_std,mem_min,mem_max,n_hashes
cpld_debug_gfsv17_intel,acorn,intel,1246.5,62.42783067313156,1199,1475,1943.4791666666667,2.5764034253061436,1939,1955,48
cpld_debug_gfsv17_intel,derecho,intel,1128.2692307692307,64.75526708604185,1098,1314,372077.6153846154,773600.5841666914,1919,1931056,26
cpld_debug_gfsv17_intel,gaeac6,intel,774.6808510638298,34.699396300335934,756,905,166747.02127659574,546200.3712480426,1921,1941088,47
cpld_debug_gfsv17_intel,hera,intel,1289.8541666666667,59.61792875535022,1159,1446,1936.0833333333333,14.11477772955033,1893,1969,48
cpld_debug_gfsv17_intel,hercules,intel,1109.4489795918366,58.50999246015222,1024,1299,1142696.469387755,998116.9523338707,1991,2008168,49
cpld_debug_gfsv17_intel,orion,intel,1374.0408163265306,61.28450020997472,1311,1585,121159.91836734694,471634.6719240096,1939,1955348,49
cpld_debug_gfsv17_intel,ursa,intel,802.6842105263158,13.895566594475657,782,859,57207.10526315789,339749.32781842217,2082,2096448,38
cpld_debug_gfsv17_intel,wcoss2,intel,1260.1666666666667,58.10933690433056,1210,1448,1941.3333333333333,5.050103573125033,1928,1953,48
