test_name,machine,compiler,core_mean,core_std,core_min,core_max,mem_mean,mem_std,mem_min,mem_max,n_hashes
cpld_control_nowave_noaero_p8_intel,acorn,intel,432.9782608695652,7.917601012750112,412,445,1978.2391304347825,8.154575491665609,1968,1989,46
cpld_control_nowave_noaero_p8_intel,derecho,intel,439.95238095238096,15.031554112852712,414,478,1932.5714285714287,0.676123403782853,1931,1934,21
cpld_control_nowave_noaero_p8_intel,gaeac6,intel,274.2608695652174,7.505360403245677,260,307,141862.86956521738,934096.7147806392,1823,6339472,46
cpld_control_nowave_noaero_p8_intel,hera,intel,369.0,8.363279526862918,354,386,2187.2702702702704,11.594176336632323,2148,2208,37
cpld_control_nowave_noaero_p8_intel,hercules,intel,392.89130434782606,56.12217951769535,345,616,2166.6739130434785,7.390848238271201,2153,2183,46
cpld_control_nowave_noaero_p8_intel,orion,intel,417.77777777777777,86.425976968441,377,959,2094.3555555555554,8.87067578535498,2070,2108,45
cpld_control_nowave_noaero_p8_intel,ursa,intel,337.2448979591837,191.50614988082464,285,1567,2995.265306122449,10.843153581492457,2977,3024,49
cpld_control_nowave_noaero_p8_intel,wcoss2,intel,459.9782608695652,39.8538937902126,419,686,1960.5434782608695,35.26452830425684,1881,1993,46
