test_name,machine,compiler,core_mean,core_std,core_min,core_max,mem_mean,mem_std,mem_min,mem_max,n_hashes
cpld_debug_noaero_p8_intel,derecho,intel,376.27272727272725,5.951317653947061,366,385,1898.0,1.5491933384829515,1895,1900,11
cpld_debug_noaero_p8_intel,gaeac6,intel,233.97826086956522,10.118166567416766,225,290,140952.58695652173,934159.7677313512,1937,6338984,46
cpld_debug_noaero_p8_intel,hera,intel,394.625,5.59112138107127,385,406,2120.2083333333335,15.84762326409126,2063,2139,48
cpld_debug_noaero_p8_intel,hercules,intel,358.9347826086956,51.91976809309321,309,621,47074.86956521739,305213.45990376483,2060,2072132,46
cpld_debug_noaero_p8_intel,orion,intel,437.0,28.71314062314403,399,491,2024.0652173913043,8.168781151876187,2010,2041,46
cpld_debug_noaero_p8_intel,ursa,intel,275.9591836734694,6.288081264296333,268,293,2115.1020408163267,10.408820174014217,2098,2137,49
