test_name,machine,compiler,core_mean,core_std,core_min,core_max,mem_mean,mem_std,mem_min,mem_max,n_hashes
cpld_control_c192_p8_intel,gaeac6,intel,324.3829787234043,16.03332560839314,307,424,139819.44680851063,923951.6329268354,2370,6339328,47
cpld_control_c192_p8_intel,hera,intel,846.8666666666667,34.2945992866207,772,973,2651.9333333333334,13.856240554308012,2611,2678,30
cpld_control_c192_p8_intel,hercules,intel,906.0,63.87998257602332,853,1254,2929.9574468085107,6.389384697900237,2916,2941,47
cpld_control_c192_p8_intel,orion,intel,995.8695652173913,45.85610764877079,952,1224,2666.3478260869565,12.635430593382596,2641,2725,46
cpld_control_c192_p8_intel,ursa,intel,1120.7755102040817,99.43826923149402,1040,1380,3583.8571428571427,14.456832294800993,3562,3617,49
