test_name,machine,compiler,core_mean,core_std,core_min,core_max,mem_mean,mem_std,mem_min,mem_max,n_hashes
cpld_restart_c24_5deg_intel,acorn,intel,46.45652173913044,6.017406313683774,31,61,1451.4347826086957,2.7781062607708935,1448,1460,46
cpld_restart_c24_5deg_intel,derecho,intel,25.727272727272727,1.0390117682420417,24,28,1422.3030303030303,1.4466523529524864,1419,1425,33
cpld_restart_c24_5deg_intel,gaeac6,intel,21.48936170212766,3.236156741148981,18,33,139923.31914893616,923872.2793859481,1421,6338896,47
cpld_restart_c24_5deg_intel,hera,intel,33.19230769230769,1.166849802476078,32,37,1577.2307692307693,3.1280369858131682,1572,1588,26
cpld_restart_c24_5deg_intel,hercules,intel,29.4468085106383,17.008704306961924,23,96,1549.8085106382978,4.670156397494403,1532,1557,47
cpld_restart_c24_5deg_intel,orion,intel,43.608695652173914,22.082147903649396,34,125,1550.1739130434783,3.604345203754167,1538,1559,46
cpld_restart_c24_5deg_intel,ursa,intel,176.69387755102042,395.92061515334274,24,1257,1531.0,1.1726039399559078,1528,1534,49
cpld_restart_c24_5deg_intel,wcoss2,intel,59.04255319148936,14.307124170676392,46,123,1456.6808510638298,5.982243228301062,1452,1490,47
