test_name,machine,compiler,core_mean,core_std,core_min,core_max,mem_mean,mem_std,mem_min,mem_max,n_hashes
cpld_mpi_p8_intel,acorn,intel,408.2608695652174,6.350624755298401,391,417,3296.8478260869565,5.711459791231792,3290,3310,46
cpld_mpi_p8_intel,derecho,intel,410.10526315789474,14.590311613617313,387,436,1955.842105263158,4.400292387945963,1950,1967,19
cpld_mpi_p8_intel,gaeac6,intel,245.15217391304347,10.297717959289926,233,302,141759.80434782608,934168.7171314188,1986,6339848,46
cpld_mpi_p8_intel,hera,intel,682.4871794871794,22.591185746089245,646,746,2055.4871794871797,10.711213491800834,2010,2071,39
cpld_mpi_p8_intel,hercules,intel,456.1521739130435,85.91726443796038,391,946,2128.0,7.574812062208391,2117,2150,46
cpld_mpi_p8_intel,orion,intel,835.6666666666666,27.847800631288642,787,902,2065.3555555555554,8.434656741292674,2052,2106,45
cpld_mpi_p8_intel,ursa,intel,690.530612244898,35.800431818168704,569,732,2309.1632653061224,15.827648460283473,2280,2336,49
cpld_mpi_p8_intel,wcoss2,intel,446.10869565217394,48.04314184418907,404,649,3143.2391304347825,477.30862062576614,1923,3332,46
