test_name,machine,compiler,core_mean,core_std,core_min,core_max,mem_mean,mem_std,mem_min,mem_max,n_hashes
cpld_mpi_gfsv17_intel,acorn,intel,1011.3125,60.092183174880574,911,1061,1883.7083333333333,5.410621285493464,1871,1891,48
cpld_mpi_gfsv17_intel,derecho,intel,921.9285714285714,6.832774925812603,914,936,668752.3571428572,928497.130015995,1862,1873524,14
cpld_mpi_gfsv17_intel,gaeac6,intel,673.2765957446809,50.52365013478071,591,712,122831.44680851063,468173.5065028873,1872,1902196,47
cpld_mpi_gfsv17_intel,hera,intel,1363.6666666666667,73.14960866762678,1240,1507,1875.5416666666667,7.895483042998027,1857,1894,48
cpld_mpi_gfsv17_intel,hercules,intel,1080.3541666666667,66.88494076709974,973,1216,643657.5416666666,917149.2349183282,1917,1935872,48
cpld_mpi_gfsv17_intel,orion,intel,1511.0416666666667,82.94036779475398,1418,1675,80157.20833333333,379364.9774251792,1869,1881344,48
cpld_mpi_gfsv17_intel,ursa,intel,1157.469387755102,96.91493306864872,997,1264,42863.163265306124,286041.7055579007,1971,2004292,49
cpld_mpi_gfsv17_intel,wcoss2,intel,1071.6666666666667,92.6692432929192,926,1356,1879.6666666666667,2.570978233671754,1873,1884,48
