test_name,machine,compiler,core_mean,core_std,core_min,core_max,mem_mean,mem_std,mem_min,mem_max,n_hashes
cpld_restart_pdlib_p8_intel,acorn,intel,422.5833333333333,28.81698179401018,379,454,1101.5208333333333,3.3004808375243564,1097,1111,48
cpld_restart_pdlib_p8_intel,derecho,intel,419.0,6.928203230275508,410,433,457936.3333333333,564586.137986584,1088,1101232,12
cpld_restart_pdlib_p8_intel,gaeac6,intel,282.5744680851064,23.864422018935894,246,305,183144.95744680852,944928.2652446247,1080,6339116,47
cpld_restart_pdlib_p8_intel,hera,intel,458.2916666666667,31.819944457026114,409,501,1369.9583333333333,7.480352515681552,1352,1388,48
cpld_restart_pdlib_p8_intel,hercules,intel,407.6666666666667,66.68290582359181,343,793,413730.3541666667,649356.7994889821,1402,1427488,48
cpld_restart_pdlib_p8_intel,orion,intel,540.7083333333334,76.01034597365982,486,948,53553.6875,253466.9166906106,1237,1263356,48
cpld_restart_pdlib_p8_intel,ursa,intel,298.46938775510205,44.80099610165694,231,365,35161.71428571428,234485.7508305853,1616,1643064,49
cpld_restart_pdlib_p8_intel,wcoss2,intel,479.5,77.33568717376407,398,823,1102.6041666666667,3.468641179367828,1094,1113,48
