test_name,machine,compiler,core_mean,core_std,core_min,core_max,mem_mean,mem_std,mem_min,mem_max,n_hashes
cpld_restart_gfsv17_intel,acorn,intel,431.3061224489796,22.755222918442872,374,448,1070.857142857143,2.999999999999995,1067,1080,49
cpld_restart_gfsv17_intel,derecho,intel,412.65,6.0808153885374345,404,422,265797.8,470464.9683482344,1047,1065812,20
cpld_restart_gfsv17_intel,gaeac6,intel,288.3125,19.07784305797387,245,306,90731.22916666667,300523.530684494,1055,1079764,48
cpld_restart_gfsv17_intel,hera,intel,473.81632653061223,33.8388789396333,412,593,1360.6530612244899,22.907014046291817,1274,1383,49
cpld_restart_gfsv17_intel,hercules,intel,419.9387755102041,38.37447511218954,353,509,550142.5510204082,667721.5211998957,1330,1368924,49
cpld_restart_gfsv17_intel,orion,intel,544.3265306122449,63.61321526587522,487,771,51292.02040816326,245215.75487300384,1208,1235000,49
cpld_restart_gfsv17_intel,ursa,intel,304.80434782608694,36.37252905099145,226,371,34306.02173913043,222528.24378776323,1465,1510756,46
cpld_restart_gfsv17_intel,wcoss2,intel,475.7959183673469,65.65058377242251,395,804,1070.1020408163265,3.4655741344880022,1064,1085,49
