test_name,machine,compiler,core_mean,core_std,core_min,core_max,mem_mean,mem_std,mem_min,mem_max,n_hashes
cpld_restart_c192_p8_intel,derecho,intel,323.0416666666667,7.468654303249634,312,344,556187.5,1101534.3873739503,2649,2662888,24
cpld_restart_c192_p8_intel,gaeac6,intel,210.125,0.8345229603962813,209,211,2660.125,3.870677312453568,2654,2664,8
cpld_restart_c192_p8_intel,hera,intel,521.0208333333334,68.05269847334158,378,733,2971.3125,353.6903415599103,2782,3770,48
cpld_restart_c192_p8_intel,hercules,intel,407.7959183673469,112.64619752271501,329,812,1514173.7346938776,1496023.2508914785,2958,2975836,49
cpld_restart_c192_p8_intel,orion,intel,613.7551020408164,211.04260338182166,487,1799,176354.04081632654,686496.3227667343,2817,2857392,49
cpld_restart_c192_p8_intel,ursa,intel,745.65,17.118815559315028,712,803,90419.6,549838.7417316706,3455,3480968,40
