test_name,machine,compiler,core_mean,core_std,core_min,core_max,mem_mean,mem_std,mem_min,mem_max,n_hashes
cpld_debug_pdlib_p8_gnu,derecho,gnu,526.952380952381,9.952267030562377,513,561,1596.4761904761904,8.97562837699424,1582,1610,21
cpld_debug_pdlib_p8_gnu,hera,gnu,656.7837837837837,8.327114796905398,636,674,1540.8918918918919,7.508453694128858,1527,1558,37
cpld_debug_pdlib_p8_gnu,hercules,gnu,561.0,31.78958599569643,527,623,1596.3260869565217,9.31439590174759,1574,1617,46
cpld_debug_pdlib_p8_gnu,ursa,gnu,394.1020408163265,4.1444988536974305,387,404,1568.9795918367347,10.589872905907072,1549,1590,49
