test_name,machine,compiler,core_mean,core_std,core_min,core_max,mem_mean,mem_std,mem_min,mem_max,n_hashes
cpld_control_p8.v2.sfc_intel,acorn,intel,491.40425531914894,9.246996162016691,471,514,3362.0425531914893,4.934164159023863,3354,3370,47
cpld_control_p8.v2.sfc_intel,derecho,intel,464.6,14.576998624164329,454,505,821702.3,1058177.1952855797,2015,2057828,10
cpld_control_p8.v2.sfc_intel,gaeac6,intel,305.4782608695652,27.373741781686228,289,483,140108.5652173913,934377.1078346296,2034,6339592,46
cpld_control_p8.v2.sfc_intel,hera,intel,706.6875,30.72122853954131,663,800,2278.4375,13.137418137485996,2239,2295,48
cpld_control_p8.v2.sfc_intel,hercules,intel,583.4347826086956,184.60945590009598,476,1737,493753.54347826086,942847.549499463,2242,2265884,46
cpld_control_p8.v2.sfc_intel,orion,intel,1007.3913043478261,111.81859878310236,921,1708,97086.60869565218,450025.5758565767,2175,2185240,46
cpld_control_p8.v2.sfc_intel,ursa,intel,413.51020408163265,15.215291717243437,389,450,52845.816326530614,352426.40240934666,2448,2469484,49
cpld_control_p8.v2.sfc_intel,wcoss2,intel,556.5106382978723,94.75549137245766,490,1051,3378.0425531914893,3.939529031708384,3370,3389,47
