test_name,machine,compiler,core_mean,core_std,core_min,core_max,mem_mean,mem_std,mem_min,mem_max,n_hashes
cpld_control_pdlib_p8_intel,acorn,intel,857.9148936170212,58.39402507673487,780,918,1924.8936170212767,4.370026577141381,1916,1932,47
cpld_control_pdlib_p8_intel,derecho,intel,816.1,16.353389047330023,772,828,769910.2,991479.832303411,1877,1926004,10
cpld_control_pdlib_p8_intel,gaeac6,intel,569.3478260869565,43.215849660000394,510,616,139995.95652173914,934437.5246946976,1912,6339880,46
cpld_control_pdlib_p8_intel,hera,intel,986.0625,63.74363756318921,893,1058,2126.8541666666665,9.3330562902145,2103,2138,48
cpld_control_pdlib_p8_intel,hercules,intel,859.3695652173913,80.37477733044045,735,1081,457253.76086956525,873150.7753634964,2083,2104288,46
cpld_control_pdlib_p8_intel,orion,intel,1167.3695652173913,148.65027692849378,1045,1940,90472.36956521739,419430.81183232955,2008,2036512,46
cpld_control_pdlib_p8_intel,ursa,intel,592.1836734693877,83.88128353745635,485,692,46137.163265306124,307788.0805208043,2150,2156684,49
cpld_control_pdlib_p8_intel,wcoss2,intel,941.0212765957447,122.92406446429372,802,1303,1922.8297872340424,5.138597122613242,1911,1928,47
