test_name,machine,compiler,core_mean,core_std,core_min,core_max,mem_mean,mem_std,mem_min,mem_max,n_hashes
cpld_control_c24_9deg_intel,acorn,intel,77.93333333333334,8.721446919154898,64,94,2113.4,4.075425242731373,2104,2119,45
cpld_control_c24_9deg_intel,derecho,intel,59.20454545454545,7.61754262229868,56,88,2074.340909090909,1.1400363482206914,2071,2076,44
cpld_control_c24_9deg_intel,gaeac6,intel,45.458333333333336,1.2020962777552002,43,49,138257.79166666666,913968.3060314035,6336,6338496,48
cpld_control_c24_9deg_intel,hera,intel,72.4,2.640346297633807,71,81,2255.5333333333333,3.5227154028566385,2249,2262,15
cpld_control_c24_9deg_intel,hercules,intel,67.76595744680851,24.230068246200652,53,128,49771.68085106383,325889.8485436923,2224,2236424,47
cpld_control_c24_9deg_intel,orion,intel,106.69565217391305,31.287107437208697,80,171,50834.5,329608.2000634323,2223,2237748,46
cpld_control_c24_9deg_intel,ursa,intel,138.02,280.15990259208786,48,1151,2209.94,2.0344983837470716,2207,2216,50
cpld_control_c24_9deg_intel,wcoss2,intel,87.14583333333333,7.411863932261204,78,110,2117.4166666666665,7.0855962175999805,2107,2127,48
