test_name,machine,compiler,core_mean,core_std,core_min,core_max,mem_mean,mem_std,mem_min,mem_max,n_hashes
cpld_restart_c48_5deg_intel,acorn,intel,81.12765957446808,6.088538845478071,68,97,2305.127659574468,6.977033819974583,2292,2318,47
cpld_restart_c48_5deg_intel,derecho,intel,60.7,1.159501808728405,59,63,2268.0,1.3333333333333954,2266,2270,10
cpld_restart_c48_5deg_intel,gaeac6,intel,46.30434782608695,4.026962269598876,43,70,141057.13043478262,933896.4400625206,2261,6337344,46
cpld_restart_c48_5deg_intel,hera,intel,81.33333333333333,4.01769137336744,77,95,2517.3541666666665,8.109593959280245,2498,2533,48
cpld_restart_c48_5deg_intel,hercules,intel,77.30434782608695,26.87160381866776,57,148,110241.26086956522,511044.1512513347,2463,2486120,46
cpld_restart_c48_5deg_intel,orion,intel,99.21739130434783,24.616988753007558,83,171,56228.065217391304,364560.17425265885,2458,2475044,46
cpld_restart_c48_5deg_intel,ursa,intel,188.51020408163265,366.45560909252595,49,1291,2460.5510204081634,9.284981656079923,2430,2475,49
cpld_restart_c48_5deg_intel,wcoss2,intel,128.31914893617022,53.160587878688574,90,393,2308.340425531915,5.872843159109904,2296,2322,47
