test_name,machine,compiler,core_mean,core_std,core_min,core_max,mem_mean,mem_std,mem_min,mem_max,n_hashes
cpld_restart_gfsv17_intel,acorn,intel,432.7755102040816,21.672049305232637,374,452,1070.8775510204082,2.9904894600857936,1067,1080,49
cpld_restart_gfsv17_intel,derecho,intel,412.3333333333333,6.101912268570674,404,422,253191.7142857143,462177.02610419126,1047,1065812,21
cpld_restart_gfsv17_intel,gaeac6,intel,289.3541666666667,18.056047001858765,245,306,90731.375,300523.48625057045,1055,1079764,48
cpld_restart_gfsv17_intel,hera,intel,475.16326530612247,32.70279482117154,412,593,1358.9795918367347,25.638910692472724,1274,1383,49
cpld_restart_gfsv17_intel,hercules,intel,420.8979591836735,37.23699151938793,357,509,577621.1224489796,672355.5030897789,1330,1368924,49
cpld_restart_gfsv17_intel,orion,intel,543.5714285714286,63.57017120211859,487,771,51291.93877551021,245215.7718862451,1208,1235000,49
cpld_restart_gfsv17_intel,ursa,intel,306.4888888888889,34.9217451286198,226,371,35035.333333333336,224987.1634856491,1465,1510756,45
cpld_restart_gfsv17_intel,wcoss2,intel,476.1020408163265,65.52456438172607,395,804,1070.0408163265306,3.493799171827285,1064,1085,49
