test_name,machine,compiler,core_mean,core_std,core_min,core_max,mem_mean,mem_std,mem_min,mem_max,n_hashes
cpld_control_sfs_intel,acorn,intel,773.0434782608696,97.09764993648608,683,944,2094.6739130434785,140.1990734392942,1901,2199,46
cpld_control_sfs_intel,derecho,intel,649.625,21.278706101014063,629,715,2158.5,6.000000000000108,2150,2169,16
cpld_control_sfs_intel,gaeac6,intel,487.6,78.12414363167012,425,623,144572.2,944377.2018244616,1895,6338852,45
cpld_control_sfs_intel,hera,intel,864.9047619047619,241.11568011285243,663,1261,2154.214285714286,76.80305371034044,2039,2237,42
cpld_control_sfs_intel,hercules,intel,751.1304347826087,259.2763098142941,540,1772,2197.2391304347825,151.45812546085432,1985,2312,46
cpld_control_sfs_intel,orion,intel,961.2,238.82188113548332,743,1422,2130.7555555555555,131.7095902416218,1949,2240,45
cpld_control_sfs_intel,ursa,intel,581.1632653061224,115.47174021861645,495,789,2259.2448979591836,185.28756148801983,1995,2412,49
cpld_control_sfs_intel,wcoss2,intel,816.5217391304348,138.94807009661872,696,1186,2089.6521739130435,141.3704695537074,1895,2204,46
