test_name,machine,compiler,core_mean,core_std,core_min,core_max,mem_mean,mem_std,mem_min,mem_max,n_hashes
cpld_control_ciceC_p8_intel,acorn,intel,494.36170212765956,9.633333279984464,469,512,3362.553191489362,5.0553824550555815,3354,3372,47
cpld_control_ciceC_p8_intel,derecho,intel,476.8,19.11834488419725,460,507,207287.6,649045.6843549784,2014,2054504,10
cpld_control_ciceC_p8_intel,gaeac6,intel,302.0,4.68567557088151,291,317,140378.13043478262,934257.4225364134,2037,6339064,46
cpld_control_ciceC_p8_intel,hera,intel,710.1666666666666,46.061168088464264,660,844,2278.4166666666665,15.70043139850917,2216,2297,48
cpld_control_ciceC_p8_intel,hercules,intel,568.0652173913044,120.772219427761,483,1090,346095.32608695654,820556.3249505534,2247,2269080,46
cpld_control_ciceC_p8_intel,orion,intel,1011.4130434782609,90.13904717760752,933,1548,97338.41304347826,451222.1412898567,2177,2192604,46
cpld_control_ciceC_p8_intel,ursa,intel,411.61224489795916,14.57282906435049,388,434,53053.04081632653,353922.18215643574,2455,2479948,49
cpld_control_ciceC_p8_intel,wcoss2,intel,562.6808510638298,134.40854436850339,483,1395,3377.1063829787236,4.340076349524819,3362,3384,47
