test_name,machine,compiler,core_mean,core_std,core_min,core_max,mem_mean,mem_std,mem_min,mem_max,n_hashes
cpld_restart_c192_p8_intel,hera,intel,522.3333333333334,10.499639243441868,510,545,2812.5,9.577435602877882,2795,2828,12
cpld_restart_c192_p8_intel,hercules,intel,340.2340425531915,42.00425069895617,300,546,61847.70212765958,404130.75856217596,2746,2773480,47
cpld_restart_c192_p8_intel,orion,intel,547.195652173913,61.76357055208995,325,707,60056.97826086957,388524.88209125266,2625,2637876,46
cpld_restart_c192_p8_intel,ursa,intel,745.62,154.33238579806394,198,925,3362.88,152.6665888363885,3117,3491,50
