test_name,machine,compiler,core_mean,core_std,core_min,core_max,mem_mean,mem_std,mem_min,mem_max,n_hashes
cpld_debug_gfsv17_intel,acorn,intel,1221.1702127659576,24.268712322243914,1200,1353,1941.6382978723404,4.203650235289287,1935,1959,47
cpld_debug_gfsv17_intel,derecho,intel,1115.1818181818182,12.576312510574606,1092,1136,1872.0,2.144761058952727,1868,1875,11
cpld_debug_gfsv17_intel,gaeac6,intel,766.3695652173913,8.700852309853008,756,804,140932.13043478262,934123.0817907981,1915,6338720,46
cpld_debug_gfsv17_intel,hera,intel,1294.6666666666667,15.066283808604494,1263,1321,1930.0416666666667,11.427771945187128,1893,1943,48
cpld_debug_gfsv17_intel,hercules,intel,1095.6521739130435,37.941602725653304,1028,1183,45388.45652173913,294298.1909781458,1988,1998024,46
cpld_debug_gfsv17_intel,orion,intel,1354.5652173913043,29.460823081142124,1311,1405,1950.6521739130435,8.517217572017339,1922,1963,46
cpld_debug_gfsv17_intel,ursa,intel,802.6122448979592,12.783153507857218,789,873,2087.5102040816328,9.40106919668271,2048,2107,49
cpld_debug_gfsv17_intel,wcoss2,intel,1240.872340425532,35.20845811256436,1204,1339,1941.5531914893618,3.676059507953124,1933,1953,47
