test_name,machine,compiler,core_mean,core_std,core_min,core_max,mem_mean,mem_std,mem_min,mem_max,n_hashes
cpld_regional_atm_fbh_intel,derecho,intel,499.0,4.861724348043987,495,520,774.5652173913044,1.6466518911392556,772,777,23
cpld_regional_atm_fbh_intel,gaeac6,intel,362.7391304347826,5.4137059913137495,359,386,141563.23913043478,933880.3855847014,783,6337728,46
cpld_regional_atm_fbh_intel,hera,intel,688.0571428571428,11.960579508739295,665,724,1180.3714285714286,4.697218916147957,1167,1189,35
cpld_regional_atm_fbh_intel,hercules,intel,579.5652173913044,7.535551808779591,569,592,1082.9565217391305,4.411885571897502,1068,1100,46
cpld_regional_atm_fbh_intel,orion,intel,830.8,9.495453457504636,808,859,1085.4888888888888,6.287152203365422,1073,1105,45
cpld_regional_atm_fbh_intel,ursa,intel,769.734693877551,524.562308640507,381,1751,1134.6530612244899,4.432601852600089,1126,1150,49
