test_name,machine,compiler,core_mean,core_std,core_min,core_max,mem_mean,mem_std,mem_min,mem_max,n_hashes
cpld_debug_p8_gnu,hera,gnu,419.3469387755102,16.54230815768083,403,495,1692.142857142857,8.075167696917157,1664,1708,49
cpld_debug_p8_gnu,hercules,gnu,384.3469387755102,69.8019672061636,319,784,743528.5510204082,865457.9224690116,1713,1750220,49
cpld_debug_p8_gnu,ursa,gnu,290.22727272727275,17.6672915974409,278,369,38220.568181818184,242828.67904428134,1591,1612356,44
