test_name,machine,compiler,core_mean,core_std,core_min,core_max,mem_mean,mem_std,mem_min,mem_max,n_hashes
cpld_mpi_pdlib_p8_intel,acorn,intel,1052.0425531914893,9.098393185441601,1041,1075,1896.1702127659576,4.0125842748086615,1889,1905,47
cpld_mpi_pdlib_p8_intel,derecho,intel,930.1923076923077,6.480859392205525,916,944,363092.1538461539,754901.6900916141,1881,1883072,26
cpld_mpi_pdlib_p8_intel,gaeac6,intel,707.695652173913,5.154801710670169,700,722,167928.9347826087,543909.4365324843,1898,1913816,46
cpld_mpi_pdlib_p8_intel,hera,intel,1214.0208333333333,25.572999044731628,1196,1324,1940.4583333333333,9.708426551161129,1901,1960,48
cpld_mpi_pdlib_p8_intel,hercules,intel,979.3877551020408,33.88388034063949,927,1071,1145163.7551020407,1000278.9170117655,1990,2016188,49
cpld_mpi_pdlib_p8_intel,orion,intel,1307.1041666666667,172.04430893693828,1204,2096,123001.91666666667,473835.9355810753,1931,1942884,48
cpld_mpi_pdlib_p8_intel,ursa,intel,933.0540540540541,17.079789788496175,907,1001,59568.64864864865,349533.6738588856,2087,2128236,37
cpld_mpi_pdlib_p8_intel,wcoss2,intel,1115.0,99.7217869003996,1051,1468,1893.4468085106382,3.133330709021934,1883,1899,47
