test_name,machine,compiler,core_mean,core_std,core_min,core_max,mem_mean,mem_std,mem_min,mem_max,n_hashes
cpld_control_c24_5deg_intel,acorn,intel,81.4,5.906083150601437,67,94,2114.4444444444443,3.5583164785634476,2107,2119,45
cpld_control_c24_5deg_intel,derecho,intel,57.25,1.1929278784054478,56,60,2076.875,1.0904597948124792,2074,2079,40
cpld_control_c24_5deg_intel,gaeac6,intel,45.375,1.1036689296990183,43,48,137787.66666666666,913848.6851436045,2081,6337208,48
cpld_control_c24_5deg_intel,hera,intel,71.65,1.496487114615599,70,77,2257.55,3.2359005904969664,2250,2262,20
cpld_control_c24_5deg_intel,hercules,intel,68.97916666666667,25.283490184041536,53,149,48893.270833333336,323240.8833500568,2225,2241716,48
cpld_control_c24_5deg_intel,orion,intel,106.80851063829788,35.893343392716886,80,214,49777.48936170213,325909.25175968796,2221,2236560,47
cpld_control_c24_5deg_intel,ursa,intel,201.48,354.5871551709747,49,1151,2211.34,2.291154240792476,2205,2217,50
cpld_control_c24_5deg_intel,wcoss2,intel,90.27083333333333,9.513125497836596,76,115,2117.8541666666665,6.140169736836696,2110,2128,48
