test_name,machine,compiler,core_mean,core_std,core_min,core_max,mem_mean,mem_std,mem_min,mem_max,n_hashes
cpld_s2sa_p8_intel,acorn,intel,498.0652173913044,9.497139157341659,475,512,3337.978260869565,7.686898320981088,3325,3349,46
cpld_s2sa_p8_intel,derecho,intel,505.6842105263158,12.494677229297569,482,531,1997.6315789473683,2.521254676981085,1992,2001,19
cpld_s2sa_p8_intel,gaeac6,intel,313.5652173913044,11.55595502839804,297,360,141697.36956521738,934086.6004543535,1886,6339240,46
cpld_s2sa_p8_intel,hera,intel,431.3333333333333,20.909999286834967,411,532,2254.230769230769,11.961476626107618,2222,2277,39
cpld_s2sa_p8_intel,hercules,intel,440.3695652173913,51.53223745952178,386,666,2238.4565217391305,8.134170781309766,2220,2252,46
cpld_s2sa_p8_intel,orion,intel,485.4222222222222,30.045033539738988,446,557,2162.088888888889,10.960304869312898,2138,2181,45
cpld_s2sa_p8_intel,ursa,intel,389.734693877551,225.74624171015228,326,1763,3128.1428571428573,27.603592761329757,3080,3183,49
cpld_s2sa_p8_intel,wcoss2,intel,539.804347826087,48.737218069159105,483,740,3157.717391304348,469.68853334682126,1950,3346,46
