test_name,machine,compiler,core_mean,core_std,core_min,core_max,mem_mean,mem_std,mem_min,mem_max,n_hashes
cpld_control_c24_5deg_intel,acorn,intel,81.8936170212766,4.304871065852846,72,90,2113.8936170212764,2.8910209010206573,2109,2121,47
cpld_control_c24_5deg_intel,derecho,intel,73.11538461538461,14.632366652259433,54,95,407001.3846153846,846212.0606246676,2103,2108856,26
cpld_control_c24_5deg_intel,gaeac6,intel,45.56521739130435,3.030600775886182,43,61,184513.65217391305,597633.9402246614,2081,2102480,46
cpld_control_c24_5deg_intel,hera,intel,80.77083333333333,24.512471496469878,67,197,2254.7916666666665,11.50200414235629,2218,2266,48
cpld_control_c24_5deg_intel,hercules,intel,92.3265306122449,40.43275680842517,56,261,1325427.857142857,1110256.2892045092,2224,2249256,49
cpld_control_c24_5deg_intel,orion,intel,121.47916666666667,43.58166195620869,82,294,141916.66666666666,546694.732132104,2224,2241228,48
cpld_control_c24_5deg_intel,ursa,intel,60.567567567567565,26.934633364396745,50,212,61932.35135135135,363266.5741224737,2207,2211876,37
cpld_control_c24_5deg_intel,wcoss2,intel,115.04255319148936,44.53233190215676,82,349,2110.148936170213,2.431484815679556,2104,2118,47
