test_name,machine,compiler,core_mean,core_std,core_min,core_max,mem_mean,mem_std,mem_min,mem_max,n_hashes
cpld_control_nowave_noaero_p8_intel,acorn,intel,432.9782608695652,7.917601012750109,412,445,1978.608695652174,8.250193966392011,1968,1989,46
cpld_control_nowave_noaero_p8_intel,derecho,intel,439.8636363636364,14.675199210282356,414,478,1932.5454545454545,0.6709817063202655,1931,1934,22
cpld_control_nowave_noaero_p8_intel,gaeac6,intel,274.45652173913044,7.455666068282508,260,307,141960.80434782608,934081.9433372741,1823,6339472,46
cpld_control_nowave_noaero_p8_intel,hera,intel,368.55555555555554,8.02654326752163,354,386,2187.0555555555557,11.683796947529983,2148,2208,36
cpld_control_nowave_noaero_p8_intel,hercules,intel,389.80434782608694,54.255207457274416,345,616,2167.2391304347825,7.315690238897501,2155,2183,46
cpld_control_nowave_noaero_p8_intel,orion,intel,416.9111111111111,86.2806789238214,377,959,2094.511111111111,8.996520090422159,2070,2108,45
cpld_control_nowave_noaero_p8_intel,ursa,intel,311.16326530612247,67.24933300126958,285,674,2995.408163265306,10.965701009942444,2977,3024,49
cpld_control_nowave_noaero_p8_intel,wcoss2,intel,454.5217391304348,20.893102668833894,419,557,1958.8260869565217,36.879566367555654,1881,1993,46
