test_name,machine,compiler,core_mean,core_std,core_min,core_max,mem_mean,mem_std,mem_min,mem_max,n_hashes
cpld_control_p8_lnd_intel,acorn,intel,499.85714285714283,8.883505314157654,484,524,3327.8979591836733,60.694331454826454,3227,3369,49
cpld_control_p8_lnd_intel,derecho,intel,469.8181818181818,6.083829962530769,457,479,470792.8181818182,883993.022329908,2055,2072240,22
cpld_control_p8_lnd_intel,gaeac6,intel,302.7291666666667,5.034939976541529,294,316,174040.0,576398.562786498,2053,2075204,48
cpld_control_p8_lnd_intel,hera,intel,753.8979591836735,80.84121393663197,559,929,2240.387755102041,370.10234036944235,2062,3336,49
cpld_control_p8_lnd_intel,hercules,intel,571.0,81.51686941977098,491,1065,1001267.1632653062,1118237.3998362771,2217,2240788,49
cpld_control_p8_lnd_intel,orion,intel,1086.2244897959183,109.35592982438173,996,1540,133386.51020408163,519217.23621127993,2137,2152476,49
cpld_control_p8_lnd_intel,ursa,intel,456.3863636363636,15.882147223308047,427,503,59779.59090909091,379858.8088109457,2459,2522212,44
