test_name,machine,compiler,core_mean,core_std,core_min,core_max,mem_mean,mem_std,mem_min,mem_max,n_hashes
cpld_debug_p8_intel,derecho,intel,773.8260869565217,18.639284452499396,754,822,2031.0869565217392,5.96133788734663,2014,2043,23
cpld_debug_p8_intel,gaeac6,intel,514.5833333333334,9.631996798112047,501,535,6338.708333333333,0.46430562148735655,6338,6339,24
cpld_debug_p8_intel,hera,intel,799.25,9.245391972613845,783,817,2305.3333333333335,4.735424207422367,2294,2311,12
cpld_debug_p8_intel,hercules,intel,762.7083333333334,58.76221735440045,689,911,2280.0833333333335,4.241786607455397,2270,2288,24
cpld_debug_p8_intel,orion,intel,856.3478260869565,31.069729050011137,809,901,2208.6521739130435,5.749377006979078,2199,2220,23
cpld_debug_p8_intel,ursa,intel,548.32,12.317737887561403,533,585,2375.36,15.553349049856315,2334,2404,25
