test_name,machine,compiler,core_mean,core_std,core_min,core_max,mem_mean,mem_std,mem_min,mem_max,n_hashes
cpld_warmstart_c24_9deg_intel,acorn,intel,55.31111111111111,8.447221765501103,40,71,2112.133333333333,2.590191288127317,2107,2118,45
cpld_warmstart_c24_9deg_intel,derecho,intel,40.130434782608695,12.554961295842231,32,68,2074.521739130435,1.5597596742916404,2072,2077,46
cpld_warmstart_c24_9deg_intel,gaeac6,intel,26.822222222222223,1.5416769041429124,25,32,6337.555555555556,0.6590473688161235,6336,6339,45
cpld_warmstart_c24_9deg_intel,hera,intel,40.833333333333336,0.40824829046386313,40,41,2252.3333333333335,1.8618986725024846,2249,2254,6
cpld_warmstart_c24_9deg_intel,hercules,intel,47.06382978723404,26.796661258057757,30,123,49693.51063829787,325359.00779278803,2222,2232784,47
cpld_warmstart_c24_9deg_intel,orion,intel,85.58695652173913,40.860508555575876,43,167,50716.934782608696,328818.0684349733,2225,2232388,46
cpld_warmstart_c24_9deg_intel,ursa,intel,62.04,162.98716113202767,29,1168,2208.3,1.4463183379512878,2206,2211,50
cpld_warmstart_c24_9deg_intel,wcoss2,intel,63.285714285714285,13.512340039139534,53,139,2118.673469387755,4.72752470072043,2108,2125,49
