test_name,machine,compiler,core_mean,core_std,core_min,core_max,mem_mean,mem_std,mem_min,mem_max,n_hashes
cpld_decomp_p8_intel,acorn,intel,484.2291666666667,7.4583655255060135,470,501,3286.5208333333335,70.72932810800607,3214,3364,48
cpld_decomp_p8_intel,derecho,intel,450.71875,11.078122511829202,413,470,321903.0,753632.4528502583,2044,2047592,32
cpld_decomp_p8_intel,gaeac6,intel,296.8723404255319,7.91700706865097,290,342,177845.21276595743,582581.1264659957,2050,2074984,47
cpld_decomp_p8_intel,hera,intel,664.7551020408164,100.8880424472768,525,839,2643.3673469387754,533.9216427325563,2222,3390,49
cpld_decomp_p8_intel,hercules,intel,581.38,144.8079502271184,499,1555,1572400.48,1038353.8227273297,2241,2255528,50
cpld_decomp_p8_intel,orion,intel,1028.734693877551,126.52268826680259,928,1681,135572.42857142858,527766.5168095562,2154,2189268,49
cpld_decomp_p8_intel,ursa,intel,428.741935483871,18.187848950944304,410,492,82493.09677419355,445634.74799065024,2414,2483644,31
cpld_decomp_p8_intel,wcoss2,intel,538.5833333333334,73.11455114170145,491,852,3293.7291666666665,74.12087298498808,3212,3376,48
