test_name,machine,compiler,core_mean,core_std,core_min,core_max,mem_mean,mem_std,mem_min,mem_max,n_hashes
cpld_control_qr_p8_intel,acorn,intel,494.17021276595744,9.005600066760834,469,511,3381.6170212765956,4.97189138837508,3372,3388,47
cpld_control_qr_p8_intel,derecho,intel,474.5,22.993960559725718,460,530,626864.4,1006014.716401328,2034,2088156,10
cpld_control_qr_p8_intel,gaeac6,intel,303.60869565217394,4.271238492623616,295,313,140211.86956521738,934280.9281095894,2061,6339056,46
cpld_control_qr_p8_intel,hera,intel,713.1041666666666,48.18812407033952,663,863,2294.9166666666665,15.472464675046771,2236,2314,48
cpld_control_qr_p8_intel,hercules,intel,562.7173913043479,141.45948191674742,480,1468,448845.02173913043,915452.5385176567,2265,2290512,46
cpld_control_qr_p8_intel,orion,intel,1000.6086956521739,82.57238663025565,929,1489,98212.34782608696,455282.8820187494,2189,2218524,46
cpld_control_qr_p8_intel,ursa,intel,416.3469387755102,15.35218635407803,390,455,50436.857142857145,336523.12516712723,2331,2358024,49
cpld_control_qr_p8_intel,wcoss2,intel,551.5106382978723,74.90221809579924,490,952,3405.425531914894,3.4937502016867055,3397,3411,47
