test_name,machine,compiler,core_mean,core_std,core_min,core_max,mem_mean,mem_std,mem_min,mem_max,n_hashes
cpld_debug_pdlib_p8_gnu,hera,gnu,664.9111111111112,23.101379555639912,640,764,1542.3777777777777,8.960237641148696,1523,1556,45
cpld_debug_pdlib_p8_gnu,hercules,gnu,585.1428571428571,77.1689164538849,523,850,1131538.7551020407,896398.3824239256,1591,3073532,49
cpld_debug_pdlib_p8_gnu,ursa,gnu,402.61764705882354,17.13938350767531,391,484,47978.76470588235,270547.9049376002,1558,1579132,34
