test_name,machine,compiler,core_mean,core_std,core_min,core_max,mem_mean,mem_std,mem_min,mem_max,n_hashes
cpld_control_p8_mixedmode_intel,acorn,intel,397.1081081081081,6.0588951311448005,380,409,3322.324324324324,2.1088972112095443,3319,3332,37
cpld_control_p8_mixedmode_intel,derecho,intel,394.17391304347825,14.980751813616893,374,435,1979.3478260869565,1.9910868583441015,1976,1983,23
cpld_control_p8_mixedmode_intel,gaeac6,intel,242.72972972972974,11.293185380398041,229,303,176179.72972972973,1041143.1314282939,2007,6338032,37
cpld_control_p8_mixedmode_intel,hera,intel,675.5384615384615,13.877264195022784,656,708,2204.730769230769,5.524908631336434,2190,2215,26
cpld_control_p8_mixedmode_intel,hercules,intel,493.0,30.178174600565605,457,569,2156.5945945945946,5.649284416137606,2144,2166,37
cpld_control_p8_mixedmode_intel,orion,intel,978.6388888888889,26.947730122037353,948,1052,2101.1388888888887,5.555706347159816,2090,2121,36
cpld_control_p8_mixedmode_intel,ursa,intel,391.9230769230769,12.720444827095834,367,425,2180.0,7.793384509009126,2168,2209,39
cpld_control_p8_mixedmode_intel,wcoss2,intel,421.4594594594595,22.417248560718438,393,524,2961.891891891892,631.8474140602733,1927,3347,37
