test_name,machine,compiler,core_mean,core_std,core_min,core_max,mem_mean,mem_std,mem_min,mem_max,n_hashes
cpld_control_pdlib_p8_intel,acorn,intel,824.5,54.254441702449085,780,918,1923.304347826087,3.5331419144211864,1916,1928,46
cpld_control_pdlib_p8_intel,derecho,intel,772.7142857142857,10.117985292222292,764,804,1878.0714285714287,3.8523576340546537,1874,1890,14
cpld_control_pdlib_p8_intel,gaeac6,intel,545.1555555555556,38.695757082161045,510,613,144335.8,944569.9798964221,1912,6339880,45
cpld_control_pdlib_p8_intel,hera,intel,954.2045454545455,61.04957175457074,893,1058,2123.9545454545455,10.060178336424894,2096,2138,44
cpld_control_pdlib_p8_intel,hercules,intel,816.6086956521739,89.31379842651415,729,1081,2092.0652173913045,5.693669677469234,2082,2104,46
cpld_control_pdlib_p8_intel,orion,intel,1181.9555555555555,67.40817173133836,1045,1280,2023.2444444444445,9.048243314075279,2001,2039,45
cpld_control_pdlib_p8_intel,ursa,intel,544.8367346938776,77.88542518200897,485,680,2164.8979591836733,10.247448662063757,2149,2188,49
cpld_control_pdlib_p8_intel,wcoss2,intel,890.0,121.98870621678242,790,1303,1920.608695652174,13.726662232263433,1835,1928,46
