test_name,machine,compiler,core_mean,core_std,core_min,core_max,mem_mean,mem_std,mem_min,mem_max,n_hashes
cpld_2threads_p8_intel,acorn,intel,459.69565217391306,10.443221225523153,438,499,3564.108695652174,5.724133164339504,3557,3587,46
cpld_2threads_p8_intel,derecho,intel,909.96875,39.544572136816335,864,999,2167.03125,6.3321217714942515,2154,2182,32
cpld_2threads_p8_intel,gaeac6,intel,363.5744680851064,18.756731754864955,344,474,140028.36170212767,923919.220566891,2199,6339320,47
cpld_2threads_p8_intel,hera,intel,691.2962962962963,56.98435332805423,603,764,2329.0,10.110923263024473,2307,2353,27
cpld_2threads_p8_intel,hercules,intel,662.9148936170212,63.712270945322466,489,790,2379.127659574468,6.755406920697033,2365,2394,47
cpld_2threads_p8_intel,orion,intel,732.2391304347826,40.27747359538648,687,872,2291.3695652173915,8.86781620531274,2278,2323,46
cpld_2threads_p8_intel,ursa,intel,822.1020408163265,60.28759024388818,724,943,2983.9591836734694,10.980966835987315,2965,3008,49
cpld_2threads_p8_intel,wcoss2,intel,481.97872340425533,21.8994633264619,460,575,3006.5106382978724,734.4524986072641,2119,3625,47
