test_name,machine,compiler,core_mean,core_std,core_min,core_max,mem_mean,mem_std,mem_min,mem_max,n_hashes
cpld_dcp_gefs_intel,hera,intel,978.7916666666666,54.5558306002417,905,1185,3054.8958333333335,16.81088753505622,2999,3083,48
cpld_dcp_gefs_intel,hercules,intel,974.8260869565217,191.35380893318197,791,1710,620829.8260869565,1266219.1014017598,3151,3169020,46
cpld_dcp_gefs_intel,orion,intel,1311.0869565217392,227.12960823547,1179,2399,69762.34782608696,452293.03657244245,3043,3070676,46
cpld_dcp_gefs_intel,ursa,intel,1946.857142857143,34.14979258111728,1869,2015,73877.28571428571,492902.47941973776,3427,3453780,49
