test_name,machine,compiler,core_mean,core_std,core_min,core_max,mem_mean,mem_std,mem_min,mem_max,n_hashes
cpld_control_nowave_noaero_p8_gnu,derecho,gnu,535.4285714285714,3.1547394428670223,531,539,1637.5714285714287,8.01783725737275,1628,1652,7
cpld_control_nowave_noaero_p8_gnu,hera,gnu,596.5,25.88764594871381,584,769,1635.0208333333333,8.657771280537498,1616,1654,48
cpld_control_nowave_noaero_p8_gnu,hercules,gnu,528.9130434782609,99.86297858943334,484,1153,143218.41304347827,463879.63447364594,1598,1632664,46
cpld_control_nowave_noaero_p8_gnu,ursa,gnu,447.734693877551,178.0857442720365,404,1646,32941.38775510204,219724.5478446457,1524,1539624,49
