test_name,machine,compiler,core_mean,core_std,core_min,core_max,mem_mean,mem_std,mem_min,mem_max,n_hashes
cpld_control_ciceC_p8_intel,acorn,intel,495.64444444444445,14.909050874545903,454,540,3114.5555555555557,525.352027240071,1993,3359,45
cpld_control_ciceC_p8_intel,derecho,intel,494.8333333333333,17.51085609845542,464,543,1998.3333333333333,27.243855128751907,1947,2025,42
cpld_control_ciceC_p8_intel,gaeac6,intel,307.0625,11.66811667787526,289,348,138003.20833333334,914090.1602125018,2041,6339064,48
cpld_control_ciceC_p8_intel,hera,intel,682.3888888888889,16.85627440830579,661,715,2278.0555555555557,12.52513812168645,2240,2292,18
cpld_control_ciceC_p8_intel,hercules,intel,510.8541666666667,36.265562812388424,458,608,47791.1875,315574.1764882557,2178,2188604,48
cpld_control_ciceC_p8_intel,orion,intel,995.3617021276596,60.01283396506149,944,1331,47084.36170212766,307903.49168526,2097,2113052,47
cpld_control_ciceC_p8_intel,ursa,intel,411.86,23.378875865505048,377,488,2448.26,89.41369342236415,2263,2526,50
cpld_control_ciceC_p8_intel,wcoss2,intel,509.5416666666667,27.400852862432064,459,596,2513.7916666666665,705.3309758269467,1898,3379,48
