test_name,machine,compiler,core_mean,core_std,core_min,core_max,mem_mean,mem_std,mem_min,mem_max,n_hashes
cpld_control_gfsv17_iau_intel,acorn,intel,898.2553191489362,66.56525666595631,842,998,1946.0212765957447,7.115474140766595,1937,1967,47
cpld_control_gfsv17_iau_intel,derecho,intel,839.2307692307693,11.031423647576393,821,865,1889.076923076923,3.1480559731771645,1882,1892,13
cpld_control_gfsv17_iau_intel,gaeac6,intel,597.8260869565217,51.13828935036029,553,674,141152.45652173914,934264.2740888135,1913,6339876,46
cpld_control_gfsv17_iau_intel,hera,intel,1161.2173913043478,72.77390040193076,1081,1271,2265.9347826086955,13.423697410695713,2239,2307,46
cpld_control_gfsv17_iau_intel,hercules,intel,1035.0652173913043,80.9113100661357,951,1185,2332.6304347826085,9.168445150265518,2310,2356,46
cpld_control_gfsv17_iau_intel,orion,intel,1419.2608695652175,82.7645750259558,1277,1543,2139.108695652174,7.352182626402957,2121,2153,46
cpld_control_gfsv17_iau_intel,ursa,intel,672.8163265306123,92.71431781494783,597,825,2610.285714285714,22.50925735484552,2580,2660,49
cpld_control_gfsv17_iau_intel,wcoss2,intel,948.5531914893617,116.29886696345868,849,1423,1943.4893617021276,8.581761095297557,1927,1972,47
