test_name,machine,compiler,core_mean,core_std,core_min,core_max,mem_mean,mem_std,mem_min,mem_max,n_hashes
cpld_restart_c192_p8_intel,hera,intel,530.1333333333333,17.497532293544612,484,572,2816.822222222222,10.886373653018282,2789,2842,45
cpld_restart_c192_p8_intel,hercules,intel,367.3695652173913,78.11284108281421,313,762,2959.804347826087,9.871664421672216,2938,2977,46
cpld_restart_c192_p8_intel,orion,intel,539.5111111111111,32.948046032712426,487,618,2839.311111111111,17.853981249700105,2814,2871,45
cpld_restart_c192_p8_intel,ursa,intel,742.9795918367347,48.934262790297886,699,925,3479.204081632653,12.806215274618047,3446,3504,49
