test_name,machine,compiler,core_mean,core_std,core_min,core_max,mem_mean,mem_std,mem_min,mem_max,n_hashes
cpld_debug_gfsv17_intel,acorn,intel,1217.4782608695652,14.533851872148215,1200,1278,1939.891304347826,4.078279925380171,1935,1959,46
cpld_debug_gfsv17_intel,derecho,intel,1120.9130434782608,12.493318372336782,1092,1147,1871.695652173913,1.635814576308472,1868,1875,23
cpld_debug_gfsv17_intel,gaeac6,intel,768.5434782608696,6.924053153846725,756,789,142080.65217391305,933950.4147248744,1915,6338720,46
cpld_debug_gfsv17_intel,hera,intel,1296.057142857143,15.103452774590536,1263,1321,1929.6,10.192846395735542,1896,1943,35
cpld_debug_gfsv17_intel,hercules,intel,1100.7608695652175,39.10906958330124,1028,1183,1995.7608695652175,4.248841842765012,1988,2010,46
cpld_debug_gfsv17_intel,orion,intel,1358.5111111111112,28.936939448505328,1311,1398,1947.8222222222223,8.356513216127563,1922,1960,45
cpld_debug_gfsv17_intel,ursa,intel,804.2448979591836,13.787873011341214,790,873,2085.2244897959185,9.421308530229105,2048,2107,49
cpld_debug_gfsv17_intel,wcoss2,intel,1227.2391304347825,18.585758924042043,1201,1301,1922.2391304347825,35.97170788433531,1851,1947,46
