test_name,machine,compiler,core_mean,core_std,core_min,core_max,mem_mean,mem_std,mem_min,mem_max,n_hashes
cpld_control_p8_mixedmode_intel,acorn,intel,394.7659574468085,8.343736953306705,373,409,3326.191489361702,5.190452346344198,3319,3337,47
cpld_control_p8_mixedmode_intel,derecho,intel,389.9166666666667,8.479476113034055,374,403,1980.8333333333333,1.4034589305345182,1979,1983,12
cpld_control_p8_mixedmode_intel,gaeac6,intel,242.54347826086956,24.788623306077884,224,396,141074.04347826086,933998.0008376641,2007,6338032,46
cpld_control_p8_mixedmode_intel,hera,intel,689.1063829787234,22.89981397546729,656,748,2208.127659574468,7.146349086974044,2190,2223,47
cpld_control_p8_mixedmode_intel,hercules,intel,521.0,89.29377233479264,457,946,2158.8478260869565,6.225279614619234,2144,2170,46
cpld_control_p8_mixedmode_intel,orion,intel,981.1739130434783,33.340868713488085,926,1133,2104.304347826087,5.8608666982030355,2090,2121,46
cpld_control_p8_mixedmode_intel,ursa,intel,394.7551020408163,15.171973355836215,367,443,2187.5102040816328,18.15457064692371,2168,2249,49
cpld_control_p8_mixedmode_intel,wcoss2,intel,444.48936170212767,69.45967624094402,389,855,3344.340425531915,3.8463794141501766,3338,3350,47
