test_name,machine,compiler,core_mean,core_std,core_min,core_max,mem_mean,mem_std,mem_min,mem_max,n_hashes
cpld_debug_noaero_p8_intel,derecho,intel,350.7391304347826,8.012588909189606,331,363,425357.82608695654,821413.7134152898,1942,1951888,23
cpld_debug_noaero_p8_intel,gaeac6,intel,229.2127659574468,3.2633416469782697,225,240,168668.6170212766,552511.4275815854,1944,1965108,47
cpld_debug_noaero_p8_intel,hera,intel,400.5208333333333,25.627436746276384,386,528,2110.8958333333335,37.34043475076204,1982,2144,48
cpld_debug_noaero_p8_intel,hercules,intel,368.48979591836735,56.70799563295711,300,621,1060124.6326530613,1047420.9842059626,2068,2084584,49
cpld_debug_noaero_p8_intel,orion,intel,448.265306122449,31.95424822448239,400,536,125936.42857142857,490230.9804139525,2014,2031136,49
cpld_debug_noaero_p8_intel,ursa,intel,276.8292682926829,12.808010069921867,268,332,53768.80487804878,330751.33289037703,2079,2119956,41
