test_name,machine,compiler,core_mean,core_std,core_min,core_max,mem_mean,mem_std,mem_min,mem_max,n_hashes
cpld_restart_c48_5deg_intel,acorn,intel,83.1951219512195,4.981061695036118,73,92,2309.268292682927,6.473115132005187,2299,2322,41
cpld_restart_c48_5deg_intel,derecho,intel,76.48148148148148,15.067464618458212,57,100,427495.48148148146,908894.6354288466,2286,2305576,27
cpld_restart_c48_5deg_intel,gaeac6,intel,45.4,1.4464811413591585,43,50,231489.225,696358.4027847644,2269,2301088,40
cpld_restart_c48_5deg_intel,hera,intel,90.52380952380952,27.677796062722607,77,237,2508.5,27.92171110837446,2448,2544,42
cpld_restart_c48_5deg_intel,hercules,intel,90.76744186046511,38.58807933947522,59,221,1728162.511627907,1149456.6496020004,2466,2495924,43
cpld_restart_c48_5deg_intel,orion,intel,123.04761904761905,46.78281547172094,87,255,178063.09523809524,640780.2827117777,2448,2475044,42
cpld_restart_c48_5deg_intel,ursa,intel,187.89655172413794,378.8056743453775,51,1286,87228.24137931035,456470.3712435903,2448,2460632,29
cpld_restart_c48_5deg_intel,wcoss2,intel,120.65853658536585,48.67936408587193,85,393,2307.8536585365855,9.587911596405341,2286,2326,41
