test_name,machine,compiler,core_mean,core_std,core_min,core_max,mem_mean,mem_std,mem_min,mem_max,n_hashes
cpld_warmstart_c48_5deg_intel,acorn,intel,126.93617021276596,5.669921613288185,117,137,2896.8297872340427,4.00173412918732,2888,2904,47
cpld_warmstart_c48_5deg_intel,derecho,intel,99.5,1.08012344973464,98,102,2857.3,1.1595018087283875,2855,2859,10
cpld_warmstart_c48_5deg_intel,gaeac6,intel,76.45652173913044,2.1260973296329713,73,82,141480.3260869565,933832.1920808792,2859,6337344,46
cpld_warmstart_c48_5deg_intel,hera,intel,135.39583333333334,6.097573927507426,126,147,3076.5208333333335,6.539534707025926,3050,3088,48
cpld_warmstart_c48_5deg_intel,hercules,intel,129.52173913043478,35.547613847367394,95,221,135263.41304347827,627054.4046785228,3022,3049572,46
cpld_warmstart_c48_5deg_intel,orion,intel,170.95652173913044,30.283810505680446,139,227,69214.36956521739,448830.12623319397,3027,3047152,46
cpld_warmstart_c48_5deg_intel,ursa,intel,105.04081632653062,55.84911189374212,80,342,3018.530612244898,2.475732558391826,3013,3022,49
cpld_warmstart_c48_5deg_intel,wcoss2,intel,175.48936170212767,79.76947011624935,132,677,2894.191489361702,5.9550427949847995,2884,2903,47
