test_name,machine,compiler,core_mean,core_std,core_min,core_max,mem_mean,mem_std,mem_min,mem_max,n_hashes
cpld_2threads_p8_intel,acorn,intel,792.4375,267.9648203529868,440,1021,3506.125,70.82060795162872,3438,3599,48
cpld_2threads_p8_intel,derecho,intel,803.5882352941177,6.267364469815398,793,819,329754.9411764706,798401.2326188693,2218,2226692,34
cpld_2threads_p8_intel,gaeac6,intel,357.27659574468083,8.994447871155739,350,408,192055.5744680851,629122.7595565715,2215,2238272,47
cpld_2threads_p8_intel,hera,intel,615.7551020408164,66.62880089603543,542,770,2823.734693877551,583.5648627013042,2322,3581,49
cpld_2threads_p8_intel,hercules,intel,607.88,118.90137226512829,514,1316,1789492.1,1070064.315445214,2385,2435692,50
cpld_2threads_p8_intel,orion,intel,839.5510204081633,201.86846596489607,721,1912,144528.97959183675,562645.488671578,2297,2336576,49
cpld_2threads_p8_intel,ursa,intel,1023.7931034482758,118.57438271588511,919,1227,107641.4827586207,563365.6542396789,2997,3036844,29
cpld_2threads_p8_intel,wcoss2,intel,849.5625,256.92617585685093,462,1245,3524.2291666666665,84.85111857067655,3432,3624,48
