test_name,machine,compiler,core_mean,core_std,core_min,core_max,mem_mean,mem_std,mem_min,mem_max,n_hashes
cpld_2threads_p8_intel,acorn,intel,454.70212765957444,9.134061655757268,433,472,3573.68085106383,11.201914399622328,3559,3594,47
cpld_2threads_p8_intel,derecho,intel,919.2727272727273,43.39145286595255,869,999,2170.5454545454545,7.229988054812232,2160,2182,11
cpld_2threads_p8_intel,gaeac6,intel,359.0,19.63443686768507,341,474,141146.89130434784,934180.8725380332,2199,6339320,46
cpld_2threads_p8_intel,hera,intel,674.7291666666666,58.98024897797181,602,770,2338.8541666666665,17.091729471064564,2307,2387,48
cpld_2threads_p8_intel,hercules,intel,630.1739130434783,155.66663873630387,489,1540,54666.45652173913,354594.91329871083,2365,2407364,46
cpld_2threads_p8_intel,orion,intel,747.0869565217391,44.593385701347906,689,891,2297.195652173913,13.596763610371484,2278,2328,46
cpld_2threads_p8_intel,ursa,intel,886.6734693877551,72.36751911686102,724,983,2999.4285714285716,18.46618531261943,2965,3049,49
cpld_2threads_p8_intel,wcoss2,intel,510.40425531914894,86.45347066598463,451,1005,3611.404255319149,8.512547195727178,3599,3625,47
