test_name,machine,compiler,core_mean,core_std,core_min,core_max,mem_mean,mem_std,mem_min,mem_max,n_hashes
cpld_warmstart_c24_9deg_intel,acorn,intel,55.083333333333336,5.342854975645526,45,70,2111.3541666666665,2.7404735057031937,2107,2118,48
cpld_warmstart_c24_9deg_intel,derecho,intel,34.63636363636363,11.783655861172518,29,70,957331.0,1097472.789688382,2102,2106272,11
cpld_warmstart_c24_9deg_intel,gaeac6,intel,25.404255319148938,2.747802081886738,23,41,226146.46808510637,1006058.1639570792,2078,6337340,47
cpld_warmstart_c24_9deg_intel,hera,intel,42.520833333333336,2.0420013475867482,35,49,2258.125,5.495162282466088,2242,2267,48
cpld_warmstart_c24_9deg_intel,hercules,intel,57.5,35.42928227544543,29,163,608885.3541666666,1005935.5788656264,2224,2247400,48
cpld_warmstart_c24_9deg_intel,orion,intel,70.14583333333333,39.1945445527185,44,254,95534.0,452164.9589632226,2224,2243888,48
cpld_warmstart_c24_9deg_intel,ursa,intel,59.755102040816325,162.9182477262043,30,1173,47233.142857142855,315164.33333771816,2206,2208360,49
cpld_warmstart_c24_9deg_intel,wcoss2,intel,99.72916666666667,47.88183130900014,60,350,2109.7916666666665,1.398454060334092,2107,2113,48
