test_name,machine,compiler,core_mean,core_std,core_min,core_max,mem_mean,mem_std,mem_min,mem_max,n_hashes
cpld_restart_c48_5deg_intel,acorn,intel,81.1063829787234,6.663443562528936,68,97,2302.936170212766,6.431594079633885,2292,2315,47
cpld_restart_c48_5deg_intel,derecho,intel,60.916666666666664,1.442120017518493,59,64,2266.5833333333335,4.490731195102427,2253,2270,24
cpld_restart_c48_5deg_intel,gaeac6,intel,46.61702127659574,4.157513844727722,43,70,139310.914893617,923732.0664277396,2261,6337344,47
cpld_restart_c48_5deg_intel,hera,intel,79.97142857142858,4.032848316787833,77,95,2514.342857142857,7.5535066151341255,2498,2530,35
cpld_restart_c48_5deg_intel,hercules,intel,66.29787234042553,18.139453629681043,57,122,2475.808510638298,5.885273802770713,2459,2485,47
cpld_restart_c48_5deg_intel,orion,intel,94.28260869565217,25.509617396388858,83,220,2475.913043478261,6.493846957634539,2458,2491,46
cpld_restart_c48_5deg_intel,ursa,intel,203.57142857142858,360.19057455741404,49,1291,2458.1632653061224,8.668301781912742,2430,2475,49
cpld_restart_c48_5deg_intel,wcoss2,intel,108.0,25.694695781509996,84,240,2307.744680851064,5.118033271662277,2296,2314,47
