test_name,machine,compiler,core_mean,core_std,core_min,core_max,mem_mean,mem_std,mem_min,mem_max,n_hashes
cpld_debug_pdlib_p8_intel,acorn,intel,1459.6382978723404,44.31773888239874,1422,1593,1968.3191489361702,3.9348298840567764,1960,1979,47
cpld_debug_pdlib_p8_intel,derecho,intel,1376.6296296296296,14.933566084877192,1344,1402,362607.0,770935.8117449508,1939,1954012,27
cpld_debug_pdlib_p8_intel,gaeac6,intel,971.7608695652174,9.88193589358032,960,1005,172053.73913043478,557267.3042055784,1940,1962676,46
cpld_debug_pdlib_p8_intel,hera,intel,1610.3541666666667,100.98946428793023,1420,1791,1983.0416666666667,14.120994379628637,1930,2025,48
cpld_debug_pdlib_p8_intel,hercules,intel,1368.734693877551,36.922653113301195,1291,1471,1225565.224489796,1026603.444599558,2052,2079692,49
cpld_debug_pdlib_p8_intel,orion,intel,1737.6666666666667,67.65693602955878,1667,2033,127385.375,490733.724238084,1987,2012516,48
cpld_debug_pdlib_p8_intel,ursa,intel,1164.8333333333333,15.30732784369258,1137,1211,61971.88888888889,358717.04775409796,2160,2154488,36
cpld_debug_pdlib_p8_intel,wcoss2,intel,1485.3191489361702,36.558533401619584,1435,1624,1961.1489361702127,6.007165009582889,1950,1970,47
