test_name,machine,compiler,core_mean,core_std,core_min,core_max,mem_mean,mem_std,mem_min,mem_max,n_hashes
cpld_control_pdlib_p8_intel,acorn,intel,872.9166666666666,53.06432601131822,784,918,1925.9791666666667,3.97593603770045,1916,1932,48
cpld_control_pdlib_p8_intel,derecho,intel,819.0,6.082762530298239,810,828,641424.1333333333,936141.1145952048,1913,1926004,15
cpld_control_pdlib_p8_intel,gaeac6,intel,581.468085106383,39.98415504858295,516,617,166110.36170212767,544127.724379457,1912,1932176,47
cpld_control_pdlib_p8_intel,hera,intel,1005.1875,60.734390779888784,893,1142,2129.8541666666665,7.51166350767146,2106,2142,48
cpld_control_pdlib_p8_intel,hercules,intel,877.8541666666666,70.41397032061226,745,1081,743549.8541666666,1011846.513872681,2083,2104288,48
cpld_control_pdlib_p8_intel,orion,intel,1149.2083333333333,146.46268253683778,1045,1940,86788.58333333333,410797.8965245217,2008,2036512,48
cpld_control_pdlib_p8_intel,ursa,intel,616.6122448979592,75.91382623478702,485,692,46138.183673469386,307787.9317101356,2150,2156684,49
cpld_control_pdlib_p8_intel,wcoss2,intel,950.9166666666666,111.10869382713325,812,1303,1923.7083333333333,5.445897668744762,1911,1930,48
