test_name,machine,compiler,core_mean,core_std,core_min,core_max,mem_mean,mem_std,mem_min,mem_max,n_hashes
cpld_decomp_p8_intel,acorn,intel,486.4255319148936,10.375021594217563,467,507,3354.0425531914893,6.527391938087349,3343,3364,47
cpld_decomp_p8_intel,derecho,intel,461.1,29.897788844290442,413,492,2028.6,18.29511167255094,2013,2053,10
cpld_decomp_p8_intel,gaeac6,intel,297.32608695652175,9.913076319972696,285,342,140572.52173913043,934309.2117406132,2034,6339600,46
cpld_decomp_p8_intel,hera,intel,705.1458333333334,40.11366275617713,653,839,2259.8333333333335,14.730679135783861,2216,2282,48
cpld_decomp_p8_intel,hercules,intel,557.3913043478261,75.39863784825279,477,849,245932.26086956522,705527.4714518031,2231,2246832,46
cpld_decomp_p8_intel,orion,intel,988.5869565217391,34.880479155065466,928,1073,49721.97826086957,322469.04744951805,2168,2189268,46
cpld_decomp_p8_intel,ursa,intel,411.0408163265306,17.023218437956924,382,450,53093.4081632653,354455.2951682176,2424,2483644,49
cpld_decomp_p8_intel,wcoss2,intel,545.8510638297872,71.75137590663915,484,852,3368.3617021276596,4.598797252566516,3359,3374,47
