test_name,machine,compiler,core_mean,core_std,core_min,core_max,mem_mean,mem_std,mem_min,mem_max,n_hashes
cpld_control_sfs_intel,acorn,intel,763.4130434782609,92.43053273481928,683,944,2107.304347826087,135.63642079966235,1901,2199,46
cpld_control_sfs_intel,derecho,intel,649.9444444444445,20.538263350096315,629,715,2158.9444444444443,5.785094663135426,2150,2169,18
cpld_control_sfs_intel,gaeac6,intel,479.26666666666665,73.65256275242564,425,623,144768.86666666667,944347.2678491786,1895,6338852,45
cpld_control_sfs_intel,hera,intel,845.25,229.77734484741572,663,1261,2159.275,75.16374859308239,2039,2237,40
cpld_control_sfs_intel,hercules,intel,736.804347826087,254.06872382314353,540,1772,2211.0652173913045,146.12573005979186,1985,2312,46
cpld_control_sfs_intel,orion,intel,941.2,231.80807108075817,743,1422,2143.0,127.05134967620512,1949,2240,45
cpld_control_sfs_intel,ursa,intel,570.5918367346939,110.05356997983357,495,789,2274.408163265306,180.20115130590236,1995,2412,49
cpld_control_sfs_intel,wcoss2,intel,804.5,134.0662771418177,696,1186,2098.782608695652,135.00714599086635,1895,2204,46
