test_name,machine,compiler,core_mean,core_std,core_min,core_max,mem_mean,mem_std,mem_min,mem_max,n_hashes
cpld_restart_gfsv17_iau_intel,acorn,intel,388.73333333333335,7.964124102955249,373,413,1933.111111111111,2.00252366030994,1928,1936,45
cpld_restart_gfsv17_iau_intel,derecho,intel,407.84090909090907,15.840694108908497,386,454,1883.909090909091,5.757980031057375,1865,1892,44
cpld_restart_gfsv17_iau_intel,gaeac6,intel,256.5208333333333,2.8056901402543653,252,266,138284.64583333334,914148.3134036534,6338,6339744,48
cpld_restart_gfsv17_iau_intel,hera,intel,481.6666666666667,17.136705245369267,467,537,2204.266666666667,9.18435522790681,2183,2217,15
cpld_restart_gfsv17_iau_intel,hercules,intel,443.74468085106383,30.5972917848924,419,549,49282.1914893617,322703.08541623555,2189,2214552,47
cpld_restart_gfsv17_iau_intel,orion,intel,657.195652173913,37.066078871369065,630,774,47317.86956521739,306785.90544037626,2068,2082808,46
cpld_restart_gfsv17_iau_intel,ursa,intel,278.34,10.892067887097616,236,322,2352.24,23.06119631567724,2319,2473,50
cpld_restart_gfsv17_iau_intel,wcoss2,intel,410.5208333333333,13.23758283414234,396,476,1870.125,44.03752026953088,1822,1935,48
