test_name,machine,compiler,core_mean,core_std,core_min,core_max,mem_mean,mem_std,mem_min,mem_max,n_hashes
cpld_mpi_pdlib_p8_intel,acorn,intel,1001.9166666666666,65.45741943328687,907,1071,1893.1458333333333,3.364328413481476,1885,1899,48
cpld_mpi_pdlib_p8_intel,derecho,intel,928.5454545454545,6.817090821804219,916,935,855635.8181818182,980885.0489893114,1882,1883072,11
cpld_mpi_pdlib_p8_intel,gaeac6,intel,674.0,51.942694175994276,594,789,218176.87234042553,992094.9905221345,1889,6339744,47
cpld_mpi_pdlib_p8_intel,hera,intel,1157.8541666666667,72.06143643147402,1048,1265,1938.2708333333333,8.139056308236977,1901,1952,48
cpld_mpi_pdlib_p8_intel,hercules,intel,924.5833333333334,85.40537462118175,791,1071,543716.3958333334,898274.9576550847,1984,2013728,48
cpld_mpi_pdlib_p8_intel,orion,intel,1325.9791666666667,145.02406103864914,1204,2096,82654.08333333333,391203.8128018646,1916,1942884,48
cpld_mpi_pdlib_p8_intel,ursa,intel,850.0816326530612,110.77808837466716,695,964,45493.02040816326,303733.35135323944,2081,2128236,49
cpld_mpi_pdlib_p8_intel,wcoss2,intel,1091.4583333333333,141.50241834386836,931,1468,1892.5625,2.517227874113254,1885,1897,48
