test_name,machine,compiler,core_mean,core_std,core_min,core_max,mem_mean,mem_std,mem_min,mem_max,n_hashes
cpld_mpi_p8_intel,acorn,intel,406.375,7.700856542577696,391,425,3284.2083333333335,46.718695666967676,3171,3310,48
cpld_mpi_p8_intel,derecho,intel,375.375,8.476437931112327,365,397,629669.5,961512.89049123,2002,2029944,16
cpld_mpi_p8_intel,gaeac6,intel,241.14893617021278,4.159738303872825,233,255,173566.63829787233,568583.5971352668,1990,2020592,47
cpld_mpi_p8_intel,hera,intel,699.4583333333334,37.9422620336077,646,798,2056.3958333333335,10.130509183257077,2019,2071,48
cpld_mpi_p8_intel,hercules,intel,490.25,101.35643866856445,391,946,756619.9791666666,1029637.608926341,2118,2143552,48
cpld_mpi_p8_intel,orion,intel,863.2708333333334,112.34611027048426,787,1586,88328.85416666667,418078.4123288912,2052,2074172,48
cpld_mpi_p8_intel,ursa,intel,704.2244897959183,18.638295373283665,635,762,49952.795918367345,333471.1343381775,2275,2336612,49
cpld_mpi_p8_intel,wcoss2,intel,470.7708333333333,95.9832076588518,404,1002,3309.0,47.10197177062651,3193,3335,48
