test_name,machine,compiler,core_mean,core_std,core_min,core_max,mem_mean,mem_std,mem_min,mem_max,n_hashes
cpld_control_pdlib_p8_intel,acorn,intel,875.25,51.60343877705268,784,918,1926.1458333333333,3.886636041143122,1916,1932,48
cpld_control_pdlib_p8_intel,derecho,intel,818.1875,6.71534312848819,806,828,601455.0,918420.7532047607,1913,1926004,16
cpld_control_pdlib_p8_intel,gaeac6,intel,583.2553191489362,39.13658806589306,516,617,166110.78723404257,544127.5931853602,1912,1932176,47
cpld_control_pdlib_p8_intel,hera,intel,1010.25,62.47842180696765,893,1150,2130.1875,7.555908636236231,2106,2142,48
cpld_control_pdlib_p8_intel,hercules,intel,879.375,68.78230382263264,745,1081,743550.0416666666,1011846.3735535586,2083,2104288,48
cpld_control_pdlib_p8_intel,orion,intel,1147.25,146.58865591359103,1045,1940,86788.95833333333,410797.81750093336,2008,2036512,48
cpld_control_pdlib_p8_intel,ursa,intel,620.9591836734694,74.59975401648269,485,703,46138.57142857143,307787.8751507143,2151,2156684,49
cpld_control_pdlib_p8_intel,wcoss2,intel,952.8958333333334,109.61775744936102,812,1303,1924.0833333333333,5.164664448465878,1912,1930,48
