test_name,machine,compiler,core_mean,core_std,core_min,core_max,mem_mean,mem_std,mem_min,mem_max,n_hashes
cpld_control_ciceC_p8_intel,acorn,intel,498.39130434782606,8.434000661000601,474,513,3356.521739130435,1.8587825219122303,3354,3361,46
cpld_control_ciceC_p8_intel,derecho,intel,498.46666666666664,12.26639180101842,479,531,2013.2666666666667,3.279332704759534,2006,2025,30
cpld_control_ciceC_p8_intel,gaeac6,intel,306.6595744680851,7.6393620145205094,292,348,139800.46808510637,923915.3577543695,2037,6339064,47
cpld_control_ciceC_p8_intel,hera,intel,684.3103448275862,19.6870215556846,660,745,2279.2413793103447,10.982632953940774,2240,2292,29
cpld_control_ciceC_p8_intel,hercules,intel,517.9148936170212,35.151739265049194,476,608,2255.468085106383,6.3343475825807865,2240,2273,47
cpld_control_ciceC_p8_intel,orion,intel,988.0434782608696,29.236169776296062,953,1056,2187.586956521739,7.784817380164581,2164,2199,46
cpld_control_ciceC_p8_intel,ursa,intel,411.44897959183675,19.71680884474996,388,488,2492.816326530612,18.926033073287073,2452,2526,49
cpld_control_ciceC_p8_intel,wcoss2,intel,521.468085106383,19.424156927404205,483,596,2868.468085106383,680.4410925870338,1962,3381,47
