test_name,machine,compiler,core_mean,core_std,core_min,core_max,mem_mean,mem_std,mem_min,mem_max,n_hashes
cpld_debug_noaero_p8_intel,derecho,intel,370.5,12.0761472884912,346,383,1914.9,25.877703830818437,1898,1954,10
cpld_debug_noaero_p8_intel,gaeac6,intel,233.52173913043478,10.155981555352339,225,290,140571.47826086957,934216.7392592634,1937,6338984,46
cpld_debug_noaero_p8_intel,hera,intel,395.0833333333333,5.294852310773907,387,406,2120.5625,15.464312037996107,2063,2139,48
cpld_debug_noaero_p8_intel,hercules,intel,360.4347826086956,53.16124410128243,309,621,182754.02173913043,591941.1241543646,2060,2082988,46
cpld_debug_noaero_p8_intel,orion,intel,438.7608695652174,28.75272723884637,402,490,46135.913043478264,299176.1246827936,2012,2031136,46
cpld_debug_noaero_p8_intel,ursa,intel,275.83673469387753,6.2394809438750345,268,293,45337.102040816324,302548.5894782195,2098,2119956,49
