test_name,machine,compiler,core_mean,core_std,core_min,core_max,mem_mean,mem_std,mem_min,mem_max,n_hashes
cpld_s2sa_p8_intel,acorn,intel,502.8888888888889,5.208661894398467,492,512,3339.6111111111113,8.797005262434366,3325,3349,36
cpld_s2sa_p8_intel,derecho,intel,507.8695652173913,14.860883210710321,482,552,1997.4347826086957,2.3707706257002985,1992,2001,23
cpld_s2sa_p8_intel,gaeac6,intel,315.94444444444446,7.9496430987073134,309,355,181018.55555555556,1055697.0118474998,1886,6339240,36
cpld_s2sa_p8_intel,hera,intel,429.6,21.9127055989594,419,532,2254.8,12.203141671990032,2237,2277,25
cpld_s2sa_p8_intel,hercules,intel,444.75,44.70754170958503,398,551,2239.6388888888887,9.002072071878741,2220,2252,36
cpld_s2sa_p8_intel,orion,intel,482.74285714285713,28.033953003606232,453,543,2163.9714285714285,12.313277659611742,2138,2181,35
cpld_s2sa_p8_intel,ursa,intel,416.1842105263158,282.7369950901423,328,1763,3131.2368421052633,28.782909916679543,3080,3183,38
cpld_s2sa_p8_intel,wcoss2,intel,528.0555555555555,29.93511501750263,504,681,2954.3611111111113,625.20730974512,1950,3346,36
