test_name,machine,compiler,core_mean,core_std,core_min,core_max,mem_mean,mem_std,mem_min,mem_max,n_hashes
cpld_control_noaero_p8_intel,acorn,intel,274.55555555555554,5.617433182117576,262,281,1915.9444444444443,1.1617543641468986,1914,1918,18
cpld_control_noaero_p8_intel,derecho,intel,289.8333333333333,11.673247443721603,280,320,1871.4444444444443,1.2472191289246515,1869,1874,18
cpld_control_noaero_p8_intel,gaeac6,intel,174.22222222222223,7.719764973224903,169,201,6338.777777777777,0.7320844981410665,6338,6340,18
cpld_control_noaero_p8_intel,hera,intel,665.6666666666666,20.076520282824568,638,691,2103.8333333333335,4.262237284181474,2099,2110,6
cpld_control_noaero_p8_intel,hercules,intel,452.5263157894737,12.103114480040206,438,497,2045.2105263157894,5.17020252524471,2035,2053,19
cpld_control_noaero_p8_intel,orion,intel,953.2777777777778,34.230714717419495,916,1055,1991.388888888889,4.6543956313156984,1986,2001,18
cpld_control_noaero_p8_intel,ursa,intel,391.7894736842105,11.998050523908837,373,413,2087.4736842105262,12.518290711562027,2068,2105,19
cpld_control_noaero_p8_intel,wcoss2,intel,289.72222222222223,4.57365287856378,282,296,1865.5,49.428796084397376,1820,1924,18
