test_name,machine,compiler,core_mean,core_std,core_min,core_max,mem_mean,mem_std,mem_min,mem_max,n_hashes
cpld_control_ciceC_p8_intel,acorn,intel,491.5,9.25984237722565,469,512,3339.1875,53.021736309522986,3227,3372,48
cpld_control_ciceC_p8_intel,derecho,intel,464.88235294117646,6.263808275933029,454,480,608074.8235294118,967736.0317901284,2056,2073884,17
cpld_control_ciceC_p8_intel,gaeac6,intel,300.29787234042556,4.247325980349142,291,317,177679.93617021278,582034.076215937,2037,2071972,47
cpld_control_ciceC_p8_intel,hera,intel,721.625,48.47926733875139,660,844,2279.0,16.071648090361634,2216,2298,48
cpld_control_ciceC_p8_intel,hercules,intel,578.2083333333334,116.42675687449196,486,1090,848969.7708333334,1104665.6145403832,2248,2269080,48
cpld_control_ciceC_p8_intel,orion,intel,1009.3125,90.19486144961304,933,1548,93373.35416666667,441935.3154564537,2169,2192604,48
cpld_control_ciceC_p8_intel,ursa,intel,420.3958333333333,15.403425404253374,393,471,54103.9375,357590.227752941,2444,2479948,48
cpld_control_ciceC_p8_intel,wcoss2,intel,559.7291666666666,133.8838397098806,483,1395,3351.3541666666665,56.79057817546463,3208,3384,48
