test_name,machine,compiler,core_mean,core_std,core_min,core_max,mem_mean,mem_std,mem_min,mem_max,n_hashes
cpld_warmstart_c48_5deg_intel,acorn,intel,128.7391304347826,6.176783710381234,112,140,2898.695652173913,4.703991521238602,2888,2906,46
cpld_warmstart_c48_5deg_intel,derecho,intel,100.13333333333334,1.676065452868367,98,105,2857.9333333333334,1.0148325268098703,2855,2859,30
cpld_warmstart_c48_5deg_intel,gaeac6,intel,76.12765957446808,3.0116947509492773,73,94,140005.36170212767,923627.7551380098,2859,6337344,47
cpld_warmstart_c48_5deg_intel,hera,intel,130.75862068965517,1.9576803404210135,126,135,3075.2758620689656,4.9345469594058535,3067,3085,29
cpld_warmstart_c48_5deg_intel,hercules,intel,113.97872340425532,32.40403179537609,95,259,3035.0425531914893,4.143918785970521,3022,3044,47
cpld_warmstart_c48_5deg_intel,orion,intel,167.1304347826087,35.21149351223715,140,256,3035.8695652173915,5.3814855266394,3027,3050,46
cpld_warmstart_c48_5deg_intel,ursa,intel,136.28571428571428,177.52182964356805,79,1257,3018.714285714286,2.524876234590636,3013,3022,49
cpld_warmstart_c48_5deg_intel,wcoss2,intel,146.12765957446808,16.072684120523025,129,191,2898.255319148936,6.847621247101342,2884,2904,47
