test_name,machine,compiler,core_mean,core_std,core_min,core_max,mem_mean,mem_std,mem_min,mem_max,n_hashes
cpld_restart_c192_p8_intel,derecho,intel,320.2,9.908470001860914,312,344,1330457.2,1399629.2471501795,2651,2662888,10
cpld_restart_c192_p8_intel,hera,intel,534.125,17.03016722597524,484,572,2818.3541666666665,10.67805381768298,2789,2842,48
cpld_restart_c192_p8_intel,hercules,intel,393.69565217391306,117.71092077443457,313,812,711698.9130434783,1278190.0334820473,2938,2974652,46
cpld_restart_c192_p8_intel,orion,intel,563.8695652173913,97.73492693008465,487,1148,126336.82608695653,585641.9912437331,2814,2857392,46
cpld_restart_c192_p8_intel,ursa,intel,736.8367346938776,20.229255772658657,707,803,74452.48979591837,496783.5120203737,3461,3480968,49
