test_name,machine,compiler,core_mean,core_std,core_min,core_max,mem_mean,mem_std,mem_min,mem_max,n_hashes
cpld_debug_gfsv17_intel,acorn,intel,1220.7045454545455,13.541631837110307,1197,1259,1936.7045454545455,5.065062939320917,1929,1959,44
cpld_debug_gfsv17_intel,derecho,intel,1123.6444444444444,12.295889105261518,1092,1159,1871.0,2.522624895547499,1862,1875,45
cpld_debug_gfsv17_intel,gaeac6,intel,771.9791666666666,7.018181807742305,757,802,6338.6875,0.7192268307304142,6338,6340,48
cpld_debug_gfsv17_intel,hera,intel,1297.1666666666667,16.645137610143284,1273,1321,1929.6666666666667,5.382350506024016,1918,1937,12
cpld_debug_gfsv17_intel,hercules,intel,1101.659574468085,56.269258189586,1023,1350,44393.85106382979,290671.13320540125,1987,1994736,47
cpld_debug_gfsv17_intel,orion,intel,1362.3260869565217,30.64495923590126,1303,1412,44207.97826086957,286638.14893442753,1922,1946020,46
cpld_debug_gfsv17_intel,ursa,intel,802.64,14.841695265950841,790,882,2085.08,8.243339921489428,2064,2109,50
cpld_debug_gfsv17_intel,wcoss2,intel,1247.6041666666667,297.33244804952005,567,3158,1877.875,38.0669203578635,1848,1941,48
