test_name,machine,compiler,core_mean,core_std,core_min,core_max,mem_mean,mem_std,mem_min,mem_max,n_hashes
cpld_control_p8_gnu,derecho,gnu,580.0714285714286,9.110132023988776,565,596,1657.9285714285713,8.748312239110312,1643,1670,14
cpld_control_p8_gnu,hera,gnu,677.5681818181819,35.520316968568416,653,805,1682.4545454545455,9.419066624016027,1668,1703,44
cpld_control_p8_gnu,hercules,gnu,622.6086956521739,32.86638151388778,585,764,1717.391304347826,9.377225983720203,1702,1735,46
cpld_control_p8_gnu,ursa,gnu,462.51020408163265,7.202784325579682,452,493,1597.3265306122448,10.64265739665554,1562,1625,49
