test_name,machine,compiler,core_mean,core_std,core_min,core_max,mem_mean,mem_std,mem_min,mem_max,n_hashes
cpld_control_gefs_intel,acorn,intel,999.8478260869565,30.741190168027835,938,1038,4109.695652173913,7.302570522212805,4099,4126,46
cpld_control_gefs_intel,hera,intel,984.5555555555555,74.33234813859967,893,1188,3038.733333333333,14.441732457140875,2998,3067,45
cpld_control_gefs_intel,hercules,intel,987.8260869565217,146.1774118966137,850,1704,3116.3478260869565,10.509714852468383,3089,3140,46
cpld_control_gefs_intel,orion,intel,1194.3555555555556,32.77412751460266,1137,1276,3056.5777777777776,8.539983204393208,3038,3074,45
cpld_control_gefs_intel,ursa,intel,1247.7551020408164,65.28544076216536,1164,1514,3251.0204081632655,13.267268300719383,3204,3276,49
cpld_control_gefs_intel,wcoss2,intel,1126.2173913043478,180.13549382413703,959,1765,4107.847826086957,6.9824140725249855,4093,4121,46
