test_name,machine,compiler,core_mean,core_std,core_min,core_max,mem_mean,mem_std,mem_min,mem_max,n_hashes
cpld_control_noaero_p8_intel,acorn,intel,286.6666666666667,8.740547072155557,270,307,1925.1875,4.103222656670236,1914,1932,48
cpld_control_noaero_p8_intel,derecho,intel,285.25,8.14452781524707,270,305,599564.6875,915533.2195261746,1905,1917516,16
cpld_control_noaero_p8_intel,gaeac6,intel,177.0212765957447,5.976364176458617,165,190,165779.46808510637,543023.1157603919,1917,1931280,47
cpld_control_noaero_p8_intel,hera,intel,695.2291666666666,41.32602064401436,643,818,2105.0833333333335,8.504900548115325,2076,2120,48
cpld_control_noaero_p8_intel,hercules,intel,492.8333333333333,33.323899374226116,449,566,727125.3958333334,989495.7573791136,2036,2058720,48
cpld_control_noaero_p8_intel,orion,intel,964.7291666666666,117.64492910436738,905,1729,85379.20833333333,404106.0817138036,1990,2007956,48
cpld_control_noaero_p8_intel,ursa,intel,390.6734693877551,13.692132404995158,361,422,44457.73469387755,296596.7472945362,2070,2078264,49
cpld_control_noaero_p8_intel,wcoss2,intel,334.9791666666667,73.51870208822778,285,762,1922.7291666666667,5.866383072610445,1907,1930,48
