test_name,machine,compiler,core_mean,core_std,core_min,core_max,mem_mean,mem_std,mem_min,mem_max,n_hashes
cpld_control_gefs_intel,acorn,intel,1013.4042553191489,31.468175486594966,938,1132,4100.765957446809,10.833147131870831,4075,4118,47
cpld_control_gefs_intel,hera,intel,973.2424242424242,77.55805499069324,893,1188,3037.030303030303,14.107810001212217,2998,3059,33
cpld_control_gefs_intel,hercules,intel,972.3404255319149,84.89898770220088,850,1149,3106.9574468085107,13.308966325145239,3079,3133,47
cpld_control_gefs_intel,orion,intel,1194.0652173913043,30.25991273683012,1132,1276,3048.891304347826,12.444058396358484,3001,3074,46
cpld_control_gefs_intel,ursa,intel,1230.6530612244899,50.08931648415995,1158,1420,3237.0,27.140836390944433,3180,3274,49
cpld_control_gefs_intel,wcoss2,intel,1079.0212765957447,144.7625476068974,959,1765,3764.8936170212764,558.1009817478703,2857,4119,47
