test_name,machine,compiler,core_mean,core_std,core_min,core_max,mem_mean,mem_std,mem_min,mem_max,n_hashes
cpld_restart_gfsv17_iau_intel,acorn,intel,424.175,30.160160085952054,384,460,1931.7,2.6525266136078187,1923,1940,40
cpld_restart_gfsv17_iau_intel,derecho,intel,416.75,3.2015621187164243,414,420,1923.0,5.033222956847159,1918,1930,4
cpld_restart_gfsv17_iau_intel,gaeac6,intel,307.71794871794873,110.3313069846663,246,676,164550.97435897434,1014844.1423248586,1909,6339744,39
cpld_restart_gfsv17_iau_intel,hera,intel,514.625,33.500621884774986,468,574,2211.275,9.204200546071775,2182,2230,40
cpld_restart_gfsv17_iau_intel,hercules,intel,497.225,93.15178886758304,421,1002,278669.05,740750.161823427,2189,2217272,40
cpld_restart_gfsv17_iau_intel,orion,intel,609.775,32.1003933996183,557,665,54321.375,330338.7612082472,2065,2091336,40
cpld_restart_gfsv17_iau_intel,ursa,intel,327.4634146341463,45.96362559730007,270,395,59552.21951219512,366258.67152277177,2321,2347552,41
cpld_restart_gfsv17_iau_intel,wcoss2,intel,464.375,47.92766317520494,397,574,1927.975,5.1165267666499386,1915,1938,40
