test_name,machine,compiler,core_mean,core_std,core_min,core_max,mem_mean,mem_std,mem_min,mem_max,n_hashes
cpld_debug_p8_gnu,derecho,gnu,418.0,3.74165738677394,415,424,1665.8,12.794530081249574,1651,1678,5
cpld_debug_p8_gnu,hera,gnu,414.8125,5.2090602329631706,403,428,1687.7916666666667,7.411774225050334,1664,1704,48
cpld_debug_p8_gnu,hercules,gnu,384.19565217391306,71.02444635951997,319,784,227401.0,589148.3062602979,1688,1741636,46
cpld_debug_p8_gnu,ursa,gnu,287.44897959183675,11.241777040148408,278,350,34479.69387755102,230106.96160564877,1581,1612356,49
