test_name,machine,compiler,core_mean,core_std,core_min,core_max,mem_mean,mem_std,mem_min,mem_max,n_hashes
cpld_control_p8_lnd_intel,acorn,intel,502.6808510638298,9.327626994412931,484,522,3362.936170212766,4.747558893648017,3356,3369,47
cpld_control_p8_lnd_intel,derecho,intel,468.2,5.76194411635518,462,476,2064.0,5.830951894845256,2060,2074,5
cpld_control_p8_lnd_intel,gaeac6,intel,307.3478260869565,21.873593812636113,294,448,140478.28260869565,934259.9626034542,2043,6339180,46
cpld_control_p8_lnd_intel,hera,intel,758.4583333333334,50.18686711885562,703,929,2114.9583333333335,14.64757380728002,2057,2133,48
cpld_control_p8_lnd_intel,hercules,intel,554.2826086956521,45.293935352430395,491,662,292760.6956521739,758456.7489372635,2211,2240788,46
cpld_control_p8_lnd_intel,orion,intel,1067.7391304347825,82.59417111061326,996,1540,48895.67391304348,317048.3537844419,2137,2152476,46
cpld_control_p8_lnd_intel,ursa,intel,446.16326530612247,15.6901600517324,420,495,53940.04081632653,359956.3281872399,2477,2522212,49
