test_name,machine,compiler,core_mean,core_std,core_min,core_max,mem_mean,mem_std,mem_min,mem_max,n_hashes
cpld_dcp_gefs_intel,gaeac6,intel,592.6666666666666,17.78576209593879,580,613,3087.6666666666665,6.110100926607725,3081,3093,3
cpld_dcp_gefs_intel,hera,intel,975.2448979591836,58.013120144011694,879,1185,3141.6938775510203,325.0534702220567,3020,4410,49
cpld_dcp_gefs_intel,hercules,intel,979.1836734693877,184.4607764843911,791,1710,1289580.142857143,1565123.054985321,3141,3172352,49
cpld_dcp_gefs_intel,orion,intel,1310.2244897959183,222.255977169918,1179,2399,65682.0,438228.2917582266,3050,3070676,49
cpld_dcp_gefs_intel,ursa,intel,1989.5,218.32857501176213,1900,3416,78465.08695652174,508722.21216306364,3427,3453780,46
