test_name,machine,compiler,core_mean,core_std,core_min,core_max,mem_mean,mem_std,mem_min,mem_max,n_hashes
cpld_dcp_gefs_intel,hera,intel,977.1818181818181,69.48401549342776,905,1193,3051.6363636363635,17.289480511676324,2999,3075,33
cpld_dcp_gefs_intel,hercules,intel,922.4468085106383,119.48290918545236,791,1549,3164.148936170213,8.259326015781665,3131,3180,47
cpld_dcp_gefs_intel,orion,intel,1250.4347826086957,50.81235727826365,1188,1528,3061.4565217391305,12.387639936178829,3039,3090,46
cpld_dcp_gefs_intel,ursa,intel,1963.204081632653,48.73652787858265,1869,2076,3449.5714285714284,21.26225137028841,3398,3503,49
