test_name,machine,compiler,core_mean,core_std,core_min,core_max,mem_mean,mem_std,mem_min,mem_max,n_hashes
cpld_debug_noaero_p8_intel,derecho,intel,372.8,8.570714255949905,355,385,1898.2,1.3732131246511992,1895,1900,15
cpld_debug_noaero_p8_intel,gaeac6,intel,234.55555555555554,10.197048493549394,225,290,144430.86666666667,944418.9105716756,1937,6338984,45
cpld_debug_noaero_p8_intel,hera,intel,394.3255813953488,5.59217535930065,385,406,2119.0,16.316804075495142,2063,2139,43
cpld_debug_noaero_p8_intel,hercules,intel,358.2391304347826,52.599613341463815,309,621,2072.891304347826,5.49435371133989,2060,2084,46
cpld_debug_noaero_p8_intel,orion,intel,435.8666666666667,30.200541837402973,399,491,2023.2,7.981797473570278,2010,2041,45
cpld_debug_noaero_p8_intel,ursa,intel,276.1020408163265,7.1011879814788275,268,300,2114.6530612244896,11.00861598250845,2094,2137,49
