test_name,machine,compiler,core_mean,core_std,core_min,core_max,mem_mean,mem_std,mem_min,mem_max,n_hashes
cpld_control_gfsv17_intel,acorn,intel,902.2083333333334,6.658727542276322,891,920,1901.5625,2.2682475192338725,1897,1911,48
cpld_control_gfsv17_intel,derecho,intel,820.15625,7.388349045145561,807,833,298132.125,699388.1074217316,1897,1900700,32
cpld_control_gfsv17_intel,gaeac6,intel,623.0425531914893,110.9682597484541,597,1367,164797.3404255319,539811.7811142211,1905,1919840,47
cpld_control_gfsv17_intel,hera,intel,1168.591836734694,38.661413993448136,1132,1291,2048.1632653061224,44.701019255146505,1971,2091,49
cpld_control_gfsv17_intel,hercules,intel,1090.2,124.0217229161974,990,1539,1376295.52,952320.9383946499,2010,2030604,50
cpld_control_gfsv17_intel,orion,intel,1269.2857142857142,91.86221566382271,1182,1694,122550.61224489796,477063.70372680214,1961,1976956,49
cpld_control_gfsv17_intel,ursa,intel,720.8064516129032,14.645634969365934,707,776,68291.3870967742,368759.8288807751,2050,2055228,31
cpld_control_gfsv17_intel,wcoss2,intel,959.6875,92.04234831303864,902,1459,1901.6458333333333,5.444065999777079,1883,1908,48
