test_name,machine,compiler,core_mean,core_std,core_min,core_max,mem_mean,mem_std,mem_min,mem_max,n_hashes
cpld_restart_p8_lnd_intel,acorn,intel,291.82608695652175,5.466277822862193,282,303,3240.4565217391305,4.015008076588297,3236,3248,46
cpld_restart_p8_lnd_intel,gaeac6,intel,172.80434782608697,16.413571031608626,162,270,141530.89130434784,934106.051667897,1572,6339200,46
cpld_restart_p8_lnd_intel,hera,intel,368.43589743589746,8.441111400367486,349,382,1730.7948717948718,6.783026366870168,1710,1749,39
cpld_restart_p8_lnd_intel,hercules,intel,292.17391304347825,88.21017939440021,250,825,1928.0869565217392,4.278245159234348,1912,1937,46
cpld_restart_p8_lnd_intel,orion,intel,520.2888888888889,24.60563703173266,495,605,1747.0666666666666,4.735744157708801,1737,1759,45
cpld_restart_p8_lnd_intel,ursa,intel,228.24489795918367,9.408618859510536,215,257,2289.3061224489797,16.765793650605772,2259,2325,49
