test_name,machine,compiler,core_mean,core_std,core_min,core_max,mem_mean,mem_std,mem_min,mem_max,n_hashes
cpld_debug_p8_intel,derecho,intel,738.6969696969697,12.225702557738881,716,761,320588.7272727273,763727.1311723625,2095,2105364,33
cpld_debug_p8_intel,gaeac6,intel,500.1063829787234,5.325223173740113,488,514,179734.74468085106,588735.4920639315,2076,2090652,47
cpld_debug_p8_intel,hera,intel,814.8367346938776,32.041214954840754,775,940,2701.7551020408164,534.5255111861768,2240,3438,49
cpld_debug_p8_intel,hercules,intel,752.92,115.32860593512251,635,1403,1651668.8,1039026.2686473839,2282,2306320,50
cpld_debug_p8_intel,orion,intel,879.1020408163265,46.32459970053672,801,1011,137722.0,536124.4189215394,2201,2223112,49
cpld_debug_p8_intel,ursa,intel,547.9,12.680014141186485,532,596,82267.13333333333,437497.52303659276,2365,2398664,30
