test_name,machine,compiler,core_mean,core_std,core_min,core_max,mem_mean,mem_std,mem_min,mem_max,n_hashes
cpld_2threads_p8_intel,acorn,intel,769.625,273.62240055431573,440,1021,3512.125,71.23907157697174,3439,3599,48
cpld_2threads_p8_intel,derecho,intel,803.5625,6.460487847353822,793,819,350127.3125,819320.9462306491,2218,2226692,32
cpld_2threads_p8_intel,gaeac6,intel,357.1489361702128,9.016841063072293,350,408,192055.95744680852,629122.641483704,2215,2238272,47
cpld_2threads_p8_intel,hera,intel,619.469387755102,65.15497615967143,542,770,2775.530612244898,571.6045071419875,2322,3581,49
cpld_2threads_p8_intel,hercules,intel,607.22,119.00202193446039,514,1316,1693020.84,1118020.6583447768,2385,2435692,50
cpld_2threads_p8_intel,orion,intel,837.1836734693877,201.85800222241497,721,1912,144528.20408163266,562645.688782247,2297,2336576,49
cpld_2threads_p8_intel,ursa,intel,1018.9354838709677,116.0924733373848,919,1227,100890.74193548386,544889.8644086387,2997,3036844,31
cpld_2threads_p8_intel,wcoss2,intel,831.2708333333334,260.21887183458705,462,1245,3531.7916666666665,85.0546653587608,3432,3624,48
