test_name,machine,compiler,core_mean,core_std,core_min,core_max,mem_mean,mem_std,mem_min,mem_max,n_hashes
cpld_restart_p8_lnd_intel,acorn,intel,276.7111111111111,18.557799416739016,239,302,2120.777777777778,922.8849502040498,1372,3242,45
cpld_restart_p8_lnd_intel,gaeac6,intel,165.24444444444444,19.10515822250815,144,270,6338.577777777778,0.5430925289022307,6337,6339,45
cpld_restart_p8_lnd_intel,hera,intel,362.5,8.384509526501832,352,376,1731.1666666666667,2.8577380332470144,1728,1734,6
cpld_restart_p8_lnd_intel,hercules,intel,267.48936170212767,36.566718260821915,193,408,37603.8085106383,245552.9133651538,1676,1685212,47
cpld_restart_p8_lnd_intel,orion,intel,482.67391304347825,99.7465798573401,220,619,34241.47826086957,221376.26490678109,1500,1503048,46
cpld_restart_p8_lnd_intel,ursa,intel,220.56,14.960028374959458,175,254,2140.34,118.61266236565686,2008,2323,50
