test_name,machine,compiler,core_mean,core_std,core_min,core_max,mem_mean,mem_std,mem_min,mem_max,n_hashes
cpld_debug_p8_gnu,derecho,gnu,418.30434782608694,12.289813899799277,399,455,1666.5652173913043,7.981946031551025,1651,1678,23
cpld_debug_p8_gnu,hera,gnu,413.7857142857143,4.9318101466653514,407,426,1684.5,5.561108336107703,1676,1696,28
cpld_debug_p8_gnu,hercules,gnu,366.12820512820514,32.04123945232184,321,437,1714.3846153846155,11.930975573592116,1686,1733,39
cpld_debug_p8_gnu,ursa,gnu,285.219512195122,5.174515412683348,278,304,1598.4878048780488,8.396790908494477,1581,1612,41
