test_name,machine,compiler,core_mean,core_std,core_min,core_max,mem_mean,mem_std,mem_min,mem_max,n_hashes
cpld_control_nowave_noaero_p8_intel,acorn,intel,435.85,5.30416916456441,424,445,1986.45,1.3562719801760255,1984,1989,20
cpld_control_nowave_noaero_p8_intel,derecho,intel,440.3,15.287077446068798,414,478,1932.55,0.6863327411532409,1931,1934,20
cpld_control_nowave_noaero_p8_intel,gaeac6,intel,278.6,7.315448685739255,273,307,6338.75,0.44426165831922193,6338,6339,20
cpld_control_nowave_noaero_p8_intel,hera,intel,368.75,4.267819784654186,363,376,2192.0,9.242757782641146,2171,2202,8
cpld_control_nowave_noaero_p8_intel,hercules,intel,359.14285714285717,17.42494107389093,347,400,2173.095238095238,6.3079692604257,2164,2183,21
cpld_control_nowave_noaero_p8_intel,orion,intel,434.5,127.16193571480753,387,959,2102.2,3.3340350138660186,2092,2108,20
cpld_control_nowave_noaero_p8_intel,ursa,intel,380.95238095238096,320.7220722355224,287,1754,3002.3809523809523,9.55759483592073,2991,3027,21
cpld_control_nowave_noaero_p8_intel,wcoss2,intel,444.7,6.883236692750082,435,456,1937.5,51.90527810094891,1881,1993,20
