test_name,machine,compiler,core_mean,core_std,core_min,core_max,mem_mean,mem_std,mem_min,mem_max,n_hashes
cpld_debug_pdlib_p8_gnu,hera,gnu,661.6938775510204,22.013446725460653,640,764,1544.6122448979593,7.976048328512949,1527,1558,49
cpld_debug_pdlib_p8_gnu,hercules,gnu,571.3469387755102,62.535840064054526,523,850,751712.9795918367,805823.793171634,1585,1615976,49
cpld_debug_pdlib_p8_gnu,ursa,gnu,401.5581395348837,15.466249469303564,391,484,38265.95348837209,240574.62814032348,1558,1579132,43
