test_name,machine,compiler,core_mean,core_std,core_min,core_max,mem_mean,mem_std,mem_min,mem_max,n_hashes
cpld_control_sfs_intel,acorn,intel,920.6382978723404,12.822238717768059,880,938,1903.5744680851064,5.119207992627943,1895,1911,47
cpld_control_sfs_intel,derecho,intel,823.4137931034483,9.612184385973416,807,845,328420.6551724138,728034.752652807,1891,1900780,29
cpld_control_sfs_intel,gaeac6,intel,614.3260869565217,6.535558627236765,599,628,168054.4347826087,544306.3143532183,1900,1916124,46
cpld_control_sfs_intel,hera,intel,1167.9375,33.317560541335105,1137,1276,2032.0416666666667,41.15924359525268,1956,2069,48
cpld_control_sfs_intel,hercules,intel,1067.7755102040817,109.71711073371878,993,1772,1263411.857142857,971175.5255323743,1985,2008956,49
cpld_control_sfs_intel,orion,intel,1262.9375,82.9579248006726,1184,1544,124071.4375,477968.39017600607,1945,1962904,48
cpld_control_sfs_intel,ursa,intel,765.2352941176471,17.25224416412984,750,814,60685.67647058824,342125.3287599063,1994,1996928,34
cpld_control_sfs_intel,wcoss2,intel,970.531914893617,65.97260665505172,907,1223,1900.8936170212767,3.73138301993281,1893,1913,47
