test_name,machine,compiler,core_mean,core_std,core_min,core_max,mem_mean,mem_std,mem_min,mem_max,n_hashes
cpld_control_p8_intel,acorn,intel,490.40816326530614,8.42594793714369,469,509,3328.122448979592,61.60310890864953,3219,3371,49
cpld_control_p8_intel,derecho,intel,466.0,9.110433579144292,451,488,490370.09523809527,894569.8181450068,2046,2064424,21
cpld_control_p8_intel,gaeac6,intel,304.3125,12.846319532532062,291,377,173834.41666666666,575732.2977248039,2036,2064400,48
cpld_control_p8_intel,hera,intel,753.3877551020408,69.2582174205495,566,891,2371.3469387755104,305.08697878777156,2237,3389,49
cpld_control_p8_intel,hercules,intel,580.6734693877551,40.04965030803535,503,722,970573.306122449,1129700.9391788573,2253,2273760,49
cpld_control_p8_intel,orion,intel,1077.1020408163265,110.8347578037457,987,1646,91467.08163265306,437290.5240635145,2175,2199572,49
cpld_control_p8_intel,ursa,intel,453.9111111111111,16.829117383843794,427,529,57076.37777777778,366100.78263749427,2459,2458380,45
cpld_control_p8_intel,wcoss2,intel,550.6122448979592,91.8090900379992,481,1030,3341.326530612245,64.08860655214768,3223,3385,49
