test_name,machine,compiler,core_mean,core_std,core_min,core_max,mem_mean,mem_std,mem_min,mem_max,n_hashes
cpld_control_p8_lnd_intel,acorn,intel,503.1458333333333,9.489052109092786,490,524,3295.9791666666665,67.92439150255905,3227,3369,48
cpld_control_p8_lnd_intel,derecho,intel,470.40625,5.499908357007773,457,479,324678.625,760163.6432216315,2055,2072240,32
cpld_control_p8_lnd_intel,gaeac6,intel,304.8510638297872,4.5011048083595515,297,313,177700.02127659574,582066.0060106544,2057,2075204,47
cpld_control_p8_lnd_intel,hera,intel,710.8163265306123,107.59253255326078,559,929,2533.7551020408164,579.2752127519734,2062,3337,49
cpld_control_p8_lnd_intel,hercules,intel,582.4,80.22417570375491,501,1065,1515160.94,1048417.1261822175,2221,2240788,50
cpld_control_p8_lnd_intel,orion,intel,1105.0816326530612,124.23194649771948,996,1540,133385.61224489796,519217.4678990817,2138,2152476,49
cpld_control_p8_lnd_intel,ursa,intel,460.93548387096774,14.292038538689912,446,503,83794.06451612903,452551.2167576127,2459,2522212,31
