test_name,machine,compiler,core_mean,core_std,core_min,core_max,mem_mean,mem_std,mem_min,mem_max,n_hashes
cpld_mpi_p8_intel,acorn,intel,407.2291666666667,7.3982159532403635,391,425,3301.9166666666665,6.006497663730458,3290,3310,48
cpld_mpi_p8_intel,derecho,intel,372.5,6.883958809354457,365,384,1006266.6,1058594.2229185312,2004,2029944,10
cpld_mpi_p8_intel,gaeac6,intel,242.17391304347825,5.44183117801796,233,265,139971.5,934436.1664199375,1986,6339848,46
cpld_mpi_p8_intel,hera,intel,693.4375,36.23323163158491,646,798,2056.25,9.943457166676552,2019,2071,48
cpld_mpi_p8_intel,hercules,intel,483.80434782608694,103.86821127760724,391,946,512279.1956521739,920045.3153480267,2118,2143552,46
cpld_mpi_p8_intel,orion,intel,858.9347826086956,114.3414772947756,787,1586,92079.95652173914,426863.8902820823,2052,2074172,46
cpld_mpi_p8_intel,ursa,intel,698.5918367346939,17.979060004334364,635,723,49954.163265306124,333470.93490708625,2275,2336612,49
cpld_mpi_p8_intel,wcoss2,intel,472.9583333333333,95.83784139874828,404,1002,3327.8333333333335,3.9320469106816587,3320,3335,48
