test_name,machine,compiler,core_mean,core_std,core_min,core_max,mem_mean,mem_std,mem_min,mem_max,n_hashes
cpld_control_c12_9deg_intel,acorn,intel,54.91111111111111,7.534231643946612,40,67,2039.8222222222223,2.113687954187357,2036,2044,45
cpld_control_c12_9deg_intel,derecho,intel,37.0,7.297658114319169,34,66,2003.6818181818182,1.360108191194627,2000,2006,44
cpld_control_c12_9deg_intel,gaeac6,intel,28.645833333333332,1.2630524210972864,26,33,138260.4375,913988.5532136209,6337,6338636,48
cpld_control_c12_9deg_intel,hera,intel,42.666666666666664,1.5430334996209183,41,47,2184.9333333333334,3.63449085973865,2180,2191,15
cpld_control_c12_9deg_intel,hercules,intel,45.87234042553192,27.260113417478017,31,127,48228.85106382979,315804.1120191012,2150,2167208,47
cpld_control_c12_9deg_intel,orion,intel,75.47826086956522,36.57609366812322,47,183,49229.565217391304,319214.79707102495,2148,2167184,46
cpld_control_c12_9deg_intel,ursa,intel,67.6,166.78973687409731,31,1025,2137.68,1.834365819345748,2131,2143,50
cpld_control_c12_9deg_intel,wcoss2,intel,63.791666666666664,8.04233038454554,55,96,2047.8541666666667,6.263672987216159,2038,2055,48
