test_name,machine,compiler,core_mean,core_std,core_min,core_max,mem_mean,mem_std,mem_min,mem_max,n_hashes
cpld_warmstart_c24_5deg_intel,acorn,intel,57.022222222222226,6.110679507256459,41,67,2113.9333333333334,1.9116865471477464,2110,2119,45
cpld_warmstart_c24_5deg_intel,derecho,intel,35.38636363636363,7.84209247435411,32,64,2076.7272727272725,1.4364626508010545,2074,2079,44
cpld_warmstart_c24_5deg_intel,gaeac6,intel,26.6875,1.2055942297508355,25,30,138136.5,913757.6138974805,2080,6336944,48
cpld_warmstart_c24_5deg_intel,hera,intel,41.6875,1.4476993242152645,40,46,2256.375,2.5787593916456384,2253,2262,16
cpld_warmstart_c24_5deg_intel,hercules,intel,45.416666666666664,26.82792553762744,30,112,48732.145833333336,322140.20191208215,2226,2234088,48
cpld_warmstart_c24_5deg_intel,orion,intel,75.91489361702128,34.56929385604843,46,165,49704.85106382979,325422.29732710577,2224,2233220,47
cpld_warmstart_c24_5deg_intel,ursa,intel,105.14,273.74097767258536,29,1236,2209.0,3.103651568914236,2195,2212,50
cpld_warmstart_c24_5deg_intel,wcoss2,intel,62.395833333333336,7.034079907268888,54,82,2118.125,4.893004124431345,2111,2124,48
