test_name,machine,compiler,core_mean,core_std,core_min,core_max,mem_mean,mem_std,mem_min,mem_max,n_hashes
cpld_debug_gfsv17_intel,acorn,intel,1221.1739130434783,24.574878182427685,1200,1353,1941.3478260869565,4.243779192624055,1935,1959,46
cpld_debug_gfsv17_intel,derecho,intel,1116.4615384615386,11.913685300355082,1092,1136,1871.8461538461538,1.993579437684621,1868,1875,13
cpld_debug_gfsv17_intel,gaeac6,intel,766.8888888888889,8.616111288590321,756,804,144216.0888888889,944411.3023384128,1915,6338720,45
cpld_debug_gfsv17_intel,hera,intel,1295.9333333333334,14.665048120058689,1263,1321,1930.5333333333333,10.24606354566565,1896,1943,45
cpld_debug_gfsv17_intel,hercules,intel,1098.7391304347825,37.42455212089087,1028,1183,1996.2173913043478,4.20006901254549,1988,2010,46
cpld_debug_gfsv17_intel,orion,intel,1354.5111111111112,29.01928999681405,1311,1405,1949.7777777777778,8.84947067982783,1922,1963,45
cpld_debug_gfsv17_intel,ursa,intel,803.734693877551,14.462272052660662,789,873,2086.1020408163267,9.570451264959676,2048,2107,49
cpld_debug_gfsv17_intel,wcoss2,intel,1239.5,35.3369495004875,1201,1339,1941.3260869565217,3.6578946453820276,1933,1953,46
