test_name,machine,compiler,core_mean,core_std,core_min,core_max,mem_mean,mem_std,mem_min,mem_max,n_hashes
cpld_warmstart_c24_9deg_intel,acorn,intel,55.104166666666664,5.348452086006946,45,70,2111.3958333333335,2.750161181607845,2107,2118,48
cpld_warmstart_c24_9deg_intel,derecho,intel,37.5,14.9878738864578,29,70,877728.6666666666,1082122.8041292753,2102,2106272,12
cpld_warmstart_c24_9deg_intel,gaeac6,intel,25.361702127659573,2.753855257436095,23,41,226056.17021276595,1006078.5118119093,2078,6337340,47
cpld_warmstart_c24_9deg_intel,hera,intel,42.541666666666664,2.0312278367585193,35,49,2258.375,5.756125322072499,2242,2270,48
cpld_warmstart_c24_9deg_intel,hercules,intel,57.479166666666664,35.4436859805315,29,163,655477.6041666666,1028772.263362949,2226,2247400,48
cpld_warmstart_c24_9deg_intel,orion,intel,69.0,39.01718115820151,44,254,95533.85416666667,452164.98969560326,2224,2243888,48
cpld_warmstart_c24_9deg_intel,ursa,intel,59.83673469387755,162.90505247673866,30,1173,47233.22448979592,315164.32143250457,2207,2208360,49
cpld_warmstart_c24_9deg_intel,wcoss2,intel,99.89583333333333,47.85405097831803,60,350,2109.8333333333335,1.4041478574828896,2107,2113,48
