test_name,machine,compiler,core_mean,core_std,core_min,core_max,mem_mean,mem_std,mem_min,mem_max,n_hashes
cpld_restart_c24_9deg_intel,acorn,intel,46.9375,4.90074353889719,35,58,1458.0208333333333,3.7896251615757865,1448,1465,48
cpld_restart_c24_9deg_intel,derecho,intel,32.07142857142857,15.379628312575276,21,59,518362.78571428574,719690.0386905012,1448,1451568,14
cpld_restart_c24_9deg_intel,gaeac6,intel,19.06382978723404,1.0915536458196307,18,23,93484.36170212766,356325.2713422182,1421,1444788,47
cpld_restart_c24_9deg_intel,hera,intel,33.9375,2.1773129057077907,26,41,1586.125,4.756294821132554,1575,1592,48
cpld_restart_c24_9deg_intel,hercules,intel,37.270833333333336,24.682442362799264,21,111,531811.9791666666,758005.2673528456,1535,1618496,48
cpld_restart_c24_9deg_intel,orion,intel,48.208333333333336,28.610337614920176,31,186,66302.5625,313810.09212497517,1543,1558820,48
cpld_restart_c24_9deg_intel,ursa,intel,34.204081632653065,28.43485214180884,24,135,32776.67346938775,218710.23513366832,1523,1532504,49
cpld_restart_c24_9deg_intel,wcoss2,intel,85.91666666666667,26.639303336789865,49,156,1479.625,13.34266074456966,1452,1490,48
