test_name,machine,compiler,core_mean,core_std,core_min,core_max,mem_mean,mem_std,mem_min,mem_max,n_hashes
cpld_dcp_gefs_intel,hera,intel,979.1666666666666,59.23495709329055,905,1193,3053.1041666666665,17.46880451564077,2999,3083,48
cpld_dcp_gefs_intel,hercules,intel,978.9565217391304,190.2031611516415,791,1710,346232.9347826087,993264.5164535511,3151,3166620,46
cpld_dcp_gefs_intel,orion,intel,1308.5217391304348,226.89299868052683,1179,2399,69761.43478260869,452293.1741907456,3043,3070676,46
cpld_dcp_gefs_intel,ursa,intel,1949.8367346938776,37.19170322955973,1869,2028,73875.91836734694,492902.6788307554,3427,3453780,49
