test_name,machine,compiler,core_mean,core_std,core_min,core_max,mem_mean,mem_std,mem_min,mem_max,n_hashes
cpld_dcp_gefs_intel,hera,intel,975.8095238095239,55.54423376698885,933,1193,3047.190476190476,18.173109386175618,2999,3069,21
cpld_dcp_gefs_intel,hercules,intel,939.0,81.7173992080838,811,1101,3167.3260869565215,9.547668354865161,3131,3190,46
cpld_dcp_gefs_intel,orion,intel,1284.9782608695652,70.63788380196081,1190,1542,68660.41304347826,444953.33991877176,3039,3020876,46
cpld_dcp_gefs_intel,ursa,intel,1979.4285714285713,48.47765808424876,1869,2076,3444.387755102041,22.054682351043613,3398,3503,49
