test_name,machine,compiler,core_mean,core_std,core_min,core_max,mem_mean,mem_std,mem_min,mem_max,n_hashes
cpld_restart_gfsv17_intel,acorn,intel,417.625,28.975136076268896,374,448,1071.1041666666667,2.8749807276566544,1067,1080,48
cpld_restart_gfsv17_intel,derecho,intel,412.3,6.147266781984404,406,422,530535.4,558140.6139484127,1053,1065812,10
cpld_restart_gfsv17_intel,gaeac6,intel,277.3695652173913,24.344160783465263,244,303,139097.69565217392,934572.8921675843,1055,6339880,46
cpld_restart_gfsv17_intel,hera,intel,453.9791666666667,30.886538817773786,411,485,1366.625,7.656522737217732,1352,1383,48
cpld_restart_gfsv17_intel,hercules,intel,402.89130434782606,41.85967471385511,341,477,322672.4347826087,579525.0822125017,1330,1354976,46
cpld_restart_gfsv17_intel,orion,intel,547.9565217391304,54.329429930027224,487,771,54556.52173913043,252906.21245466903,1213,1235000,46
cpld_restart_gfsv17_intel,ursa,intel,283.6530612244898,44.100997258380374,226,348,32296.95918367347,215608.61045334738,1465,1510756,49
cpld_restart_gfsv17_intel,wcoss2,intel,464.3541666666667,74.811959899281,382,804,1070.2083333333333,3.3067200007138315,1064,1085,48
