test_name,machine,compiler,core_mean,core_std,core_min,core_max,mem_mean,mem_std,mem_min,mem_max,n_hashes
cpld_control_sfs_intel,acorn,intel,709.0444444444445,15.170179413386757,668,755,2195.911111111111,2.4104151115733217,2190,2201,45
cpld_control_sfs_intel,derecho,intel,652.0243902439024,19.863896653071457,614,715,2161.0975609756097,6.0778486245084595,2150,2175,41
cpld_control_sfs_intel,gaeac6,intel,439.3958333333333,8.159942592970102,426,468,137920.875,914071.177898639,2195,6338852,48
cpld_control_sfs_intel,hera,intel,681.6315789473684,11.245791935533477,667,707,2211.7368421052633,11.159660017039283,2189,2228,19
cpld_control_sfs_intel,hercules,intel,620.2916666666666,66.53872919037082,540,876,50452.416666666664,333557.84089546435,2300,2313264,48
cpld_control_sfs_intel,orion,intel,807.3829787234042,42.18414764663915,747,949,49607.51063829787,324813.83422982675,2221,2229040,47
cpld_control_sfs_intel,ursa,intel,513.56,26.601488373274677,490,622,2394.78,9.519668147191553,2366,2415,50
cpld_control_sfs_intel,wcoss2,intel,726.8541666666666,31.980705342196522,696,922,2143.2708333333335,49.542476760312,2096,2204,48
