test_name,machine,compiler,core_mean,core_std,core_min,core_max,mem_mean,mem_std,mem_min,mem_max,n_hashes
cpld_debug_gfsv17_intel,acorn,intel,1220.7021276595744,24.49570937905962,1199,1353,1941.8936170212767,4.1715081338777384,1935,1959,47
cpld_debug_gfsv17_intel,derecho,intel,1116.0,12.165525060596448,1102,1136,1889.0,27.186598005471573,1870,1929,10
cpld_debug_gfsv17_intel,gaeac6,intel,766.195652173913,8.765131843382814,756,804,140549.71739130435,934180.2446394654,1915,6338720,46
cpld_debug_gfsv17_intel,hera,intel,1294.125,14.836161974299843,1263,1321,1930.6875,11.740376321490437,1893,1949,48
cpld_debug_gfsv17_intel,hercules,intel,1094.304347826087,39.12820498209403,1024,1183,175820.8260869565,569478.1028311333,1988,2002456,46
cpld_debug_gfsv17_intel,orion,intel,1354.7391304347825,29.716762783623764,1311,1405,44417.434782608696,288012.48160064575,1934,1955348,46
cpld_debug_gfsv17_intel,ursa,intel,801.9795918367347,13.205885360825473,782,873,44830.32653061225,299194.2441949563,2048,2096448,49
cpld_debug_gfsv17_intel,wcoss2,intel,1240.3829787234042,35.24729603658745,1204,1339,1941.6170212765958,3.7506706153374294,1933,1953,47
