test_name,machine,compiler,core_mean,core_std,core_min,core_max,mem_mean,mem_std,mem_min,mem_max,n_hashes
cpld_restart_pdlib_p8_intel,acorn,intel,444.70212765957444,5.988811646718444,436,458,1102.7446808510638,3.10307060482666,1098,1111,47
cpld_restart_pdlib_p8_intel,derecho,intel,416.55555555555554,6.387086330626188,405,433,204137.0,434018.6620685443,1084,1101232,27
cpld_restart_pdlib_p8_intel,gaeac6,intel,299.3478260869565,2.340155657732097,295,305,97292.19565217392,315131.2176873924,1083,1113456,46
cpld_restart_pdlib_p8_intel,hera,intel,486.375,19.837236638373007,475,589,1349.0625,43.57991253543013,1263,1388,48
cpld_restart_pdlib_p8_intel,hercules,intel,427.6938775510204,58.32423884402344,396,793,838273.224489796,702199.1095785043,1400,1432648,49
cpld_restart_pdlib_p8_intel,orion,intel,551.1458333333334,128.90603366089735,486,1228,79696.54166666667,307010.73360007757,1239,1263356,48
cpld_restart_pdlib_p8_intel,ursa,intel,329.44444444444446,12.30434172952074,318,365,47259.77777777778,273566.4388229888,1623,1643064,36
cpld_restart_pdlib_p8_intel,wcoss2,intel,488.0851063829787,63.94081155297962,440,823,1100.340425531915,4.385135939317035,1091,1109,47
