test_name,machine,compiler,core_mean,core_std,core_min,core_max,mem_mean,mem_std,mem_min,mem_max,n_hashes
cpld_decomp_p8_intel,acorn,intel,484.6808510638298,7.150878276792973,470,501,3291.063829787234,70.67174709307693,3214,3364,47
cpld_decomp_p8_intel,derecho,intel,450.6666666666667,11.41485219241637,413,470,343149.13333333336,774377.3241923869,2044,2047592,30
cpld_decomp_p8_intel,gaeac6,intel,296.5,7.898663740715192,290,342,181666.60869565216,588422.8173576274,2052,2074984,46
cpld_decomp_p8_intel,hera,intel,670.8125,98.96177131019367,525,839,2605.5833333333335,520.1694009395005,2222,3390,48
cpld_decomp_p8_intel,hercules,intel,587.0816326530612,151.19962477007755,499,1555,1513096.306122449,1062932.3982619417,2241,2255528,49
cpld_decomp_p8_intel,orion,intel,1029.1041666666667,127.94301251086205,928,1681,138352.3125,532988.8455017053,2154,2189268,48
cpld_decomp_p8_intel,ursa,intel,429.57575757575756,18.02087383950606,410,492,77641.54545454546,431919.7449864161,2414,2483644,33
cpld_decomp_p8_intel,wcoss2,intel,539.6808510638298,73.60798231258295,491,852,3298.7872340425533,73.78226962996142,3213,3376,47
