test_name,machine,compiler,core_mean,core_std,core_min,core_max,mem_mean,mem_std,mem_min,mem_max,n_hashes
cpld_control_qr_p8_intel,acorn,intel,496.6170212765957,9.82577177296117,469,516,3380.0425531914893,5.287217756095305,3372,3388,47
cpld_control_qr_p8_intel,derecho,intel,498.6363636363636,12.761447623782544,482,530,2034.8181818181818,5.671299354084217,2029,2046,11
cpld_control_qr_p8_intel,gaeac6,intel,306.7608695652174,15.018780513608355,295,402,141043.58695652173,934156.7821753258,2061,6339056,46
cpld_control_qr_p8_intel,hera,intel,703.875,46.78999029161441,663,863,2294.0416666666665,14.59810295651738,2236,2311,48
cpld_control_qr_p8_intel,hercules,intel,558.4782608695652,143.0497565542897,480,1468,51984.36956521739,337111.2853593575,2262,2288680,46
cpld_control_qr_p8_intel,orion,intel,991.1304347826087,39.335372091598956,932,1107,2205.7608695652175,6.857873925832141,2189,2220,46
cpld_control_qr_p8_intel,ursa,intel,413.81632653061223,15.26798593652168,390,455,2359.5714285714284,10.198039027185533,2331,2387,49
cpld_control_qr_p8_intel,wcoss2,intel,551.6595744680851,74.72711998119927,490,952,3405.148936170213,3.4450892801219988,3397,3411,47
