test_name,machine,compiler,core_mean,core_std,core_min,core_max,mem_mean,mem_std,mem_min,mem_max,n_hashes
datm_cdeps_control_cfsr_gnu,derecho,gnu,183.9268292682927,3.327087644640885,180,191,1515.7317073170732,1.1624196798898156,1514,1517,41
datm_cdeps_control_cfsr_gnu,hera,gnu,203.8421052631579,4.2721729820202805,199,217,1554.5263157894738,0.6117752903214551,1554,1556,19
datm_cdeps_control_cfsr_gnu,hercules,gnu,167.79166666666666,12.40617268005631,160,245,34988.875,231294.54546545004,1602,1604060,48
datm_cdeps_control_cfsr_gnu,ursa,gnu,287.74,235.19950801697814,123,1321,1512.34,1.0022423838165722,1509,1514,50
