test_name,machine,compiler,core_mean,core_std,core_min,core_max,mem_mean,mem_std,mem_min,mem_max,n_hashes
datm_cdeps_lm4_gswp3_intel,hera,intel,32.354166666666664,1.0815588303675847,30,36,635.4375,2.2304111823951254,629,640,48
datm_cdeps_lm4_gswp3_intel,orion,intel,38.5625,4.466929308463311,34,58,24200.854166666668,114552.9457106114,561,568708,48
