test_name,machine,compiler,core_mean,core_std,core_min,core_max,mem_mean,mem_std,mem_min,mem_max,n_hashes
datm_cdeps_lnd_gswp3_intel,acorn,intel,68.26666666666667,4.303275707897628,56,80,301.8666666666667,2.2319986966434837,292,305,45
datm_cdeps_lnd_gswp3_intel,derecho,intel,78.43181818181819,5.637902163339011,71,97,267.0,1.1206310514564515,265,270,44
datm_cdeps_lnd_gswp3_intel,gaeac6,intel,60.020833333333336,2.621430365872909,56,71,138264.875,914012.0740950861,6338,6338800,48
datm_cdeps_lnd_gswp3_intel,hera,intel,53.4,2.292846016884444,50,60,250.53333333333333,2.0998866182543816,248,255,15
datm_cdeps_lnd_gswp3_intel,hercules,intel,58.4468085106383,6.313575816680233,47,84,7429.234042553191,48645.156604704316,325,333828,47
datm_cdeps_lnd_gswp3_intel,orion,intel,79.32608695652173,13.24479662664397,66,154,5674.260869565217,36780.98842332954,247,249712,46
datm_cdeps_lnd_gswp3_intel,ursa,intel,44.46,2.508841508402974,40,53,364.34,4.658150635921811,358,389,50
