test_name,machine,compiler,core_mean,core_std,core_min,core_max,mem_mean,mem_std,mem_min,mem_max,n_hashes
datm_cdeps_multiple_files_cfsr_intel,acorn,intel,182.0212765957447,5.6240530089890335,171,194,1565.8936170212767,1.521355839134641,1564,1568,47
datm_cdeps_multiple_files_cfsr_intel,derecho,intel,173.89655172413794,3.9128435731046345,169,180,1542.896551724138,0.30993404669459373,1542,1543,29
datm_cdeps_multiple_files_cfsr_intel,gaeac6,intel,123.80851063829788,5.435944371665414,119,144,139538.40425531915,923885.8826704796,1544,6338600,47
datm_cdeps_multiple_files_cfsr_intel,hera,intel,182.56666666666666,2.3294713523907506,179,190,2001.0333333333333,12.075861740745829,1979,2014,30
datm_cdeps_multiple_files_cfsr_intel,hercules,intel,146.14893617021278,2.321719035207728,142,153,1858.7659574468084,12.256697842328945,1838,1882,47
datm_cdeps_multiple_files_cfsr_intel,orion,intel,208.97826086956522,3.2282718489053615,205,222,1857.0652173913043,13.300630183755525,1837,1879,46
datm_cdeps_multiple_files_cfsr_intel,ursa,intel,237.75510204081633,250.02071002654333,105,947,1929.2857142857142,18.470697514351382,1909,2017,49
