test_name,machine,compiler,core_mean,core_std,core_min,core_max,mem_mean,mem_std,mem_min,mem_max,n_hashes
datm_cdeps_ciceC_cfsr_intel,acorn,intel,178.2888888888889,7.460874376683094,166,200,1566.0222222222221,1.3397572522473693,1564,1568,45
datm_cdeps_ciceC_cfsr_intel,derecho,intel,173.0,3.3271260033038277,169,181,1543.090909090909,0.47339357823633377,1542,1544,44
datm_cdeps_ciceC_cfsr_intel,gaeac6,intel,121.97916666666667,6.0265002840586375,118,153,138238.4375,913834.3638397149,6337,6337568,48
datm_cdeps_ciceC_cfsr_intel,hera,intel,179.93333333333334,2.250925735484552,174,182,1993.4,14.01427843308394,1976,2019,15
datm_cdeps_ciceC_cfsr_intel,hercules,intel,146.7872340425532,13.48579956877792,141,235,41015.425531914894,268505.0769634771,1831,1842628,47
datm_cdeps_ciceC_cfsr_intel,orion,intel,209.7173913043478,2.888006182497683,204,216,41964.97826086957,272080.4051707664,1831,1847188,46
datm_cdeps_ciceC_cfsr_intel,ursa,intel,286.52,328.15496836907124,111,1679,1922.56,17.054725839760298,1908,2025,50
