test_name,machine,compiler,core_mean,core_std,core_min,core_max,mem_mean,mem_std,mem_min,mem_max,n_hashes
datm_cdeps_control_gefs_intel,acorn,intel,165.14893617021278,8.551579369521674,152,181,679.7021276595744,6.355124237204607,670,689,47
datm_cdeps_control_gefs_intel,derecho,intel,163.15384615384616,4.220827479936207,157,171,647.6538461538462,4.782821825594663,645,660,26
datm_cdeps_control_gefs_intel,gaeac6,intel,111.95744680851064,3.5260363682093914,108,130,138901.7659574468,924023.3114117378,665,6338876,47
datm_cdeps_control_gefs_intel,hera,intel,168.45454545454547,2.5750110326330278,162,173,1253.969696969697,18.18049237590401,1217,1275,33
datm_cdeps_control_gefs_intel,hercules,intel,136.08510638297872,2.1246972902964685,132,144,1102.8297872340424,19.58184512882806,1073,1136,47
datm_cdeps_control_gefs_intel,orion,intel,187.91304347826087,2.031158256939701,184,192,1110.4782608695652,18.489323201885124,1077,1135,46
datm_cdeps_control_gefs_intel,ursa,intel,271.6734693877551,269.98575485223154,103,1081,1184.5714285714287,17.01225048800607,1151,1215,49
