test_name,machine,compiler,core_mean,core_std,core_min,core_max,mem_mean,mem_std,mem_min,mem_max,n_hashes
datm_cdeps_mx025_cfsr_intel,acorn,intel,432.97872340425533,4.72499993881814,418,442,1366.404255319149,1.4089708619827999,1365,1369,47
datm_cdeps_mx025_cfsr_intel,derecho,intel,431.2,40.51830861886183,392,511,1337.4,11.471704319759965,1332,1370,10
datm_cdeps_mx025_cfsr_intel,gaeac6,intel,296.9130434782609,5.005890250301901,284,313,140325.76086956522,934246.1321750325,1356,6338928,46
datm_cdeps_mx025_cfsr_intel,hera,intel,437.125,15.177846397845629,421,530,1779.6666666666667,3.0270646784262487,1773,1785,48
datm_cdeps_mx025_cfsr_intel,hercules,intel,357.0,13.751767563157516,342,431,113244.73913043478,426912.01122211147,1703,1714064,46
datm_cdeps_mx025_cfsr_intel,orion,intel,461.0217391304348,9.310660867903069,454,514,37846.34782608696,245421.7231337128,1650,1666192,46
datm_cdeps_mx025_cfsr_intel,ursa,intel,332.53061224489795,3.9639103211366598,327,347,1831.4897959183672,14.201118572404248,1794,1852,49
