test_name,machine,compiler,core_mean,core_std,core_min,core_max,mem_mean,mem_std,mem_min,mem_max,n_hashes
datm_cdeps_control_cfsr_intel,acorn,intel,180.6888888888889,7.531214504924956,167,199,1566.0444444444445,1.330679176476017,1564,1568,45
datm_cdeps_control_cfsr_intel,derecho,intel,172.67391304347825,3.1556252969091187,166,181,1543.2826086956522,0.6884134248242774,1543,1547,46
datm_cdeps_control_cfsr_intel,gaeac6,intel,121.91666666666667,3.240917478013096,119,135,6337.604166666667,0.5355285054429619,6337,6339,48
datm_cdeps_control_cfsr_intel,hera,intel,181.22222222222223,2.3863035105460595,177,185,1984.5555555555557,11.069226611546863,1969,2010,9
datm_cdeps_control_cfsr_intel,hercules,intel,147.89583333333334,4.645929736938276,143,168,40339.729166666664,266671.00461021013,1833,1849400,48
datm_cdeps_control_cfsr_intel,orion,intel,211.40425531914894,2.5508700516395515,206,218,41018.78723404255,268551.0751399505,1827,1842940,47
datm_cdeps_control_cfsr_intel,ursa,intel,407.7,330.5829267045886,113,1204,1921.46,7.1320203509043845,1906,1936,50
