test_name,machine,compiler,core_mean,core_std,core_min,core_max,mem_mean,mem_std,mem_min,mem_max,n_hashes
datm_cdeps_iau_gefs_intel,acorn,intel,169.06521739130434,7.3647876152919505,155,183,680.5652173913044,6.738454072339109,670,693,46
datm_cdeps_iau_gefs_intel,derecho,intel,166.14285714285714,4.316082880178666,161,172,650.2380952380952,6.268211562357828,645,660,21
datm_cdeps_iau_gefs_intel,gaeac6,intel,112.73913043478261,2.9772081075971166,110,128,141262.60869565216,933901.8043697808,667,6337568,46
datm_cdeps_iau_gefs_intel,hera,intel,170.8918918918919,3.12502252244136,166,180,1255.6216216216217,16.47110492035365,1217,1279,37
datm_cdeps_iau_gefs_intel,hercules,intel,136.2608695652174,2.4443566079958834,133,144,1107.195652173913,18.219183498252505,1069,1132,46
datm_cdeps_iau_gefs_intel,orion,intel,189.35555555555555,2.1862749094745557,186,195,1110.8,18.747848361393878,1081,1140,45
datm_cdeps_iau_gefs_intel,ursa,intel,226.6530612244898,260.14727808016175,101,1037,1184.8979591836735,16.664889361017796,1149,1212,49
