test_name,machine,compiler,core_mean,core_std,core_min,core_max,mem_mean,mem_std,mem_min,mem_max,n_hashes
datm_cdeps_bulk_cfsr_intel,acorn,intel,180.82857142857142,8.420862448095653,168,199,1565.942857142857,1.4130246478608328,1564,1568,35
datm_cdeps_bulk_cfsr_intel,derecho,intel,174.3846153846154,3.8374671133644624,170,181,1543.0,0.0,1543,1543,26
datm_cdeps_bulk_cfsr_intel,gaeac6,intel,124.08571428571429,7.7701216152622985,119,160,186442.8,1070515.7053746628,1546,6338740,35
datm_cdeps_bulk_cfsr_intel,hera,intel,181.38095238095238,3.3087186413503145,175,187,1999.2857142857142,12.661527779627665,1978,2019,21
datm_cdeps_bulk_cfsr_intel,hercules,intel,145.02857142857144,2.8644444516881005,141,155,1854.6571428571428,9.893381201421313,1842,1877,35
datm_cdeps_bulk_cfsr_intel,orion,intel,208.5,2.688358742294758,205,216,1853.1470588235295,12.749646110219238,1833,1875,34
datm_cdeps_bulk_cfsr_intel,ursa,intel,225.0,237.65766696377938,111,965,1926.2702702702702,13.65578560466167,1908,1972,37
