test_name,machine,compiler,core_mean,core_std,core_min,core_max,mem_mean,mem_std,mem_min,mem_max,n_hashes
datm_cdeps_bulk_cfsr_intel,acorn,intel,190.29787234042553,5.1664254467080175,178,203,1565.9574468085107,1.4589669783269132,1564,1568,47
datm_cdeps_bulk_cfsr_intel,derecho,intel,173.7,2.4060109910158114,171,180,626182.8,806387.6999276602,1543,1565380,10
datm_cdeps_bulk_cfsr_intel,gaeac6,intel,124.43478260869566,4.172141330902412,122,141,139631.26086956522,934320.7856444033,1546,6338740,46
datm_cdeps_bulk_cfsr_intel,hera,intel,181.29166666666666,3.482224364515115,175,195,2007.6875,5.3758967584438695,1996,2019,48
datm_cdeps_bulk_cfsr_intel,hercules,intel,147.3913043478261,8.215103328949299,143,198,407665.5,778461.1626069515,1850,1882660,46
datm_cdeps_bulk_cfsr_intel,orion,intel,215.91304347826087,27.24361379761547,205,328,83226.0,385814.9462528492,1857,1874456,46
datm_cdeps_bulk_cfsr_intel,ursa,intel,204.57142857142858,203.17131523257248,109,786,41492.93877551021,276858.02980524517,1931,1939948,49
