test_name,machine,compiler,core_mean,core_std,core_min,core_max,mem_mean,mem_std,mem_min,mem_max,n_hashes
datm_cdeps_control_gefs_intel,acorn,intel,162.7173913043478,7.690291263024102,152,181,678.7173913043479,6.642165120495157,669,689,46
datm_cdeps_control_gefs_intel,derecho,intel,162.51612903225808,4.13820385950182,157,171,647.6451612903226,4.771780849234221,645,660,31
datm_cdeps_control_gefs_intel,gaeac6,intel,111.8936170212766,3.6009300885066717,108,130,139504.72340425532,923932.8334564458,667,6338876,47
datm_cdeps_control_gefs_intel,hera,intel,168.46428571428572,2.631464074351608,162,173,1251.6785714285713,18.80317855601875,1217,1275,28
datm_cdeps_control_gefs_intel,hercules,intel,136.82978723404256,3.1575936692097573,133,151,1099.212765957447,19.551421798863487,1073,1136,47
datm_cdeps_control_gefs_intel,orion,intel,188.5,2.041241452319334,185,193,1106.4130434782608,18.803753865127515,1077,1135,46
datm_cdeps_control_gefs_intel,ursa,intel,269.0816326530612,264.9872510089474,103,1081,1181.0408163265306,17.089176866847403,1147,1210,49
