test_name,machine,compiler,core_mean,core_std,core_min,core_max,mem_mean,mem_std,mem_min,mem_max,n_hashes
datm_cdeps_multiple_files_cfsr_intel,acorn,intel,182.51063829787233,5.819279577500127,171,196,1565.936170212766,1.5237861215770334,1564,1568,47
datm_cdeps_multiple_files_cfsr_intel,derecho,intel,174.0,3.9440531887330903,169,180,1542.892857142857,0.3149703941743631,1542,1543,28
datm_cdeps_multiple_files_cfsr_intel,gaeac6,intel,123.8936170212766,5.390144156147569,119,144,139436.46808510637,923901.1628942468,1544,6338600,47
datm_cdeps_multiple_files_cfsr_intel,hera,intel,182.51612903225808,2.307537904953177,179,190,2001.1290322580646,11.884841705533614,1979,2014,31
datm_cdeps_multiple_files_cfsr_intel,hercules,intel,146.08510638297872,2.3667055366336345,142,153,1859.1489361702127,12.097392323041099,1838,1882,47
datm_cdeps_multiple_files_cfsr_intel,orion,intel,208.6304347826087,2.593656326519888,205,218,1857.5,13.29118337679372,1837,1879,46
datm_cdeps_multiple_files_cfsr_intel,ursa,intel,226.14285714285714,241.89727502943612,105,947,1929.5714285714287,18.605554726120463,1909,2017,49
