test_name,machine,compiler,core_mean,core_std,core_min,core_max,mem_mean,mem_std,mem_min,mem_max,n_hashes
datm_cdeps_lm4_gswp3_rst_intel,hera,intel,23.3125,22.704537225812327,16,146,503.1041666666667,20.421348428328766,453,523,48
datm_cdeps_lm4_gswp3_rst_intel,orion,intel,25.73469387755102,16.166806928348695,19,127,27738.26530612245,107964.70350956055,437,447444,49
