test_name,machine,compiler,core_mean,core_std,core_min,core_max,mem_mean,mem_std,mem_min,mem_max,n_hashes
datm_cdeps_mx025_gefs_intel,acorn,intel,408.02222222222224,7.0468848336400445,396,421,685.4888888888889,8.223088952406622,677,709,45
datm_cdeps_mx025_gefs_intel,derecho,intel,402.20454545454544,23.841120959925366,383,478,656.6590909090909,5.071320097018829,646,676,44
datm_cdeps_mx025_gefs_intel,gaeac6,intel,280.375,7.493614302801335,265,302,138155.20833333334,914082.2584116921,703,6339164,48
datm_cdeps_mx025_gefs_intel,hera,intel,424.4375,9.906016690207355,406,450,1147.625,10.965856099730681,1133,1168,16
datm_cdeps_mx025_gefs_intel,hercules,intel,339.4375,7.231450959435708,332,374,25640.4375,169479.70683829972,1165,1175368,48
datm_cdeps_mx025_gefs_intel,orion,intel,440.48936170212767,4.92496894903268,432,459,22838.127659574468,149572.7783736671,1009,1026440,47
datm_cdeps_mx025_gefs_intel,ursa,intel,323.02,15.753833352746947,309,414,1335.42,16.592462021001364,1313,1382,50
