test_name,machine,compiler,core_mean,core_std,core_min,core_max,mem_mean,mem_std,mem_min,mem_max,n_hashes
datm_cdeps_restart_cfsr_intel,acorn,intel,122.73333333333333,5.8480766068853764,112,133,1565.5111111111112,1.3754705347331553,1563,1568,45
datm_cdeps_restart_cfsr_intel,derecho,intel,115.04347826086956,2.097157035810688,112,120,1543.108695652174,0.482044759082086,1542,1544,46
datm_cdeps_restart_cfsr_intel,gaeac6,intel,82.16666666666667,3.270326506786882,80,101,6337.645833333333,0.8626920589946079,6336,6341,48
datm_cdeps_restart_cfsr_intel,hera,intel,118.0,1.9999999999999982,116,121,1932.3333333333333,6.55743852430201,1926,1948,9
datm_cdeps_restart_cfsr_intel,hercules,intel,96.27083333333333,5.33451061917579,92,130,39277.583333333336,259681.2060720928,1782,1800920,48
datm_cdeps_restart_cfsr_intel,orion,intel,146.74468085106383,2.6495945966061574,142,155,40048.14893617021,262251.4198006063,1780,1799700,47
datm_cdeps_restart_cfsr_intel,ursa,intel,210.2,196.8463608907169,72,615,1869.92,6.0570080847539876,1858,1884,50
