test_name,machine,compiler,core_mean,core_std,core_min,core_max,mem_mean,mem_std,mem_min,mem_max,n_hashes
datm_cdeps_lnd_gswp3_intel,acorn,intel,69.375,3.9390300134434724,62,82,302.3541666666667,0.9337543376716172,301,305,48
datm_cdeps_lnd_gswp3_intel,derecho,intel,67.5,6.697233845138648,59,88,84382.11111111111,139481.70006887848,301,304224,18
datm_cdeps_lnd_gswp3_intel,gaeac6,intel,58.38297872340426,6.559272200776948,52,97,26580.425531914894,87074.29282883137,300,309244,47
datm_cdeps_lnd_gswp3_intel,hera,intel,59.625,19.52807580589678,51,156,251.4375,3.338404829931601,247,268,48
datm_cdeps_lnd_gswp3_intel,hercules,intel,55.375,5.796642461786579,47,79,133058.52083333334,165712.13709950354,333,339328,48
datm_cdeps_lnd_gswp3_intel,orion,intel,89.52083333333333,53.55211801573895,61,415,10716.916666666666,50725.93332754316,247,252564,48
datm_cdeps_lnd_gswp3_intel,ursa,intel,48.297872340425535,13.501875704825839,42,133,7978.617021276596,52206.314048229004,358,358272,47
