test_name,machine,compiler,core_mean,core_std,core_min,core_max,mem_mean,mem_std,mem_min,mem_max,n_hashes
datm_cdeps_ciceC_cfsr_intel,acorn,intel,188.12765957446808,7.496715284409841,167,202,1566.1063829787233,1.4023899252036591,1564,1568,47
datm_cdeps_ciceC_cfsr_intel,derecho,intel,177.9,3.0349812373573455,172,181,1544.6,5.4405882034941895,1542,1560,10
datm_cdeps_ciceC_cfsr_intel,gaeac6,intel,123.23913043478261,3.17059253213511,121,139,140437.04347826086,934024.1987450972,1547,6337568,46
datm_cdeps_ciceC_cfsr_intel,hera,intel,179.77083333333334,2.6676915140593827,174,187,2004.5833333333333,10.748247424349492,1976,2021,48
datm_cdeps_ciceC_cfsr_intel,hercules,intel,145.04347826086956,3.083695630888596,141,158,123605.67391304347,465994.9183273738,1845,1872488,46
datm_cdeps_ciceC_cfsr_intel,orion,intel,208.2391304347826,3.535123965192079,204,225,42426.04347826087,275098.2307426411,1839,1867672,46
datm_cdeps_ciceC_cfsr_intel,ursa,intel,224.6122448979592,221.67607902885112,109,877,1939.734693877551,15.379607047163809,1913,2025,49
