test_name,machine,compiler,core_mean,core_std,core_min,core_max,mem_mean,mem_std,mem_min,mem_max,n_hashes
datm_cdeps_control_cfsr_gnu,derecho,gnu,184.375,3.598834936924152,180,191,1515.875,1.128801819801446,1514,1517,32
datm_cdeps_control_cfsr_gnu,hera,gnu,203.8148148148148,3.793081120601609,199,217,1554.851851851852,0.9885383033590366,1554,1557,27
datm_cdeps_control_cfsr_gnu,hercules,gnu,165.61702127659575,4.820937990498648,160,194,1604.340425531915,1.128226691387874,1602,1608,47
datm_cdeps_control_cfsr_gnu,ursa,gnu,298.0,276.9317003643076,123,1321,1512.3061224489795,1.0042427004268122,1509,1514,49
