test_name,machine,compiler,core_mean,core_std,core_min,core_max,mem_mean,mem_std,mem_min,mem_max,n_hashes
datm_cdeps_mx025_cfsr_intel,acorn,intel,431.67391304347825,6.408516374762878,413,442,1366.608695652174,1.4372544948936445,1365,1369,46
datm_cdeps_mx025_cfsr_intel,derecho,intel,425.7857142857143,36.461103767056855,392,511,1333.642857142857,0.7449463436685013,1332,1334,14
datm_cdeps_mx025_cfsr_intel,gaeac6,intel,296.4222222222222,5.634669018628779,284,313,143966.0,944481.8629681424,1356,6338928,45
datm_cdeps_mx025_cfsr_intel,hera,intel,435.27272727272725,6.841608801565423,421,454,1779.5227272727273,2.9999119085023436,1773,1785,44
datm_cdeps_mx025_cfsr_intel,hercules,intel,356.9782608695652,14.37357008221035,342,431,1714.2826086956522,6.8399579059077595,1703,1736,46
datm_cdeps_mx025_cfsr_intel,orion,intel,459.93333333333334,4.624047813530722,454,476,1660.5333333333333,4.126411604199582,1650,1668,45
datm_cdeps_mx025_cfsr_intel,ursa,intel,331.61224489795916,5.3339179101396565,315,347,1828.6122448979593,14.93432333938975,1794,1852,49
