test_name,machine,compiler,core_mean,core_std,core_min,core_max,mem_mean,mem_std,mem_min,mem_max,n_hashes
datm_cdeps_bulk_cfsr_intel,acorn,intel,179.1851851851852,8.593544254206318,168,199,1566.0740740740741,1.4391751357028124,1564,1568,27
datm_cdeps_bulk_cfsr_intel,derecho,intel,174.3846153846154,3.8374671133644624,170,181,1543.0,0.0,1543,1543,26
datm_cdeps_bulk_cfsr_intel,gaeac6,intel,124.4074074074074,8.83724312763127,119,160,6337.740740740741,1.1297580609816764,6337,6342,27
datm_cdeps_bulk_cfsr_intel,hera,intel,180.53846153846155,3.230463966042252,175,184,1994.7692307692307,13.435983068820743,1978,2019,13
datm_cdeps_bulk_cfsr_intel,hercules,intel,144.5185185185185,2.1727396808632484,141,149,1851.0740740740741,8.123687709058029,1842,1877,27
datm_cdeps_bulk_cfsr_intel,orion,intel,208.84615384615384,2.3612252360553314,205,214,1847.9615384615386,9.660148111621334,1833,1870,26
datm_cdeps_bulk_cfsr_intel,ursa,intel,235.3448275862069,250.41897404465254,116,965,1922.2758620689656,12.432378670587111,1908,1972,29
