test_name,machine,compiler,core_mean,core_std,core_min,core_max,mem_mean,mem_std,mem_min,mem_max,n_hashes
datm_cdeps_control_cfsr_gnu,hera,gnu,199.75,19.919518920961753,178,277,1161.8333333333333,414.03676131028743,702,1559,48
datm_cdeps_control_cfsr_gnu,hercules,gnu,162.20408163265307,27.381547612577776,136,310,733454.6734693878,608713.9349650206,796,1608160,49
datm_cdeps_control_cfsr_gnu,ursa,gnu,349.8181818181818,388.56510510992996,121,1331,47151.93939393939,263199.5684492496,699,1513300,33
