test_name,machine,compiler,core_mean,core_std,core_min,core_max,mem_mean,mem_std,mem_min,mem_max,n_hashes
datm_cdeps_bulk_cfsr_intel,acorn,intel,186.12244897959184,10.367482523619266,162,203,1403.0408163265306,325.31100242586297,764,1568,49
datm_cdeps_bulk_cfsr_intel,derecho,intel,162.68421052631578,10.546471930244659,150,174,412230.4736842105,706894.4341072567,756,1565380,19
datm_cdeps_bulk_cfsr_intel,gaeac6,intel,119.8125,9.298035139039255,102,141,81492.41666666667,286873.069544394,749,1564276,48
datm_cdeps_bulk_cfsr_intel,hera,intel,182.16326530612244,16.775908990244897,159,267,1855.3877551020407,304.88118015647586,1147,2018,49
datm_cdeps_bulk_cfsr_intel,hercules,intel,143.73469387755102,10.831619435330843,127,198,623022.5510204082,818460.0347804625,1142,1882660,49
datm_cdeps_bulk_cfsr_intel,orion,intel,212.79591836734693,32.09879254727812,176,328,78099.77551020408,374113.5254027326,1148,1874456,49
datm_cdeps_bulk_cfsr_intel,ursa,intel,208.80851063829786,208.99621780412497,106,786,43068.82978723404,282703.3462138989,1204,1939948,47
