test_name,machine,compiler,core_mean,core_std,core_min,core_max,mem_mean,mem_std,mem_min,mem_max,n_hashes
datm_cdeps_lnd_era5_rst_intel,acorn,intel,43.57446808510638,3.3670053837786,37,54,437.29787234042556,0.6565686035555137,436,439,47
datm_cdeps_lnd_era5_rst_intel,derecho,intel,42.9,3.7549966711037173,33,46,405.4,10.751744044572494,402,436,10
datm_cdeps_lnd_era5_rst_intel,gaeac6,intel,31.217391304347824,2.17983733825624,28,38,139658.41304347827,934482.1524974633,428,6339820,46
datm_cdeps_lnd_era5_rst_intel,hera,intel,25.5625,5.307186015607077,22,53,306.5833333333333,2.239237458860297,302,312,48
datm_cdeps_lnd_era5_rst_intel,hercules,intel,26.67391304347826,4.73311899902561,22,49,36901.760869565216,139122.0936348413,553,559188,46
datm_cdeps_lnd_era5_rst_intel,orion,intel,31.76086956521739,4.190914949738545,29,58,7134.804347826087,46262.30232759453,310,314080,46
datm_cdeps_lnd_era5_rst_intel,ursa,intel,24.387755102040817,4.377101050403358,22,51,621.3673469387755,2.403936680660673,616,627,49
