test_name,machine,compiler,core_mean,core_std,core_min,core_max,mem_mean,mem_std,mem_min,mem_max,n_hashes
datm_cdeps_gfs_intel,acorn,intel,310.8723404255319,25.42731928738191,267,349,3461.595744680851,1244.7349405216398,1973,4525,47
datm_cdeps_gfs_intel,derecho,intel,256.32142857142856,30.898943493179637,230,308,809120.1071428572,1761593.936410859,2028,4522952,28
datm_cdeps_gfs_intel,gaeac6,intel,201.7608695652174,31.556781122012566,164,235,233749.6739130435,819761.285393635,2027,4515996,46
datm_cdeps_gfs_intel,hera,intel,276.25,30.501831127453,230,339,3904.0416666666665,1218.267167678738,2408,4972,48
datm_cdeps_gfs_intel,hercules,intel,219.48979591836735,33.14936050726796,181,334,2130056.612244898,1885934.2814144287,2407,4836416,49
datm_cdeps_gfs_intel,orion,intel,348.3333333333333,80.02402121632734,261,680,255052.77083333334,1025310.5260439703,2397,4840628,48
datm_cdeps_gfs_intel,ursa,intel,209.28571428571428,90.01913895473152,161,715,140972.17142857143,808475.9589209114,2477,4787320,35
