test_name,machine,compiler,core_mean,core_std,core_min,core_max,mem_mean,mem_std,mem_min,mem_max,n_hashes
datm_cdeps_multiple_files_cfsr_intel,acorn,intel,184.8695652173913,6.4759682095581335,171,196,1565.8260869565217,1.4803054913854619,1564,1568,46
datm_cdeps_multiple_files_cfsr_intel,derecho,intel,175.41176470588235,3.8900325115834726,169,180,1543.0,0.0,1543,1543,17
datm_cdeps_multiple_files_cfsr_intel,gaeac6,intel,123.82222222222222,4.365614029960259,119,144,144394.8,944366.4250444364,1544,6338600,45
datm_cdeps_multiple_files_cfsr_intel,hera,intel,182.3658536585366,2.497559784679592,179,190,2002.4878048780488,10.74504990965492,1979,2014,41
datm_cdeps_multiple_files_cfsr_intel,hercules,intel,145.8913043478261,2.8144726039965877,142,155,1863.7608695652175,10.426855886195879,1844,1882,46
datm_cdeps_multiple_files_cfsr_intel,orion,intel,208.17777777777778,2.534210374499755,205,218,1862.7555555555555,12.931911824411145,1837,1879,45
datm_cdeps_multiple_files_cfsr_intel,ursa,intel,252.16326530612244,268.0980345367138,105,947,1935.4489795918366,17.662414454251245,1909,2017,49
