test_name,machine,compiler,core_mean,core_std,core_min,core_max,mem_mean,mem_std,mem_min,mem_max,n_hashes
datm_cdeps_control_cfsr_gnu,derecho,gnu,186.76923076923077,3.8762921749580506,181,191,1516.0,1.1547005383792373,1514,1517,13
datm_cdeps_control_cfsr_gnu,hera,gnu,204.73333333333332,4.474168282282399,197,217,1555.3555555555556,1.2819650320638323,1554,1559,45
datm_cdeps_control_cfsr_gnu,hercules,gnu,166.80434782608697,10.769544641601131,160,220,1604.695652173913,1.4278120825217824,1602,1608,46
datm_cdeps_control_cfsr_gnu,ursa,gnu,311.8979591836735,359.69235957608964,123,1476,1512.1020408163265,1.0256075020685669,1509,1514,49
