test_name,machine,compiler,core_mean,core_std,core_min,core_max,mem_mean,mem_std,mem_min,mem_max,n_hashes
datm_cdeps_debug_cfsr_intel,derecho,intel,349.3,3.9735234853828354,344,355,1546.7,8.069834088890683,1542,1562,10
datm_cdeps_debug_cfsr_intel,gaeac6,intel,248.54347826086956,2.9189535547987795,244,257,140332.9347826087,934039.7445761048,1545,6337568,46
datm_cdeps_debug_cfsr_intel,hera,intel,413.1666666666667,6.399246409533636,402,427,1912.8958333333333,2.874980727656682,1904,1918,48
datm_cdeps_debug_cfsr_intel,hercules,intel,336.2173913043478,35.49642426027867,323,570,156201.73913043478,505924.9412925217,1760,1779304,46
datm_cdeps_debug_cfsr_intel,orion,intel,423.4782608695652,6.662462442453344,417,447,40397.565217391304,261944.80268582897,1763,1778372,46
datm_cdeps_debug_cfsr_intel,ursa,intel,304.2040816326531,153.0992297487478,237,828,1844.6122448979593,6.803235524766277,1827,1856,49
