test_name,machine,compiler,core_mean,core_std,core_min,core_max,mem_mean,mem_std,mem_min,mem_max,n_hashes
datm_cdeps_iau_gefs_intel,acorn,intel,172.0204081632653,9.209347144609751,154,188,675.469387755102,16.763181431359623,646,693,49
datm_cdeps_iau_gefs_intel,derecho,intel,152.8181818181818,8.931679112848363,144,164,155226.9090909091,291723.2273299486,641,682604,22
datm_cdeps_iau_gefs_intel,gaeac6,intel,108.91666666666667,6.574720553347492,98,119,54842.916666666664,181636.70441621757,639,676616,48
datm_cdeps_iau_gefs_intel,hera,intel,173.3877551020408,16.93961865781248,160,259,1224.5102040816328,76.35910839823998,1019,1279,49
datm_cdeps_iau_gefs_intel,hercules,intel,142.51020408163265,34.51335638137042,123,289,483853.67346938775,541270.0983168504,1025,1124676,49
datm_cdeps_iau_gefs_intel,orion,intel,198.57142857142858,51.03920062069938,170,514,68126.40816326531,265450.6036198102,1005,1129560,49
datm_cdeps_iau_gefs_intel,ursa,intel,234.3409090909091,265.71018861541245,97,1081,28525.93181818182,181368.79209441174,1101,1204248,44
