test_name,machine,compiler,core_mean,core_std,core_min,core_max,mem_mean,mem_std,mem_min,mem_max,n_hashes
datm_cdeps_lm4_gswp3_rst_intel,hera,intel,22.958333333333332,22.777329465691373,16,146,512.1458333333334,5.453827792353961,503,523,48
datm_cdeps_lm4_gswp3_rst_intel,orion,intel,24.5625,15.733020229184064,19,127,19053.145833333332,90158.48183367301,442,447444,48
