test_name,machine,compiler,core_mean,core_std,core_min,core_max,mem_mean,mem_std,mem_min,mem_max,n_hashes
datm_cdeps_gfs_intel,acorn,intel,318.7551020408163,20.645349165777525,275,349,3962.816326530612,1048.8088218202067,2031,4525,49
datm_cdeps_gfs_intel,derecho,intel,266.3,31.456067944457295,231,308,1131953.8,2006453.335805288,2028,4522952,20
datm_cdeps_gfs_intel,gaeac6,intel,214.375,26.303162984301395,165,235,224662.8125,803334.0054737746,2027,4515996,48
datm_cdeps_gfs_intel,hera,intel,285.16326530612247,25.12829326573891,230,339,4429.265306122449,1009.4886860747494,2408,4972,49
datm_cdeps_gfs_intel,hercules,intel,224.42857142857142,25.621442842535874,181,319,1585373.1836734693,2065864.1041679617,2407,4836416,49
datm_cdeps_gfs_intel,orion,intel,350.0816326530612,55.87293498596233,261,540,201451.75510204083,965764.4175569019,2400,4840628,49
datm_cdeps_gfs_intel,ursa,intel,221.34782608695653,133.18845752313266,161,933,108406.34782608696,705199.0772683576,2477,4787320,46
