test_name,machine,compiler,core_mean,core_std,core_min,core_max,mem_mean,mem_std,mem_min,mem_max,n_hashes
datm_cdeps_bulk_gefs_intel,acorn,intel,166.26666666666668,6.593385114850143,152,179,679.3555555555556,6.157610057170085,670,688,45
datm_cdeps_bulk_gefs_intel,derecho,intel,163.57692307692307,4.051400517579833,159,170,648.8461538461538,7.086281437777133,645,672,26
datm_cdeps_bulk_gefs_intel,gaeac6,intel,111.71111111111111,4.367349009838507,108,135,145042.44444444444,944289.378169819,665,6338736,45
datm_cdeps_bulk_gefs_intel,hera,intel,167.4516129032258,2.2036138451404423,163,173,1256.3225806451612,16.228343716625627,1215,1274,31
datm_cdeps_bulk_gefs_intel,hercules,intel,135.13333333333333,2.9123561220802214,130,143,1105.3333333333333,19.158430377916087,1077,1137,45
datm_cdeps_bulk_gefs_intel,orion,intel,187.9318181818182,5.2402632956783615,183,217,1108.7045454545455,18.067804522235264,1079,1136,44
datm_cdeps_bulk_gefs_intel,ursa,intel,249.27659574468086,321.94130589337715,103,1727,1184.5106382978724,23.081022074823665,1153,1293,47
