test_name,machine,compiler,core_mean,core_std,core_min,core_max,mem_mean,mem_std,mem_min,mem_max,n_hashes
datm_cdeps_lnd_era5_rst_intel,acorn,intel,45.75555555555555,17.214100398372626,30,155,437.5111111111111,0.5886124756277464,436,438,45
datm_cdeps_lnd_era5_rst_intel,derecho,intel,44.37837837837838,2.71161443661389,41,56,402.1081081081081,0.39326156010302726,402,404,37
datm_cdeps_lnd_era5_rst_intel,gaeac6,intel,33.276595744680854,1.9190365297696135,29,38,140213.70212765958,923966.7716539406,429,6339820,47
datm_cdeps_lnd_era5_rst_intel,hera,intel,25.363636363636363,6.410894407145316,22,53,306.90909090909093,2.635094484780945,302,312,22
datm_cdeps_lnd_era5_rst_intel,hercules,intel,25.74468085106383,2.7304091515851847,22,36,12399.382978723404,81188.33063143808,554,557156,47
datm_cdeps_lnd_era5_rst_intel,orion,intel,33.08695652173913,7.949356611160487,29,83,7096.673913043478,46013.63656765452,309,312392,46
datm_cdeps_lnd_era5_rst_intel,ursa,intel,23.755102040816325,2.4454942602408107,22,37,622.3265306122449,2.6011836656770186,617,635,49
