test_name,machine,compiler,core_mean,core_std,core_min,core_max,mem_mean,mem_std,mem_min,mem_max,n_hashes
datm_cdeps_stochy_gefs_intel,acorn,intel,173.58695652173913,8.00715259962135,156,194,681.5652173913044,5.524298543356878,670,688,46
datm_cdeps_stochy_gefs_intel,derecho,intel,168.0,4.590961018885166,162,174,652.1428571428571,7.01489780458643,645,660,14
datm_cdeps_stochy_gefs_intel,gaeac6,intel,114.84444444444445,5.861878211086969,110,143,143531.93333333332,944519.0563717744,665,6338732,45
datm_cdeps_stochy_gefs_intel,hera,intel,171.36363636363637,3.020017781334601,168,186,1257.409090909091,16.55058234318417,1213,1274,44
datm_cdeps_stochy_gefs_intel,hercules,intel,137.08695652173913,2.4020924855589456,132,144,1113.5869565217392,18.36612350915733,1078,1142,46
datm_cdeps_stochy_gefs_intel,orion,intel,189.77777777777777,4.177259262901328,186,209,1116.0,16.48415216889463,1080,1136,45
datm_cdeps_stochy_gefs_intel,ursa,intel,228.6530612244898,246.78909273409354,105,1063,1192.0816326530612,15.866417279238108,1151,1208,49
