test_name,machine,compiler,core_mean,core_std,core_min,core_max,mem_mean,mem_std,mem_min,mem_max,n_hashes
datm_cdeps_restart_cfsr_intel,acorn,intel,127.72340425531915,5.867012155891003,115,138,1566.3617021276596,1.3420544263390117,1564,1568,47
datm_cdeps_restart_cfsr_intel,derecho,intel,116.83333333333333,2.622744341103011,112,120,1542.8333333333333,0.5773502691896887,1542,1544,12
datm_cdeps_restart_cfsr_intel,gaeac6,intel,82.71739130434783,1.4856804423601992,80,88,140768.45652173914,934112.6699248197,1546,6338484,46
datm_cdeps_restart_cfsr_intel,hera,intel,118.61702127659575,2.212152124352343,115,123,1948.0,9.406288368403665,1926,1960,47
datm_cdeps_restart_cfsr_intel,hercules,intel,95.3695652173913,2.132903036314318,92,102,1809.7608695652175,10.152579929606583,1786,1826,46
datm_cdeps_restart_cfsr_intel,orion,intel,144.97826086956522,1.7446952033685028,142,151,1808.5869565217392,8.777689108584127,1783,1823,46
datm_cdeps_restart_cfsr_intel,ursa,intel,175.30612244897958,175.20002902416434,70,670,1882.2448979591836,7.763511373311426,1861,1899,49
