test_name,machine,compiler,core_mean,core_std,core_min,core_max,mem_mean,mem_std,mem_min,mem_max,n_hashes
datm_cdeps_lnd_era5_intel,acorn,intel,54.75,3.3738670281154017,47,60,437.2708333333333,0.6437781874294323,436,438,48
datm_cdeps_lnd_era5_intel,derecho,intel,48.38461538461539,3.841407327583247,44,58,168342.92307692306,221060.6346120379,435,437956,13
datm_cdeps_lnd_era5_intel,gaeac6,intel,41.02127659574468,2.131435132998297,37,48,19213.72340425532,90035.13955569312,429,442044,47
datm_cdeps_lnd_era5_intel,hera,intel,37.520833333333336,8.22293001394177,33,75,308.7291666666667,1.9322523879607902,304,313,48
datm_cdeps_lnd_era5_intel,hercules,intel,37.270833333333336,3.1739604318099235,32,49,174587.89583333334,260862.15544313,554,560992,48
datm_cdeps_lnd_era5_intel,orion,intel,57.229166666666664,43.985123008800265,42,324,13577.208333333334,64268.841601562555,314,318924,48
datm_cdeps_lnd_era5_intel,ursa,intel,34.93877551020408,5.386743617689736,31,60,13251.836734693878,88415.27383022002,616,619528,49
