test_name,machine,compiler,core_mean,core_std,core_min,core_max,mem_mean,mem_std,mem_min,mem_max,n_hashes
datm_cdeps_lm4_gswp3_rst_intel,hera,intel,17.583333333333332,2.719772622953502,16,32,512.4166666666666,5.449315136876636,503,522,48
datm_cdeps_lm4_gswp3_rst_intel,orion,intel,24.869565217391305,16.03414231590712,19,127,19862.695652173912,92052.93257465622,443,447444,46
