test_name,machine,compiler,core_mean,core_std,core_min,core_max,mem_mean,mem_std,mem_min,mem_max,n_hashes
datm_cdeps_stochy_gefs_intel,acorn,intel,163.61363636363637,6.945689341082919,155,178,674.3181818181819,5.6600301062258,670,688,44
datm_cdeps_stochy_gefs_intel,derecho,intel,165.22727272727272,3.542851540802847,161,174,650.4772727272727,6.718556864572521,645,662,44
datm_cdeps_stochy_gefs_intel,gaeac6,intel,113.70212765957447,7.0461673011306445,110,143,6337.531914893617,0.6544517728864667,6336,6339,47
datm_cdeps_stochy_gefs_intel,hera,intel,170.6153846153846,1.8946618668626867,168,174,1239.6153846153845,20.734586490284304,1213,1267,13
datm_cdeps_stochy_gefs_intel,hercules,intel,138.2826086956522,3.7038301105643106,132,152,24693.521739130436,160098.32821637238,1074,1086928,46
datm_cdeps_stochy_gefs_intel,orion,intel,191.7111111111111,2.943577154525857,187,201,25235.28888888889,161952.61728618795,1074,1087504,45
datm_cdeps_stochy_gefs_intel,ursa,intel,341.28,308.273072691954,106,1063,1168.04,13.238718724611903,1151,1206,50
