test_name,machine,compiler,core_mean,core_std,core_min,core_max,mem_mean,mem_std,mem_min,mem_max,n_hashes
datm_cdeps_gfs_intel,acorn,intel,319.0,9.256829310778619,304,340,4521.130434782609,1.3921796763376617,4519,4525,46
datm_cdeps_gfs_intel,derecho,intel,284.0,6.114295984380835,277,294,4499.071428571428,1.141138818110318,4497,4502,14
datm_cdeps_gfs_intel,gaeac6,intel,228.11111111111111,7.091038589856093,218,255,145895.11111111112,943977.782247987,4504,6337568,45
datm_cdeps_gfs_intel,hera,intel,291.95454545454544,6.608502435480096,282,313,4965.909090909091,2.843337228714655,4957,4972,44
datm_cdeps_gfs_intel,hercules,intel,233.95652173913044,3.9268676900390282,226,251,4831.021739130435,2.662406016576253,4821,4837,46
datm_cdeps_gfs_intel,orion,intel,356.8,11.007435503496552,349,426,4830.8,3.894051407420811,4820,4837,45
datm_cdeps_gfs_intel,ursa,intel,274.0816326530612,213.95227629219616,172,997,4788.428571428572,2.1114765765528247,4785,4798,49
