test_name,machine,compiler,core_mean,core_std,core_min,core_max,mem_mean,mem_std,mem_min,mem_max,n_hashes
datm_cdeps_stochy_gefs_intel,acorn,intel,172.8913043478261,8.116453141255908,156,194,681.2608695652174,5.767475020833839,670,688,46
datm_cdeps_stochy_gefs_intel,derecho,intel,167.66666666666666,4.60848079502294,162,174,651.6666666666666,7.006799418795888,645,660,15
datm_cdeps_stochy_gefs_intel,gaeac6,intel,114.82222222222222,5.870917881190023,110,143,143657.6888888889,944499.980715959,665,6338732,45
datm_cdeps_stochy_gefs_intel,hera,intel,171.32558139534885,3.0450657216502632,168,186,1257.3023255813953,16.73111569974158,1213,1274,43
datm_cdeps_stochy_gefs_intel,hercules,intel,137.08695652173913,2.402092485558949,132,144,1112.9565217391305,18.877330933911388,1078,1142,46
datm_cdeps_stochy_gefs_intel,orion,intel,189.7111111111111,4.132037920171766,186,209,1114.9555555555555,16.867067907552187,1080,1136,45
datm_cdeps_stochy_gefs_intel,ursa,intel,228.81632653061226,246.7088933565721,105,1063,1191.469387755102,16.20841093488232,1151,1208,49
