test_name,machine,compiler,core_mean,core_std,core_min,core_max,mem_mean,mem_std,mem_min,mem_max,n_hashes
datm_cdeps_iau_gefs_intel,acorn,intel,170.41304347826087,8.007152599621362,155,185,681.7608695652174,6.074298432681375,670,693,46
datm_cdeps_iau_gefs_intel,derecho,intel,165.58823529411765,4.569721319859271,161,172,650.7647058823529,6.388753905934088,645,660,17
datm_cdeps_iau_gefs_intel,gaeac6,intel,112.95555555555555,2.891645926045608,110,128,143883.26666666666,944288.2695153482,667,6337568,45
datm_cdeps_iau_gefs_intel,hera,intel,170.82926829268294,2.9824691031458332,166,180,1256.6341463414635,16.00118135882629,1217,1279,41
datm_cdeps_iau_gefs_intel,hercules,intel,136.2826086956522,2.446430901249689,133,144,1109.7826086956522,17.22906206704657,1069,1132,46
datm_cdeps_iau_gefs_intel,orion,intel,189.0888888888889,2.1301112030534357,186,195,1113.6666666666667,17.777667297636462,1081,1140,45
datm_cdeps_iau_gefs_intel,ursa,intel,214.59183673469389,251.5332912332669,101,1037,1187.5714285714287,15.759917512474576,1149,1212,49
