test_name,machine,compiler,core_mean,core_std,core_min,core_max,mem_mean,mem_std,mem_min,mem_max,n_hashes
datm_cdeps_gfs_intel,acorn,intel,317.2244897959184,21.860605079040454,275,349,3861.326530612245,1109.7478953151765,2031,4525,49
datm_cdeps_gfs_intel,derecho,intel,263.1363636363636,31.627738661084376,230,308,1029233.9545454546,1937260.5283598765,2028,4522952,22
datm_cdeps_gfs_intel,gaeac6,intel,211.8125,27.974651329753456,164,235,224559.5625,803363.0586509813,2027,4515996,48
datm_cdeps_gfs_intel,hera,intel,283.14285714285717,26.84678751731758,230,339,4328.326530612245,1073.39947495009,2408,4972,49
datm_cdeps_gfs_intel,hercules,intel,222.9591836734694,26.180430974038497,181,319,1684243.530612245,2045304.9200108391,2407,4836416,49
datm_cdeps_gfs_intel,orion,intel,354.8775510204082,74.31846805389323,261,680,250341.75510204083,1015105.4500373456,2397,4840628,49
datm_cdeps_gfs_intel,ursa,intel,222.1818181818182,136.16991313476322,161,933,113116.29545454546,721050.7259864972,2477,4787320,44
