test_name,machine,compiler,core_mean,core_std,core_min,core_max,mem_mean,mem_std,mem_min,mem_max,n_hashes
datm_cdeps_multiple_files_cfsr_intel,acorn,intel,176.6875,15.533294714285544,150,196,1149.9583333333333,403.74823408260585,752,1568,48
datm_cdeps_multiple_files_cfsr_intel,derecho,intel,156.3939393939394,10.764349126687232,148,177,238020.78787878787,569817.960550931,750,1577068,33
datm_cdeps_multiple_files_cfsr_intel,gaeac6,intel,112.97872340425532,10.653616168480532,102,142,82655.74468085106,288901.1142051495,751,1560576,47
datm_cdeps_multiple_files_cfsr_intel,hera,intel,178.83673469387756,16.870026351954692,160,254,1580.4285714285713,408.5116277414879,1149,2012,49
datm_cdeps_multiple_files_cfsr_intel,hercules,intel,155.1,78.10386857073269,126,640,1003251.06,694198.6336451493,1134,1884564,50
datm_cdeps_multiple_files_cfsr_intel,orion,intel,215.46938775510205,78.61432811538883,175,711,101342.12244897959,403815.8958335589,1134,1870208,49
datm_cdeps_multiple_files_cfsr_intel,ursa,intel,335.96666666666664,408.33568706804607,96,1795,66441.23333333334,354247.21057122725,1202,1942056,30
