test_name,machine,compiler,core_mean,core_std,core_min,core_max,mem_mean,mem_std,mem_min,mem_max,n_hashes
datm_cdeps_lnd_era5_intel,acorn,intel,56.95744680851064,18.173030001253423,47,177,437.4468085106383,0.6188527477552637,436,439,47
datm_cdeps_lnd_era5_intel,derecho,intel,57.84615384615385,3.6517645892615556,53,66,402.0,0.0,402,402,26
datm_cdeps_lnd_era5_intel,gaeac6,intel,42.91489361702128,3.167976910557895,37,52,138830.8510638298,924174.9285017746,429,6339820,47
datm_cdeps_lnd_era5_intel,hera,intel,38.333333333333336,12.074422001349241,33,79,308.06060606060606,2.1056381743338837,304,313,33
datm_cdeps_lnd_era5_intel,hercules,intel,37.234042553191486,2.6801424845109074,33,47,557.0212765957447,1.9503551705771063,553,561,47
datm_cdeps_lnd_era5_intel,orion,intel,48.80434782608695,5.717884477545059,42,77,315.4347826086956,2.2769587310274493,310,321,46
datm_cdeps_lnd_era5_intel,ursa,intel,32.83673469387755,2.494551886741638,30,43,621.4897959183673,1.827138575519016,616,625,49
