test_name,machine,compiler,core_mean,core_std,core_min,core_max,mem_mean,mem_std,mem_min,mem_max,n_hashes
datm_cdeps_bulk_cfsr_intel,acorn,intel,180.85106382978722,13.535747716139202,152,203,1191.2340425531916,404.1812019791402,755,1568,47
datm_cdeps_bulk_cfsr_intel,derecho,intel,158.0,10.41550568242797,149,174,261361.0,592308.7488779643,756,1565380,30
datm_cdeps_bulk_cfsr_intel,gaeac6,intel,114.15217391304348,11.165357915951663,102,141,84763.04347826086,292732.78986026807,749,1564276,46
datm_cdeps_bulk_cfsr_intel,hera,intel,179.83333333333334,17.791144502112157,159,267,1622.0416666666667,407.757174211034,1131,2018,48
datm_cdeps_bulk_cfsr_intel,hercules,intel,144.28571428571428,23.609673158827647,127,286,953253.4285714285,727619.451071724,1142,1882660,49
datm_cdeps_bulk_cfsr_intel,orion,intel,223.08333333333334,79.07169742286638,176,704,103613.625,408540.5864279309,1148,1874456,48
datm_cdeps_bulk_cfsr_intel,ursa,intel,228.06060606060606,220.1286469592752,106,726,60516.333333333336,337391.1627583282,1204,1939948,33
