test_name,machine,compiler,core_mean,core_std,core_min,core_max,mem_mean,mem_std,mem_min,mem_max,n_hashes
datm_cdeps_3072x1536_cfsr_intel,acorn,intel,305.4,7.240667975212838,295,322,4520.733333333334,1.338248516124292,4518,4524,45
datm_cdeps_3072x1536_cfsr_intel,derecho,intel,281.4130434782609,7.998822377093383,271,309,4498.434782608696,1.4399409542374155,4496,4503,46
datm_cdeps_3072x1536_cfsr_intel,gaeac6,intel,220.15217391304347,4.6282580899145955,217,242,6337.95652173913,0.9178845664323132,6337,6342,46
datm_cdeps_3072x1536_cfsr_intel,hera,intel,288.42857142857144,2.819996622760555,285,293,4967.857142857143,2.478478796128238,4966,4972,7
datm_cdeps_3072x1536_cfsr_intel,hercules,intel,230.89361702127658,3.789195409336754,224,243,107542.59574468085,704160.5891919226,4818,4832312,47
datm_cdeps_3072x1536_cfsr_intel,orion,intel,353.3695652173913,3.2479648031219166,349,364,109665.86956521739,711077.882925933,4780,4827588,46
datm_cdeps_3072x1536_cfsr_intel,ursa,intel,326.44,254.43103070921813,182,1188,4788.92,2.2300361486955755,4783,4795,50
