test_name,machine,compiler,core_mean,core_std,core_min,core_max,mem_mean,mem_std,mem_min,mem_max,n_hashes
datm_cdeps_gfs_intel,acorn,intel,307.55555555555554,5.128155594166378,297,321,4520.9111111111115,1.4273660138077024,4519,4524,45
datm_cdeps_gfs_intel,derecho,intel,282.9347826086956,7.755720967741712,273,300,4498.478260869565,1.1103378952128942,4496,4502,46
datm_cdeps_gfs_intel,gaeac6,intel,222.5,6.9649578819884015,217,260,6337.75,0.6014167670256211,6337,6339,48
datm_cdeps_gfs_intel,hera,intel,287.0,4.472135954999579,282,296,4967.4,2.7568097504180917,4964,4972,10
datm_cdeps_gfs_intel,hercules,intel,234.72916666666666,9.29593730371553,226,292,105362.22916666667,696505.7985625725,4818,4830364,48
datm_cdeps_gfs_intel,orion,intel,357.6170212765957,9.300661948133088,349,411,107603.29787234042,704613.5540314747,4779,4835412,47
datm_cdeps_gfs_intel,ursa,intel,331.42,259.22577740932593,181,997,4789.02,2.3603009147487,4786,4798,50
