test_name,machine,compiler,core_mean,core_std,core_min,core_max,mem_mean,mem_std,mem_min,mem_max,n_hashes
datm_cdeps_restart_cfsr_intel,acorn,intel,126.17391304347827,5.888989152368587,113,138,1566.2391304347825,1.3529356165792366,1564,1568,46
datm_cdeps_restart_cfsr_intel,derecho,intel,116.05,2.4809802816416617,112,120,1542.9,0.4472135954999595,1542,1544,20
datm_cdeps_restart_cfsr_intel,gaeac6,intel,82.5,1.615893285805445,80,88,141599.71739130435,933987.8219405852,1546,6338484,46
datm_cdeps_restart_cfsr_intel,hera,intel,118.26315789473684,1.8698780206829748,115,123,1946.0526315789473,9.325777609548709,1926,1956,38
datm_cdeps_restart_cfsr_intel,hercules,intel,95.43478260869566,2.083289854618769,92,102,1806.7608695652175,10.873381938596866,1786,1826,46
datm_cdeps_restart_cfsr_intel,orion,intel,145.11111111111111,1.90957184899251,142,152,1805.0444444444445,10.222425338342338,1780,1821,45
datm_cdeps_restart_cfsr_intel,ursa,intel,178.87755102040816,176.86902317970836,70,670,1878.6938775510205,10.106112180327374,1858,1899,49
