test_name,machine,compiler,core_mean,core_std,core_min,core_max,mem_mean,mem_std,mem_min,mem_max,n_hashes
datm_cdeps_mx025_gefs_intel,acorn,intel,420.48936170212767,4.3979854104664025,413,430,704.5957446808511,2.864016444482234,698,714,47
datm_cdeps_mx025_gefs_intel,derecho,intel,393.4,9.845472732852052,386,412,143038.7,300084.6036570539,667,713716,10
datm_cdeps_mx025_gefs_intel,gaeac6,intel,283.0869565217391,5.269729434152998,276,304,139113.86956521738,934463.5833321376,702,6339164,46
datm_cdeps_mx025_gefs_intel,hera,intel,423.2916666666667,16.747128471972065,400,511,1159.1041666666667,4.347851429929237,1147,1168,48
datm_cdeps_mx025_gefs_intel,hercules,intel,350.9347826086956,47.42966824627483,328,637,208765.23913043478,457381.8088967871,1189,1199056,46
datm_cdeps_mx025_gefs_intel,orion,intel,445.80434782608694,41.51659350466853,429,673,46087.30434782609,213643.48630400022,1028,1037648,46
datm_cdeps_mx025_gefs_intel,ursa,intel,328.2040816326531,5.515053610485641,321,340,29244.755102040817,195137.13998830097,1357,1367328,49
