test_name,machine,compiler,core_mean,core_std,core_min,core_max,mem_mean,mem_std,mem_min,mem_max,n_hashes
datm_cdeps_iau_gefs_intel,acorn,intel,171.6875,9.653918287300371,154,188,674.3958333333334,17.343512593417014,645,693,48
datm_cdeps_iau_gefs_intel,derecho,intel,152.8181818181818,8.931679112848363,144,164,155226.9090909091,291723.2273299486,641,682604,22
datm_cdeps_iau_gefs_intel,gaeac6,intel,108.57446808510639,6.765464349406468,98,119,55994.65957446808,183423.14670837845,639,676616,47
datm_cdeps_iau_gefs_intel,hera,intel,173.10416666666666,17.160369464025067,160,259,1218.9166666666667,80.76834047258272,1019,1279,48
datm_cdeps_iau_gefs_intel,hercules,intel,144.0,35.50117368951812,123,289,525562.8979591837,541849.182639307,1025,1124676,49
datm_cdeps_iau_gefs_intel,orion,intel,198.14285714285714,51.163544964489446,170,514,68121.63265306123,265451.8350902456,1005,1129560,49
datm_cdeps_iau_gefs_intel,ursa,intel,240.16666666666666,270.6937714211002,97,1081,29827.02380952381,185637.02332035848,1101,1204248,42
