test_name,machine,compiler,core_mean,core_std,core_min,core_max,mem_mean,mem_std,mem_min,mem_max,n_hashes
datm_cdeps_lm4_gswp3_intel,hera,intel,32.0,1.243163121016122,31,36,635.3478260869565,2.058434878784747,631,639,23
datm_cdeps_lm4_gswp3_intel,orion,intel,39.43478260869565,5.8827513363242,35,71,12931.652173913044,83879.68960182524,554,569464,46
