test_name,machine,compiler,core_mean,core_std,core_min,core_max,mem_mean,mem_std,mem_min,mem_max,n_hashes
datm_cdeps_bulk_cfsr_intel,acorn,intel,182.40425531914894,7.925357143147436,168,199,1565.872340425532,1.4980715324622191,1564,1568,47
datm_cdeps_bulk_cfsr_intel,derecho,intel,174.3846153846154,3.8374671133644624,170,181,1543.0,0.0,1543,1543,26
datm_cdeps_bulk_cfsr_intel,gaeac6,intel,124.04255319148936,6.95625288564653,119,160,139235.914893617,923952.0574244907,1546,6338740,47
datm_cdeps_bulk_cfsr_intel,hera,intel,181.24242424242425,3.8408194359269165,175,195,2002.878787878788,11.37914093791119,1978,2019,33
datm_cdeps_bulk_cfsr_intel,hercules,intel,145.2127659574468,2.757883326762267,141,155,1858.276595744681,11.054611722399994,1842,1877,47
datm_cdeps_bulk_cfsr_intel,orion,intel,208.08695652173913,2.5282939962355826,205,216,1856.8260869565217,12.784199184629099,1833,1875,46
datm_cdeps_bulk_cfsr_intel,ursa,intel,211.89795918367346,226.9065744693506,111,965,1930.3877551020407,14.050231798993515,1908,1972,49
