test_name,machine,compiler,core_mean,core_std,core_min,core_max,mem_mean,mem_std,mem_min,mem_max,n_hashes
datm_cdeps_stochy_gefs_intel,acorn,intel,172.70833333333334,11.1964248346521,153,194,671.3333333333334,18.602600291052088,641,687,48
datm_cdeps_stochy_gefs_intel,derecho,intel,152.56,9.434334458066802,143,167,136735.16,277774.2383317911,639,682980,25
datm_cdeps_stochy_gefs_intel,gaeac6,intel,108.19148936170212,7.17070822368559,98,117,56094.04255319149,183757.29860618224,637,678616,47
datm_cdeps_stochy_gefs_intel,hera,intel,173.58333333333334,16.11109480719807,160,267,1205.5833333333333,91.57088483985838,1026,1274,48
datm_cdeps_stochy_gefs_intel,hercules,intel,142.18367346938774,35.761171604938,122,371,588912.0612244898,537207.7762679604,1012,1125204,49
datm_cdeps_stochy_gefs_intel,orion,intel,202.9387755102041,59.31463006827282,170,532,67729.77551020408,263950.30105820944,1009,1127300,49
datm_cdeps_stochy_gefs_intel,ursa,intel,142.02564102564102,120.67539913675495,101,778,31927.589743589742,192006.80720631784,1103,1200264,39
