test_name,machine,compiler,core_mean,core_std,core_min,core_max,mem_mean,mem_std,mem_min,mem_max,n_hashes
datm_cdeps_multiple_files_cfsr_intel,acorn,intel,180.95555555555555,5.2741029205128,171,194,1565.8666666666666,1.560885529551709,1564,1568,45
datm_cdeps_multiple_files_cfsr_intel,derecho,intel,173.0681818181818,3.4126830968699293,169,180,1543.0,0.3735436838188327,1542,1544,44
datm_cdeps_multiple_files_cfsr_intel,gaeac6,intel,122.58333333333333,5.488220784178286,119,144,138160.14583333334,913998.2909268901,1555,6338600,48
datm_cdeps_multiple_files_cfsr_intel,hera,intel,183.25,2.6956755492207654,180,190,1994.8125,13.292698497044576,1979,2012,16
datm_cdeps_multiple_files_cfsr_intel,hercules,intel,146.9375,4.209443537288159,142,171,40528.0,267961.67421353207,1838,1858344,48
datm_cdeps_multiple_files_cfsr_intel,orion,intel,210.3404255319149,3.338032457084767,205,222,40989.59574468085,268330.67953250615,1837,1841432,47
datm_cdeps_multiple_files_cfsr_intel,ursa,intel,284.7,266.9971527785207,112,882,1922.88,15.98805676696441,1909,2017,50
