test_name,machine,compiler,core_mean,core_std,core_min,core_max,mem_mean,mem_std,mem_min,mem_max,n_hashes
datm_cdeps_lnd_gswp3_intel,acorn,intel,68.53333333333333,4.3358966777357635,56,80,301.9555555555556,2.1945754979406864,292,305,45
datm_cdeps_lnd_gswp3_intel,derecho,intel,78.5,5.8390576803620124,71,97,267.07894736842104,1.1713143217763027,265,270,38
datm_cdeps_lnd_gswp3_intel,gaeac6,intel,59.59574468085106,3.0192107698081365,53,71,140300.6595744681,923801.5993676037,295,6338800,47
datm_cdeps_lnd_gswp3_intel,hera,intel,53.95238095238095,3.1380916251153437,50,64,251.0,2.2360679774997876,248,256,21
datm_cdeps_lnd_gswp3_intel,hercules,intel,58.297872340425535,6.523918846351747,47,84,7429.553191489362,48645.109032402055,325,333828,47
datm_cdeps_lnd_gswp3_intel,orion,intel,79.47826086956522,13.244267741907196,66,154,5673.739130434783,36781.0670435724,247,249712,46
datm_cdeps_lnd_gswp3_intel,ursa,intel,44.30612244897959,2.1909290422163865,40,53,363.9795918367347,3.1124065977844184,357,371,49
