test_name,machine,compiler,core_mean,core_std,core_min,core_max,mem_mean,mem_std,mem_min,mem_max,n_hashes
datm_cdeps_control_gefs_intel,acorn,intel,159.95555555555555,6.438363553926196,152,173,674.0444444444445,5.401832835232638,669,689,45
datm_cdeps_control_gefs_intel,derecho,intel,161.15217391304347,3.8699261623983805,150,171,646.8695652173913,3.575277429186723,645,660,46
datm_cdeps_control_gefs_intel,gaeac6,intel,110.875,3.6121838741162593,108,130,6337.541666666667,0.7425755447874163,6336,6340,48
datm_cdeps_control_gefs_intel,hera,intel,168.33333333333334,2.449489742783176,165,172,1228.2222222222222,15.16391916505896,1217,1266,9
datm_cdeps_control_gefs_intel,hercules,intel,138.83333333333334,10.238295514169385,133,204,24038.291666666668,159021.67926497804,1070,1102820,48
datm_cdeps_control_gefs_intel,orion,intel,190.31914893617022,2.7983409912701496,185,200,24381.872340425532,159666.7245866972,1077,1095712,47
datm_cdeps_control_gefs_intel,ursa,intel,324.42,298.818290973642,107,1081,1169.3,9.575159187678693,1147,1202,50
