test_name,machine,compiler,core_mean,core_std,core_min,core_max,mem_mean,mem_std,mem_min,mem_max,n_hashes
datm_cdeps_control_cfsr_faster_intel,acorn,intel,183.25,13.423542355194567,158,203,1299.3958333333333,380.3581033589004,764,1568,48
datm_cdeps_control_cfsr_faster_intel,derecho,intel,159.125,10.90796478047916,149,174,326713.2083333333,648643.3619886286,753,1569032,24
datm_cdeps_control_cfsr_faster_intel,gaeac6,intel,115.95744680851064,9.507336862080013,101,131,83024.89361702128,289448.5355943364,751,1561816,47
datm_cdeps_control_cfsr_faster_intel,hera,intel,180.08333333333334,17.16854289822601,161,260,1747.2916666666667,375.82623635009554,1153,2016,48
datm_cdeps_control_cfsr_faster_intel,hercules,intel,143.3673469387755,12.89330232709833,126,206,786511.5918367347,791077.7022359254,1141,1872812,49
datm_cdeps_control_cfsr_faster_intel,orion,intel,215.71428571428572,56.98355025794725,176,529,101483.02040816327,403767.24793878716,1125,1868328,49
datm_cdeps_control_cfsr_faster_intel,ursa,intel,175.275,153.6471127499969,101,701,50288.85,306598.86317187257,1194,1940912,40
