test_name,machine,compiler,core_mean,core_std,core_min,core_max,mem_mean,mem_std,mem_min,mem_max,n_hashes
datm_cdeps_iau_gefs_intel,acorn,intel,171.5,9.81314793226035,154,188,673.6041666666666,17.71252662075005,645,693,48
datm_cdeps_iau_gefs_intel,derecho,intel,152.47826086956522,8.877292611527002,144,164,148506.04347826086,286832.80734593904,641,682604,23
datm_cdeps_iau_gefs_intel,gaeac6,intel,108.17021276595744,6.696264854172422,98,117,55994.0,183423.35002807507,639,676616,47
datm_cdeps_iau_gefs_intel,hera,intel,173.02083333333334,17.195360066059056,160,259,1214.3958333333333,84.46546306245287,1019,1279,48
datm_cdeps_iau_gefs_intel,hercules,intel,144.16326530612244,35.46791210538966,123,289,546517.5510204082,540998.7390040009,1025,1124676,49
datm_cdeps_iau_gefs_intel,orion,intel,197.89795918367346,51.24664415759305,170,514,68119.3469387755,265452.4244751426,1005,1129560,49
datm_cdeps_iau_gefs_intel,ursa,intel,243.390243902439,273.2391697806869,97,1081,30525.09756097561,187887.342503933,1101,1204248,41
