test_name,machine,compiler,core_mean,core_std,core_min,core_max,mem_mean,mem_std,mem_min,mem_max,n_hashes
datm_cdeps_3072x1536_cfsr_intel,acorn,intel,320.2708333333333,17.993780939043084,269,339,4054.2708333333335,981.1555223975485,2032,4523,48
datm_cdeps_3072x1536_cfsr_intel,derecho,intel,269.22222222222223,30.245185432231466,231,303,1257202.3333333333,2080993.22202879,2028,4518924,18
datm_cdeps_3072x1536_cfsr_intel,gaeac6,intel,216.06382978723406,24.08535930477189,164,240,229456.06382978722,811302.9449284545,2027,4515520,47
datm_cdeps_3072x1536_cfsr_intel,hera,intel,289.5416666666667,25.828368317202646,233,386,4525.395833333333,928.6616712004088,2512,4974,48
datm_cdeps_3072x1536_cfsr_intel,hercules,intel,233.83333333333334,41.00147030748881,179,430,1568141.7083333333,2083849.6136336178,2399,4835024,48
datm_cdeps_3072x1536_cfsr_intel,orion,intel,345.25,40.23045316302228,255,480,205319.41666666666,973901.6175381575,2406,4829440,48
datm_cdeps_3072x1536_cfsr_intel,ursa,intel,233.10638297872342,159.19460800932126,143,878,106183.55319148937,697525.2554781208,2480,4786428,47
