test_name,machine,compiler,core_mean,core_std,core_min,core_max,mem_mean,mem_std,mem_min,mem_max,n_hashes
datm_cdeps_ciceC_cfsr_intel,acorn,intel,187.08333333333334,11.358441107703234,160,202,1416.3333333333333,315.2338769280999,764,1568,48
datm_cdeps_ciceC_cfsr_intel,derecho,intel,163.0,11.066643042734059,149,175,435040.8888888889,720045.6058383826,756,1565328,18
datm_cdeps_ciceC_cfsr_intel,gaeac6,intel,119.1063829787234,7.732579418204139,102,130,83149.76595744681,289352.005190174,761,1560500,47
datm_cdeps_ciceC_cfsr_intel,hera,intel,180.83333333333334,16.05487045255199,159,266,1870.625,290.60740681134916,1158,2021,48
datm_cdeps_ciceC_cfsr_intel,hercules,intel,144.77083333333334,12.480179321088496,127,208,635548.3541666666,821964.7828250927,1142,1881620,48
datm_cdeps_ciceC_cfsr_intel,orion,intel,206.9375,15.695786465352974,177,281,79417.25,376533.0483759099,1138,1867672,48
datm_cdeps_ciceC_cfsr_intel,ursa,intel,162.89361702127658,146.54027997115347,98,789,43144.95744680851,283227.33562573075,1204,1943540,47
