test_name,machine,compiler,core_mean,core_std,core_min,core_max,mem_mean,mem_std,mem_min,mem_max,n_hashes
datm_cdeps_iau_gefs_intel,acorn,intel,165.9777777777778,6.965789418452315,154,182,677.3555555555556,6.245564082376491,670,687,45
datm_cdeps_iau_gefs_intel,derecho,intel,164.13513513513513,4.097168142362082,159,172,648.8108108108108,5.551965807200556,645,661,37
datm_cdeps_iau_gefs_intel,gaeac6,intel,112.12765957446808,3.207443932049831,109,128,140200.6170212766,923632.9000055103,669,6337568,47
datm_cdeps_iau_gefs_intel,hera,intel,170.72727272727272,2.2292817160908442,166,175,1249.1818181818182,18.471693566196457,1217,1267,22
datm_cdeps_iau_gefs_intel,hercules,intel,138.3404255319149,9.496627767024512,133,196,24158.82978723404,158111.83928216057,1069,1085056,47
datm_cdeps_iau_gefs_intel,orion,intel,190.8913043478261,3.267539073095054,186,202,24729.108695652172,160276.84151953083,1074,1088148,46
datm_cdeps_iau_gefs_intel,ursa,intel,247.42857142857142,273.5972557123579,109,1037,1174.7551020408164,14.782493322966006,1149,1205,49
