test_name,machine,compiler,core_mean,core_std,core_min,core_max,mem_mean,mem_std,mem_min,mem_max,n_hashes
datm_cdeps_control_cfsr_gnu,hera,gnu,200.60416666666666,19.909090817089567,178,277,1232.875,402.0608414316992,735,1559,48
datm_cdeps_control_cfsr_gnu,hercules,gnu,163.73469387755102,26.694081358830033,141,310,671018.5918367347,641167.7198021824,796,1608160,49
datm_cdeps_control_cfsr_gnu,ursa,gnu,368.2432432432432,393.3501695129365,121,1331,42217.81081081081,248562.52916707992,699,1513300,37
