test_name,machine,compiler,core_mean,core_std,core_min,core_max,mem_mean,mem_std,mem_min,mem_max,n_hashes
datm_cdeps_gfs_intel,acorn,intel,307.3777777777778,5.073500176446626,297,321,4520.9111111111115,1.427366013807981,4519,4524,45
datm_cdeps_gfs_intel,derecho,intel,282.60869565217394,7.637562906435428,273,300,4498.521739130435,1.1688385580905039,4496,4502,46
datm_cdeps_gfs_intel,gaeac6,intel,222.3125,6.9348219385323056,217,260,6337.770833333333,0.5921322211938186,6337,6339,48
datm_cdeps_gfs_intel,hera,intel,287.1111111111111,4.728753653037035,282,296,4966.888888888889,2.368778400591971,4964,4971,9
datm_cdeps_gfs_intel,hercules,intel,234.70833333333334,9.298726367451485,226,292,105361.95833333333,696505.8384879685,4818,4830364,48
datm_cdeps_gfs_intel,orion,intel,357.5744680851064,9.298771963920954,349,411,107602.14893617021,704613.7252947141,4779,4835412,47
datm_cdeps_gfs_intel,ursa,intel,331.0,259.456653609116,181,997,4788.96,2.398639069921675,4786,4798,50
