test_name,machine,compiler,core_mean,core_std,core_min,core_max,mem_mean,mem_std,mem_min,mem_max,n_hashes
datm_cdeps_control_cfsr_gnu,derecho,gnu,184.3030303030303,3.566202886867629,180,191,1515.909090909091,1.1281521496354672,1514,1517,33
datm_cdeps_control_cfsr_gnu,hera,gnu,203.69230769230768,3.813336919489075,199,217,1554.8076923076924,0.9805806756909167,1554,1557,26
datm_cdeps_control_cfsr_gnu,hercules,gnu,165.68085106382978,4.805370107352828,160,194,1604.340425531915,1.128226691387906,1602,1608,47
datm_cdeps_control_cfsr_gnu,ursa,gnu,308.40816326530614,279.97648103362684,123,1321,1512.3061224489795,1.004242700426831,1509,1514,49
