test_name,machine,compiler,core_mean,core_std,core_min,core_max,mem_mean,mem_std,mem_min,mem_max,n_hashes
datm_cdeps_debug_cfsr_intel,derecho,intel,335.9736842105263,8.165473926118631,329,355,1542.9473684210527,0.46192127684580037,1541,1544,38
datm_cdeps_debug_cfsr_intel,gaeac6,intel,245.63829787234042,7.574056210153216,238,275,140433.78723404257,923597.3126057258,1549,6337568,47
datm_cdeps_debug_cfsr_intel,hera,intel,412.42857142857144,8.201045229551106,397,424,1913.095238095238,1.9469145308606193,1908,1917,21
datm_cdeps_debug_cfsr_intel,hercules,intel,327.06382978723406,7.434947604619781,315,349,39491.27659574468,258566.78446378908,1760,1774420,47
datm_cdeps_debug_cfsr_intel,orion,intel,420.32608695652175,7.04605278885858,409,441,40329.434782608696,261479.40376945358,1764,1775216,46
datm_cdeps_debug_cfsr_intel,ursa,intel,325.9795918367347,188.64787411514413,235,1046,1835.7142857142858,7.505553499465047,1823,1852,49
