test_name,machine,compiler,core_mean,core_std,core_min,core_max,mem_mean,mem_std,mem_min,mem_max,n_hashes
datm_cdeps_lm4_gswp3_intel,hera,intel,36.775510204081634,20.126956743509485,30,134,632.4489795918367,15.12869958127295,548,640,49
datm_cdeps_lm4_gswp3_intel,orion,intel,40.48979591836735,12.179426726006017,34,118,23718.163265306124,113403.75231397529,559,568708,49
