test_name,machine,compiler,core_mean,core_std,core_min,core_max,mem_mean,mem_std,mem_min,mem_max,n_hashes
datm_cdeps_lm4_gswp3_rst_intel,hera,intel,17.208333333333332,1.7376718752685412,16,26,512.2083333333334,5.488705359629239,503,522,48
datm_cdeps_lm4_gswp3_rst_intel,orion,intel,21.97826086956522,3.518137957214063,20,37,10168.739130434782,65905.44709419692,443,447444,46
