test_name,machine,compiler,core_mean,core_std,core_min,core_max,mem_mean,mem_std,mem_min,mem_max,n_hashes
datm_cdeps_gfs_intel,acorn,intel,320.70212765957444,8.829089503545074,307,340,4521.085106382979,1.3646115426558976,4519,4525,47
datm_cdeps_gfs_intel,derecho,intel,285.09090909090907,6.331738236133028,277,294,4499.090909090909,1.3003496033410182,4497,4502,11
datm_cdeps_gfs_intel,gaeac6,intel,228.3913043478261,6.698186357745788,218,255,142703.0,933680.7808516902,4504,6337568,46
datm_cdeps_gfs_intel,hera,intel,292.1041666666667,6.5240621184061975,282,313,4966.0625,2.831481455712286,4957,4972,48
datm_cdeps_gfs_intel,hercules,intel,234.2826086956522,3.751521430497,226,251,109688.43478260869,711176.9702933505,4821,4828268,46
datm_cdeps_gfs_intel,orion,intel,358.45652173913044,13.827037156301389,349,426,4830.869565217391,3.8793395523359187,4820,4837,46
datm_cdeps_gfs_intel,ursa,intel,249.30612244897958,181.66856314930962,172,997,4788.122448979592,1.5225068836902826,4785,4793,49
