test_name,machine,compiler,core_mean,core_std,core_min,core_max,mem_mean,mem_std,mem_min,mem_max,n_hashes
datm_cdeps_3072x1536_cfsr_intel,acorn,intel,310.74468085106383,24.293019291742482,267,339,3462.468085106383,1242.7221322050798,2032,4523,47
datm_cdeps_3072x1536_cfsr_intel,derecho,intel,255.60714285714286,30.37462304075108,229,303,808928.5357142857,1761174.9768251725,2028,4518924,28
datm_cdeps_3072x1536_cfsr_intel,gaeac6,intel,201.06521739130434,31.298137803257408,161,240,233753.71739130435,819737.7929614828,2027,4515520,46
datm_cdeps_3072x1536_cfsr_intel,hera,intel,277.9375,32.84159677487386,233,386,3902.9166666666665,1220.135287813354,2393,4973,48
datm_cdeps_3072x1536_cfsr_intel,hercules,intel,230.12244897959184,69.13833736703214,179,589,2127124.0816326533,1885199.5691876572,2362,4835024,49
datm_cdeps_3072x1536_cfsr_intel,orion,intel,343.8125,77.3474218717907,255,739,254674.66666666666,1023671.0144276911,2336,4829440,48
datm_cdeps_3072x1536_cfsr_intel,ursa,intel,206.9142857142857,107.20578656149544,143,812,140947.51428571428,808325.0373186509,2480,4786428,35
