test_name,machine,compiler,core_mean,core_std,core_min,core_max,mem_mean,mem_std,mem_min,mem_max,n_hashes
datm_cdeps_multiple_files_cfsr_intel,acorn,intel,188.41666666666666,6.2665384021881785,163,196,1532.6875,161.35281234980533,767,1568,48
datm_cdeps_multiple_files_cfsr_intel,derecho,intel,168.66666666666666,8.626948616065954,150,177,653219.0833333334,805627.0558013641,764,1577068,12
datm_cdeps_multiple_files_cfsr_intel,gaeac6,intel,122.85106382978724,5.274956102863943,104,142,185717.12765957447,950661.5600210847,761,6338600,47
datm_cdeps_multiple_files_cfsr_intel,hera,intel,181.9375,5.1298303650772,165,195,1977.6666666666667,145.26634867283477,1287,2014,48
datm_cdeps_multiple_files_cfsr_intel,hercules,intel,147.35416666666666,20.593832565025675,126,284,516764.3541666667,822547.345261062,1863,1884564,48
datm_cdeps_multiple_files_cfsr_intel,orion,intel,210.125,18.12676990624757,175,316,79627.6875,377005.7490690467,1162,1870208,48
datm_cdeps_multiple_files_cfsr_intel,ursa,intel,312.3265306122449,371.26553770824995,105,1795,41505.836734693876,277163.60442220065,1202,1942056,49
