test_name,machine,compiler,core_mean,core_std,core_min,core_max,mem_mean,mem_std,mem_min,mem_max,n_hashes
datm_cdeps_bulk_cfsr_intel,acorn,intel,177.47826086956522,8.016287767116216,168,199,1566.0434782608695,1.4609542606730783,1564,1568,23
datm_cdeps_bulk_cfsr_intel,derecho,intel,173.6086956521739,3.3539546594591116,170,180,1543.0,0.0,1543,1543,23
datm_cdeps_bulk_cfsr_intel,gaeac6,intel,123.82608695652173,9.257194616832523,119,160,6337.739130434783,1.176179922242309,6337,6342,23
datm_cdeps_bulk_cfsr_intel,hera,intel,179.75,3.8452196667699314,175,184,1985.375,4.533604683755727,1978,1990,8
datm_cdeps_bulk_cfsr_intel,hercules,intel,144.83333333333334,2.0781820371926414,141,149,1848.8333333333333,4.488310098047077,1842,1859,24
datm_cdeps_bulk_cfsr_intel,orion,intel,209.08695652173913,2.3338038298463477,205,214,1845.391304347826,6.767160882021513,1833,1856,23
datm_cdeps_bulk_cfsr_intel,ursa,intel,232.83333333333334,250.79831957461218,116,965,1918.2083333333333,6.0861865455033906,1908,1933,24
