test_name,machine,compiler,core_mean,core_std,core_min,core_max,mem_mean,mem_std,mem_min,mem_max,n_hashes
datm_cdeps_control_cfsr_faster_intel,acorn,intel,190.86486486486487,5.250196621514712,183,202,1565.7027027027027,1.2880835218102955,1564,1568,37
datm_cdeps_control_cfsr_faster_intel,derecho,intel,172.0,1.4142135623730951,171,174,1562.25,1.8929694486001163,1561,1565,4
datm_cdeps_control_cfsr_faster_intel,gaeac6,intel,123.83333333333333,3.426785249013588,121,133,1554.3333333333333,4.459340117743216,1547,1561,36
datm_cdeps_control_cfsr_faster_intel,hera,intel,181.3783783783784,4.212094697622758,175,199,2008.162162162162,3.975714565497198,1999,2016,37
datm_cdeps_control_cfsr_faster_intel,hercules,intel,145.72972972972974,2.940603194439388,142,153,253883.05405405405,646349.2441264048,1852,1869972,37
datm_cdeps_control_cfsr_faster_intel,orion,intel,211.43243243243242,17.249058815773974,204,303,52312.08108108108,306844.26634218957,1852,1868328,37
datm_cdeps_control_cfsr_faster_intel,ursa,intel,159.68421052631578,133.2019611216636,107,733,52966.97368421053,314542.5610301056,1931,1940912,38
