test_name,machine,compiler,core_mean,core_std,core_min,core_max,mem_mean,mem_std,mem_min,mem_max,n_hashes
datm_cdeps_multiple_files_cfsr_intel,acorn,intel,178.80851063829786,14.297519240386835,151,196,1192.127659574468,403.38408803420344,752,1568,47
datm_cdeps_multiple_files_cfsr_intel,derecho,intel,157.16666666666666,11.001828479169154,148,177,261746.4,593191.3025144587,750,1577068,30
datm_cdeps_multiple_files_cfsr_intel,gaeac6,intel,114.0,10.679159351018434,102,142,84470.39130434782,291822.68865638855,751,1560576,46
datm_cdeps_multiple_files_cfsr_intel,hera,intel,179.41666666666666,16.941492980170402,160,254,1624.3958333333333,406.40545416339955,1149,2014,48
datm_cdeps_multiple_files_cfsr_intel,hercules,intel,156.24489795918367,78.68701995147318,126,640,952805.7959183673,727738.5508229696,1134,1884564,49
datm_cdeps_multiple_files_cfsr_intel,orion,intel,217.35416666666666,78.94045415006453,175,711,103459.58333333333,407814.2815584769,1134,1870208,48
datm_cdeps_multiple_files_cfsr_intel,ursa,intel,316.06060606060606,393.9455815364874,96,1795,60578.0,337758.51564292575,1202,1942056,33
