test_name,machine,compiler,core_mean,core_std,core_min,core_max,mem_mean,mem_std,mem_min,mem_max,n_hashes
datm_cdeps_stochy_gefs_intel,acorn,intel,164.37777777777777,7.036556779642405,155,179,675.4666666666667,5.983310120660594,670,688,45
datm_cdeps_stochy_gefs_intel,derecho,intel,165.33333333333334,3.5658725656522825,162,174,650.6904761904761,6.8056221207644985,645,662,42
datm_cdeps_stochy_gefs_intel,gaeac6,intel,113.875,6.936259952428222,110,143,137908.27083333334,914055.6663982532,670,6338732,48
datm_cdeps_stochy_gefs_intel,hera,intel,171.72222222222223,4.070056446429728,168,186,1244.9444444444443,19.60633817753919,1213,1267,18
datm_cdeps_stochy_gefs_intel,hercules,intel,138.125,3.7452097063690495,132,152,23714.083333333332,156726.85393884283,1074,1086928,48
datm_cdeps_stochy_gefs_intel,orion,intel,191.25531914893617,3.226709759831301,187,201,24211.85106382979,158468.77705073517,1074,1087504,47
datm_cdeps_stochy_gefs_intel,ursa,intel,330.62,305.90320531241275,106,1063,1170.88,15.355169308405465,1151,1206,50
