test_name,machine,compiler,core_mean,core_std,core_min,core_max,mem_mean,mem_std,mem_min,mem_max,n_hashes
datm_cdeps_multiple_files_cfsr_intel,acorn,intel,181.56521739130434,5.56038437485532,171,194,1566.0217391304348,1.5127477638725526,1564,1568,46
datm_cdeps_multiple_files_cfsr_intel,derecho,intel,173.6060606060606,3.7494949154802337,169,180,1542.909090909091,0.2919371040605604,1542,1543,33
datm_cdeps_multiple_files_cfsr_intel,gaeac6,intel,123.38297872340425,5.342826118667917,119,144,139945.914893617,923824.679922992,1544,6338600,47
datm_cdeps_multiple_files_cfsr_intel,hera,intel,182.96153846153845,2.217760478153928,180,190,1999.5384615384614,12.274300857419982,1979,2012,26
datm_cdeps_multiple_files_cfsr_intel,hercules,intel,146.68085106382978,4.212333769026821,142,171,1856.1702127659576,11.71457499634773,1838,1882,47
datm_cdeps_multiple_files_cfsr_intel,orion,intel,209.5,3.344979654480569,205,222,1854.8695652173913,12.824644150405955,1837,1877,46
datm_cdeps_multiple_files_cfsr_intel,ursa,intel,251.0408163265306,260.43120966194965,105,947,1927.1632653061224,18.0697110043939,1909,2017,49
