test_name,machine,compiler,core_mean,core_std,core_min,core_max,mem_mean,mem_std,mem_min,mem_max,n_hashes
datm_cdeps_iau_gefs_intel,acorn,intel,166.41304347826087,7.359275589218525,154,183,677.8913043478261,6.370865145748615,670,687,46
datm_cdeps_iau_gefs_intel,derecho,intel,164.3235294117647,4.219152494498874,159,172,648.5882352941177,5.360448008520381,645,660,34
datm_cdeps_iau_gefs_intel,gaeac6,intel,112.27659574468085,3.1602292683723374,109,128,139839.06382978722,923687.4983334673,667,6337568,47
datm_cdeps_iau_gefs_intel,hera,intel,170.64,2.118962010041703,166,175,1251.2,18.255136263528687,1217,1273,25
datm_cdeps_iau_gefs_intel,hercules,intel,138.17021276595744,9.473806335126639,133,196,24161.489361702126,158111.44296540704,1069,1085056,47
datm_cdeps_iau_gefs_intel,orion,intel,190.58695652173913,3.095344798288211,186,202,24732.152173913044,160276.38287213846,1080,1088148,46
datm_cdeps_iau_gefs_intel,ursa,intel,247.6530612244898,273.49410041019837,107,1037,1176.408163265306,15.387925958559984,1149,1205,49
