test_name,machine,compiler,core_mean,core_std,core_min,core_max,mem_mean,mem_std,mem_min,mem_max,n_hashes
datm_cdeps_control_cfsr_gnu,derecho,gnu,182.6304347826087,2.6361478263403306,178,190,1515.5,1.1690451944499647,1514,1517,46
datm_cdeps_control_cfsr_gnu,hera,gnu,205.33333333333334,6.531972647421806,199,217,1554.8333333333333,0.4082482904638853,1554,1555,6
datm_cdeps_control_cfsr_gnu,hercules,gnu,167.38297872340425,12.634585369376358,160,245,35700.65957446808,233741.95515737997,1602,1604060,47
datm_cdeps_control_cfsr_gnu,ursa,gnu,274.0,174.31123934865852,123,807,1512.42,1.0119691856242625,1509,1514,50
