test_name,machine,compiler,core_mean,core_std,core_min,core_max,mem_mean,mem_std,mem_min,mem_max,n_hashes
datm_cdeps_control_cfsr_faster_intel,acorn,intel,189.06666666666666,4.697517074654085,183,199,1565.9333333333334,1.279880946844386,1564,1568,15
datm_cdeps_control_cfsr_faster_intel,gaeac6,intel,125.06666666666666,4.605379876787995,121,133,1550.3333333333333,2.6636888135137125,1547,1555,15
datm_cdeps_control_cfsr_faster_intel,hera,intel,180.8,2.5690465157330262,177,186,2006.4,3.6410359593311785,1999,2011,15
datm_cdeps_control_cfsr_faster_intel,hercules,intel,145.93333333333334,2.282438128301357,143,151,1868.6,6.162096118321125,1855,1877,15
datm_cdeps_control_cfsr_faster_intel,orion,intel,206.2,1.4735767952260166,204,209,1869.6,3.8321944477953536,1861,1874,15
datm_cdeps_control_cfsr_faster_intel,ursa,intel,160.86666666666667,158.39952501131285,107,733,1940.6,4.188419408662094,1933,1946,15
