test_name,machine,compiler,core_mean,core_std,core_min,core_max,mem_mean,mem_std,mem_min,mem_max,n_hashes
datm_cdeps_mx025_cfsr_intel,acorn,intel,423.55555555555554,7.319201259065598,407,439,1366.5333333333333,1.659682335432046,1363,1369,45
datm_cdeps_mx025_cfsr_intel,derecho,intel,413.1190476190476,24.821511501461554,392,511,1333.8809523809523,0.5500501508125335,1332,1335,42
datm_cdeps_mx025_cfsr_intel,gaeac6,intel,293.3958333333333,9.206241137756765,283,334,137956.625,914077.1907714946,1361,6338928,48
datm_cdeps_mx025_cfsr_intel,hera,intel,436.3333333333333,5.52001705027205,431,454,1778.3333333333333,2.8697202159178157,1773,1783,18
datm_cdeps_mx025_cfsr_intel,hercules,intel,359.25,55.22314500896208,344,731,37354.0,246943.27446739847,1703,1712584,48
datm_cdeps_mx025_cfsr_intel,orion,intel,463.3191489361702,6.227939791179191,456,492,36868.085106382976,241371.48993217808,1654,1656420,47
datm_cdeps_mx025_cfsr_intel,ursa,intel,327.68,8.217552145578766,315,353,1820.58,13.132122945709323,1794,1847,50
