test_name,machine,compiler,core_mean,core_std,core_min,core_max,mem_mean,mem_std,mem_min,mem_max,n_hashes
datm_cdeps_mx025_cfsr_intel,acorn,intel,430.45652173913044,7.000655593868438,413,442,1366.804347826087,1.499919482541033,1365,1369,46
datm_cdeps_mx025_cfsr_intel,derecho,intel,422.94444444444446,32.96606494424982,392,511,1333.7222222222222,0.6691131580686951,1332,1334,18
datm_cdeps_mx025_cfsr_intel,gaeac6,intel,295.97777777777776,6.10695910375611,284,313,144407.75555555554,944414.7320304243,1356,6338928,45
datm_cdeps_mx025_cfsr_intel,hera,intel,435.5,7.100018057037345,421,454,1779.5,3.0801265375273013,1773,1785,40
datm_cdeps_mx025_cfsr_intel,hercules,intel,356.5,14.614680594829597,342,431,1713.5869565217392,6.862380820925122,1703,1736,46
datm_cdeps_mx025_cfsr_intel,orion,intel,460.5111111111111,4.625139910523724,454,476,1660.6888888888889,4.038576606937258,1650,1668,45
datm_cdeps_mx025_cfsr_intel,ursa,intel,330.7755102040816,6.158548618662917,315,347,1828.7551020408164,14.583853246320224,1794,1852,49
