test_name,machine,compiler,core_mean,core_std,core_min,core_max,mem_mean,mem_std,mem_min,mem_max,n_hashes
datm_cdeps_stochy_gefs_intel,acorn,intel,170.27659574468086,11.888434510718126,145,190,667.6382978723404,19.25619666713178,641,687,47
datm_cdeps_stochy_gefs_intel,derecho,intel,151.48275862068965,9.15977498809399,143,167,117964.06896551725,261565.94336746013,639,682980,29
datm_cdeps_stochy_gefs_intel,gaeac6,intel,106.84782608695652,7.220241274221446,98,117,57296.45652173913,185600.79370229074,637,678616,46
datm_cdeps_stochy_gefs_intel,hera,intel,173.20833333333334,16.224434335395053,160,267,1181.2291666666667,103.34434066859643,1026,1274,48
datm_cdeps_stochy_gefs_intel,hercules,intel,141.81632653061226,35.8345000601072,122,371,693451.8367346938,511186.84427159105,1012,1125204,49
datm_cdeps_stochy_gefs_intel,orion,intel,204.66666666666666,60.62242171164393,170,532,69108.54166666667,266565.1342056634,1009,1127300,48
datm_cdeps_stochy_gefs_intel,ursa,intel,127.05882352941177,64.46184738487523,101,481,36446.26470588235,205641.37409818196,1103,1200264,34
