test_name,machine,compiler,core_mean,core_std,core_min,core_max,mem_mean,mem_std,mem_min,mem_max,n_hashes
datm_cdeps_lnd_era5_intel,acorn,intel,58.125,6.296317735095385,48,71,440.8958333333333,5.44699637447516,436,450,48
datm_cdeps_lnd_era5_intel,derecho,intel,50.54838709677419,3.7133875789941384,44,58,70865.54838709677,163212.46905140523,435,437956,31
datm_cdeps_lnd_era5_intel,gaeac6,intel,43.87234042553192,3.0688974176163013,38,50,37990.1914893617,124423.31442256838,430,442044,47
datm_cdeps_lnd_era5_intel,hera,intel,44.775510204081634,23.342794486131446,33,177,316.0408163265306,10.454184137769655,304,337,49
datm_cdeps_lnd_era5_intel,hercules,intel,47.64,47.99522085051589,32,373,382379.58,264640.6538039059,554,577488,50
datm_cdeps_lnd_era5_intel,orion,intel,100.57142857142857,163.10847617459982,42,1078,19898.04081632653,77462.09646954203,314,323168,49
datm_cdeps_lnd_era5_intel,ursa,intel,38.25,16.388430222607973,31,121,19962.28125,109408.25433955167,619,619528,32
