test_name,machine,compiler,core_mean,core_std,core_min,core_max,mem_mean,mem_std,mem_min,mem_max,n_hashes
datm_cdeps_gfs_intel,acorn,intel,324.6808510638298,9.431921706949867,310,349,4521.148936170212,1.3509855244010782,4519,4525,47
datm_cdeps_gfs_intel,derecho,intel,297.0,6.633249580710802,288,308,907769.5,1904236.6500332446,4498,4522952,10
datm_cdeps_gfs_intel,gaeac6,intel,229.80434782608697,6.07954517749621,224,255,142386.28260869565,933728.3252445221,4504,6337568,46
datm_cdeps_gfs_intel,hera,intel,293.1666666666667,6.075179126448847,283,313,4965.833333333333,2.9631304129200924,4957,4972,48
datm_cdeps_gfs_intel,hercules,intel,236.67391304347825,12.877291550677864,230,319,844037.5217391305,1849220.2444257026,4821,4836416,46
datm_cdeps_gfs_intel,orion,intel,369.1304347826087,37.361661095389806,349,540,214844.5652173913,995936.6938450489,4820,4840628,46
datm_cdeps_gfs_intel,ursa,intel,232.71428571428572,145.5711452635217,172,933,102390.57142857143,683218.8750014217,4785,4787320,49
