test_name,machine,compiler,core_mean,core_std,core_min,core_max,mem_mean,mem_std,mem_min,mem_max,n_hashes
datm_cdeps_bulk_gefs_intel,acorn,intel,169.89795918367346,8.09898372729355,147,186,673.6326530612245,17.717333647155492,641,687,49
datm_cdeps_bulk_gefs_intel,derecho,intel,150.63636363636363,8.994948077064734,140,162,155277.77272727274,291820.64163959667,641,681272,22
datm_cdeps_bulk_gefs_intel,gaeac6,intel,107.0625,7.185701671419301,95,119,54759.416666666664,181372.110725241,640,679192,48
datm_cdeps_bulk_gefs_intel,hera,intel,170.0,17.221594970656266,158,262,1221.265306122449,79.123525660357,1025,1281,49
datm_cdeps_bulk_gefs_intel,hercules,intel,144.73469387755102,54.87477240279456,122,481,504363.51020408166,541609.2066038068,1022,1126800,49
datm_cdeps_bulk_gefs_intel,orion,intel,194.83673469387756,47.961941048248306,168,482,67969.38775510204,264807.25825422036,1008,1125940,49
datm_cdeps_bulk_gefs_intel,ursa,intel,145.34883720930233,114.18737394153236,94,622,28873.25581395349,181579.65174218712,1100,1191880,43
