test_name,machine,compiler,core_mean,core_std,core_min,core_max,mem_mean,mem_std,mem_min,mem_max,n_hashes
datm_cdeps_ciceC_cfsr_intel,acorn,intel,178.64444444444445,7.54729197537872,166,200,1566.0666666666666,1.3551249523064728,1564,1568,45
datm_cdeps_ciceC_cfsr_intel,derecho,intel,173.1219512195122,3.3999641318050697,169,181,1543.0487804878048,0.4444783184923045,1542,1544,41
datm_cdeps_ciceC_cfsr_intel,gaeac6,intel,122.08333333333333,5.988760157741368,118,153,137839.5625,913894.1376709422,1549,6337568,48
datm_cdeps_ciceC_cfsr_intel,hera,intel,179.73684210526315,2.050531239111734,174,182,1996.7368421052631,14.196408408323176,1976,2019,19
datm_cdeps_ciceC_cfsr_intel,hercules,intel,146.77083333333334,13.33885634724665,141,235,40200.666666666664,265693.2527869777,1831,1842628,48
datm_cdeps_ciceC_cfsr_intel,orion,intel,209.53191489361703,2.9329541705441864,204,216,41113.1914893617,269170.1103956735,1831,1847188,47
datm_cdeps_ciceC_cfsr_intel,ursa,intel,297.56,331.324131327617,113,1679,1924.4,17.926152369527383,1908,2025,50
