test_name,machine,compiler,core_mean,core_std,core_min,core_max,mem_mean,mem_std,mem_min,mem_max,n_hashes
datm_cdeps_mx025_cfsr_intel,acorn,intel,431.5652173913044,6.445160713151971,413,442,1366.6739130434783,1.4306851167820342,1365,1369,46
datm_cdeps_mx025_cfsr_intel,derecho,intel,423.93333333333334,35.85977983094445,392,511,1333.6666666666667,0.7237468644557344,1332,1334,15
datm_cdeps_mx025_cfsr_intel,gaeac6,intel,296.55555555555554,5.719009591447677,284,313,144076.42222222223,944465.103067712,1356,6338928,45
datm_cdeps_mx025_cfsr_intel,hera,intel,435.4186046511628,6.8529887749435,421,454,1779.5116279069769,3.0345007671558957,1773,1785,43
datm_cdeps_mx025_cfsr_intel,hercules,intel,356.9130434782609,14.417313799666964,342,431,1714.0,6.950619476788453,1703,1736,46
datm_cdeps_mx025_cfsr_intel,orion,intel,459.93333333333334,4.624047813530729,454,476,1660.4222222222222,4.180522416728329,1650,1668,45
datm_cdeps_mx025_cfsr_intel,ursa,intel,331.38775510204084,5.626634305287855,315,347,1828.3673469387754,14.87544660050996,1794,1852,49
