test_name,machine,compiler,core_mean,core_std,core_min,core_max,mem_mean,mem_std,mem_min,mem_max,n_hashes
datm_cdeps_control_gefs_intel,acorn,intel,173.35416666666666,7.50174329621253,150,186,681.3958333333334,10.230824478190716,647,687,48
datm_cdeps_control_gefs_intel,derecho,intel,155.57142857142858,7.841843245978933,144,162,243881.14285714287,338630.6566992915,642,682284,14
datm_cdeps_control_gefs_intel,gaeac6,intel,110.91489361702128,4.111647227476995,97,117,42178.31914893617,160744.42989485522,642,677176,47
datm_cdeps_control_gefs_intel,hera,intel,168.6875,3.5798267520186076,158,179,1258.125,29.367535267018482,1152,1284,48
datm_cdeps_control_gefs_intel,hercules,intel,137.85416666666666,17.29467952048583,123,242,366824.8541666667,523160.4771557475,1112,1137456,48
datm_cdeps_control_gefs_intel,orion,intel,189.4375,22.337742366733334,167,333,47945.583333333336,226952.1177875373,1023,1125752,48
datm_cdeps_control_gefs_intel,ursa,intel,242.44897959183675,256.04964209638547,97,986,25624.755102040817,171033.22534860618,1102,1198424,49
