test_name,machine,compiler,core_mean,core_std,core_min,core_max,mem_mean,mem_std,mem_min,mem_max,n_hashes
datm_cdeps_control_gefs_intel,acorn,intel,171.6530612244898,9.590687802082106,147,186,676.9591836734694,15.17118868073282,643,687,49
datm_cdeps_control_gefs_intel,derecho,intel,152.0,9.09822937597078,141,162,179871.15789473685,308103.0293462928,640,682284,19
datm_cdeps_control_gefs_intel,gaeac6,intel,109.08333333333333,5.852198471545083,97,117,54649.583333333336,180992.84125208805,638,677176,48
datm_cdeps_control_gefs_intel,hera,intel,171.9591836734694,19.296976429475368,157,272,1240.9183673469388,57.00213326954461,1039,1284,49
datm_cdeps_control_gefs_intel,hercules,intel,136.28571428571428,17.730623226497144,121,242,422003.9387755102,535111.2306235346,1014,1137456,49
datm_cdeps_control_gefs_intel,orion,intel,190.81632653061226,26.88530691457987,167,333,46977.4081632653,224677.81339953572,1017,1125752,49
datm_cdeps_control_gefs_intel,ursa,intel,237.91489361702128,254.67036066147347,97,986,26658.510638297874,174635.20920564327,1102,1198424,47
