test_name,machine,compiler,core_mean,core_std,core_min,core_max,mem_mean,mem_std,mem_min,mem_max,n_hashes
datm_cdeps_multiple_files_cfsr_intel,acorn,intel,188.875,5.055542566164187,173,196,1549.3541666666667,115.33475599192255,767,1568,48
datm_cdeps_multiple_files_cfsr_intel,derecho,intel,170.1818181818182,7.18078243394383,150,177,712533.1818181818,817005.9401616146,764,1577068,11
datm_cdeps_multiple_files_cfsr_intel,gaeac6,intel,123.29787234042553,4.471722232258974,104,142,185835.7659574468,950638.3241960476,1544,6338600,47
datm_cdeps_multiple_files_cfsr_intel,hera,intel,182.3125,4.482382772493772,166,195,1992.6666666666667,103.64101983726229,1290,2014,48
datm_cdeps_multiple_files_cfsr_intel,hercules,intel,147.66666666666666,20.422487952852297,126,284,492847.8541666667,820434.5833648032,1863,1884564,48
datm_cdeps_multiple_files_cfsr_intel,orion,intel,210.79166666666666,17.380544678845176,176,316,79642.41666666667,377002.63208110107,1165,1870208,48
datm_cdeps_multiple_files_cfsr_intel,ursa,intel,312.53061224489795,371.15754191228194,105,1795,41520.63265306123,277161.42793270416,1202,1942056,49
