test_name,machine,compiler,core_mean,core_std,core_min,core_max,mem_mean,mem_std,mem_min,mem_max,n_hashes
datm_cdeps_iau_gefs_intel,acorn,intel,165.17777777777778,6.527177062409168,154,176,676.1555555555556,6.082596468448367,670,687,45
datm_cdeps_iau_gefs_intel,derecho,intel,163.95238095238096,3.894664148157762,159,172,648.5714285714286,5.255161723360766,645,661,42
datm_cdeps_iau_gefs_intel,gaeac6,intel,111.9375,3.1984454335644674,109,128,137884.0625,913887.6520653438,669,6337568,48
datm_cdeps_iau_gefs_intel,hera,intel,170.88888888888889,2.3235087282938034,166,175,1246.0,18.98606299987691,1217,1266,18
datm_cdeps_iau_gefs_intel,hercules,intel,138.5625,9.673183484427659,133,196,23675.541666666668,156456.58629438342,1069,1085056,48
datm_cdeps_iau_gefs_intel,orion,intel,190.93617021276594,3.1581795479919066,186,202,24224.021276595744,158562.9424105483,1074,1088148,47
datm_cdeps_iau_gefs_intel,ursa,intel,216.94,239.8346717968825,108,1037,1171.44,13.570917283601963,1149,1201,50
