test_name,machine,compiler,core_mean,core_std,core_min,core_max,mem_mean,mem_std,mem_min,mem_max,n_hashes
datm_cdeps_ciceC_cfsr_intel,acorn,intel,179.25531914893617,15.604442072561573,152,199,1191.0425531914893,404.25685751204446,755,1568,47
datm_cdeps_ciceC_cfsr_intel,derecho,intel,157.53333333333333,10.877795584658198,149,175,261331.43333333332,592242.6791475848,756,1565328,30
datm_cdeps_ciceC_cfsr_intel,gaeac6,intel,113.43478260869566,10.155791284698475,102,130,84700.89130434782,292356.029261753,752,1560500,46
datm_cdeps_ciceC_cfsr_intel,hera,intel,178.125,17.249884365939895,159,266,1625.7708333333333,406.5252989737216,1153,2021,48
datm_cdeps_ciceC_cfsr_intel,hercules,intel,144.53061224489795,21.649771015740875,127,259,950898.8775510204,727173.3625599433,1142,1881620,49
datm_cdeps_ciceC_cfsr_intel,orion,intel,212.5,52.57618585585052,177,536,103615.33333333333,408060.90447165724,1138,1867672,48
datm_cdeps_ciceC_cfsr_intel,ursa,intel,140.27272727272728,96.66348610232588,98,653,60624.93939393939,338016.49081821245,1204,1943540,33
