test_name,machine,compiler,core_mean,core_std,core_min,core_max,mem_mean,mem_std,mem_min,mem_max,n_hashes
datm_cdeps_lnd_era5_intel,acorn,intel,57.28888888888889,18.63723328840589,41,177,437.5111111111111,0.7574545357560285,436,439,45
datm_cdeps_lnd_era5_intel,derecho,intel,58.02173913043478,3.486412549278717,53,66,402.3695652173913,0.798851833075291,401,405,46
datm_cdeps_lnd_era5_intel,gaeac6,intel,44.4375,2.2682475192338787,42,52,6338.6875,0.7192268307304873,6338,6342,48
datm_cdeps_lnd_era5_intel,hera,intel,38.6,14.237665226823923,33,79,308.0,3.091206165165235,304,313,10
datm_cdeps_lnd_era5_intel,hercules,intel,38.666666666666664,4.935038999752487,33,60,12188.416666666666,80579.95414436399,552,558832,48
datm_cdeps_lnd_era5_intel,orion,intel,50.48936170212766,8.518196227783386,44,96,7021.0,45972.67851150005,310,315488,47
datm_cdeps_lnd_era5_intel,ursa,intel,33.08,3.102599305256737,30,46,623.44,5.945878352922755,616,643,50
