test_name,machine,compiler,core_mean,core_std,core_min,core_max,mem_mean,mem_std,mem_min,mem_max,n_hashes
datm_cdeps_control_gefs_intel,acorn,intel,169.2826086956522,7.690291263024108,152,181,681.8260869565217,5.4336578546279934,670,689,46
datm_cdeps_control_gefs_intel,derecho,intel,164.64285714285714,4.908503498359405,157,171,649.5,5.971084169047179,645,660,14
datm_cdeps_control_gefs_intel,gaeac6,intel,112.53333333333333,3.38848316829495,108,130,143534.73333333334,944540.5845467318,665,6338876,45
datm_cdeps_control_gefs_intel,hera,intel,168.63636363636363,2.534330874406991,162,173,1258.5,18.04709601067735,1217,1284,44
datm_cdeps_control_gefs_intel,hercules,intel,135.7608695652174,2.242863077097812,132,144,1111.9130434782608,17.29845990184803,1073,1136,46
datm_cdeps_control_gefs_intel,orion,intel,187.06666666666666,1.6292775867069156,184,191,1119.2666666666667,16.979131576464823,1077,1140,45
datm_cdeps_control_gefs_intel,ursa,intel,268.42857142857144,291.6734046840747,103,1081,1191.3469387755101,14.966004560904315,1154,1215,49
