test_name,machine,compiler,core_mean,core_std,core_min,core_max,mem_mean,mem_std,mem_min,mem_max,n_hashes
datm_cdeps_bulk_gefs_intel,acorn,intel,164.4857142857143,6.24674705262634,152,179,677.7142857142857,6.01748153579335,670,688,35
datm_cdeps_bulk_gefs_intel,derecho,intel,163.57692307692307,4.051400517579833,159,170,648.8461538461538,7.086281437777133,645,672,26
datm_cdeps_bulk_gefs_intel,gaeac6,intel,111.77142857142857,4.85123219208405,108,135,186291.74285714285,1070541.9178848665,665,6338736,35
datm_cdeps_bulk_gefs_intel,hera,intel,167.42857142857142,2.063284482843531,163,171,1250.7619047619048,16.91716513457476,1215,1272,21
datm_cdeps_bulk_gefs_intel,hercules,intel,135.22857142857143,2.787426752250115,131,143,1099.2285714285715,17.00879653778797,1077,1135,35
datm_cdeps_bulk_gefs_intel,orion,intel,187.85294117647058,2.7428402989466667,183,196,1103.6176470588234,17.19939164865381,1079,1131,34
datm_cdeps_bulk_gefs_intel,ursa,intel,241.2972972972973,259.3368535391829,104,1114,1181.162162162162,24.944954414685675,1153,1293,37
