test_name,machine,compiler,core_mean,core_std,core_min,core_max,mem_mean,mem_std,mem_min,mem_max,n_hashes
datm_cdeps_debug_cfsr_intel,derecho,intel,331.7857142857143,13.23270174999783,309,344,559015.2857142857,776638.2819003599,748,1564496,14
datm_cdeps_debug_cfsr_intel,gaeac6,intel,245.25531914893617,6.677242613359842,224,252,66281.44680851063,269159.3357323154,745,1558536,47
datm_cdeps_debug_cfsr_intel,hera,intel,411.2291666666667,9.671717010390559,381,427,1854.4166666666667,194.93510467707185,1211,1918,48
datm_cdeps_debug_cfsr_intel,hercules,intel,340.5416666666667,61.946084427399654,300,684,534333.4791666666,781995.0270593631,1771,1783920,48
datm_cdeps_debug_cfsr_intel,orion,intel,421.5833333333333,18.035229511877564,379,497,75811.5,359113.53711628617,1077,1781676,48
datm_cdeps_debug_cfsr_intel,ursa,intel,308.8775510204082,167.91498750025528,222,872,39420.02040816326,263424.6523498615,1133,1845760,49
