test_name,machine,compiler,core_mean,core_std,core_min,core_max,mem_mean,mem_std,mem_min,mem_max,n_hashes
datm_cdeps_control_cfsr_gnu,derecho,gnu,184.55172413793105,3.737705626417585,180,191,1515.7931034482758,1.145778286481887,1514,1517,29
datm_cdeps_control_cfsr_gnu,hera,gnu,204.16666666666666,4.052103185986881,199,217,1554.9666666666667,1.0333518722845614,1554,1557,30
datm_cdeps_control_cfsr_gnu,hercules,gnu,164.82978723404256,2.343530863946166,160,172,1604.3617021276596,1.1310928135309888,1602,1608,47
datm_cdeps_control_cfsr_gnu,ursa,gnu,291.9591836734694,283.8406212988545,123,1321,1512.2857142857142,1.0000000000000016,1509,1514,49
