test_name,machine,compiler,core_mean,core_std,core_min,core_max,mem_mean,mem_std,mem_min,mem_max,n_hashes
datm_cdeps_control_gefs_intel,acorn,intel,172.64583333333334,8.370387477579682,150,186,678.375,13.826624024500429,646,687,48
datm_cdeps_control_gefs_intel,derecho,intel,153.2941176470588,8.730440323104787,141,162,200956.5294117647,319852.7814091034,640,682284,17
datm_cdeps_control_gefs_intel,gaeac6,intel,109.59574468085107,5.428025401514075,97,117,55799.1914893617,182772.3505464889,638,677176,47
datm_cdeps_control_gefs_intel,hera,intel,172.41666666666666,19.308066149661812,158,272,1249.4791666666667,39.982437412174264,1152,1284,48
datm_cdeps_control_gefs_intel,hercules,intel,136.8125,17.729235682125168,121,242,409611.8125,533616.9965221751,1025,1137456,48
datm_cdeps_control_gefs_intel,orion,intel,189.0625,22.529797054548645,167,333,47937.083333333336,226953.9103147197,1023,1125752,48
datm_cdeps_control_gefs_intel,ursa,intel,235.27083333333334,252.61161338369234,97,986,26128.020833333332,172806.48824125834,1102,1198424,48
