test_name,machine,compiler,core_mean,core_std,core_min,core_max,mem_mean,mem_std,mem_min,mem_max,n_hashes
datm_cdeps_debug_cfsr_intel,derecho,intel,339.2,5.846176338238335,325,344,782321.7,822993.8476024999,1561,1564496,10
datm_cdeps_debug_cfsr_intel,gaeac6,intel,247.47826086956522,3.0385605542009317,240,257,173245.52173913043,957001.1287308504,1545,6337568,46
datm_cdeps_debug_cfsr_intel,hera,intel,413.4791666666667,7.0257568179697305,398,427,1912.6041666666667,3.200662054740019,1904,1918,48
datm_cdeps_debug_cfsr_intel,hercules,intel,343.1276595744681,61.805310388585696,319,684,455035.08510638296,782456.77100313,1771,1783920,47
datm_cdeps_debug_cfsr_intel,orion,intel,425.1914893617021,13.807115836900175,413,497,77446.0425531915,362815.60345909797,1763,1781676,47
datm_cdeps_debug_cfsr_intel,ursa,intel,316.3673469387755,173.22777561608868,237,872,39477.4081632653,263416.2113577673,1832,1845760,49
