test_name,machine,compiler,core_mean,core_std,core_min,core_max,mem_mean,mem_std,mem_min,mem_max,n_hashes
datm_cdeps_bulk_gefs_intel,acorn,intel,163.86666666666667,6.179684922965448,152,179,676.7,5.8436526130554105,670,688,30
datm_cdeps_bulk_gefs_intel,derecho,intel,163.57692307692307,4.051400517579833,159,170,648.8461538461538,7.086281437777133,645,672,26
datm_cdeps_bulk_gefs_intel,gaeac6,intel,111.86666666666666,5.230766630258886,108,135,217228.7,1156168.6118767944,672,6338736,30
datm_cdeps_bulk_gefs_intel,hera,intel,167.375,2.27669350887057,163,171,1246.9375,17.69922314679366,1215,1272,16
datm_cdeps_bulk_gefs_intel,hercules,intel,135.16666666666666,2.889736097404681,131,143,1094.9666666666667,14.211416812411564,1077,1131,30
datm_cdeps_bulk_gefs_intel,orion,intel,187.93103448275863,2.603994657701874,183,196,1099.896551724138,15.757866125449473,1079,1131,29
datm_cdeps_bulk_gefs_intel,ursa,intel,254.71875,274.5565614651168,107,1114,1178.125,25.50237180620524,1153,1293,32
