test_name,machine,compiler,core_mean,core_std,core_min,core_max,mem_mean,mem_std,mem_min,mem_max,n_hashes
datm_cdeps_bulk_gefs_intel,acorn,intel,172.60416666666666,5.354415888175493,157,186,682.2083333333334,9.556012551609822,643,688,48
datm_cdeps_bulk_gefs_intel,derecho,intel,156.3846153846154,7.251878624862904,144,162,262330.92307692306,344499.6022052521,641,681272,13
datm_cdeps_bulk_gefs_intel,gaeac6,intel,110.40425531914893,4.240896000837171,96,119,28759.76595744681,134726.82437213665,640,679192,47
datm_cdeps_bulk_gefs_intel,hera,intel,167.4375,2.974403212088949,159,176,1259.3125,24.966493503740995,1162,1281,48
datm_cdeps_bulk_gefs_intel,hercules,intel,137.14583333333334,20.934537871338957,123,277,344368.3541666667,514957.01971947256,1106,1126800,48
datm_cdeps_bulk_gefs_intel,orion,intel,189.33333333333334,18.306298571144477,168,300,47958.729166666664,227008.75768922642,1027,1125940,48
datm_cdeps_bulk_gefs_intel,ursa,intel,179.6734693877551,251.28862785608885,96,1727,25492.48979591837,170098.18015562397,1100,1191880,49
