test_name,machine,compiler,core_mean,core_std,core_min,core_max,mem_mean,mem_std,mem_min,mem_max,n_hashes
datm_cdeps_mx025_cfsr_intel,acorn,intel,424.46666666666664,7.927512506798975,407,442,1366.8,1.5753787423404904,1364,1369,45
datm_cdeps_mx025_cfsr_intel,derecho,intel,414.5833333333333,26.501078145183886,392,511,1333.8333333333333,0.5606119105813773,1332,1335,36
datm_cdeps_mx025_cfsr_intel,gaeac6,intel,294.25531914893617,9.234783218440027,283,334,140227.70212765958,923831.2341570203,1359,6338928,47
datm_cdeps_mx025_cfsr_intel,hera,intel,436.30434782608694,5.980534960935546,423,454,1778.608695652174,2.950179200023835,1773,1783,23
datm_cdeps_mx025_cfsr_intel,hercules,intel,361.1276595744681,55.8350120098712,344,731,38113.53191489362,249556.3298136054,1703,1712584,47
datm_cdeps_mx025_cfsr_intel,orion,intel,462.69565217391306,4.778979738709428,454,476,37633.282608695656,243981.015353669,1650,1656420,46
datm_cdeps_mx025_cfsr_intel,ursa,intel,328.3061224489796,7.371691578918243,315,353,1821.795918367347,14.02375899416892,1794,1851,49
