test_name,machine,compiler,core_mean,core_std,core_min,core_max,mem_mean,mem_std,mem_min,mem_max,n_hashes
datm_cdeps_restart_cfsr_intel,acorn,intel,115.89583333333333,15.43171586732756,90,138,1109.2083333333333,407.7739756877909,740,1568,48
datm_cdeps_restart_cfsr_intel,derecho,intel,96.94285714285714,8.643062015767523,89,111,224050.2857142857,554610.1087125011,743,1564992,35
datm_cdeps_restart_cfsr_intel,gaeac6,intel,71.91489361702128,11.305692654653235,62,105,82135.27659574468,287771.64213001326,739,1560740,47
datm_cdeps_restart_cfsr_intel,hera,intel,114.46938775510205,20.15678343306161,97,213,1496.1020408163265,403.2510717539984,1101,1960,49
datm_cdeps_restart_cfsr_intel,hercules,intel,94.84,39.22949743990809,76,349,1012020.8,642450.3669026797,1095,1827064,50
datm_cdeps_restart_cfsr_intel,orion,intel,143.0612244897959,43.348110379454695,111,393,98107.0,391662.38716383657,1102,1820780,49
datm_cdeps_restart_cfsr_intel,ursa,intel,119.85714285714286,110.99806948128165,62,556,69441.57142857143,358453.2721048845,1156,1898456,28
