test_name,machine,compiler,core_mean,core_std,core_min,core_max,mem_mean,mem_std,mem_min,mem_max,n_hashes
datm_cdeps_multiple_files_cfsr_intel,acorn,intel,180.8,5.163684378778039,171,194,1565.911111111111,1.5347819244295307,1564,1568,45
datm_cdeps_multiple_files_cfsr_intel,derecho,intel,173.0681818181818,3.4126830968699293,169,180,1543.0,0.3735436838188327,1542,1544,44
datm_cdeps_multiple_files_cfsr_intel,gaeac6,intel,122.54166666666667,5.5003223632157034,119,144,138259.79166666666,913983.3417061721,6337,6338600,48
datm_cdeps_multiple_files_cfsr_intel,hera,intel,183.2,2.782598990666307,180,190,1993.8,13.105069902249843,1979,2012,15
datm_cdeps_multiple_files_cfsr_intel,hercules,intel,146.95744680851064,4.252658742831213,142,171,41350.55319148936,270797.3801458596,1838,1858344,47
datm_cdeps_multiple_files_cfsr_intel,orion,intel,210.41304347826087,3.3371717030811343,205,222,41840.0,271231.7063345573,1837,1841432,46
datm_cdeps_multiple_files_cfsr_intel,ursa,intel,284.62,267.04565764173384,112,882,1922.72,15.90410035692894,1909,2017,50
