test_name,machine,compiler,core_mean,core_std,core_min,core_max,mem_mean,mem_std,mem_min,mem_max,n_hashes
datm_cdeps_gfs_intel,acorn,intel,307.72727272727275,5.2356720825934415,297,321,4521.045454545455,1.5394735653301992,4519,4525,44
datm_cdeps_gfs_intel,derecho,intel,283.3333333333333,7.888426505157589,273,300,4498.488888888889,1.1000459127242332,4496,4502,45
datm_cdeps_gfs_intel,gaeac6,intel,222.8125,7.16865591722565,217,260,6337.729166666667,0.6098337175990126,6337,6339,48
datm_cdeps_gfs_intel,hera,intel,287.6666666666667,5.515817475609796,282,299,4966.5,3.261343839027673,4962,4972,12
datm_cdeps_gfs_intel,hercules,intel,235.04255319148936,9.677309738469834,226,292,107501.65957446808,703876.3680804316,4821,4830364,47
datm_cdeps_gfs_intel,orion,intel,357.5652173913044,9.4036687259413,349,411,109839.63043478261,712230.9149628482,4779,4835412,46
datm_cdeps_gfs_intel,ursa,intel,332.36,258.72747935120566,188,997,4789.06,2.324755857271486,4786,4798,50
