test_name,machine,compiler,core_mean,core_std,core_min,core_max,mem_mean,mem_std,mem_min,mem_max,n_hashes
datm_cdeps_multiple_files_cfsr_intel,acorn,intel,186.80851063829786,5.30642882398462,171,196,1565.8510638297873,1.4741058218791663,1564,1568,47
datm_cdeps_multiple_files_cfsr_intel,derecho,intel,176.83333333333334,3.406766884607861,171,180,1543.0,0.0,1543,1543,12
datm_cdeps_multiple_files_cfsr_intel,gaeac6,intel,124.02173913043478,4.160604285356114,119,144,140770.23913043478,934129.8859798218,1544,6338600,46
datm_cdeps_multiple_files_cfsr_intel,hera,intel,182.19148936170214,2.4104689952493197,179,190,2003.276595744681,10.265395919130578,1979,2014,47
datm_cdeps_multiple_files_cfsr_intel,hercules,intel,145.52173913043478,2.8420581777983256,142,155,1866.195652173913,9.29664112633616,1844,1882,46
datm_cdeps_multiple_files_cfsr_intel,orion,intel,208.08695652173913,2.950149427149767,205,222,1866.2826086956522,10.421480047325824,1842,1879,46
datm_cdeps_multiple_files_cfsr_intel,ursa,intel,311.1224489795918,367.04697886493705,105,1795,1938.591836734694,16.473360271646424,1909,2017,49
