test_name,machine,compiler,core_mean,core_std,core_min,core_max,mem_mean,mem_std,mem_min,mem_max,n_hashes
datm_cdeps_mx025_cfsr_intel,acorn,intel,427.3541666666667,18.46271640802407,368,442,1309.125,190.78556805671494,682,1369,48
datm_cdeps_mx025_cfsr_intel,derecho,intel,382.14285714285717,23.774120198417272,343,399,489749.0,680387.0663570847,684,1370824,14
datm_cdeps_mx025_cfsr_intel,gaeac6,intel,291.48936170212767,13.805909793848913,248,309,59897.04255319149,240937.81115041836,692,1370604,47
datm_cdeps_mx025_cfsr_intel,hera,intel,430.8125,24.142886930972015,361,530,1726.9583333333333,179.32152964133397,1136,1785,48
datm_cdeps_mx025_cfsr_intel,hercules,intel,356.2916666666667,49.28335713788319,292,655,526791.1041666666,762960.8208910427,1703,1720136,48
datm_cdeps_mx025_cfsr_intel,orion,intel,460.3541666666667,37.22587157051393,383,619,70767.72916666667,335203.36407364235,1015,1666192,48
datm_cdeps_mx025_cfsr_intel,ursa,intel,328.734693877551,13.680545052196184,283,348,39212.857142857145,261966.16895603147,1283,1835552,49
