test_name,machine,compiler,core_mean,core_std,core_min,core_max,mem_mean,mem_std,mem_min,mem_max,n_hashes
datm_cdeps_lm4_gswp3_rst_intel,hera,intel,23.5625,22.66960308993784,16,146,500.0416666666667,22.716530988287957,453,523,48
datm_cdeps_lm4_gswp3_rst_intel,orion,intel,25.875,16.309017216043138,19,127,28306.208333333332,109033.22227279957,437,447444,48
