test_name,machine,compiler,core_mean,core_std,core_min,core_max,mem_mean,mem_std,mem_min,mem_max,n_hashes
datm_cdeps_mx025_cfsr_intel,acorn,intel,431.9347826086956,6.458077367531635,413,442,1366.5434782608695,1.4407794455183542,1365,1369,46
datm_cdeps_mx025_cfsr_intel,derecho,intel,427.2307692307692,37.530329615201104,392,511,1333.6153846153845,0.7679476477883089,1332,1334,13
datm_cdeps_mx025_cfsr_intel,gaeac6,intel,296.5111111111111,5.594730565542015,284,313,143855.53333333333,944498.6162254554,1356,6338928,45
datm_cdeps_mx025_cfsr_intel,hera,intel,435.26666666666665,6.763538611219315,421,454,1779.5555555555557,2.9737912407286977,1773,1785,45
datm_cdeps_mx025_cfsr_intel,hercules,intel,356.9782608695652,14.373570082210355,342,431,1714.3695652173913,6.809662075649598,1703,1736,46
datm_cdeps_mx025_cfsr_intel,orion,intel,459.68888888888887,4.004668992235668,454,471,1660.6666666666667,4.005677788521506,1650,1668,45
datm_cdeps_mx025_cfsr_intel,ursa,intel,331.9591836734694,4.752013536708537,319,347,1829.6122448979593,14.615654174164673,1794,1852,49
