test_name,machine,compiler,core_mean,core_std,core_min,core_max,mem_mean,mem_std,mem_min,mem_max,n_hashes
datm_cdeps_control_cfsr_intel,acorn,intel,184.82978723404256,6.741562033342015,172,199,1566.1702127659576,1.4037085808077754,1564,1568,47
datm_cdeps_control_cfsr_intel,derecho,intel,174.0,3.8514066694304465,169,181,1543.08,0.27688746209727555,1543,1544,25
datm_cdeps_control_cfsr_intel,gaeac6,intel,123.53191489361703,2.962453916939601,119,133,139125.2340425532,923907.7993305583,1544,6338332,47
datm_cdeps_control_cfsr_intel,hera,intel,180.7058823529412,2.702741725401195,174,186,2000.9705882352941,12.013843767409753,1969,2017,34
datm_cdeps_control_cfsr_intel,hercules,intel,146.70212765957447,2.749821287608256,143,154,1859.1914893617022,10.027436921359289,1842,1877,47
datm_cdeps_control_cfsr_intel,orion,intel,209.2391304347826,2.2918675801256274,206,215,1858.8695652173913,12.748174066468753,1838,1880,46
datm_cdeps_control_cfsr_intel,ursa,intel,344.3265306122449,322.8635797925536,105,1071,1931.204081632653,12.148353097980014,1908,1952,49
