test_name,machine,compiler,core_mean,core_std,core_min,core_max,mem_mean,mem_std,mem_min,mem_max,n_hashes
datm_cdeps_lm4_gswp3_intel,hera,intel,32.170212765957444,1.1096248668135003,30,36,635.2765957446809,2.3929436816314147,629,639,47
datm_cdeps_lm4_gswp3_intel,orion,intel,37.5,2.509980079602225,34,49,564.9130434782609,3.046499535580094,554,571,46
