test_name,machine,compiler,core_mean,core_std,core_min,core_max,mem_mean,mem_std,mem_min,mem_max,n_hashes
datm_cdeps_mx025_cfsr_intel,acorn,intel,426.531914893617,7.8126181767195035,407,442,1366.7021276595744,1.559192846050381,1364,1369,47
datm_cdeps_mx025_cfsr_intel,derecho,intel,416.7586206896552,27.727829203081697,392,511,1333.7931034482758,0.5592923044109747,1332,1334,29
datm_cdeps_mx025_cfsr_intel,gaeac6,intel,296.06382978723406,8.703832877129843,284,334,139486.25531914894,923942.757092302,1358,6338928,47
datm_cdeps_mx025_cfsr_intel,hera,intel,437.26666666666665,6.617288398364283,423,454,1779.0333333333333,2.930026872106247,1773,1783,30
datm_cdeps_mx025_cfsr_intel,hercules,intel,361.97872340425533,55.80107890561372,344,731,1712.468085106383,6.665456257679247,1703,1736,47
datm_cdeps_mx025_cfsr_intel,orion,intel,461.3695652173913,4.473917972983559,454,476,1660.2391304347825,3.60976935310395,1650,1667,46
datm_cdeps_mx025_cfsr_intel,ursa,intel,329.0204081632653,6.926668860036445,315,347,1824.6734693877552,14.724395509807858,1794,1851,49
