test_name,machine,compiler,core_mean,core_std,core_min,core_max,mem_mean,mem_std,mem_min,mem_max,n_hashes
datm_cdeps_multiple_files_cfsr_intel,acorn,intel,179.64444444444445,5.077381015818886,168,192,1565.7333333333333,1.4045380994218235,1564,1568,45
datm_cdeps_multiple_files_cfsr_intel,derecho,intel,171.7826086956522,2.7721876117228077,165,178,1543.2826086956522,0.9348331634458963,1542,1547,46
datm_cdeps_multiple_files_cfsr_intel,gaeac6,intel,121.55555555555556,4.520436199565636,119,143,6337.688888888889,0.5144380085553538,6337,6339,45
datm_cdeps_multiple_files_cfsr_intel,hera,intel,183.5,4.08656334834051,180,190,1982.3333333333333,1.9663841605003514,1979,1985,6
datm_cdeps_multiple_files_cfsr_intel,hercules,intel,147.04255319148936,4.1228812572325655,142,171,41348.17021276596,270797.7352561935,1834,1858344,47
datm_cdeps_multiple_files_cfsr_intel,orion,intel,210.67391304347825,3.1906415086491577,205,222,41838.69565217391,271231.90284009895,1837,1841432,46
datm_cdeps_multiple_files_cfsr_intel,ursa,intel,325.34,311.6783146719301,115,1035,1919.74,7.13087566537965,1908,1934,50
