test_name,machine,compiler,core_mean,core_std,core_min,core_max,mem_mean,mem_std,mem_min,mem_max,n_hashes
datm_cdeps_control_gefs_intel,acorn,intel,163.5531914893617,8.053647595528957,152,181,679.1063829787234,6.634016563378596,669,689,47
datm_cdeps_control_gefs_intel,derecho,intel,162.72413793103448,4.199460439186872,157,171,647.8275862068965,4.884881673645469,645,660,29
datm_cdeps_control_gefs_intel,gaeac6,intel,111.97872340425532,3.566080308918707,108,130,139263.6170212766,923969.0622860974,667,6338876,47
datm_cdeps_control_gefs_intel,hera,intel,168.46666666666667,2.542512107363885,162,173,1252.5666666666666,18.46279265560003,1217,1275,30
datm_cdeps_control_gefs_intel,hercules,intel,136.46808510638297,2.376067849911274,133,145,1100.595744680851,19.902653935406057,1073,1136,47
datm_cdeps_control_gefs_intel,orion,intel,188.30434782608697,2.0425426987772886,185,193,1108.1739130434783,18.463542873970425,1077,1135,46
datm_cdeps_control_gefs_intel,ursa,intel,258.44897959183675,260.744931336521,103,1081,1182.3265306122448,16.50553916505766,1151,1210,49
