test_name,machine,compiler,core_mean,core_std,core_min,core_max,mem_mean,mem_std,mem_min,mem_max,n_hashes
datm_cdeps_mx025_gefs_intel,acorn,intel,413.75,18.485762203796657,362,430,699.6666666666666,14.073263217486303,661,714,48
datm_cdeps_mx025_gefs_intel,derecho,intel,370.6875,20.684031683080207,341,389,223133.375,340757.8070506725,671,713716,16
datm_cdeps_mx025_gefs_intel,gaeac6,intel,276.9148936170213,13.56118147224714,243,304,58946.53191489362,193077.59704088012,672,714192,47
datm_cdeps_mx025_gefs_intel,hera,intel,419.2291666666667,24.079866741107672,358,511,1155.2083333333333,12.32703020840224,1119,1167,48
datm_cdeps_mx025_gefs_intel,hercules,intel,344.5208333333333,50.1868803672126,289,637,420139.3958333333,571812.2954627807,1171,1202180,48
datm_cdeps_mx025_gefs_intel,orion,intel,437.8958333333333,45.90612047606637,380,673,44205.770833333336,209247.26266668233,999,1037648,48
datm_cdeps_mx025_gefs_intel,ursa,intel,324.61224489795916,15.600235477029685,282,376,29236.34693877551,195138.36757740122,1280,1367328,49
