test_name,machine,compiler,core_mean,core_std,core_min,core_max,mem_mean,mem_std,mem_min,mem_max,n_hashes
datm_cdeps_iau_gefs_intel,acorn,intel,166.0,6.987000917287898,154,182,677.6444444444444,6.245564082376469,670,687,45
datm_cdeps_iau_gefs_intel,derecho,intel,164.19444444444446,4.139147216823747,159,172,648.4722222222222,5.228963902348531,645,660,36
datm_cdeps_iau_gefs_intel,gaeac6,intel,112.19148936170212,3.1940045593086355,109,128,140080.02127659574,923651.1278151482,669,6337568,47
datm_cdeps_iau_gefs_intel,hera,intel,170.65217391304347,2.207604535817327,166,175,1249.6521739130435,18.187429964006803,1217,1267,23
datm_cdeps_iau_gefs_intel,hercules,intel,138.51063829787233,9.507142258930653,133,196,24159.68085106383,158111.71246898247,1069,1085056,47
datm_cdeps_iau_gefs_intel,orion,intel,190.8695652173913,3.283688276260721,186,202,24730.260869565216,160276.66791221214,1074,1088148,46
datm_cdeps_iau_gefs_intel,ursa,intel,247.79591836734693,273.4209193709579,109,1037,1175.3877551020407,15.060733058922208,1149,1205,49
