test_name,machine,compiler,core_mean,core_std,core_min,core_max,mem_mean,mem_std,mem_min,mem_max,n_hashes
datm_cdeps_mx025_cfsr_intel,acorn,intel,428.6041666666667,16.25820851052265,368,442,1323.3958333333333,167.10408777909137,682,1369,48
datm_cdeps_mx025_cfsr_intel,derecho,intel,385.15384615384613,21.79008243003438,347,399,527368.9230769231,692848.4811159967,684,1370824,13
datm_cdeps_mx025_cfsr_intel,gaeac6,intel,292.4255319148936,12.499990749302759,248,309,45144.17021276596,221678.7924153087,692,1370604,47
datm_cdeps_mx025_cfsr_intel,hera,intel,432.1875,22.17210846124071,361,530,1740.3333333333333,156.92610177545257,1136,1785,48
datm_cdeps_mx025_cfsr_intel,hercules,intel,357.4583333333333,48.45746471416785,292,655,502475.4583333333,760657.6444894879,1703,1720136,48
datm_cdeps_mx025_cfsr_intel,orion,intel,461.8125,35.7947198352649,383,619,70780.95833333333,335200.5655965598,1015,1666192,48
datm_cdeps_mx025_cfsr_intel,ursa,intel,329.61224489795916,12.178903081645288,283,348,39224.244897959186,261964.49799388615,1283,1835552,49
