test_name,machine,compiler,core_mean,core_std,core_min,core_max,mem_mean,mem_std,mem_min,mem_max,n_hashes
datm_cdeps_restart_cfsr_intel,acorn,intel,126.04081632653062,10.657468397938649,99,138,1400.8775510204082,330.707992586427,740,1568,49
datm_cdeps_restart_cfsr_intel,derecho,intel,102.15789473684211,8.782957979928687,90,111,412086.94736842107,706658.124371756,743,1564992,19
datm_cdeps_restart_cfsr_intel,gaeac6,intel,79.20833333333333,9.10916847767182,62,105,80740.1875,284850.4724091748,749,1560740,48
datm_cdeps_restart_cfsr_intel,hera,intel,120.10204081632654,18.320349453043537,97,213,1803.204081632653,299.59145651424467,1110,1960,49
datm_cdeps_restart_cfsr_intel,hercules,intel,93.93877551020408,12.631653631626692,76,138,602715.4693877551,793183.2220907963,1095,1827064,49
datm_cdeps_restart_cfsr_intel,orion,intel,145.20408163265307,19.015322321569975,111,211,75792.48979591837,363072.41989501455,1107,1820780,49
datm_cdeps_restart_cfsr_intel,ursa,intel,161.74468085106383,158.83632101400957,62,588,42131.70212765958,276659.210908979,1156,1898456,47
