test_name,machine,compiler,core_mean,core_std,core_min,core_max,mem_mean,mem_std,mem_min,mem_max,n_hashes
datm_cdeps_lm4_gswp3_intel,hera,intel,37.375,20.264868457925434,30,134,618.3541666666666,29.47157995124615,548,640,48
datm_cdeps_lm4_gswp3_intel,orion,intel,53.104166666666664,71.75971713674811,34,530,35985.270833333336,138637.19902017328,558,568708,48
