test_name,machine,compiler,core_mean,core_std,core_min,core_max,mem_mean,mem_std,mem_min,mem_max,n_hashes
datm_cdeps_debug_cfsr_intel,derecho,intel,327.5,14.312684625061456,309,344,434955.3888888889,719918.1050624594,740,1564496,18
datm_cdeps_debug_cfsr_intel,gaeac6,intel,242.5744680851064,9.1431720327035,223,252,82085.12765957447,286704.35823029303,744,1558536,47
datm_cdeps_debug_cfsr_intel,hera,intel,412.6875,18.11917551315721,381,498,1778.4583333333333,282.62590553993715,1079,1918,48
datm_cdeps_debug_cfsr_intel,hercules,intel,343.5416666666667,70.41668030550878,300,684,601349.9375,779414.1459384436,1061,1783920,48
datm_cdeps_debug_cfsr_intel,orion,intel,418.7916666666667,19.727891836485114,379,497,75737.95833333333,359129.0867891945,1060,1781676,48
datm_cdeps_debug_cfsr_intel,ursa,intel,311.5744680851064,171.2560687189814,222,872,40974.14893617021,268978.1279670361,1133,1845760,47
