test_name,machine,compiler,core_mean,core_std,core_min,core_max,mem_mean,mem_std,mem_min,mem_max,n_hashes
datm_cdeps_bulk_gefs_intel,acorn,intel,166.30434782608697,6.524720735504982,152,179,679.4347826086956,6.112472399985155,670,688,46
datm_cdeps_bulk_gefs_intel,derecho,intel,163.57692307692307,4.051400517579833,159,170,648.8461538461538,7.086281437777133,645,672,26
datm_cdeps_bulk_gefs_intel,gaeac6,intel,111.69565217391305,4.319822862712938,108,135,141903.80434782608,933980.9491930435,665,6338736,46
datm_cdeps_bulk_gefs_intel,hera,intel,167.4375,2.169249907523415,163,173,1256.625,16.055850104576884,1215,1274,32
datm_cdeps_bulk_gefs_intel,hercules,intel,135.1086956521739,2.884658738680766,130,143,1105.4565217391305,18.962778185744366,1077,1137,46
datm_cdeps_bulk_gefs_intel,orion,intel,187.93333333333334,5.180382576254736,183,217,1109.0666666666666,18.02573917284055,1079,1136,45
datm_cdeps_bulk_gefs_intel,ursa,intel,246.375,319.13177595709885,103,1727,1184.9791666666667,23.063731852203592,1153,1293,48
