test_name,machine,compiler,core_mean,core_std,core_min,core_max,mem_mean,mem_std,mem_min,mem_max,n_hashes
datm_cdeps_lnd_gswp3_intel,acorn,intel,67.91111111111111,3.8542905385499373,56,78,301.73333333333335,2.250252511083225,292,305,45
datm_cdeps_lnd_gswp3_intel,derecho,intel,78.34782608695652,5.534607850423642,71,97,267.0,1.095445115010344,265,270,46
datm_cdeps_lnd_gswp3_intel,gaeac6,intel,60.208333333333336,2.697187923566963,56,71,6338.583333333333,0.5392403377381684,6338,6340,48
datm_cdeps_lnd_gswp3_intel,hera,intel,53.5,2.8382310609877353,50,60,250.8,2.394437999475732,248,255,10
datm_cdeps_lnd_gswp3_intel,hercules,intel,58.729166666666664,7.22801754208251,47,84,7281.708333333333,48135.725016346136,325,333828,48
datm_cdeps_lnd_gswp3_intel,orion,intel,79.44680851063829,13.102951062622923,66,154,5559.659574468085,36387.48098637448,247,249712,47
datm_cdeps_lnd_gswp3_intel,ursa,intel,44.62,2.5466264198835646,40,53,365.3,7.080441586597858,358,391,50
