test_name,machine,compiler,core_mean,core_std,core_min,core_max,mem_mean,mem_std,mem_min,mem_max,n_hashes
datm_cdeps_ciceC_cfsr_intel,acorn,intel,189.19148936170214,6.496280868688206,176,202,1566.0851063829787,1.4269119474683505,1564,1568,47
datm_cdeps_ciceC_cfsr_intel,derecho,intel,177.4,3.0258148581093924,174,181,1550.0,8.831760866327818,1543,1561,10
datm_cdeps_ciceC_cfsr_intel,gaeac6,intel,123.08695652173913,2.326906262319817,121,134,140125.39130434784,934070.6980114626,1547,6337568,46
datm_cdeps_ciceC_cfsr_intel,hera,intel,179.70833333333334,2.8130269403928363,174,187,2006.1666666666667,8.796356434616689,1976,2021,48
datm_cdeps_ciceC_cfsr_intel,hercules,intel,146.54347826086956,9.756380298129999,141,208,204786.13043478262,587494.855062469,1845,1873496,46
datm_cdeps_ciceC_cfsr_intel,orion,intel,208.65217391304347,4.023361730384995,204,225,42426.891304347824,275098.10292574443,1839,1867672,46
datm_cdeps_ciceC_cfsr_intel,ursa,intel,201.59183673469389,200.77079783999,109,877,41565.65306122449,277371.25930642366,1913,1943540,49
