test_name,machine,compiler,core_mean,core_std,core_min,core_max,mem_mean,mem_std,mem_min,mem_max,n_hashes
datm_cdeps_gfs_intel,acorn,intel,307.6136363636364,5.172448968313736,297,321,4520.954545454545,1.413465894563758,4519,4524,44
datm_cdeps_gfs_intel,derecho,intel,283.19565217391306,7.855980213873562,273,300,4498.5,1.0903618155863612,4496,4502,46
datm_cdeps_gfs_intel,gaeac6,intel,222.85416666666666,7.211071816144164,217,260,6337.75,0.601416767025763,6337,6339,48
datm_cdeps_gfs_intel,hera,intel,288.09090909090907,5.575922263707513,282,299,4966.909090909091,3.0807319083148395,4962,4972,11
datm_cdeps_gfs_intel,hercules,intel,235.10416666666666,9.58331791549793,226,292,105362.45833333333,696505.7647791232,4820,4830364,48
datm_cdeps_gfs_intel,orion,intel,357.59574468085106,9.303247620117453,349,411,107604.31914893616,704613.4017913996,4779,4835412,47
datm_cdeps_gfs_intel,ursa,intel,332.04,258.89553168513856,188,997,4789.04,2.3383231389268833,4786,4798,50
