test_name,machine,compiler,core_mean,core_std,core_min,core_max,mem_mean,mem_std,mem_min,mem_max,n_hashes
datm_cdeps_iau_gefs_intel,acorn,intel,174.97916666666666,6.650834480783613,160,188,683.5208333333334,7.284461992818908,649,693,48
datm_cdeps_iau_gefs_intel,derecho,intel,159.41666666666666,6.815201368776248,145,164,284043.5,350204.77339499013,641,682604,12
datm_cdeps_iau_gefs_intel,gaeac6,intel,112.12765957446808,3.2943761121868933,99,119,163534.48936170212,929916.3934608846,640,6337568,47
datm_cdeps_iau_gefs_intel,hera,intel,171.20833333333334,3.2021158784920374,166,180,1260.5625,20.675719391122193,1163,1279,48
datm_cdeps_iau_gefs_intel,hercules,intel,144.875,34.081644776012475,126,289,323308.4791666667,507721.32734706294,1109,1124676,48
datm_cdeps_iau_gefs_intel,orion,intel,191.6875,16.06920703997608,171,293,48132.5625,227847.41991964393,1027,1129560,48
datm_cdeps_iau_gefs_intel,ursa,intel,245.08163265306123,271.0333494804878,101,1081,25746.163265306124,171864.85232581088,1101,1204248,49
