test_name,machine,compiler,core_mean,core_std,core_min,core_max,mem_mean,mem_std,mem_min,mem_max,n_hashes
datm_cdeps_multiple_files_cfsr_intel,acorn,intel,182.91489361702128,6.0499004204310936,171,196,1565.9574468085107,1.5457859518916406,1564,1568,47
datm_cdeps_multiple_files_cfsr_intel,derecho,intel,174.26923076923077,3.9654275159956405,169,180,1542.923076923077,0.27174648819472014,1542,1543,26
datm_cdeps_multiple_files_cfsr_intel,gaeac6,intel,124.02127659574468,5.342566398855466,119,144,139232.72340425532,923931.6687860233,1544,6338600,47
datm_cdeps_multiple_files_cfsr_intel,hera,intel,182.45454545454547,2.2512622721890523,179,190,2001.3939393939395,11.556760450974652,1979,2014,33
datm_cdeps_multiple_files_cfsr_intel,hercules,intel,145.93617021276594,2.390236074561863,142,153,1859.9148936170213,11.959769132630838,1838,1882,47
datm_cdeps_multiple_files_cfsr_intel,orion,intel,208.6304347826087,2.6945104329785003,205,218,1858.4565217391305,13.252599781408266,1837,1879,46
datm_cdeps_multiple_files_cfsr_intel,ursa,intel,224.89795918367346,239.54281497068874,105,947,1930.5714285714287,18.72164522684928,1909,2017,49
