test_name,machine,compiler,core_mean,core_std,core_min,core_max,mem_mean,mem_std,mem_min,mem_max,n_hashes
datm_cdeps_lm4_gswp3_rst_intel,hera,intel,23.625,22.655256306161544,16,146,499.0416666666667,23.317383099523216,453,523,48
datm_cdeps_lm4_gswp3_rst_intel,orion,intel,25.9375,16.29176302777546,19,127,28306.166666666668,109033.23314599777,437,447444,48
