test_name,machine,compiler,core_mean,core_std,core_min,core_max,mem_mean,mem_std,mem_min,mem_max,n_hashes
datm_cdeps_gfs_intel,acorn,intel,311.48936170212767,7.540823217733619,297,331,4521.106382978724,1.402389925203703,4519,4525,47
datm_cdeps_gfs_intel,derecho,intel,284.1111111111111,8.271049293182589,273,300,4498.518518518518,1.2517793603311669,4496,4502,27
datm_cdeps_gfs_intel,gaeac6,intel,226.91489361702128,9.018892699878114,218,260,140383.44680851063,923603.8302173533,4504,6337568,47
datm_cdeps_gfs_intel,hera,intel,290.46875,6.796509421944525,282,313,4966.0,3.172462155650154,4957,4972,32
datm_cdeps_gfs_intel,hercules,intel,233.53191489361703,4.037062340418537,226,251,4831.0,2.8207307101406043,4821,4838,47
datm_cdeps_gfs_intel,orion,intel,356.7391304347826,10.816519840007476,349,426,4829.739130434783,3.8264273015072123,4819,4837,46
datm_cdeps_gfs_intel,ursa,intel,262.85714285714283,191.39662135645622,172,997,4788.510204081633,2.1420633450366364,4786,4798,49
