test_name,machine,compiler,core_mean,core_std,core_min,core_max,mem_mean,mem_std,mem_min,mem_max,n_hashes
datm_cdeps_lm4_gswp3_rst_intel,hera,intel,17.11111111111111,1.83268386764607,16,26,511.69444444444446,5.408033413064804,503,521,36
datm_cdeps_lm4_gswp3_rst_intel,orion,intel,21.511111111111113,2.0956906240948814,20,31,450.31111111111113,4.870235304294023,440,461,45
