test_name,machine,compiler,core_mean,core_std,core_min,core_max,mem_mean,mem_std,mem_min,mem_max,n_hashes
datm_cdeps_restart_cfsr_intel,acorn,intel,123.375,12.433011993641884,99,138,1279.0625,392.51206276354566,740,1568,48
datm_cdeps_restart_cfsr_intel,derecho,intel,99.48,9.042123644365853,90,111,313367.48,637707.6154330785,743,1564992,25
datm_cdeps_restart_cfsr_intel,gaeac6,intel,76.12765957446808,10.712887446753498,62,105,82305.74468085106,287722.57022078603,739,1560740,47
datm_cdeps_restart_cfsr_intel,hera,intel,117.8125,19.566206483889836,97,213,1678.25,377.56850864896575,1105,1960,48
datm_cdeps_restart_cfsr_intel,hercules,intel,97.53061224489795,38.98349118580856,76,349,783621.8571428572,760550.1024690397,1095,1827064,49
datm_cdeps_restart_cfsr_intel,orion,intel,146.91836734693877,41.709729447842804,111,393,98250.79591836735,391626.1366123511,1102,1820780,49
datm_cdeps_restart_cfsr_intel,ursa,intel,146.10256410256412,141.69905004172062,62,556,50387.333333333336,303715.5246303541,1156,1898456,39
