test_name,machine,compiler,core_mean,core_std,core_min,core_max,mem_mean,mem_std,mem_min,mem_max,n_hashes
datm_cdeps_iau_gefs_intel,acorn,intel,164.8409090909091,6.931368473957789,154,179,675.5909090909091,6.120184606647945,670,687,44
datm_cdeps_iau_gefs_intel,derecho,intel,163.8409090909091,3.839471752778047,159,172,648.4772727272727,5.151150859730662,645,661,44
datm_cdeps_iau_gefs_intel,gaeac6,intel,111.7872340425532,3.2432952258920515,109,128,6337.68085106383,0.5558535535443242,6337,6339,47
datm_cdeps_iau_gefs_intel,hera,intel,171.14285714285714,1.8752289237539763,168,175,1241.142857142857,18.867379838706352,1217,1266,14
datm_cdeps_iau_gefs_intel,hercules,intel,138.7608695652174,9.839116452222047,133,196,24654.260869565216,159822.1006800909,1069,1085056,46
datm_cdeps_iau_gefs_intel,orion,intel,191.24444444444444,3.023811228141458,186,202,25249.066666666666,162048.70049833783,1074,1088148,45
datm_cdeps_iau_gefs_intel,ursa,intel,230.96,245.9540325395154,108,1037,1169.48,11.849808402825504,1149,1201,50
