test_name,machine,compiler,core_mean,core_std,core_min,core_max,mem_mean,mem_std,mem_min,mem_max,n_hashes
datm_cdeps_lm4_gswp3_rst_intel,hera,intel,17.520833333333332,2.4319642996166553,16,32,512.0833333333334,5.464910633025057,503,522,48
datm_cdeps_lm4_gswp3_rst_intel,orion,intel,24.869565217391305,16.03691393927311,19,127,19862.521739130436,92052.97006802096,443,447444,46
