test_name,machine,compiler,core_mean,core_std,core_min,core_max,mem_mean,mem_std,mem_min,mem_max,n_hashes
datm_cdeps_control_cfsr_intel,acorn,intel,184.42857142857142,11.40723454654984,157,197,1337.3469387755101,364.96652534972344,755,1568,49
datm_cdeps_control_cfsr_intel,derecho,intel,159.95454545454547,11.017204177049114,148,173,355863.13636363635,669734.8362688237,762,1562680,22
datm_cdeps_control_cfsr_intel,gaeac6,intel,118.33333333333333,9.757339481583344,101,135,81303.58333333333,286350.7705286924,751,1560216,48
datm_cdeps_control_cfsr_intel,hera,intel,181.46938775510205,17.604570950958923,164,262,1786.938775510204,353.89807902860395,1151,2016,49
datm_cdeps_control_cfsr_intel,hercules,intel,150.79591836734693,29.812594927757136,127,316,717428.4489795918,808239.9298032594,1138,1877252,49
datm_cdeps_control_cfsr_intel,orion,intel,215.3265306122449,55.00355585289541,176,558,101526.57142857143,403959.6251833736,1137,1873528,49
datm_cdeps_control_cfsr_intel,ursa,intel,343.3255813953488,371.9042837004879,96,1540,46738.74418604651,294536.1011518261,1208,1933224,43
