test_name,machine,compiler,core_mean,core_std,core_min,core_max,mem_mean,mem_std,mem_min,mem_max,n_hashes
datm_cdeps_bulk_gefs_intel,acorn,intel,169.875,8.18307802464617,147,186,673.375,17.811811763486414,641,687,48
datm_cdeps_bulk_gefs_intel,derecho,intel,150.63636363636363,8.994948077064734,140,162,155277.77272727274,291820.64163959667,641,681272,22
datm_cdeps_bulk_gefs_intel,gaeac6,intel,106.95744680851064,7.2260321868635105,95,119,55910.29787234042,183155.699127215,640,679192,47
datm_cdeps_bulk_gefs_intel,hera,intel,169.9375,17.398222274067898,158,262,1220.25,79.63761006063781,1025,1281,48
datm_cdeps_bulk_gefs_intel,hercules,intel,145.16326530612244,54.89510715096242,122,481,525273.8571428572,541554.8867086712,1022,1126800,49
datm_cdeps_bulk_gefs_intel,orion,intel,194.53061224489795,48.067271454015504,168,482,67967.08163265306,264807.85294646793,1008,1125940,49
datm_cdeps_bulk_gefs_intel,ursa,intel,146.26190476190476,115.41252828046125,94,622,29532.02380952381,183728.68235957273,1100,1191880,42
