test_name,machine,compiler,core_mean,core_std,core_min,core_max,mem_mean,mem_std,mem_min,mem_max,n_hashes
datm_cdeps_multiple_files_cfsr_intel,acorn,intel,188.51063829787233,4.481228191629834,176,196,1565.9787234042553,1.4816172377583576,1564,1568,47
datm_cdeps_multiple_files_cfsr_intel,derecho,intel,174.5,3.2744804507314207,172,180,471273.5,756326.0158380042,1543,1577068,10
datm_cdeps_multiple_files_cfsr_intel,gaeac6,intel,124.45652173913044,4.400537955695522,122,144,139731.63043478262,934284.7877347884,1544,6338600,46
datm_cdeps_multiple_files_cfsr_intel,hera,intel,182.625,3.767865245817352,179,195,2007.4791666666667,3.6669285851004663,1998,2014,48
datm_cdeps_multiple_files_cfsr_intel,hercules,intel,148.2173913043478,20.59979831991702,142,284,367719.9130434783,749993.4690396481,1861,1884564,46
datm_cdeps_multiple_files_cfsr_intel,orion,intel,211.56521739130434,16.97141672068795,205,316,83038.91304347826,384921.9276889984,1861,1870208,46
datm_cdeps_multiple_files_cfsr_intel,ursa,intel,312.83673469387753,370.991933141116,105,1795,41535.67346938775,277159.2143541166,1928,1942056,49
