test_name,machine,compiler,core_mean,core_std,core_min,core_max,mem_mean,mem_std,mem_min,mem_max,n_hashes
datm_cdeps_iau_gefs_intel,acorn,intel,165.0,6.529652642856562,154,176,675.8666666666667,6.009840415367236,670,687,45
datm_cdeps_iau_gefs_intel,derecho,intel,163.90697674418604,3.859521025602181,159,172,648.5348837209302,5.197750599603788,645,661,43
datm_cdeps_iau_gefs_intel,gaeac6,intel,111.875,3.20654251392634,109,128,138002.14583333334,913869.911436931,669,6337568,48
datm_cdeps_iau_gefs_intel,hera,intel,170.94117647058823,2.3840770812647265,166,175,1244.9411764705883,19.01470019562267,1217,1266,17
datm_cdeps_iau_gefs_intel,hercules,intel,138.54166666666666,9.682092119031854,133,196,23674.458333333332,156456.745912233,1069,1085056,48
datm_cdeps_iau_gefs_intel,orion,intel,191.04255319148936,3.071307941241857,186,202,24223.36170212766,158563.0406615759,1074,1088148,47
datm_cdeps_iau_gefs_intel,ursa,intel,221.7,240.3339725618227,108,1037,1170.84,13.02487416210908,1149,1201,50
