test_name,machine,compiler,core_mean,core_std,core_min,core_max,mem_mean,mem_std,mem_min,mem_max,n_hashes
datm_cdeps_control_gefs_intel,acorn,intel,160.02272727272728,6.620927484960055,152,173,674.6818181818181,5.741617660687822,669,689,44
datm_cdeps_control_gefs_intel,derecho,intel,161.7111111111111,4.037450941003494,150,171,647.3555555555556,4.29140555251556,645,660,45
datm_cdeps_control_gefs_intel,gaeac6,intel,111.14583333333333,3.631947975851364,108,130,6337.5625,0.7692563416369114,6336,6340,48
datm_cdeps_control_gefs_intel,hera,intel,168.16666666666666,2.1248885888797826,165,172,1237.1666666666667,20.73132602579668,1217,1266,12
datm_cdeps_control_gefs_intel,hercules,intel,138.89361702127658,10.342470570531619,133,204,24528.40425531915,160704.2337615853,1073,1102820,47
datm_cdeps_control_gefs_intel,orion,intel,189.82608695652175,1.9585067761614923,185,195,24889.347826086956,161392.72445301007,1077,1095712,46
datm_cdeps_control_gefs_intel,ursa,intel,320.4,300.93351357374064,107,1081,1171.38,11.07099538323047,1147,1202,50
