test_name,machine,compiler,core_mean,core_std,core_min,core_max,mem_mean,mem_std,mem_min,mem_max,n_hashes
datm_cdeps_3072x1536_cfsr_intel,acorn,intel,321.1875,16.37415744137373,279,339,4106.104166666667,936.7630150498303,2032,4523,48
datm_cdeps_3072x1536_cfsr_intel,derecho,intel,271.47058823529414,29.5848729232078,235,303,1331035.8823529412,2120597.368464128,2028,4518924,17
datm_cdeps_3072x1536_cfsr_intel,gaeac6,intel,217.36170212765958,22.829638946577354,166,240,229508.78723404257,811287.9244829318,2027,4515520,47
datm_cdeps_3072x1536_cfsr_intel,hera,intel,290.7083333333333,24.447911047979723,235,386,4576.5,881.8201437693778,2540,4974,48
datm_cdeps_3072x1536_cfsr_intel,hercules,intel,235.04166666666666,40.197892573813945,180,430,1517998.5208333333,2092061.122139447,2399,4835024,48
datm_cdeps_3072x1536_cfsr_intel,orion,intel,347.4583333333333,38.01956849640042,260,480,205369.0,973891.1298647035,2406,4829440,48
datm_cdeps_3072x1536_cfsr_intel,ursa,intel,232.75,157.51129645405848,143,878,104071.14583333333,690220.0549942731,2480,4786428,48
