test_name,machine,compiler,core_mean,core_std,core_min,core_max,mem_mean,mem_std,mem_min,mem_max,n_hashes
datm_cdeps_restart_cfsr_intel,acorn,intel,129.08510638297872,5.356141486076663,120,138,1566.5531914893618,1.2989713428291065,1564,1568,47
datm_cdeps_restart_cfsr_intel,derecho,intel,112.9,4.012480529547777,110,119,313949.6,658583.8986254608,1543,1564992,10
datm_cdeps_restart_cfsr_intel,gaeac6,intel,83.54347826086956,4.193680545980955,81,105,139833.69565217392,934252.1386395495,1546,6338484,46
datm_cdeps_restart_cfsr_intel,hera,intel,119.79166666666667,4.797864477671213,115,145,1951.7708333333333,4.917357806934321,1934,1960,48
datm_cdeps_restart_cfsr_intel,hercules,intel,97.82608695652173,9.57149552421398,92,138,316937.47826086957,694392.7156176023,1800,1827064,46
datm_cdeps_restart_cfsr_intel,orion,intel,148.52173913043478,13.445757910846883,142,211,80768.41304347826,374428.28384853486,1803,1820780,46
datm_cdeps_restart_cfsr_intel,ursa,intel,190.48979591836735,184.54641720185418,70,670,40590.795918367345,270938.67564958154,1871,1898456,49
