test_name,machine,compiler,core_mean,core_std,core_min,core_max,mem_mean,mem_std,mem_min,mem_max,n_hashes
datm_cdeps_control_cfsr_faster_intel,acorn,intel,191.09375,5.126524163602459,183,202,1565.90625,1.2536237795467828,1564,1568,32
datm_cdeps_control_cfsr_faster_intel,gaeac6,intel,123.80645161290323,3.4099790306169457,121,133,1553.4193548387098,4.105071607563693,1547,1561,31
datm_cdeps_control_cfsr_faster_intel,hera,intel,181.4375,4.514760737417769,175,199,2007.78125,3.704699500242503,1999,2015,32
datm_cdeps_control_cfsr_faster_intel,hercules,intel,145.125,2.432972428678487,142,151,60246.03125,330237.2915766816,1852,1869972,32
datm_cdeps_control_cfsr_faster_intel,orion,intel,208.53125,8.06019440652443,204,248,1867.28125,6.692481939918076,1852,1875,32
datm_cdeps_control_cfsr_faster_intel,ursa,intel,166.33333333333334,142.01004952701996,107,733,1941.5454545454545,4.3451906538357665,1931,1950,33
