test_name,machine,compiler,core_mean,core_std,core_min,core_max,mem_mean,mem_std,mem_min,mem_max,n_hashes
datm_cdeps_control_cfsr_faster_intel,acorn,intel,191.5121951219512,5.604114342246734,183,203,1565.7317073170732,1.265393026768823,1564,1568,41
datm_cdeps_control_cfsr_faster_intel,derecho,intel,172.25,1.0350983390135329,171,174,587810.875,809102.3635074043,1561,1569032,8
datm_cdeps_control_cfsr_faster_intel,gaeac6,intel,123.75,3.256157874330432,121,133,1554.9,4.567443317824363,1547,1561,40
datm_cdeps_control_cfsr_faster_intel,hera,intel,181.390243902439,4.134477287278816,175,199,2008.0731707317073,3.983655632094994,1999,2016,41
datm_cdeps_control_cfsr_faster_intel,hercules,intel,145.78048780487805,2.9369388410550106,142,153,411407.6341463415,781830.8113840154,1852,1872812,41
datm_cdeps_control_cfsr_faster_intel,orion,intel,214.02439024390245,24.9022968869119,204,331,92904.63414634146,407003.4817455347,1852,1868328,41
datm_cdeps_control_cfsr_faster_intel,ursa,intel,169.92857142857142,152.15739489850517,107,733,48107.23809523809,299189.6794184707,1931,1940912,42
