test_name,machine,compiler,core_mean,core_std,core_min,core_max,mem_mean,mem_std,mem_min,mem_max,n_hashes
datm_cdeps_lm4_gswp3_intel,hera,intel,37.0625,20.295064120607616,30,134,623.4166666666666,25.994953138109103,548,640,48
datm_cdeps_lm4_gswp3_intel,orion,intel,51.734693877551024,71.00140125090375,34,530,35262.5306122449,137278.71618157922,558,568708,49
