test_name,machine,compiler,core_mean,core_std,core_min,core_max,mem_mean,mem_std,mem_min,mem_max,n_hashes
datm_cdeps_bulk_gefs_intel,acorn,intel,172.53191489361703,4.999352409496515,162,186,684.3829787234042,1.4529309431712083,682,688,47
datm_cdeps_bulk_gefs_intel,derecho,intel,163.1,3.984692933938284,159,169,136781.7,286943.126060452,658,681272,10
datm_cdeps_bulk_gefs_intel,gaeac6,intel,112.23913043478261,3.9731587355861158,110,135,139073.0,934405.2567322407,665,6338736,46
datm_cdeps_bulk_gefs_intel,hera,intel,167.4375,2.08241114341351,163,173,1265.3125,4.89965804277912,1256,1281,48
datm_cdeps_bulk_gefs_intel,hercules,intel,138.0,21.103975402226418,130,277,195255.1739130435,427786.04206746496,1106,1121228,46
datm_cdeps_bulk_gefs_intel,orion,intel,190.3695652173913,17.97944344170392,183,300,50001.52173913043,231777.81019614826,1111,1125940,46
datm_cdeps_bulk_gefs_intel,ursa,intel,172.0408163265306,244.27716150441293,100,1727,25499.163265306124,170097.20596597443,1189,1191880,49
