test_name,machine,compiler,core_mean,core_std,core_min,core_max,mem_mean,mem_std,mem_min,mem_max,n_hashes
datm_cdeps_iau_gefs_intel,acorn,intel,174.08510638297872,6.3411348155757015,157,188,683.4042553191489,4.396933587953412,670,693,47
datm_cdeps_iau_gefs_intel,derecho,intel,168.7,3.3349995835415345,163,172,654.8,9.750213672872325,645,677,10
datm_cdeps_iau_gefs_intel,gaeac6,intel,113.41304347826087,2.777497570408153,110,128,139785.80434782608,934123.2619531446,667,6337568,46
datm_cdeps_iau_gefs_intel,hera,intel,170.66666666666666,2.883063776191683,166,180,1259.3125,13.804341361525907,1217,1279,48
datm_cdeps_iau_gefs_intel,hercules,intel,139.47826086956522,22.623232041848574,133,289,73831.15217391304,278339.78231786075,1080,1120736,46
datm_cdeps_iau_gefs_intel,orion,intel,189.30434782608697,2.755758134987679,186,199,25651.217391304348,166379.4145911237,1081,1129560,46
datm_cdeps_iau_gefs_intel,ursa,intel,222.22448979591837,252.75781106510195,101,1037,1193.2448979591836,11.596570276459753,1160,1212,49
