test_name,machine,compiler,core_mean,core_std,core_min,core_max,mem_mean,mem_std,mem_min,mem_max,n_hashes
datm_cdeps_control_cfsr_intel,acorn,intel,181.1590909090909,7.436375654528506,167,199,1566.090909090909,1.3946439375244113,1564,1568,44
datm_cdeps_control_cfsr_intel,derecho,intel,172.9318181818182,3.2378411360020793,169,181,1543.159090909091,0.36998942902444476,1543,1544,44
datm_cdeps_control_cfsr_intel,gaeac6,intel,122.17021276595744,3.1020270296818824,119,133,6337.702127659574,0.5483133671232393,6337,6339,47
datm_cdeps_control_cfsr_intel,hera,intel,180.64285714285714,2.1342317247536777,177,185,1991.2857142857142,12.934322684110683,1969,2010,14
datm_cdeps_control_cfsr_intel,hercules,intel,147.95652173913044,4.751404572400465,143,168,42015.13043478261,272406.2354937002,1833,1849400,46
datm_cdeps_control_cfsr_intel,orion,intel,211.26666666666668,2.561959477360336,206,218,42760.48888888889,274453.89276936033,1827,1842940,45
datm_cdeps_control_cfsr_intel,ursa,intel,405.6,339.9638035954741,113,1204,1922.62,8.893680397923452,1906,1952,50
