test_name,machine,compiler,core_mean,core_std,core_min,core_max,mem_mean,mem_std,mem_min,mem_max,n_hashes
datm_cdeps_mx025_cfsr_intel,acorn,intel,402.625,31.78359338574915,357,440,1041.6041666666667,341.4642275636991,682,1369,48
datm_cdeps_mx025_cfsr_intel,derecho,intel,360.2903225806452,25.746447714053186,335,399,221558.38709677418,511673.03953258257,684,1370824,31
datm_cdeps_mx025_cfsr_intel,gaeac6,intel,270.8723404255319,24.019572654197876,241,309,74365.76595744681,257900.7605330604,691,1370604,47
datm_cdeps_mx025_cfsr_intel,hera,intel,416.3673469387755,33.02568058695071,361,530,1445.591836734694,346.0986082009568,1063,1785,49
datm_cdeps_mx025_cfsr_intel,hercules,intel,341.74,79.8257822398508,292,757,926046.02,676254.9904955848,1166,1720136,50
datm_cdeps_mx025_cfsr_intel,orion,intel,464.9387755102041,105.80512908236562,383,1089,90084.10204081633,358911.15378131566,1014,1666192,49
datm_cdeps_mx025_cfsr_intel,ursa,intel,324.5625,21.75810935216211,283,389,59019.28125,324180.2947227534,1280,1835552,32
