test_name,machine,compiler,core_mean,core_std,core_min,core_max,mem_mean,mem_std,mem_min,mem_max,n_hashes
datm_cdeps_mx025_cfsr_intel,acorn,intel,432.40425531914894,5.7394878368236535,413,442,1366.5106382978724,1.427560101918052,1365,1369,47
datm_cdeps_mx025_cfsr_intel,derecho,intel,428.27272727272725,39.648684490386074,392,511,1333.6363636363637,0.8090398349558937,1332,1334,11
datm_cdeps_mx025_cfsr_intel,gaeac6,intel,296.7608695652174,5.22040774315867,284,313,140541.86956521738,934213.8360011971,1356,6338928,46
datm_cdeps_mx025_cfsr_intel,hera,intel,437.125,15.184853875952918,421,530,1779.7083333333333,3.031454487874946,1773,1785,48
datm_cdeps_mx025_cfsr_intel,hercules,intel,357.4347826086956,14.162002642302388,342,431,38821.239130434784,251669.47123789918,1703,1708620,46
datm_cdeps_mx025_cfsr_intel,orion,intel,460.8478260869565,8.9193108635249,454,514,1660.7173913043478,3.9421541966474076,1650,1668,46
datm_cdeps_mx025_cfsr_intel,ursa,intel,332.3061224489796,4.1992265241780435,322,347,1830.5714285714287,14.746468503792082,1794,1852,49
