test_name,machine,compiler,core_mean,core_std,core_min,core_max,mem_mean,mem_std,mem_min,mem_max,n_hashes
datm_cdeps_control_cfsr_gnu,derecho,gnu,191.0,,191,191,1517.0,,1517,1517,1
datm_cdeps_control_cfsr_gnu,hera,gnu,205.41666666666666,4.792872959475746,197,221,1555.1041666666667,1.6274190940876991,1552,1559,48
datm_cdeps_control_cfsr_gnu,hercules,gnu,167.84782608695653,11.479387113535966,161,220,350358.73913043475,669026.0497456627,1603,1608160,46
datm_cdeps_control_cfsr_gnu,ursa,gnu,337.53061224489795,374.3452674359603,121,1476,32364.775510204083,215969.72024030986,1509,1513300,49
