test_name,machine,compiler,core_mean,core_std,core_min,core_max,mem_mean,mem_std,mem_min,mem_max,n_hashes
datm_cdeps_lm4_gswp3_rst_intel,hera,intel,17.066666666666666,1.928610958665603,16,26,511.46666666666664,5.210952215143182,503,521,30
datm_cdeps_lm4_gswp3_rst_intel,orion,intel,21.67391304347826,2.4042032436370633,20,31,449.8695652173913,4.960325686673652,440,461,46
