test_name,machine,compiler,core_mean,core_std,core_min,core_max,mem_mean,mem_std,mem_min,mem_max,n_hashes
datm_cdeps_restart_cfsr_intel,acorn,intel,122.91666666666667,12.550889318890349,99,138,1261.9583333333333,397.6413950760336,740,1568,48
datm_cdeps_restart_cfsr_intel,derecho,intel,99.15384615384616,9.01417686843256,90,111,301344.0,627823.8833655183,743,1564992,26
datm_cdeps_restart_cfsr_intel,gaeac6,intel,75.70212765957447,10.830542347849724,62,105,82288.44680851063,287727.5548863972,739,1560740,47
datm_cdeps_restart_cfsr_intel,hera,intel,117.5,19.698795729472636,97,213,1661.0416666666667,383.69302658829014,1105,1960,48
datm_cdeps_restart_cfsr_intel,hercules,intel,97.20408163265306,39.02935838989069,76,349,806354.081632653,753307.6306189545,1095,1827064,49
datm_cdeps_restart_cfsr_intel,orion,intel,146.48979591836735,41.837544168376034,111,393,98236.26530612246,391629.8024312296,1102,1820780,49
datm_cdeps_restart_cfsr_intel,ursa,intel,147.73684210526315,143.22816501869684,62,556,51663.89473684211,307686.37400521187,1156,1898456,38
