test_name,machine,compiler,core_mean,core_std,core_min,core_max,mem_mean,mem_std,mem_min,mem_max,n_hashes
datm_cdeps_lnd_era5_intel,acorn,intel,56.224489795918366,4.629008650719435,48,69,438.2040816326531,3.1687247161169774,436,450,49
datm_cdeps_lnd_era5_intel,derecho,intel,49.904761904761905,4.146139914483855,44,58,104381.33333333333,190528.4656966862,435,437956,21
datm_cdeps_lnd_era5_intel,gaeac6,intel,42.041666666666664,2.9676147978894547,37,50,37200.75,123213.98714492172,429,442044,48
datm_cdeps_lnd_era5_intel,hera,intel,43.224489795918366,24.37405152524098,33,177,310.8775510204082,6.915058004882141,304,334,49
datm_cdeps_lnd_era5_intel,hercules,intel,37.83673469387755,3.5434619299464174,32,49,240044.4081632653,279420.0460115199,554,577488,49
datm_cdeps_lnd_era5_intel,orion,intel,65.85714285714286,70.90016455081987,42,450,13307.34693877551,63623.90009840086,314,318924,49
datm_cdeps_lnd_era5_intel,ursa,intel,37.22222222222222,13.936363306911247,31,121,14374.68888888889,92261.17777902978,616,619528,45
