test_name,machine,compiler,core_mean,core_std,core_min,core_max,mem_mean,mem_std,mem_min,mem_max,n_hashes
datm_cdeps_restart_cfsr_intel,acorn,intel,123.22222222222223,5.076187227405698,113,133,1565.9555555555555,1.3476504057661407,1564,1568,45
datm_cdeps_restart_cfsr_intel,derecho,intel,115.23684210526316,2.223148613606213,112,120,1542.9736842105262,0.36663864714701594,1542,1544,38
datm_cdeps_restart_cfsr_intel,gaeac6,intel,82.53191489361703,3.209029812953678,80,101,140453.17021276595,923730.9405155792,1549,6338484,47
datm_cdeps_restart_cfsr_intel,hera,intel,118.0,1.5165750888103087,116,121,1941.7142857142858,10.281745265969532,1926,1955,21
datm_cdeps_restart_cfsr_intel,hercules,intel,96.40425531914893,5.3999177709845725,92,130,40078.51063829787,262428.7187808358,1782,1800920,47
datm_cdeps_restart_cfsr_intel,orion,intel,146.2608695652174,2.776366791399587,142,155,40882.413043478264,265086.25025037304,1780,1799700,46
datm_cdeps_restart_cfsr_intel,ursa,intel,213.79591836734693,201.99803831471533,75,670,1873.5102040816328,9.240135390827033,1858,1899,49
