test_name,machine,compiler,core_mean,core_std,core_min,core_max,mem_mean,mem_std,mem_min,mem_max,n_hashes
datm_cdeps_lnd_gswp3_intel,acorn,intel,68.63829787234043,3.7960249914127524,62,80,302.21276595744683,1.3663052401461087,295,305,47
datm_cdeps_lnd_gswp3_intel,derecho,intel,73.7,7.134423592694788,61,82,274.4,14.615060725156095,266,302,10
datm_cdeps_lnd_gswp3_intel,gaeac6,intel,57.45652173913044,2.903687477361084,52,63,139409.19565217392,934365.9044846195,295,6338800,46
datm_cdeps_lnd_gswp3_intel,hera,intel,54.8125,3.4742594496387658,51,64,251.0625,2.025436648483795,248,256,48
datm_cdeps_lnd_gswp3_intel,hercules,intel,57.608695652173914,5.6311761584535995,51,79,29566.804347826088,95771.22981207052,331,339236,46
datm_cdeps_lnd_gswp3_intel,orion,intel,79.32608695652173,16.825977729987887,61,180,5735.782608695652,37201.56493835712,247,252564,46
datm_cdeps_lnd_gswp3_intel,ursa,intel,45.10204081632653,2.2844118312961834,42,53,363.2857142857143,2.872281323269031,357,370,49
