test_name,machine,compiler,core_mean,core_std,core_min,core_max,mem_mean,mem_std,mem_min,mem_max,n_hashes
datm_cdeps_3072x1536_cfsr_intel,acorn,intel,323.6595744680851,8.58531758736132,309,339,4520.595744680851,1.2275740386435436,4519,4523,47
datm_cdeps_3072x1536_cfsr_intel,derecho,intel,293.6,8.342661445845689,278,303,4505.4,9.78888258292137,4497,4517,10
datm_cdeps_3072x1536_cfsr_intel,gaeac6,intel,228.82608695652175,9.019249409090628,220,267,142504.6739130435,933710.566563585,4503,6337568,46
datm_cdeps_3072x1536_cfsr_intel,hera,intel,292.9375,5.857914268275693,283,310,4967.1875,3.057298557237397,4962,4981,48
datm_cdeps_3072x1536_cfsr_intel,hercules,intel,238.54347826086956,29.86763876523599,226,430,529409.195652174,1518760.7602551586,4822,4834300,46
datm_cdeps_3072x1536_cfsr_intel,orion,intel,356.1304347826087,13.565657121573485,348,430,109610.43478260869,710652.7715470757,4820,4824712,46
datm_cdeps_3072x1536_cfsr_intel,ursa,intel,249.6122448979592,167.75786324423694,172,878,102372.61224489796,683091.4107154942,4783,4786428,49
