test_name,machine,compiler,core_mean,core_std,core_min,core_max,mem_mean,mem_std,mem_min,mem_max,n_hashes
datm_cdeps_lnd_gswp3_intel,acorn,intel,68.56521739130434,3.89673466671801,64,80,302.17391304347825,1.5391822912195539,295,305,46
datm_cdeps_lnd_gswp3_intel,derecho,intel,77.86666666666666,5.418571725116305,71,97,267.2,1.2148506364839795,266,270,30
datm_cdeps_lnd_gswp3_intel,gaeac6,intel,58.95744680851064,3.374826545033934,53,71,139273.085106383,923956.6828011505,295,6338800,47
datm_cdeps_lnd_gswp3_intel,hera,intel,53.758620689655174,2.78587216932909,50,64,251.10344827586206,2.2255790191416147,248,256,29
datm_cdeps_lnd_gswp3_intel,hercules,intel,57.57446808510638,6.216194421065112,47,84,334.0851063829787,2.0833687940244388,325,339,47
datm_cdeps_lnd_gswp3_intel,orion,intel,77.21739130434783,6.649688525632062,70,112,250.8695652173913,2.427698458780103,247,256,46
datm_cdeps_lnd_gswp3_intel,ursa,intel,44.55102040816327,2.4414922391319385,40,53,363.9795918367347,2.9261023273173437,357,371,49
