test_name,machine,compiler,core_mean,core_std,core_min,core_max,mem_mean,mem_std,mem_min,mem_max,n_hashes
datm_cdeps_debug_cfsr_intel,derecho,intel,346.9,5.300943312279428,337,355,1550.5,9.902300518342004,1542,1562,10
datm_cdeps_debug_cfsr_intel,gaeac6,intel,248.43478260869566,2.825693023454945,244,257,140125.15217391305,934070.7340508347,1545,6337568,46
datm_cdeps_debug_cfsr_intel,hera,intel,413.4583333333333,6.2021215770684135,402,427,1912.9375,2.9129662442990276,1904,1918,48
datm_cdeps_debug_cfsr_intel,hercules,intel,336.2608695652174,35.50864356907966,323,570,194791.41304347827,558817.3825367113,1765,1779304,46
datm_cdeps_debug_cfsr_intel,orion,intel,424.3478260869565,8.949779367372,417,464,40397.586956521736,261944.79940905076,1763,1778372,46
datm_cdeps_debug_cfsr_intel,ursa,intel,303.7755102040816,153.2446662076316,237,828,39476.142857142855,263416.3959076168,1827,1845760,49
