test_name,machine,compiler,core_mean,core_std,core_min,core_max,mem_mean,mem_std,mem_min,mem_max,n_hashes
gnv1_c96_no_nest_debug_gnu,hera,gnu,266.7083333333333,35.63404918042444,254,494,971.4583333333334,3.4391880123653022,964,979,48
gnv1_c96_no_nest_debug_gnu,hercules,gnu,204.70212765957447,11.273120962901912,193,251,367269.12765957444,469989.1961459289,946,960100,47
gnv1_c96_no_nest_debug_gnu,ursa,gnu,184.10416666666666,18.39199592715258,174,275,19003.625,125625.7740741474,864,871232,48
