test_name,machine,compiler,core_mean,core_std,core_min,core_max,mem_mean,mem_std,mem_min,mem_max,n_hashes
gnv1_c96_no_nest_debug_intel,acorn,intel,583.8541666666666,6.5003750573736605,568,597,1198.25,5.5371088546356555,1185,1216,48
gnv1_c96_no_nest_debug_intel,derecho,intel,484.6666666666667,5.394000194219321,476,497,396407.73333333334,578547.1167820137,1182,1188860,15
gnv1_c96_no_nest_debug_intel,gaeac6,intel,346.8510638297872,10.436096895337858,335,411,90216.34042553192,295537.4616879704,1030,1053264,47
gnv1_c96_no_nest_debug_intel,hera,intel,517.4791666666666,22.4423512851411,497,619,1346.5625,10.158124826955047,1327,1363,48
gnv1_c96_no_nest_debug_intel,ursa,intel,396.0612244897959,113.50796744488638,357,954,40180.163265306124,268118.0596224005,1864,1878704,49
gnv1_c96_no_nest_debug_intel,wcoss2,intel,585.125,15.715049028159187,566,643,1199.6458333333333,4.733266531343705,1188,1207,48
