test_name,machine,compiler,core_mean,core_std,core_min,core_max,mem_mean,mem_std,mem_min,mem_max,n_hashes
gnv1_c96_no_nest_debug_gnu,derecho,gnu,255.33333333333334,4.482404937417919,249,265,973.1333333333333,2.944701065951532,960,977,30
gnv1_c96_no_nest_debug_gnu,hera,gnu,260.3103448275862,5.372572197719115,253,274,965.4827586206897,3.9966118655607383,961,979,29
gnv1_c96_no_nest_debug_gnu,hercules,gnu,211.6595744680851,14.800523780015764,193,247,949.9574468085107,5.710240407672292,916,958,47
gnv1_c96_no_nest_debug_gnu,ursa,gnu,185.30612244897958,38.60656468445093,174,448,865.530612244898,3.4223654150329934,848,873,49
