test_name,machine,compiler,core_mean,core_std,core_min,core_max,mem_mean,mem_std,mem_min,mem_max,n_hashes
gnv1_nested_intel,acorn,intel,223.2391304347826,4.387784977050597,216,232,1693.3695652173913,2.479773248165812,1687,1697,46
gnv1_nested_intel,derecho,intel,198.66666666666666,4.787135538781688,190,210,1647.3030303030303,2.0537290547448075,1642,1653,33
gnv1_nested_intel,gaeac6,intel,140.85106382978722,5.645231629261206,134,172,139997.27659574468,923946.8583688581,1676,6339472,47
gnv1_nested_intel,hera,intel,206.73076923076923,5.758872752945265,201,228,1852.5384615384614,8.940831143605289,1824,1869,26
gnv1_nested_intel,hercules,intel,190.2962962962963,28.6421083436672,170,312,1758.851851851852,3.0471134348593374,1752,1765,27
gnv1_nested_intel,orion,intel,229.45652173913044,4.495462016741031,224,244,1724.608695652174,7.608411312837573,1709,1736,46
gnv1_nested_intel,ursa,intel,144.9591836734694,5.43123368303446,138,159,1738.3469387755101,18.489356195308865,1710,1778,49
gnv1_nested_intel,wcoss2,intel,239.73076923076923,5.9970505571168395,233,256,1619.0384615384614,42.40611349249616,1583,1698,26
