test_name,machine,compiler,core_mean,core_std,core_min,core_max,mem_mean,mem_std,mem_min,mem_max,n_hashes
gnv1_nested_intel,acorn,intel,229.79591836734693,6.079266649292271,220,247,1699.6122448979593,3.8719952141984355,1691,1709,49
gnv1_nested_intel,derecho,intel,205.5909090909091,3.318908181187229,199,211,386818.36363636365,726843.5212119361,1687,1700148,22
gnv1_nested_intel,gaeac6,intel,153.16666666666666,9.85281757592198,135,163,143561.64583333334,475490.65029166115,1684,1707724,48
gnv1_nested_intel,hera,intel,240.9591836734694,26.74334744666533,203,367,1854.0204081632653,32.229314939920776,1757,1876,49
gnv1_nested_intel,orion,intel,267.2040816326531,54.19793184547294,223,501,107925.08163265306,420118.10461597366,1718,1744900,49
gnv1_nested_intel,ursa,intel,233.45454545454547,146.63408889262408,140,647,40965.02272727273,260154.04050163252,1713,1727412,44
