test_name,machine,compiler,core_mean,core_std,core_min,core_max,mem_mean,mem_std,mem_min,mem_max,n_hashes
gnv1_c96_no_nest_debug_gnu,hera,gnu,269.734693877551,35.17443171194814,254,494,950.265306122449,45.70319806014863,843,976,49
gnv1_c96_no_nest_debug_gnu,hercules,gnu,212.79545454545453,25.309782597592985,195,353,744145.2727272727,437096.6667020734,953,1101712,44
gnv1_c96_no_nest_debug_gnu,ursa,gnu,187.06896551724137,23.139223092407335,174,275,30884.275862068964,161621.82106494703,871,871232,29
