test_name,machine,compiler,core_mean,core_std,core_min,core_max,mem_mean,mem_std,mem_min,mem_max,n_hashes
gnv1_c96_no_nest_debug_gnu,hera,gnu,259.625,4.024525874017736,253,270,970.5,3.9999999999999876,963,979,48
gnv1_c96_no_nest_debug_gnu,hercules,gnu,203.91666666666666,9.758429707417578,193,235,260007.16666666666,429562.44286306296,916,960100,48
gnv1_c96_no_nest_debug_gnu,ursa,gnu,181.71428571428572,12.325447929656214,174,261,18632.714285714286,124337.3958648738,864,871232,49
