test_name,machine,compiler,core_mean,core_std,core_min,core_max,mem_mean,mem_std,mem_min,mem_max,n_hashes
gnv1_nested_intel,acorn,intel,225.8,6.83107871156792,216,244,1692.6222222222223,2.348005816247346,1687,1697,45
gnv1_nested_intel,derecho,intel,199.97826086956522,5.187545471542753,190,220,1647.3260869565217,1.978263523913901,1642,1653,46
gnv1_nested_intel,gaeac6,intel,143.84782608695653,5.684158850326836,139,172,6338.782608695652,0.7863570994927822,6338,6341,46
gnv1_nested_intel,hera,intel,207.71428571428572,5.407226205560045,203,216,1854.0,7.211102550927971,1839,1862,7
gnv1_nested_intel,hercules,intel,187.88636363636363,24.66446074169567,170,312,41594.38636363636,264243.6133433583,1747,1754552,44
gnv1_nested_intel,orion,intel,230.8913043478261,4.428334328789573,226,245,39289.04347826087,254779.1236691941,1709,1729720,46
gnv1_nested_intel,ursa,intel,145.08,6.2689386531321745,138,166,1743.72,21.72184079093987,1710,1787,50
gnv1_nested_intel,wcoss2,intel,239.5,5.976807025680372,230,258,1607.391304347826,34.40896411684324,1583,1698,46
