test_name,machine,compiler,core_mean,core_std,core_min,core_max,mem_mean,mem_std,mem_min,mem_max,n_hashes
gnv1_c96_no_nest_debug_gnu,derecho,gnu,255.42857142857142,4.223782207270376,249,265,972.8571428571429,2.8609218705829185,960,977,35
gnv1_c96_no_nest_debug_gnu,hera,gnu,259.7083333333333,5.27899172410683,253,274,964.4583333333334,2.8281068589777583,961,971,24
gnv1_c96_no_nest_debug_gnu,hercules,gnu,212.72340425531914,14.424770554515453,197,247,21077.40425531915,137989.21433082147,916,946956,47
gnv1_c96_no_nest_debug_gnu,ursa,gnu,185.30612244897958,38.597389852182495,174,448,864.9591836734694,2.7153819841281845,848,867,49
