test_name,machine,compiler,core_mean,core_std,core_min,core_max,mem_mean,mem_std,mem_min,mem_max,n_hashes
gnv1_c96_no_nest_debug_intel,acorn,intel,575.7708333333334,9.428881803095049,553,591,1201.25,3.2779079991762563,1194,1216,48
gnv1_c96_no_nest_debug_intel,derecho,intel,483.25714285714287,6.227750312077363,474,497,170571.14285714287,420952.7560416575,1182,1188860,35
gnv1_c96_no_nest_debug_intel,gaeac6,intel,344.72340425531917,10.627491273475952,332,411,90222.82978723405,295535.4609719169,1042,1053264,47
gnv1_c96_no_nest_debug_intel,hera,intel,526.4285714285714,26.839802532805624,497,627,1296.5102040816328,64.05275249386888,1199,1363,49
gnv1_c96_no_nest_debug_intel,hercules,intel,505.5,133.52253243054773,438,993,1248574.0,4601.606444130918,1240464,1260792,16
gnv1_c96_no_nest_debug_intel,orion,intel,525.2666666666667,28.880212372257013,499,618,1218.7333333333333,3.863134675857109,1212,1225,15
gnv1_c96_no_nest_debug_intel,ursa,intel,419.39285714285717,147.29470063779902,357,954,68908.42857142857,354686.59311289416,1864,1878704,28
gnv1_c96_no_nest_debug_intel,wcoss2,intel,576.5833333333334,8.386497083606084,560,608,1199.0,5.418643938077019,1185,1208,48
