test_name,machine,compiler,core_mean,core_std,core_min,core_max,mem_mean,mem_std,mem_min,mem_max,n_hashes
gnv1_c96_no_nest_debug_intel,acorn,intel,581.5111111111111,9.60970679294976,562,598,1191.6666666666667,2.876234912646679,1185,1198,45
gnv1_c96_no_nest_debug_intel,derecho,intel,505.3170731707317,6.597116886906899,494,521,1134.5365853658536,2.248305595060651,1129,1137,41
gnv1_c96_no_nest_debug_intel,gaeac6,intel,370.4375,76.98214942301388,345,811,137833.66666666666,914153.4891018455,1033,6339320,48
gnv1_c96_no_nest_debug_intel,hera,intel,517.6842105263158,9.183636604665365,508,542,1334.3157894736842,4.773219639928042,1327,1343,19
gnv1_c96_no_nest_debug_intel,ursa,intel,442.48,174.92578484626455,359,969,1873.92,6.06710770617824,1861,1889,50
gnv1_c96_no_nest_debug_intel,wcoss2,intel,584.375,10.251362130561718,573,643,1139.8541666666667,46.72189772419723,1096,1199,48
