test_name,machine,compiler,core_mean,core_std,core_min,core_max,mem_mean,mem_std,mem_min,mem_max,n_hashes
gnv1_nested_intel,acorn,intel,231.27659574468086,6.742796889884976,220,247,1700.1914893617022,3.7569546980427515,1691,1709,47
gnv1_nested_intel,derecho,intel,204.27586206896552,3.750205248898657,199,211,293858.8620689655,651425.3536697555,1687,1700148,29
gnv1_nested_intel,gaeac6,intel,156.67391304347825,5.769861726924325,140,163,149731.30434782608,484980.42204071936,1684,1707724,46
gnv1_nested_intel,hera,intel,249.83333333333334,25.32960032219754,218,367,1831.25,54.303128705757295,1724,1876,48
gnv1_nested_intel,orion,intel,284.1458333333333,60.844409027691924,237,501,110137.22916666667,424275.42510106694,1718,1744900,48
gnv1_nested_intel,ursa,intel,257.6764705882353,159.17775857050322,147,647,52500.529411764706,295949.34051227523,1721,1727412,34
