test_name,machine,compiler,core_mean,core_std,core_min,core_max,mem_mean,mem_std,mem_min,mem_max,n_hashes
gnv1_nested_intel,acorn,intel,231.16666666666666,6.389264044900712,220,247,1699.8541666666667,3.820379747936044,1691,1709,48
gnv1_nested_intel,derecho,intel,204.88,3.689173349139347,199,211,340604.28,691793.6892616252,1687,1700148,25
gnv1_nested_intel,gaeac6,intel,155.19148936170214,7.753367565332185,135,163,146580.68085106384,480165.9897669493,1684,1707724,47
gnv1_nested_intel,hera,intel,244.60416666666666,24.94055876742151,206,367,1843.7291666666667,45.106842233879064,1724,1876,48
gnv1_nested_intel,orion,intel,277.0816326530612,59.21248345812656,226,501,107925.44897959183,420118.00982720224,1718,1744900,49
gnv1_nested_intel,ursa,intel,244.07692307692307,152.65068217741697,140,647,45993.41025641026,276327.78307156946,1720,1727412,39
