test_name,machine,compiler,core_mean,core_std,core_min,core_max,mem_mean,mem_std,mem_min,mem_max,n_hashes
gnv1_c96_no_nest_debug_intel,acorn,intel,581.7872340425532,9.174482973734126,562,597,1191.7021276595744,4.378380153202541,1185,1204,47
gnv1_c96_no_nest_debug_intel,derecho,intel,506.2142857142857,7.030921876529595,494,521,1135.0357142857142,1.4005856673693307,1132,1137,28
gnv1_c96_no_nest_debug_intel,gaeac6,intel,368.5744680851064,78.2450844909348,342,811,139277.10638297873,924032.8581982644,1030,6339320,47
gnv1_c96_no_nest_debug_intel,hera,intel,516.7096774193549,8.57591024668167,504,542,1337.516129032258,9.681153401470128,1327,1361,31
gnv1_c96_no_nest_debug_intel,ursa,intel,424.7551020408163,158.81127827973538,357,969,1873.734693877551,5.207268598651624,1864,1882,49
gnv1_c96_no_nest_debug_intel,wcoss2,intel,584.3829787234042,10.819774954441279,569,643,1165.7446808510638,45.39319432092009,1097,1205,47
