test_name,machine,compiler,core_mean,core_std,core_min,core_max,mem_mean,mem_std,mem_min,mem_max,n_hashes
gnv1_c96_no_nest_debug_intel,acorn,intel,580.5208333333334,6.09844620368917,568,593,1200.375,3.7052291972636335,1193,1216,48
gnv1_c96_no_nest_debug_intel,derecho,intel,484.5652173913044,6.323305284684592,475,497,258941.60869565216,500043.8648472151,1182,1188860,23
gnv1_c96_no_nest_debug_intel,gaeac6,intel,344.9574468085106,10.658651205167258,332,411,90219.6170212766,295536.45149813755,1032,1053264,47
gnv1_c96_no_nest_debug_intel,hera,intel,520.8333333333334,27.33973286094439,497,627,1334.3958333333333,39.99507394312846,1235,1363,48
gnv1_c96_no_nest_debug_intel,hercules,intel,636.3333333333334,308.8823940164498,458,993,1246950.6666666667,2170.837012152976,1244444,1248204,3
gnv1_c96_no_nest_debug_intel,orion,intel,510.3333333333333,14.43375672974064,502,527,1212.6666666666667,1.154700538379268,1212,1214,3
gnv1_c96_no_nest_debug_intel,ursa,intel,402.9512195121951,123.51496897532546,357,954,47654.85365853659,293110.87930427975,1864,1878704,41
gnv1_c96_no_nest_debug_intel,wcoss2,intel,581.1875,16.73530635283987,560,643,1200.1041666666667,5.642692820764163,1185,1208,48
