test_name,machine,compiler,core_mean,core_std,core_min,core_max,mem_mean,mem_std,mem_min,mem_max,n_hashes
gnv1_c96_no_nest_debug_intel,acorn,intel,580.0416666666666,6.164270187974849,568,593,1200.5833333333333,3.51188458428417,1194,1216,48
gnv1_c96_no_nest_debug_intel,derecho,intel,483.5,6.682813778641436,474,497,229201.38461538462,476540.5166695547,1182,1188860,26
gnv1_c96_no_nest_debug_intel,gaeac6,intel,344.9148936170213,10.633887152245759,332,411,90220.53191489361,295536.16942813346,1034,1053264,47
gnv1_c96_no_nest_debug_intel,hera,intel,522.2083333333334,27.247454172183673,497,627,1324.9791666666667,49.99765508685788,1199,1363,48
gnv1_c96_no_nest_debug_intel,hercules,intel,539.1666666666666,222.48093551283597,438,993,1246010.6666666667,1807.8029391132554,1244444,1248204,6
gnv1_c96_no_nest_debug_intel,orion,intel,521.8333333333334,17.679555047191272,502,541,1216.0,4.0,1212,1222,6
gnv1_c96_no_nest_debug_intel,ursa,intel,405.9736842105263,127.91392520650524,357,954,51268.89473684211,304461.25825604395,1864,1878704,38
gnv1_c96_no_nest_debug_intel,wcoss2,intel,581.1875,16.716225077781846,560,643,1199.6458333333333,5.733401883970868,1185,1208,48
