test_name,machine,compiler,core_mean,core_std,core_min,core_max,mem_mean,mem_std,mem_min,mem_max,n_hashes
gnv1_c96_no_nest_debug_gnu,derecho,gnu,255.69767441860466,4.038710801616268,249,265,972.7906976744187,2.7477968623788755,960,977,43
gnv1_c96_no_nest_debug_gnu,hera,gnu,259.7647058823529,5.706678234366138,253,274,964.0588235294117,2.794427227431706,961,969,17
gnv1_c96_no_nest_debug_gnu,hercules,gnu,213.41666666666666,13.754431909865293,198,247,20658.458333333332,136544.2047079164,945,946956,48
gnv1_c96_no_nest_debug_gnu,ursa,gnu,193.14,54.0853482743634,174,448,866.12,5.582918555006602,848,886,50
