test_name,machine,compiler,core_mean,core_std,core_min,core_max,mem_mean,mem_std,mem_min,mem_max,n_hashes
gnv1_c96_no_nest_debug_gnu,derecho,gnu,255.66666666666666,3.646109933485112,249,264,973.5555555555555,1.9470104450676542,970,977,18
gnv1_c96_no_nest_debug_gnu,hera,gnu,260.0,4.867474467555804,253,274,967.6,5.077855392251276,961,979,40
gnv1_c96_no_nest_debug_gnu,hercules,gnu,204.43478260869566,7.844749621138807,193,225,951.3695652173913,6.129559330371231,916,958,46
gnv1_c96_no_nest_debug_gnu,ursa,gnu,185.51020408163265,38.6086791025129,174,448,867.469387755102,3.2216846060221624,864,873,49
