test_name,machine,compiler,core_mean,core_std,core_min,core_max,mem_mean,mem_std,mem_min,mem_max,n_hashes
gnv1_c96_no_nest_debug_gnu,hera,gnu,268.4583333333333,35.700860191873765,254,494,968.1458333333334,16.661829971950375,862,977,48
gnv1_c96_no_nest_debug_gnu,hercules,gnu,211.30232558139534,25.52453057608636,195,353,583161.6511627907,476798.1148665836,953,1093052,43
gnv1_c96_no_nest_debug_gnu,ursa,gnu,185.63888888888889,21.034872783448744,174,275,25048.472222222223,145060.03333486963,871,871232,36
