test_name,machine,compiler,core_mean,core_std,core_min,core_max,mem_mean,mem_std,mem_min,mem_max,n_hashes
gnv1_c96_no_nest_debug_gnu,hera,gnu,269.14285714285717,35.25265947414466,254,494,957.8775510204082,37.29255547528957,843,976,49
gnv1_c96_no_nest_debug_gnu,hercules,gnu,212.45454545454547,25.419690724569598,195,353,669567.0454545454,464025.72799496126,953,1101712,44
gnv1_c96_no_nest_debug_gnu,ursa,gnu,186.65625,22.131002010754052,174,275,28070.53125,153859.4044371059,871,871232,32
