test_name,machine,compiler,core_mean,core_std,core_min,core_max,mem_mean,mem_std,mem_min,mem_max,n_hashes
gnv1_nested_intel,acorn,intel,223.32608695652175,4.331047334593877,217,232,1694.0869565217392,2.656866048198005,1689,1702,46
gnv1_nested_intel,derecho,intel,198.3,4.749954627732478,190,210,1647.4666666666667,2.0800088417141667,1642,1653,30
gnv1_nested_intel,gaeac6,intel,139.70212765957447,3.3160669056095955,134,146,139700.63829787233,923991.4155947325,1676,6339472,47
gnv1_nested_intel,hera,intel,206.82758620689654,5.782170659617875,201,228,1853.4827586206898,9.006429011922478,1824,1869,29
gnv1_nested_intel,hercules,intel,187.70833333333334,29.360546089381003,170,312,1759.2083333333333,2.858688763974646,1754,1765,24
gnv1_nested_intel,orion,intel,228.97826086956522,4.4844874868064455,223,244,1725.5434782608695,7.326380102794762,1710,1736,46
gnv1_nested_intel,ursa,intel,145.3673469387755,6.119279224818275,138,165,1738.530612244898,19.729527406926902,1710,1778,49
gnv1_nested_intel,wcoss2,intel,239.95652173913044,6.219312011567934,233,256,1622.1739130434783,44.20782754004402,1583,1698,23
