test_name,machine,compiler,core_mean,core_std,core_min,core_max,mem_mean,mem_std,mem_min,mem_max,n_hashes
gnv1_c96_no_nest_debug_gnu,hera,gnu,270.0408163265306,35.11763516126518,254,494,947.7142857142857,47.95483986696934,843,976,49
gnv1_c96_no_nest_debug_gnu,hercules,gnu,213.3409090909091,25.37435363531746,195,353,769042.8863636364,424806.8327068535,953,1101712,44
gnv1_c96_no_nest_debug_gnu,ursa,gnu,187.35714285714286,23.510776545163576,174,275,31956.10714285714,164482.6143620002,871,871232,28
