test_name,machine,compiler,core_mean,core_std,core_min,core_max,mem_mean,mem_std,mem_min,mem_max,n_hashes
gnv1_nested_intel,acorn,intel,226.87234042553192,4.98090711694949,219,237,1697.276595744681,3.704885890747471,1689,1704,47
gnv1_nested_intel,derecho,intel,201.0,6.342099196813487,192,208,1670.8,24.58002802638311,1646,1702,10
gnv1_nested_intel,gaeac6,intel,145.54347826086956,10.866270998398107,134,163,140177.5652173913,934349.5287385682,1676,6339472,46
gnv1_nested_intel,hera,intel,221.0625,17.19154449511911,201,250,1858.1875,9.443350131289792,1824,1871,48
gnv1_nested_intel,orion,intel,244.93478260869566,26.293558293419864,223,377,39425.65217391304,255650.18457539176,1713,1735636,46
gnv1_nested_intel,ursa,intel,156.16326530612244,12.076745799910077,140,200,36956.87755102041,246524.70608411584,1712,1727412,49
