test_name,machine,compiler,core_mean,core_std,core_min,core_max,mem_mean,mem_std,mem_min,mem_max,n_hashes
gnv1_c96_no_nest_debug_gnu,hera,gnu,266.8125,35.626703020137946,254,494,971.25,3.646624787447339,963,979,48
gnv1_c96_no_nest_debug_gnu,hercules,gnu,205.5,11.63084673378,193,251,339716.75,462300.49664272094,946,960100,48
gnv1_c96_no_nest_debug_gnu,ursa,gnu,184.08163265306123,18.19665346372545,174,275,18633.367346938776,124337.30061706038,864,871232,49
