test_name,machine,compiler,core_mean,core_std,core_min,core_max,mem_mean,mem_std,mem_min,mem_max,n_hashes
hafs_regional_atm_gfdlmpv3_intel,acorn,intel,285.95652173913044,6.435859682674284,272,298,909.5652173913044,5.6672633956906795,901,920,46
hafs_regional_atm_gfdlmpv3_intel,derecho,intel,335.1666666666667,9.29421072179755,324,356,994.2777777777778,1.4874200148759675,992,998,18
hafs_regional_atm_gfdlmpv3_intel,gaeac6,intel,232.2,3.78753937873319,226,243,144256.06666666668,944566.3543846552,1030,6339768,45
hafs_regional_atm_gfdlmpv3_intel,hera,intel,317.675,3.8523219771177817,313,329,1083.5,21.254260508039227,1059,1121,40
hafs_regional_atm_gfdlmpv3_intel,hercules,intel,317.2826086956522,39.68692090375941,291,493,1194.4782608695652,22.502087933182036,1157,1241,46
hafs_regional_atm_gfdlmpv3_intel,orion,intel,391.35555555555555,109.96717600256812,352,1088,1074.3111111111111,16.250625473588,1049,1108,45
hafs_regional_atm_gfdlmpv3_intel,ursa,intel,244.10204081632654,27.587168588825843,235,429,1371.1020408163265,19.33826614293453,1336,1412,49
hafs_regional_atm_gfdlmpv3_intel,wcoss2,intel,364.0,47.308444160518405,327,554,905.5869565217391,25.78852120783501,830,926,46
