test_name,machine,compiler,core_mean,core_std,core_min,core_max,mem_mean,mem_std,mem_min,mem_max,n_hashes
hafs_regional_telescopic_2nests_atm_intel,acorn,intel,401.1276595744681,7.733656037585201,370,414,473.82978723404256,8.901194714477992,467,504,47
hafs_regional_telescopic_2nests_atm_intel,derecho,intel,336.2068965517241,4.746271546810095,329,347,427.17241379310343,1.4409561685918697,425,431,29
hafs_regional_telescopic_2nests_atm_intel,gaeac6,intel,237.61702127659575,4.575707080020087,222,243,139208.89361702127,924047.8462265016,460,6339348,47
hafs_regional_telescopic_2nests_atm_intel,hera,intel,353.3666666666667,5.845619245881132,338,364,508.3333333333333,9.94583029363989,501,546,30
hafs_regional_telescopic_2nests_atm_intel,hercules,intel,344.17021276595744,60.56807853077616,308,714,608.3617021276596,2.9446010426962186,602,616,47
hafs_regional_telescopic_2nests_atm_intel,orion,intel,449.3478260869565,8.834823500228689,434,480,501.8695652173913,3.685459088858855,492,510,46
hafs_regional_telescopic_2nests_atm_intel,ursa,intel,241.83673469387756,9.977781439226828,225,278,814.265306122449,8.738743974880098,801,834,49
hafs_regional_telescopic_2nests_atm_intel,wcoss2,intel,412.29787234042556,11.056996395391328,398,445,450.4255319148936,37.55155567949274,396,511,47
