test_name,machine,compiler,core_mean,core_std,core_min,core_max,mem_mean,mem_std,mem_min,mem_max,n_hashes
hafs_regional_atm_intel,acorn,intel,278.4888888888889,6.126033204960849,270,296,696.3555555555556,3.0685764804158895,691,705,45
hafs_regional_atm_intel,derecho,intel,226.35,3.7522642736735787,221,238,745.1,5.108063007863965,738,758,40
hafs_regional_atm_intel,gaeac6,intel,166.45833333333334,3.248294697178243,161,182,137704.10416666666,914214.8517105938,790,6339604,48
hafs_regional_atm_intel,hera,intel,224.05,3.086046696102688,221,235,869.9,4.993680216560045,859,879,20
hafs_regional_atm_intel,hercules,intel,215.0625,22.85700809705716,197,300,21627.166666666668,143005.31320412515,973,991756,48
hafs_regional_atm_intel,orion,intel,285.93617021276594,7.075383705432048,276,303,19356.63829787234,126728.76671328682,864,869680,47
hafs_regional_atm_intel,ursa,intel,173.74,16.147041177116954,163,248,1156.5,9.16570805129826,1139,1176,50
hafs_regional_atm_intel,wcoss2,intel,287.5416666666667,11.765362674616052,274,343,647.0208333333334,44.078020567660666,600,703,48
