test_name,machine,compiler,core_mean,core_std,core_min,core_max,mem_mean,mem_std,mem_min,mem_max,n_hashes
hafs_regional_atm_intel,acorn,intel,272.02127659574467,8.199918773993552,253,286,703.0851063829788,5.930135958680672,694,713,47
hafs_regional_atm_intel,derecho,intel,230.2,17.293544074788915,222,279,752.2,25.964933617819582,742,826,10
hafs_regional_atm_intel,gaeac6,intel,176.34782608695653,29.876201894041465,147,232,139943.04347826086,934406.2579331434,790,6339604,46
hafs_regional_atm_intel,hera,intel,243.54166666666666,36.12328672714642,213,311,893.4166666666666,22.761327162193275,859,921,48
hafs_regional_atm_intel,hercules,intel,239.2391304347826,45.684028224124546,189,393,68757.97826086957,259334.32630156848,975,1045192,46
hafs_regional_atm_intel,orion,intel,309.10869565217394,59.80532427463464,271,599,20618.217391304348,133796.65021731268,865,908344,46
hafs_regional_atm_intel,ursa,intel,182.30612244897958,30.236707879684275,154,240,1177.4897959183672,22.952053692588855,1142,1213,49
hafs_regional_atm_intel,wcoss2,intel,320.531914893617,42.92959406113069,277,502,701.8510638297872,6.934409236002775,691,714,47
