test_name,machine,compiler,core_mean,core_std,core_min,core_max,mem_mean,mem_std,mem_min,mem_max,n_hashes
hafs_regional_storm_following_1nest_atm_ocn_wav_mom6_intel,acorn,intel,350.3404255319149,21.319797490416676,322,383,776.7872340425532,7.3245749845915356,759,786,47
hafs_regional_storm_following_1nest_atm_ocn_wav_mom6_intel,derecho,intel,302.3076923076923,12.22053756843529,270,318,128737.65384615384,267684.7441266599,655,673452,26
hafs_regional_storm_following_1nest_atm_ocn_wav_mom6_intel,gaeac6,intel,212.17391304347825,10.520465447722131,190,228,69038.41304347826,223590.85116351608,780,788944,46
hafs_regional_storm_following_1nest_atm_ocn_wav_mom6_intel,hera,intel,605.5833333333334,64.11320882703725,483,715,682.3958333333334,29.860483802306394,648,812,48
hafs_regional_storm_following_1nest_atm_ocn_wav_mom6_intel,hercules,intel,729.0816326530612,131.20718932517474,659,1433,485103.693877551,406947.991620971,785,925472,49
hafs_regional_storm_following_1nest_atm_ocn_wav_mom6_intel,orion,intel,720.5833333333334,166.78267593760387,650,1620,44143.291666666664,170120.74881707798,660,714200,48
hafs_regional_storm_following_1nest_atm_ocn_wav_mom6_intel,ursa,intel,1099.5945945945946,44.64891404643033,1017,1220,31607.756756756757,185616.21638348987,1057,1130152,37
hafs_regional_storm_following_1nest_atm_ocn_wav_mom6_intel,wcoss2,intel,384.59574468085106,39.75340268425929,342,545,776.3191489361702,5.706999451393383,764,788,47
