test_name,machine,compiler,core_mean,core_std,core_min,core_max,mem_mean,mem_std,mem_min,mem_max,n_hashes
hafs_regional_atm_wav_intel,acorn,intel,699.5744680851063,7.164965125832393,685,713,799.6170212765958,29.691568991806246,781,899,47
hafs_regional_atm_wav_intel,derecho,intel,600.1724137931035,4.892187397979135,591,609,841.8275862068965,3.9647461233551886,838,854,29
hafs_regional_atm_wav_intel,gaeac6,intel,445.2340425531915,5.061417424593206,434,458,139362.4255319149,924083.9676042702,907,6339748,47
hafs_regional_atm_wav_intel,hera,intel,1730.6333333333334,22.404561317198134,1689,1776,953.3666666666667,39.90720558334378,926,1102,30
hafs_regional_atm_wav_intel,hercules,intel,847.1489361702128,14.776565941299626,820,879,1120.595744680851,8.994345021633144,1102,1139,47
hafs_regional_atm_wav_intel,orion,intel,1757.5,22.939291861587858,1708,1794,988.5434782608696,21.914689666714565,973,1130,46
hafs_regional_atm_wav_intel,ursa,intel,1891.142857142857,121.65593559981629,1763,2445,1340.2857142857142,18.140654159465367,1310,1376,49
hafs_regional_atm_wav_intel,wcoss2,intel,723.5957446808511,16.510417757951846,697,776,790.5531914893617,44.88236242650643,717,898,47
