test_name,machine,compiler,core_mean,core_std,core_min,core_max,mem_mean,mem_std,mem_min,mem_max,n_hashes
hafs_regional_storm_following_1nest_atm_ocn_wav_intel,acorn,intel,448.92105263157896,17.198965366347803,429,484,617.6578947368421,17.409652985332645,605,696,38
hafs_regional_storm_following_1nest_atm_ocn_wav_intel,derecho,intel,396.89473684210526,10.999468355041861,372,408,159140.47368421053,272556.830496844,594,607440,19
hafs_regional_storm_following_1nest_atm_ocn_wav_intel,gaeac6,intel,288.86486486486484,11.768985045831666,268,310,67189.72972972973,193846.43328872026,604,617900,37
hafs_regional_storm_following_1nest_atm_ocn_wav_intel,hera,intel,887.921052631579,67.42699017654151,615,995,622.3947368421053,21.84656503853479,601,742,38
hafs_regional_storm_following_1nest_atm_ocn_wav_intel,hercules,intel,1068.5263157894738,66.88785970001533,987,1436,369790.1052631579,374072.48388158676,720,754304,38
hafs_regional_storm_following_1nest_atm_ocn_wav_intel,orion,intel,946.3421052631579,121.62464995439518,874,1395,34007.81578947369,143438.24294304074,617,634660,38
hafs_regional_storm_following_1nest_atm_ocn_wav_intel,ursa,intel,1625.8055555555557,49.820718263127944,1547,1792,25915.222222222223,150125.61966720902,861,901648,36
hafs_regional_storm_following_1nest_atm_ocn_wav_intel,wcoss2,intel,482.5,40.6386515524322,443,642,621.8157894736842,29.94576653124227,604,715,38
