test_name,machine,compiler,core_mean,core_std,core_min,core_max,mem_mean,mem_std,mem_min,mem_max,n_hashes
hafs_regional_storm_following_1nest_atm_ocn_debug_intel,acorn,intel,852.3541666666666,9.809872542025236,835,873,620.4375,30.90610781059304,588,664,48
hafs_regional_storm_following_1nest_atm_ocn_debug_intel,derecho,intel,719.3030303030303,11.37564516984876,706,748,88232.57575757576,210616.0762019115,578,591040,33
hafs_regional_storm_following_1nest_atm_ocn_debug_intel,gaeac6,intel,489.48936170212767,4.004738174286578,477,497,49272.17021276596,161372.4679894742,565,574860,47
hafs_regional_storm_following_1nest_atm_ocn_debug_intel,hera,intel,774.4489795918367,25.943898788612003,740,894,578.9591836734694,15.168441998210003,520,614,49
hafs_regional_storm_following_1nest_atm_ocn_debug_intel,hercules,intel,692.94,121.86164955658967,622,1490,459736.84,289232.7348551865,631,647264,50
hafs_regional_storm_following_1nest_atm_ocn_debug_intel,orion,intel,795.530612244898,70.70540468521965,752,1144,35998.5918367347,140138.93047019423,566,585796,49
hafs_regional_storm_following_1nest_atm_ocn_debug_intel,ursa,intel,501.76666666666665,23.031737223670934,488,621,24534.5,130417.18002565776,701,715048,30
hafs_regional_storm_following_1nest_atm_ocn_debug_intel,wcoss2,intel,862.7916666666666,20.90806454745554,847,994,626.7291666666666,115.54454599819535,589,1391,48
