test_name,machine,compiler,core_mean,core_std,core_min,core_max,mem_mean,mem_std,mem_min,mem_max,n_hashes
hafs_regional_docn_intel,acorn,intel,413.06666666666666,11.777096416349838,397,441,740.8888888888889,21.443607038655642,720,830,45
hafs_regional_docn_intel,derecho,intel,355.7608695652174,5.020778083164616,348,366,788.5434782608696,4.420691357389101,776,796,46
hafs_regional_docn_intel,gaeac6,intel,263.21276595744683,14.337448942652372,255,329,6338.723404255319,0.7431462978320784,6338,6340,47
hafs_regional_docn_intel,hera,intel,349.5,3.545621041711661,345,355,905.875,3.2265638511757686,901,911,8
hafs_regional_docn_intel,hercules,intel,334.36170212765956,60.80811785477149,305,688,23755.31914893617,155492.90676288048,1045,1067080,47
hafs_regional_docn_intel,orion,intel,401.5869565217391,24.17949184922952,389,557,21451.021739130436,139051.7793913059,934,944044,46
hafs_regional_docn_intel,ursa,intel,273.3,54.95350539412424,254,646,1289.18,17.890471754312095,1257,1324,50
hafs_regional_docn_intel,wcoss2,intel,430.44897959183675,11.64950146374261,413,473,688.8163265306123,36.29375145335388,652,765,49
