test_name,machine,compiler,core_mean,core_std,core_min,core_max,mem_mean,mem_std,mem_min,mem_max,n_hashes
hafs_regional_atm_thompson_gfdlsf_intel,acorn,intel,220.3409090909091,7.676430801616618,211,241,1043.5,5.389481573204167,1033,1053,44
hafs_regional_atm_thompson_gfdlsf_intel,derecho,intel,198.2888888888889,4.732010058307063,192,210,997.9111111111112,3.225059705030295,992,1004,45
hafs_regional_atm_thompson_gfdlsf_intel,gaeac6,intel,144.41666666666666,3.7577343407812283,141,164,6338.791666666667,0.6174185563771861,6338,6340,48
hafs_regional_atm_thompson_gfdlsf_intel,hera,intel,197.16666666666666,2.249579085208177,195,201,1150.1666666666667,4.0414518843274,1145,1156,12
hafs_regional_atm_thompson_gfdlsf_intel,hercules,intel,185.5531914893617,22.608971392326907,165,264,28620.893617021276,187441.8097697238,1264,1286316,47
hafs_regional_atm_thompson_gfdlsf_intel,orion,intel,280.2173913043478,78.91793572889591,256,647,26930.304347826088,174700.41703987238,1100,1186048,46
hafs_regional_atm_thompson_gfdlsf_intel,ursa,intel,152.32,13.065673987004807,142,201,1461.24,12.707959903066863,1427,1488,50
hafs_regional_atm_thompson_gfdlsf_intel,wcoss2,intel,224.33333333333334,10.386843833556709,214,286,981.8541666666666,40.645320886038974,946,1052,48
