test_name,machine,compiler,core_mean,core_std,core_min,core_max,mem_mean,mem_std,mem_min,mem_max,n_hashes
hafs_regional_docn_intel,acorn,intel,395.70212765957444,16.62752418708346,363,418,754.5531914893617,16.257183710645098,741,844,47
hafs_regional_docn_intel,derecho,intel,352.0,2.3354968324845724,350,358,790.75,2.3011854652449384,788,796,12
hafs_regional_docn_intel,gaeac6,intel,254.1086956521739,19.891068080220833,227,329,140321.1739130435,934235.7406355516,846,6338848,46
hafs_regional_docn_intel,hera,intel,357.74468085106383,17.765951907470047,333,397,919.5531914893617,16.8804086477404,898,968,47
hafs_regional_docn_intel,hercules,intel,327.17391304347825,39.98461056613664,290,489,1088.0,16.239868636578716,1069,1182,46
hafs_regional_docn_intel,orion,intel,403.2173913043478,18.09593329818519,380,441,961.5,13.207321202020237,949,1032,46
hafs_regional_docn_intel,ursa,intel,258.6530612244898,12.183580173755995,235,282,1302.8163265306123,15.2775345270266,1269,1329,49
hafs_regional_docn_intel,wcoss2,intel,427.9574468085106,27.56017719922251,385,529,752.5957446808511,7.568985844616385,738,764,47
