test_name,machine,compiler,core_mean,core_std,core_min,core_max,mem_mean,mem_std,mem_min,mem_max,n_hashes
hafs_regional_storm_following_1nest_atm_intel,acorn,intel,219.02173913043478,4.721059817149264,206,230,494.0,1.8135294011647263,490,498,46
hafs_regional_storm_following_1nest_atm_intel,derecho,intel,190.86666666666667,1.8847761013926632,187,194,453.6,1.8047556225547179,450,456,15
hafs_regional_storm_following_1nest_atm_intel,gaeac6,intel,134.3111111111111,3.9933024737007683,125,146,143551.84444444443,944534.0669957803,481,6338848,45
hafs_regional_storm_following_1nest_atm_intel,hera,intel,196.51162790697674,5.333506364856468,188,208,522.3953488372093,5.376932808119711,513,534,43
hafs_regional_storm_following_1nest_atm_intel,hercules,intel,184.7173913043478,20.951439137500017,168,306,607.6086956521739,5.686155744416317,599,620,46
hafs_regional_storm_following_1nest_atm_intel,orion,intel,249.82222222222222,5.236623169774797,241,263,522.3555555555556,5.966404260354727,514,548,45
hafs_regional_storm_following_1nest_atm_intel,ursa,intel,129.71428571428572,4.242640687119281,122,143,753.1224489795918,11.783874315247552,695,772,49
hafs_regional_storm_following_1nest_atm_intel,wcoss2,intel,232.17391304347825,9.798649221706457,217,265,494.9782608695652,17.324984053781048,420,537,46
