test_name,machine,compiler,core_mean,core_std,core_min,core_max,mem_mean,mem_std,mem_min,mem_max,n_hashes
hafs_regional_docn_intel,acorn,intel,386.125,15.041255323347453,363,418,762.6041666666666,20.600288764071266,742,844,48
hafs_regional_docn_intel,derecho,intel,342.0,7.160497697278264,337,363,357611.5,440889.0140501245,853,858936,12
hafs_regional_docn_intel,gaeac6,intel,253.36170212765958,13.472073420864696,227,273,173697.68085106384,936670.6957470982,846,6338848,47
hafs_regional_docn_intel,hera,intel,372.1458333333333,24.232025216627886,333,423,929.0,15.172763952472442,898,968,48
hafs_regional_docn_intel,hercules,intel,358.7708333333333,86.4331594129203,290,677,318567.0625,500003.4157300096,1075,1099548,48
hafs_regional_docn_intel,orion,intel,427.5625,64.65124317970114,380,800,41286.395833333336,195416.28793737476,950,969388,48
hafs_regional_docn_intel,ursa,intel,261.265306122449,12.962727835034176,235,282,28173.30612244898,188055.39364209553,1269,1317696,49
hafs_regional_docn_intel,wcoss2,intel,424.9791666666667,28.987517183820152,385,529,757.125,8.232331176267405,738,769,48
