test_name,machine,compiler,core_mean,core_std,core_min,core_max,mem_mean,mem_std,mem_min,mem_max,n_hashes
hafs_regional_storm_following_1nest_atm_ocn_wav_mom6_intel,acorn,intel,355.6458333333333,19.766175259699686,322,383,775.2708333333334,6.772094127022117,759,786,48
hafs_regional_storm_following_1nest_atm_ocn_wav_mom6_intel,derecho,intel,303.9142857142857,10.992969487416055,270,318,95804.65714285715,236459.25992689122,655,673452,35
hafs_regional_storm_following_1nest_atm_ocn_wav_mom6_intel,gaeac6,intel,216.7659574468085,7.0285528412062535,204,228,67587.82978723405,221370.64875033527,781,788944,47
hafs_regional_storm_following_1nest_atm_ocn_wav_mom6_intel,hera,intel,580.5102040816327,73.11581066163106,483,715,681.1632653061224,30.082765649382143,648,812,49
hafs_regional_storm_following_1nest_atm_ocn_wav_mom6_intel,hercules,intel,717.2,105.03293943971549,659,1433,621726.52,353165.2564510449,785,925472,50
hafs_regional_storm_following_1nest_atm_ocn_wav_mom6_intel,orion,intel,727.4897959183673,166.00905126540783,650,1620,43254.816326530614,168454.1779102052,660,714200,49
hafs_regional_storm_following_1nest_atm_ocn_wav_mom6_intel,ursa,intel,1102.357142857143,47.63224420317278,1017,1220,41413.96428571428,213372.5997089463,1057,1130152,28
hafs_regional_storm_following_1nest_atm_ocn_wav_mom6_intel,wcoss2,intel,381.875,25.765410592084933,342,488,775.3541666666666,5.096889261289031,764,786,48
