test_name,machine,compiler,core_mean,core_std,core_min,core_max,mem_mean,mem_std,mem_min,mem_max,n_hashes
hafs_regional_specified_moving_1nest_atm_intel,acorn,intel,231.58695652173913,3.7746292648360193,224,239,494.3695652173913,2.090812661273376,489,499,46
hafs_regional_specified_moving_1nest_atm_intel,derecho,intel,203.76470588235293,3.0522412209044436,199,212,453.6470588235294,1.6560939160637964,451,456,17
hafs_regional_specified_moving_1nest_atm_intel,gaeac6,intel,144.15555555555557,3.541671122991845,137,154,143831.64444444445,944631.8215579153,480,6339768,45
hafs_regional_specified_moving_1nest_atm_intel,hera,intel,206.390243902439,5.46295729793162,197,218,521.9756097560976,4.957256322191011,514,530,41
hafs_regional_specified_moving_1nest_atm_intel,hercules,intel,194.56521739130434,24.802913963137513,174,302,607.1739130434783,4.084139228370529,601,616,46
hafs_regional_specified_moving_1nest_atm_intel,orion,intel,261.77777777777777,5.877108476147445,252,284,520.1111111111111,4.17907244070339,513,529,45
hafs_regional_specified_moving_1nest_atm_intel,ursa,intel,142.73469387755102,9.239353129873507,132,188,753.6938775510204,7.735750560527022,736,770,49
hafs_regional_specified_moving_1nest_atm_intel,wcoss2,intel,245.8695652173913,13.69283461547547,227,302,490.0869565217391,21.57140709051532,417,501,46
