test_name,machine,compiler,core_mean,core_std,core_min,core_max,mem_mean,mem_std,mem_min,mem_max,n_hashes
hafs_regional_atm_intel,acorn,intel,275.8936170212766,7.093273122421664,253,289,698.468085106383,5.216408325532619,692,711,47
hafs_regional_atm_intel,derecho,intel,225.22222222222223,3.2145502536643145,221,232,743.5185185185185,1.695477476890762,740,746,27
hafs_regional_atm_intel,gaeac6,intel,163.85106382978722,7.333599636349945,147,190,139089.27659574468,924103.5771073243,790,6339604,47
hafs_regional_atm_intel,hera,intel,222.75,3.926748634520636,213,235,879.71875,19.53530199903611,859,921,32
hafs_regional_atm_intel,hercules,intel,208.36170212765958,14.076538501002753,189,251,992.1702127659574,16.249841670046287,975,1036,47
hafs_regional_atm_intel,orion,intel,282.30434782608694,5.83426493596196,271,299,876.6304347826087,12.647983933597502,865,911,46
hafs_regional_atm_intel,ursa,intel,170.73469387755102,16.754073522335894,154,248,1160.7142857142858,15.37449186152172,1139,1198,49
hafs_regional_atm_intel,wcoss2,intel,292.70212765957444,12.870449628335548,274,343,672.7872340425532,40.79531951532032,600,713,47
