test_name,machine,compiler,core_mean,core_std,core_min,core_max,mem_mean,mem_std,mem_min,mem_max,n_hashes
hafs_global_1nest_atm_intel,acorn,intel,185.4375,7.841260889705533,173,203,374.7083333333333,3.010325021918494,368,383,48
hafs_global_1nest_atm_intel,derecho,intel,135.44117647058823,2.4764487828289514,131,141,55890.41176470588,135689.3991185702,372,381840,34
hafs_global_1nest_atm_intel,gaeac6,intel,104.65957446808511,2.0880258592505925,102,113,33629.02127659575,110156.0133394785,383,393980,47
hafs_global_1nest_atm_intel,hera,intel,170.75510204081633,20.34138905885086,158,281,367.0612244897959,7.192033101707341,351,380,49
hafs_global_1nest_atm_intel,hercules,intel,163.84,123.98705659899196,134,1002,319686.6,191182.21899271797,429,440072,50
hafs_global_1nest_atm_intel,orion,intel,265.61224489795916,143.14209378657782,203,924,22963.102040816328,89393.22498080342,363,371380,49
hafs_global_1nest_atm_intel,ursa,intel,106.20689655172414,13.148545031797315,99,167,18514.896551724138,96859.32530381545,505,522132,29
hafs_global_1nest_atm_intel,wcoss2,intel,201.89583333333334,12.039367310960614,186,267,376.6041666666667,3.9719205030148212,364,387,48
