test_name,machine,compiler,core_mean,core_std,core_min,core_max,mem_mean,mem_std,mem_min,mem_max,n_hashes
hafs_regional_atm_gfdlmpv3_intel,acorn,intel,287.531914893617,5.98131534112612,272,298,907.8723404255319,5.1144170532558615,901,920,47
hafs_regional_atm_gfdlmpv3_intel,derecho,intel,337.4,13.11487704860399,324,382,994.64,1.5242484486898162,992,998,25
hafs_regional_atm_gfdlmpv3_intel,gaeac6,intel,233.08510638297872,3.7290270746160172,228,243,138950.51063829788,924148.5297227806,1030,6339768,47
hafs_regional_atm_gfdlmpv3_intel,hera,intel,317.94117647058823,3.976759579832968,313,329,1079.3823529411766,19.507597130632345,1059,1118,34
hafs_regional_atm_gfdlmpv3_intel,hercules,intel,314.0425531914894,31.250013876037634,292,429,1188.4468085106382,20.404399046836403,1157,1241,47
hafs_regional_atm_gfdlmpv3_intel,orion,intel,389.3478260869565,109.42216257155472,352,1088,1071.0434782608695,15.681491598185474,1049,1108,46
hafs_regional_atm_gfdlmpv3_intel,ursa,intel,244.18367346938774,27.572384636766966,235,429,1366.7142857142858,17.058722109231923,1336,1412,49
hafs_regional_atm_gfdlmpv3_intel,wcoss2,intel,353.78723404255317,32.34994534651172,327,477,892.7872340425532,35.62542824774649,827,926,47
