test_name,machine,compiler,core_mean,core_std,core_min,core_max,mem_mean,mem_std,mem_min,mem_max,n_hashes
hafs_regional_storm_following_1nest_atm_ocn_wav_mom6_intel,acorn,intel,326.3478260869565,5.233301024547187,311,338,776.4565217391304,4.25679337707058,769,786,46
hafs_regional_storm_following_1nest_atm_ocn_wav_mom6_intel,derecho,intel,272.39130434782606,4.755275830206268,266,285,619.8695652173913,1.6598014072359406,617,623,23
hafs_regional_storm_following_1nest_atm_ocn_wav_mom6_intel,gaeac6,intel,199.04347826086956,4.0219206121737345,193,212,141611.54347826086,934217.3526719857,775,6340012,46
hafs_regional_storm_following_1nest_atm_ocn_wav_mom6_intel,hera,intel,625.7428571428571,11.507907402004484,602,656,674.6,23.633475759409336,662,809,35
hafs_regional_storm_following_1nest_atm_ocn_wav_mom6_intel,hercules,intel,706.4347826086956,85.30224750820867,658,1260,827.6304347826087,15.042692867158225,811,923,46
hafs_regional_storm_following_1nest_atm_ocn_wav_mom6_intel,orion,intel,679.4666666666667,7.774082816407636,663,701,718.3333333333334,22.396225331312166,706,823,45
hafs_regional_storm_following_1nest_atm_ocn_wav_mom6_intel,ursa,intel,1096.6122448979593,76.94094497473654,1002,1347,1096.265306122449,13.392746031285094,1073,1127,49
hafs_regional_storm_following_1nest_atm_ocn_wav_mom6_intel,wcoss2,intel,346.69565217391306,22.410185744896733,330,460,760.8260869565217,30.812194085261545,699,787,46
