test_name,machine,compiler,core_mean,core_std,core_min,core_max,mem_mean,mem_std,mem_min,mem_max,n_hashes
hafs_global_storm_following_1nest_atm_intel,acorn,intel,96.61702127659575,3.9262394414644826,89,105,405.02127659574467,2.2888136446842067,402,413,47
hafs_global_storm_following_1nest_atm_intel,derecho,intel,72.2,2.8596814119369625,69,77,82971.0,174080.99793167802,370,413888,10
hafs_global_storm_following_1nest_atm_intel,gaeac6,intel,54.65217391304348,3.928343678698572,50,61,138853.5652173913,934454.7635254035,407,6338844,46
hafs_global_storm_following_1nest_atm_intel,hera,intel,68.08333333333333,4.752752095604146,62,79,401.2708333333333,2.1999959703380307,398,406,48
hafs_global_storm_following_1nest_atm_intel,hercules,intel,62.65217391304348,16.327505615173635,50,127,79653.84782608696,174528.87398007844,442,460720,46
hafs_global_storm_following_1nest_atm_intel,orion,intel,96.80434782608695,36.72275683503646,80,309,17817.739130434784,82619.18173252902,390,403420,46
hafs_global_storm_following_1nest_atm_intel,ursa,intel,49.142857142857146,5.484827557301443,43,71,11313.42857142857,75521.62534058263,500,529176,49
hafs_global_storm_following_1nest_atm_intel,wcoss2,intel,107.31914893617021,10.984388888779586,91,149,409.29787234042556,2.8046149361134156,396,413,47
