test_name,machine,compiler,core_mean,core_std,core_min,core_max,mem_mean,mem_std,mem_min,mem_max,n_hashes
hafs_regional_atm_ocn_wav_intel,acorn,intel,771.5151515151515,8.77539604562528,758,793,825.0,38.29001175241397,807,949,33
hafs_regional_atm_ocn_wav_intel,derecho,intel,678.6666666666666,4.700557211143999,674,690,305929.6666666667,446496.5816408368,907,920448,15
hafs_regional_atm_ocn_wav_intel,gaeac6,intel,485.59375,13.382365322053579,458,510,120929.4375,322472.22748162935,953,963412,32
hafs_regional_atm_ocn_wav_intel,hercules,intel,1003.7878787878788,40.91894241650003,964,1205,592896.9090909091,583001.4309977809,1138,1159688,33
hafs_regional_atm_ocn_wav_intel,orion,intel,2085.818181818182,62.4241812849069,2021,2354,68355.60606060606,270000.9187936843,1010,1195992,33
hafs_regional_atm_ocn_wav_intel,ursa,intel,1372.0588235294117,51.43335857526267,1247,1443,42228.44117647059,238102.07242097476,1370,1389756,34
hafs_regional_atm_ocn_wav_intel,wcoss2,intel,818.5151515151515,30.540056904949896,781,908,836.060606060606,47.58409620998608,805,950,33
