test_name,machine,compiler,core_mean,core_std,core_min,core_max,mem_mean,mem_std,mem_min,mem_max,n_hashes
hafs_global_multiple_4nests_atm_intel,acorn,intel,487.1020408163265,28.0648392847996,440,535,435.7142857142857,16.29800601300664,418,486,49
hafs_global_multiple_4nests_atm_intel,derecho,intel,389.95,17.44608235317272,357,408,111646.3,197616.05292056932,425,446148,20
hafs_global_multiple_4nests_atm_intel,gaeac6,intel,276.5625,22.351073323744508,240,305,38299.041666666664,126916.31960250436,413,460136,48
hafs_global_multiple_4nests_atm_intel,hera,intel,435.6734693877551,49.253759482188315,370,609,436.55102040816325,12.141631590814896,420,488,49
hafs_global_multiple_4nests_atm_intel,hercules,intel,404.83673469387753,50.16861026361318,336,644,209734.0612244898,254603.5118029443,498,524928,49
hafs_global_multiple_4nests_atm_intel,orion,intel,585.1632653061224,191.4579312950558,470,1665,18890.897959183672,90661.40591858921,413,486384,49
hafs_global_multiple_4nests_atm_intel,ursa,intel,285.54347826086956,26.942495571732906,253,380,13900.5,90093.9849058255,602,611664,46
hafs_global_multiple_4nests_atm_intel,wcoss2,intel,544.6122448979592,62.28757778994762,464,789,437.734693877551,15.341631147257559,417,485,49
