test_name,machine,compiler,core_mean,core_std,core_min,core_max,mem_mean,mem_std,mem_min,mem_max,n_hashes
hafs_regional_storm_following_1nest_atm_ocn_wav_mom6_intel,acorn,intel,327.29787234042556,5.107176934884695,311,340,778.6595744680851,4.574392788141766,771,786,47
hafs_regional_storm_following_1nest_atm_ocn_wav_mom6_intel,derecho,intel,269.7692307692308,1.9215378456610424,266,273,620.3076923076923,1.7021856236720776,618,623,13
hafs_regional_storm_following_1nest_atm_ocn_wav_mom6_intel,gaeac6,intel,198.80434782608697,4.919889633890359,190,212,140406.04347826086,934398.6299410133,775,6340012,46
hafs_regional_storm_following_1nest_atm_ocn_wav_mom6_intel,hera,intel,627.9782608695652,11.19223764824891,602,656,677.695652173913,28.91125852613853,662,812,46
hafs_regional_storm_following_1nest_atm_ocn_wav_mom6_intel,hercules,intel,712.3913043478261,83.8335595121852,669,1260,828.3913043478261,14.801618921770471,818,923,46
hafs_regional_storm_following_1nest_atm_ocn_wav_mom6_intel,orion,intel,675.195652173913,8.180246030577166,663,701,719.0434782608696,21.97570023835837,709,823,46
hafs_regional_storm_following_1nest_atm_ocn_wav_mom6_intel,ursa,intel,1078.6122448979593,40.41133108760595,1002,1187,1096.857142857143,12.737739202857014,1073,1127,49
hafs_regional_storm_following_1nest_atm_ocn_wav_mom6_intel,wcoss2,intel,356.40425531914894,39.64497861425454,330,545,777.8085106382979,4.078780177158338,772,788,47
