test_name,machine,compiler,core_mean,core_std,core_min,core_max,mem_mean,mem_std,mem_min,mem_max,n_hashes
hafs_regional_atm_thompson_gfdlsf_intel,acorn,intel,221.27083333333334,5.346462673634535,207,231,1049.6458333333333,3.7159207978490087,1042,1057,48
hafs_regional_atm_thompson_gfdlsf_intel,derecho,intel,184.28571428571428,3.268228676411535,180,190,376569.0,522833.3054797897,1044,1055228,14
hafs_regional_atm_thompson_gfdlsf_intel,gaeac6,intel,140.36170212765958,4.162072706439783,131,154,69079.76595744681,263320.2509154645,1031,1068096,47
hafs_regional_atm_thompson_gfdlsf_intel,hera,intel,209.79166666666666,9.974346527591786,188,224,1162.9583333333333,8.251262529657723,1145,1176,48
hafs_regional_atm_thompson_gfdlsf_intel,hercules,intel,198.16666666666666,44.82321460332678,159,445,432583.0,616403.315547885,1268,1301552,48
hafs_regional_atm_thompson_gfdlsf_intel,orion,intel,273.5416666666667,35.89580567765861,252,482,51877.520833333336,245557.9263304316,1160,1217828,48
hafs_regional_atm_thompson_gfdlsf_intel,ursa,intel,153.83673469387756,10.002805728843263,140,180,31927.897959183672,213219.43177288477,1445,1494004,49
hafs_regional_atm_thompson_gfdlsf_intel,wcoss2,intel,246.875,34.60206917930431,220,379,1048.7916666666667,3.89739865962628,1041,1058,48
