test_name,machine,compiler,core_mean,core_std,core_min,core_max,mem_mean,mem_std,mem_min,mem_max,n_hashes
hafs_regional_atm_ocn_intel,acorn,intel,408.6666666666667,5.000000000000026,402,414,763.6666666666666,8.231038816577168,758,785,9
hafs_regional_atm_ocn_intel,gaeac6,intel,262.25,13.49867718386826,254,284,902.0,3.5456210417116747,898,909,8
hafs_regional_atm_ocn_intel,hera,intel,385.55555555555554,19.7554493185495,369,412,939.4444444444445,3.643868518179247,933,945,9
hafs_regional_atm_ocn_intel,hercules,intel,409.6666666666667,81.69761318422957,340,613,1098.4444444444443,11.057928276932314,1082,1111,9
hafs_regional_atm_ocn_intel,orion,intel,399.1111111111111,22.093236773074047,381,430,970.2222222222222,2.223610677354393,966,973,9
hafs_regional_atm_ocn_intel,ursa,intel,268.8,12.27282454132797,257,286,1320.8,9.016035098028913,1311,1342,10
hafs_regional_atm_ocn_intel,wcoss2,intel,481.77777777777777,61.773331174904634,427,602,764.2222222222222,11.67023754875813,750,790,9
