test_name,machine,compiler,core_mean,core_std,core_min,core_max,mem_mean,mem_std,mem_min,mem_max,n_hashes
hafs_regional_storm_following_1nest_atm_ocn_wav_intel,acorn,intel,454.6136363636364,21.599112717662162,429,494,621.1363636363636,26.177027838724236,603,714,44
hafs_regional_storm_following_1nest_atm_ocn_wav_intel,derecho,intel,398.25,10.27131929208707,372,410,126113.70833333333,249925.90525201993,594,607440,24
hafs_regional_storm_following_1nest_atm_ocn_wav_intel,gaeac6,intel,290.90697674418607,12.092528101286304,268,310,57901.37209302326,180978.07739087174,604,617900,43
hafs_regional_storm_following_1nest_atm_ocn_wav_intel,hera,intel,851.8636363636364,111.09342201218003,615,995,623.1818181818181,20.54747506388699,601,742,44
hafs_regional_storm_following_1nest_atm_ocn_wav_intel,hercules,intel,1071.4666666666667,62.457112558065866,987,1436,410227.1111111111,370469.71697226504,720,754304,45
hafs_regional_storm_following_1nest_atm_ocn_wav_intel,orion,intel,953.8222222222222,128.91016760958507,874,1395,43421.044444444444,161863.30578762433,617,657588,45
hafs_regional_storm_following_1nest_atm_ocn_wav_intel,ursa,intel,1625.8055555555557,49.820718263127944,1547,1792,25915.222222222223,150125.61966720902,861,901648,36
hafs_regional_storm_following_1nest_atm_ocn_wav_intel,wcoss2,intel,482.79545454545456,37.80462599074632,443,642,620.2045454545455,28.135535377016982,604,715,44
