test_name,machine,compiler,core_mean,core_std,core_min,core_max,mem_mean,mem_std,mem_min,mem_max,n_hashes
hafs_regional_atm_ocn_wav_intel,acorn,intel,776.5333333333333,9.257172251570045,764,793,821.5333333333333,35.31464015849248,809,949,15
hafs_regional_atm_ocn_wav_intel,gaeac6,intel,476.7142857142857,15.274053270062376,458,494,966.7142857142857,7.897697536220744,953,978,14
hafs_regional_atm_ocn_wav_intel,hercules,intel,1020.9333333333333,54.72720225506384,978,1205,1149.6,8.20975030070953,1138,1159,15
hafs_regional_atm_ocn_wav_intel,orion,intel,2071.8,32.53174274019595,2021,2166,1022.8,4.916444708468553,1010,1032,15
hafs_regional_atm_ocn_wav_intel,ursa,intel,1400.625,44.72117321060948,1247,1443,1391.9375,17.418261489980384,1370,1420,16
hafs_regional_atm_ocn_wav_intel,wcoss2,intel,832.5333333333333,39.24805121034067,797,908,849.2,60.954549812603375,805,950,15
