test_name,machine,compiler,core_mean,core_std,core_min,core_max,mem_mean,mem_std,mem_min,mem_max,n_hashes
hafs_regional_atm_intel,acorn,intel,278.2888888888889,5.895384258515765,270,296,696.2888888888889,2.95128802560858,691,705,45
hafs_regional_atm_intel,derecho,intel,226.16216216216216,3.7823678174268394,221,238,744.1351351351351,3.9310880750059103,738,757,37
hafs_regional_atm_intel,gaeac6,intel,166.10638297872342,3.3830398123400593,160,182,140263.085106383,923926.9310236705,790,6339604,47
hafs_regional_atm_intel,hera,intel,224.04545454545453,2.999639227946504,221,235,869.7272727272727,5.025476221753646,859,879,22
hafs_regional_atm_intel,hercules,intel,212.0,18.10476756812007,197,264,22065.978723404256,144518.6925762004,973,991756,47
hafs_regional_atm_intel,orion,intel,285.0652173913044,6.523128676445747,276,303,19758.391304347828,128098.8624946422,864,869680,46
hafs_regional_atm_intel,ursa,intel,173.3673469387755,16.347392602429274,163,248,1156.1836734693877,9.086788645674336,1139,1176,49
hafs_regional_atm_intel,wcoss2,intel,289.0425531914894,12.683363713094034,274,343,651.6382978723404,44.41426794443176,600,703,47
