test_name,machine,compiler,core_mean,core_std,core_min,core_max,mem_mean,mem_std,mem_min,mem_max,n_hashes
hafs_regional_storm_following_1nest_atm_ocn_debug_intel,acorn,intel,855.2916666666666,7.201927077052966,844,873,610.375,27.97018987670855,588,661,24
hafs_regional_storm_following_1nest_atm_ocn_debug_intel,derecho,intel,709.5714285714286,3.309438162646478,706,714,167264.42857142858,284696.0613577558,578,591040,7
hafs_regional_storm_following_1nest_atm_ocn_debug_intel,gaeac6,intel,486.4347826086956,6.854501420476924,470,495,571.4782608695652,6.387982788852204,558,577,23
hafs_regional_storm_following_1nest_atm_ocn_debug_intel,hera,intel,756.875,8.295166219473593,740,772,580.875,3.639308343269561,575,586,24
hafs_regional_storm_following_1nest_atm_ocn_debug_intel,hercules,intel,661.4583333333334,31.538767264744372,626,756,212542.54166666666,306128.47814999666,631,640316,24
hafs_regional_storm_following_1nest_atm_ocn_debug_intel,orion,intel,773.375,35.162742757937245,738,920,48508.5,162390.8802330647,572,579160,24
hafs_regional_storm_following_1nest_atm_ocn_debug_intel,ursa,intel,495.24,5.174295443181928,486,507,29296.36,142864.92561007876,701,715048,25
hafs_regional_storm_following_1nest_atm_ocn_debug_intel,wcoss2,intel,868.5,35.551554726597594,847,994,638.7916666666666,162.48557907025813,589,1391,24
