test_name,machine,compiler,core_mean,core_std,core_min,core_max,mem_mean,mem_std,mem_min,mem_max,n_hashes
hafs_regional_docn_intel,acorn,intel,385.625,14.762841507030473,363,418,762.9583333333334,20.436677846911376,742,844,48
hafs_regional_docn_intel,derecho,intel,342.3076923076923,6.944837595708722,337,363,330168.6153846154,433560.8193311404,853,858936,13
hafs_regional_docn_intel,gaeac6,intel,253.51063829787233,13.562852624829697,227,273,38847.55319148936,182035.63998948937,846,896112,47
hafs_regional_docn_intel,hera,intel,373.0833333333333,24.306406942197732,333,423,929.875,14.6063597340628,898,968,48
hafs_regional_docn_intel,hercules,intel,359.5208333333333,86.13003271484922,290,677,341283.8958333333,509943.4666322791,1075,1099548,48
hafs_regional_docn_intel,orion,intel,428.625,64.52366381018179,380,800,41286.645833333336,195416.23524916504,950,969388,48
hafs_regional_docn_intel,ursa,intel,261.59183673469386,13.105212651439746,235,282,28173.938775510203,188055.30129751816,1273,1317696,49
hafs_regional_docn_intel,wcoss2,intel,425.0625,28.98158347728887,385,529,757.4375,8.16298404449246,738,769,48
