test_name,machine,compiler,core_mean,core_std,core_min,core_max,mem_mean,mem_std,mem_min,mem_max,n_hashes
hafs_global_multiple_4nests_atm_intel,acorn,intel,495.1041666666667,25.18631812249217,458,535,440.0208333333333,15.93669602338714,420,492,48
hafs_global_multiple_4nests_atm_intel,derecho,intel,378.5806451612903,20.90259025981931,355,408,72189.48387096774,166306.86155515272,425,446148,31
hafs_global_multiple_4nests_atm_intel,gaeac6,intel,283.51063829787233,15.054787394605153,249,305,39115.02127659575,128161.11587262701,414,460136,47
hafs_global_multiple_4nests_atm_intel,hera,intel,449.1224489795918,38.44077297884219,391,609,447.57142857142856,17.763492524463377,426,488,49
hafs_global_multiple_4nests_atm_intel,hercules,intel,434.16,167.08171775560385,373,1573,346562.06,239887.74220203966,500,524928,50
hafs_global_multiple_4nests_atm_intel,orion,intel,678.6938775510204,269.929559027415,486,1737,27830.877551020407,108600.90122259436,417,486384,49
hafs_global_multiple_4nests_atm_intel,ursa,intel,294.46875,25.372050122513897,258,380,19713.9375,108018.55588171023,602,611664,32
hafs_global_multiple_4nests_atm_intel,wcoss2,intel,542.1666666666666,57.41240630005957,488,789,440.8125,12.376464022576398,417,485,48
