test_name,machine,compiler,core_mean,core_std,core_min,core_max,mem_mean,mem_std,mem_min,mem_max,n_hashes
hafs_regional_1nest_atm_intel,acorn,intel,335.8888888888889,5.882262328476188,324,349,462.75555555555553,2.764676173340077,458,468,45
hafs_regional_1nest_atm_intel,derecho,intel,292.125,5.039268872488434,285,308,414.825,2.4795315934823066,411,420,40
hafs_regional_1nest_atm_intel,gaeac6,intel,203.58333333333334,2.766312034009072,197,211,137669.45833333334,914224.876894733,451,6339636,48
hafs_regional_1nest_atm_intel,hera,intel,307.6,3.5451968989933,302,316,485.05,2.645253942640034,481,490,20
hafs_regional_1nest_atm_intel,hercules,intel,293.3541666666667,30.694437491307806,271,406,12781.416666666666,84467.85537601088,584,585800,48
hafs_regional_1nest_atm_intel,orion,intel,399.5531914893617,6.723768711067174,392,416,10808.063829787234,70749.75003286747,479,485524,47
hafs_regional_1nest_atm_intel,ursa,intel,205.52,9.350848482728122,198,240,797.66,9.124110244571906,782,818,50
hafs_regional_1nest_atm_intel,wcoss2,intel,344.875,7.813313787403249,333,378,421.5208333333333,40.04571301906953,379,470,48
