test_name,machine,compiler,core_mean,core_std,core_min,core_max,mem_mean,mem_std,mem_min,mem_max,n_hashes
hafs_regional_atm_intel,acorn,intel,274.6304347826087,7.824061734737631,253,289,700.2173913043479,6.1025060188536395,692,713,46
hafs_regional_atm_intel,derecho,intel,224.6315789473684,2.9666765227512215,221,231,743.3684210526316,1.9209524927837602,740,746,19
hafs_regional_atm_intel,gaeac6,intel,162.7826086956522,12.170845024033207,147,225,141137.41304347827,934227.3011925851,790,6339604,46
hafs_regional_atm_intel,hera,intel,225.10256410256412,13.31559211046815,213,303,885.9487179487179,22.23315295720217,859,921,39
hafs_regional_atm_intel,hercules,intel,217.04347826086956,27.56564409368149,189,309,998.7173913043479,21.428602944536276,975,1038,46
hafs_regional_atm_intel,orion,intel,283.1333333333333,12.337304847862478,271,354,882.0888888888888,17.253223970427634,865,916,45
hafs_regional_atm_intel,ursa,intel,168.75510204081633,16.546060221198807,154,240,1167.9183673469388,20.711145082110747,1142,1210,49
hafs_regional_atm_intel,wcoss2,intel,306.60869565217394,42.396267268013894,274,502,688.9347826086956,30.55807016442488,609,713,46
