test_name,machine,compiler,core_mean,core_std,core_min,core_max,mem_mean,mem_std,mem_min,mem_max,n_hashes
hafs_regional_atm_ocn_wav_intel,acorn,intel,774.0869565217391,8.622976935217707,763,793,823.304347826087,37.71355529467392,808,949,23
hafs_regional_atm_ocn_wav_intel,derecho,intel,677.3333333333334,4.082482904638618,674,685,152601.5,371549.6268913481,916,911024,6
hafs_regional_atm_ocn_wav_intel,gaeac6,intel,483.45454545454544,15.65012482143213,458,510,967.6818181818181,7.233430086930507,953,979,22
hafs_regional_atm_ocn_wav_intel,hercules,intel,1013.304347826087,45.28338525593192,978,1205,349959.04347826086,539213.7340416455,1138,1155356,23
hafs_regional_atm_ocn_wav_intel,orion,intel,2096.478260869565,71.08757055735592,2021,2354,97625.0,321063.04373468744,1010,1195992,23
hafs_regional_atm_ocn_wav_intel,ursa,intel,1389.3333333333333,45.624808913635945,1247,1443,59242.583333333336,283398.17153024895,1370,1389756,24
hafs_regional_atm_ocn_wav_intel,wcoss2,intel,824.2608695652174,34.35406207463201,794,908,839.2173913043479,51.21164331543359,805,950,23
