test_name,machine,compiler,core_mean,core_std,core_min,core_max,mem_mean,mem_std,mem_min,mem_max,n_hashes
hafs_regional_1nest_atm_intel,acorn,intel,335.6666666666667,5.596264988202563,324,349,462.9111111111111,2.686855396033083,458,468,45
hafs_regional_1nest_atm_intel,derecho,intel,291.9736842105263,5.12274652951812,285,308,415.0,2.4161617987704727,411,420,38
hafs_regional_1nest_atm_intel,gaeac6,intel,203.3404255319149,2.7762705336216196,197,211,140338.6595744681,923920.4140412904,451,6339636,47
hafs_regional_1nest_atm_intel,hera,intel,307.6190476190476,3.4565328072534154,302,316,484.9047619047619,2.6627948081810944,481,490,21
hafs_regional_1nest_atm_intel,hercules,intel,291.5531914893617,28.34707906940119,271,406,13040.765957446809,85361.72783340847,584,585800,47
hafs_regional_1nest_atm_intel,orion,intel,399.1521739130435,6.699808923657965,392,416,11032.608695652174,71514.60443557531,479,485524,46
hafs_regional_1nest_atm_intel,ursa,intel,204.9591836734694,9.266784734724759,198,240,797.6530612244898,9.30848855527435,782,818,49
hafs_regional_1nest_atm_intel,wcoss2,intel,345.51063829787233,8.153079813989553,333,378,424.0851063829787,40.328450302395495,379,470,47
