test_name,machine,compiler,core_mean,core_std,core_min,core_max,mem_mean,mem_std,mem_min,mem_max,n_hashes
hafs_regional_telescopic_2nests_atm_intel,acorn,intel,402.1276595744681,7.429720052296983,370,414,477.21276595744683,12.67646942037776,468,509,47
hafs_regional_telescopic_2nests_atm_intel,derecho,intel,344.4,6.239658110292046,333,350,95703.6,200797.9310120279,427,477608,10
hafs_regional_telescopic_2nests_atm_intel,gaeac6,intel,247.08695652173913,17.600285461013936,222,277,138911.80434782608,934521.91462907,460,6339348,46
hafs_regional_telescopic_2nests_atm_intel,hera,intel,374.1041666666667,25.013391803263023,338,409,509.25,7.947969096942775,501,546,48
hafs_regional_telescopic_2nests_atm_intel,hercules,intel,368.80434782608694,70.27015157873613,308,666,107628.97826086957,235830.72242187135,602,628424,46
hafs_regional_telescopic_2nests_atm_intel,orion,intel,484.9130434782609,98.27847646966282,434,1085,22719.695652173912,105349.00995661349,496,516564,46
hafs_regional_telescopic_2nests_atm_intel,ursa,intel,250.91836734693877,16.02320808324321,225,279,17273.34693877551,115212.2204545361,805,807300,49
hafs_regional_telescopic_2nests_atm_intel,wcoss2,intel,441.7659574468085,53.42821790107832,398,683,478.4468085106383,9.724036804068692,471,512,47
