test_name,machine,compiler,core_mean,core_std,core_min,core_max,mem_mean,mem_std,mem_min,mem_max,n_hashes
hafs_regional_atm_ocn_intel,acorn,intel,410.125,11.015704456858431,396,434,761.5625,9.836766139596234,752,791,48
hafs_regional_atm_ocn_intel,derecho,intel,381.02941176470586,3.5117576892115214,375,389,128896.58823529411,313113.70945094107,742,875976,34
hafs_regional_atm_ocn_intel,gaeac6,intel,284.6170212765957,3.0184446865272134,282,297,78188.10638297872,256129.7700910219,889,910024,47
hafs_regional_atm_ocn_intel,hera,intel,423.55102040816325,25.801373691215392,405,553,948.2448979591836,13.733369658494908,922,989,49
hafs_regional_atm_ocn_intel,hercules,intel,431.3,121.84839191489111,376,1158,805975.2,482022.7903423536,1071,1105096,50
hafs_regional_atm_ocn_intel,orion,intel,500.16326530612247,141.3421302694835,423,1003,60341.4081632653,234901.95394700658,960,972468,49
hafs_regional_atm_ocn_intel,ursa,intel,294.44827586206895,19.73862458462115,283,361,46888.10344827586,245373.47620447385,1306,1322700,29
hafs_regional_atm_ocn_intel,wcoss2,intel,440.3958333333333,15.0414174062371,422,515,756.4791666666666,6.408071981869647,741,768,48
