test_name,machine,compiler,core_mean,core_std,core_min,core_max,mem_mean,mem_std,mem_min,mem_max,n_hashes
hafs_regional_atm_wav_intel,acorn,intel,698.6,7.578078432378027,683,713,793.9333333333333,32.8110291878148,762,899,45
hafs_regional_atm_wav_intel,derecho,intel,600.3170731707318,4.227523059607357,591,609,837.4878048780488,8.04711734479961,819,854,41
hafs_regional_atm_wav_intel,gaeac6,intel,448.0833333333333,5.242353431765769,439,461,137832.14583333334,914216.8607064502,907,6339748,48
hafs_regional_atm_wav_intel,hera,intel,1732.0526315789473,20.443618086528534,1704,1769,937.5263157894736,7.12092707020528,926,948,19
hafs_regional_atm_wav_intel,hercules,intel,845.5625,13.312777816499802,820,870,23942.25,158159.0508538794,1082,1096872,48
hafs_regional_atm_wav_intel,orion,intel,1758.0,24.826353459317307,1694,1799,21514.31914893617,140752.8028839933,960,965936,47
hafs_regional_atm_wav_intel,ursa,intel,1886.7,151.49247303993388,1703,2445,1331.92,18.891570304541254,1297,1376,50
hafs_regional_atm_wav_intel,wcoss2,intel,726.0,15.496053032126202,697,776,768.75,50.92276170411881,695,896,48
