test_name,machine,compiler,core_mean,core_std,core_min,core_max,mem_mean,mem_std,mem_min,mem_max,n_hashes
hafs_regional_atm_thompson_gfdlsf_intel,acorn,intel,230.5531914893617,15.073455664840964,212,260,1049.6382978723404,3.858505747695139,1043,1057,47
hafs_regional_atm_thompson_gfdlsf_intel,derecho,intel,183.53333333333333,3.66468075792028,177,191,176290.26666666666,398555.12267957773,1043,1055228,30
hafs_regional_atm_thompson_gfdlsf_intel,gaeac6,intel,142.19565217391303,2.729424564648423,138,154,93849.15217391304,303972.93023118336,1053,1072064,46
hafs_regional_atm_thompson_gfdlsf_intel,hera,intel,223.875,23.118220685415526,212,331,1153.5208333333333,20.18002971481421,1087,1176,48
hafs_regional_atm_thompson_gfdlsf_intel,hercules,intel,219.51020408163265,121.61450750372732,177,1012,869118.1836734693,610568.5090416307,1284,1301552,49
hafs_regional_atm_thompson_gfdlsf_intel,orion,intel,323.9791666666667,115.98119612510435,265,863,75771.97916666667,292015.06287114345,1146,1217828,48
hafs_regional_atm_thompson_gfdlsf_intel,ursa,intel,156.96969696969697,13.370875178173758,147,215,46699.666666666664,259816.57546955923,1452,1494004,33
hafs_regional_atm_thompson_gfdlsf_intel,wcoss2,intel,248.63829787234042,27.05021540693377,222,379,1046.531914893617,5.220574113979798,1035,1058,47
