test_name,machine,compiler,core_mean,core_std,core_min,core_max,mem_mean,mem_std,mem_min,mem_max,n_hashes
hafs_regional_storm_following_1nest_atm_ocn_intel,acorn,intel,269.3939393939394,3.6906926343455164,259,276,549.939393939394,3.0815924651407247,545,556,33
hafs_regional_storm_following_1nest_atm_ocn_intel,derecho,intel,217.06666666666666,2.3744673588186473,214,222,185084.66666666666,270148.56236619846,550,561212,15
hafs_regional_storm_following_1nest_atm_ocn_intel,gaeac6,intel,175.34375,28.514409911142213,160,329,71489.75,190645.79433294278,555,571756,32
hafs_regional_storm_following_1nest_atm_ocn_intel,hera,intel,242.33333333333334,24.98958116228975,226,377,572.8787878787879,5.743243725008415,567,600,33
hafs_regional_storm_following_1nest_atm_ocn_intel,hercules,intel,240.06060606060606,20.013962928945674,227,340,341128.54545454547,335431.76544036967,656,668912,33
hafs_regional_storm_following_1nest_atm_ocn_intel,orion,intel,339.90909090909093,80.40808558393073,304,688,35068.42424242424,137922.44422093488,562,573620,33
hafs_regional_storm_following_1nest_atm_ocn_intel,ursa,intel,167.41176470588235,8.644906179482215,156,197,25077.970588235294,141460.66544760027,800,825668,34
hafs_regional_storm_following_1nest_atm_ocn_intel,wcoss2,intel,300.6969696969697,30.335091940363448,276,413,550.0909090909091,2.227156768781054,546,555,33
