test_name,machine,compiler,core_mean,core_std,core_min,core_max,mem_mean,mem_std,mem_min,mem_max,n_hashes
hafs_regional_atm_gfdlmpv3_intel,acorn,intel,281.96153846153845,4.6085205368384345,276,291,917.4615384615385,2.0046100714257564,912,920,26
hafs_regional_atm_gfdlmpv3_intel,derecho,intel,319.57142857142856,14.585104549686115,295,349,373278.0,518261.53881265543,1037,1043904,14
hafs_regional_atm_gfdlmpv3_intel,gaeac6,intel,232.48,3.5133080327994812,229,247,127546.56,349600.8564853019,1045,1057196,25
hafs_regional_atm_gfdlmpv3_intel,hera,intel,318.53846153846155,3.9010846617910757,313,329,1111.8846153846155,13.11892350180277,1081,1129,26
hafs_regional_atm_gfdlmpv3_intel,hercules,intel,325.0,40.64578698955157,291,465,753796.8846153846,606774.9868671468,1211,1236836,26
hafs_regional_atm_gfdlmpv3_intel,orion,intel,402.6923076923077,55.87183135052528,352,610,83939.61538461539,292671.67455400625,1079,1080976,26
hafs_regional_atm_gfdlmpv3_intel,ursa,intel,244.34615384615384,8.840553411149367,236,266,55322.346153846156,274963.94507381396,1378,1403444,26
hafs_regional_atm_gfdlmpv3_intel,wcoss2,intel,368.88461538461536,10.458783573922622,355,401,919.1153846153846,2.7615491750381573,913,924,26
