test_name,machine,compiler,core_mean,core_std,core_min,core_max,mem_mean,mem_std,mem_min,mem_max,n_hashes
hafs_regional_storm_following_1nest_atm_ocn_wav_intel,acorn,intel,456.0217391304348,22.144464199568947,429,494,620.5217391304348,25.75417043288309,603,714,46
hafs_regional_storm_following_1nest_atm_ocn_wav_intel,derecho,intel,398.3076923076923,9.854011287873504,372,410,116459.96153846153,242134.24563650315,594,607440,26
hafs_regional_storm_following_1nest_atm_ocn_wav_intel,gaeac6,intel,291.0444444444444,11.832074196774633,268,310,55355.666666666664,177219.60599326788,604,617900,45
hafs_regional_storm_following_1nest_atm_ocn_wav_intel,hera,intel,841.0869565217391,120.02089190117539,604,995,623.304347826087,20.094078248984925,601,742,46
hafs_regional_storm_following_1nest_atm_ocn_wav_intel,hercules,intel,1071.5744680851064,61.086447896065636,987,1436,424792.7659574468,368995.7315627527,720,754304,47
hafs_regional_storm_following_1nest_atm_ocn_wav_intel,orion,intel,960.6808510638298,130.29483395661427,874,1395,41601.34042553192,158545.68901455184,617,657588,47
hafs_regional_storm_following_1nest_atm_ocn_wav_intel,ursa,intel,1625.8055555555557,49.820718263127944,1547,1792,25915.222222222223,150125.61966720902,861,901648,36
hafs_regional_storm_following_1nest_atm_ocn_wav_intel,wcoss2,intel,483.0652173913044,36.97711134316774,443,642,619.8478260869565,27.555170832595586,604,715,46
