test_name,machine,compiler,core_mean,core_std,core_min,core_max,mem_mean,mem_std,mem_min,mem_max,n_hashes
hafs_global_1nest_atm_intel,acorn,intel,186.3404255319149,6.76074537871792,175,203,374.3404255319149,2.958235341673344,368,383,47
hafs_global_1nest_atm_intel,derecho,intel,136.07407407407408,2.2858414698030165,132,141,70281.48148148147,149412.0741798359,372,381840,27
hafs_global_1nest_atm_intel,gaeac6,intel,103.84782608695652,3.5837124841541192,95,113,34349.934782608696,111261.08979700798,376,393980,46
hafs_global_1nest_atm_intel,hera,intel,168.54166666666666,21.286254013543065,152,281,369.2916666666667,4.528671466139592,353,380,48
hafs_global_1nest_atm_intel,hercules,intel,170.75510204081633,125.90795755435876,132,1002,264842.9183673469,212621.19265872394,429,440072,49
hafs_global_1nest_atm_intel,orion,intel,257.5,144.3916069936642,195,924,23433.625,90277.87159762249,363,371380,48
hafs_global_1nest_atm_intel,ursa,intel,103.86111111111111,12.726020088841102,93,167,15019.333333333334,86933.60030637505,505,522132,36
hafs_global_1nest_atm_intel,wcoss2,intel,205.72340425531914,18.034631091150562,186,274,376.9574468085106,4.318602062506225,364,387,47
