test_name,machine,compiler,core_mean,core_std,core_min,core_max,mem_mean,mem_std,mem_min,mem_max,n_hashes
hafs_regional_atm_ocn_intel,acorn,intel,405.92105263157896,6.679462589433496,396,428,763.9473684210526,10.295491977063907,755,791,38
hafs_regional_atm_ocn_intel,derecho,intel,382.4736842105263,3.2722472918746934,378,389,230052.8947368421,394027.8141411811,764,875976,19
hafs_regional_atm_ocn_intel,gaeac6,intel,280.2162162162162,11.702647219836733,254,297,99077.75675675676,285862.5871136345,898,910024,37
hafs_regional_atm_ocn_intel,hera,intel,416.36842105263156,34.714605581552945,369,553,942.3157894736842,11.959628628325126,922,989,38
hafs_regional_atm_ocn_intel,hercules,intel,412.8157894736842,60.56171980811512,340,613,548364.0789473684,554636.0097590365,1071,1105096,38
hafs_regional_atm_ocn_intel,orion,intel,460.2894736842105,119.3409623373609,381,990,52033.84210526316,219554.57695851813,965,972468,38
hafs_regional_atm_ocn_intel,ursa,intel,288.1111111111111,22.118870776882897,257,361,38028.13888888889,220229.46219823317,1306,1322700,36
hafs_regional_atm_ocn_intel,wcoss2,intel,451.7368421052632,36.47263632600458,422,602,760.0526315789474,7.587141926796552,745,790,38
