test_name,machine,compiler,core_mean,core_std,core_min,core_max,mem_mean,mem_std,mem_min,mem_max,n_hashes
hafs_regional_1nest_atm_intel,acorn,intel,332.4255319148936,6.625854106883032,311,346,463.8085106382979,3.6214235603068063,459,478,47
hafs_regional_1nest_atm_intel,derecho,intel,289.9230769230769,3.353146245481957,286,299,415.53846153846155,1.9839096340048903,412,419,13
hafs_regional_1nest_atm_intel,gaeac6,intel,206.7391304347826,49.50350595108669,184,533,140182.65217391305,934376.0769821209,450,6339636,46
hafs_regional_1nest_atm_intel,hera,intel,310.9347826086956,9.315225705890954,293,330,490.0217391304348,7.590898440266113,472,520,46
hafs_regional_1nest_atm_intel,hercules,intel,307.8695652173913,58.512528077574835,261,602,593.8260869565217,6.078392871753363,586,610,46
hafs_regional_1nest_atm_intel,orion,intel,396.17391304347825,8.407151315202746,378,420,489.10869565217394,6.186825647632468,479,511,46
hafs_regional_1nest_atm_intel,ursa,intel,200.73469387755102,6.803110533070154,184,229,801.1020408163265,9.280905348166863,782,821,49
hafs_regional_1nest_atm_intel,wcoss2,intel,355.1489361702128,30.097651738100947,321,488,467.4468085106383,4.591147013254676,462,495,47
