test_name,machine,compiler,core_mean,core_std,core_min,core_max,mem_mean,mem_std,mem_min,mem_max,n_hashes
hafs_regional_specified_moving_1nest_atm_intel,acorn,intel,231.53191489361703,3.7697368367946273,224,239,494.59574468085106,2.0815919333224895,489,499,47
hafs_regional_specified_moving_1nest_atm_intel,derecho,intel,203.6153846153846,3.0697030675746015,199,212,453.0,1.2909944487358096,451,455,13
hafs_regional_specified_moving_1nest_atm_intel,gaeac6,intel,144.58695652173913,3.9190479963975484,137,154,140208.0652173913,934392.0934580445,480,6339768,46
hafs_regional_specified_moving_1nest_atm_intel,hera,intel,207.7391304347826,6.492507759320031,197,222,522.6304347826087,5.083125441222955,514,531,46
hafs_regional_specified_moving_1nest_atm_intel,hercules,intel,196.02173913043478,24.511665368359502,174,302,608.2391304347826,4.822100891191724,601,618,46
hafs_regional_specified_moving_1nest_atm_intel,orion,intel,262.82608695652175,7.002553019597224,252,284,521.0652173913044,4.577248925879895,513,530,46
hafs_regional_specified_moving_1nest_atm_intel,ursa,intel,143.12244897959184,9.162042742253739,132,188,754.4897959183673,7.10962507502914,742,770,49
hafs_regional_specified_moving_1nest_atm_intel,wcoss2,intel,247.46808510638297,13.297353551397382,227,302,496.8085106382979,2.374120412611822,492,501,47
