test_name,machine,compiler,core_mean,core_std,core_min,core_max,mem_mean,mem_std,mem_min,mem_max,n_hashes
hafs_regional_atm_ocn_intel,acorn,intel,405.48148148148147,4.466717693291922,399,414,762.8148148148148,9.368675454517597,755,791,27
hafs_regional_atm_ocn_intel,derecho,intel,380.4,1.8378731669453758,378,384,436336.8,459020.73963839345,873,875976,10
hafs_regional_atm_ocn_intel,gaeac6,intel,278.2307692307692,13.485718942074078,254,297,906.7692307692307,3.8813161923006625,898,912,26
hafs_regional_atm_ocn_intel,hera,intel,404.85185185185185,18.182205383082447,369,429,940.5185185185185,3.6094999693156984,932,946,27
hafs_regional_atm_ocn_intel,hercules,intel,418.14814814814815,68.56198975194958,340,613,448125.25925925927,549413.5040144447,1082,1105096,27
hafs_regional_atm_ocn_intel,orion,intel,440.85185185185185,88.71982854586666,381,857,72838.11111111111,258931.66419975835,965,972468,27
hafs_regional_atm_ocn_intel,ursa,intel,284.5,20.170568952110685,257,355,48515.25,249716.738998206,1306,1322700,28
hafs_regional_atm_ocn_intel,wcoss2,intel,458.6296296296296,40.971048078207374,427,602,760.8888888888889,8.201000564346403,745,790,27
