test_name,machine,compiler,core_mean,core_std,core_min,core_max,mem_mean,mem_std,mem_min,mem_max,n_hashes
hafs_regional_atm_thompson_gfdlsf_intel,acorn,intel,222.17777777777778,9.202985901051342,211,244,1043.5333333333333,5.285486130562112,1033,1053,45
hafs_regional_atm_thompson_gfdlsf_intel,derecho,intel,199.0,4.962078417580898,192,210,997.9782608695652,3.207554488563055,992,1005,46
hafs_regional_atm_thompson_gfdlsf_intel,gaeac6,intel,144.56521739130434,3.7926957514150703,141,164,6338.760869565217,0.6727978930043563,6338,6340,46
hafs_regional_atm_thompson_gfdlsf_intel,hera,intel,196.85714285714286,2.544836041121406,195,201,1148.857142857143,3.287784027201866,1145,1154,7
hafs_regional_atm_thompson_gfdlsf_intel,hercules,intel,186.7659574468085,22.098802609660968,166,264,28623.76595744681,187441.38192050904,1264,1286316,47
hafs_regional_atm_thompson_gfdlsf_intel,orion,intel,272.0869565217391,56.314129305355415,256,644,26923.260869565216,174701.47966420825,1099,1186048,46
hafs_regional_atm_thompson_gfdlsf_intel,ursa,intel,152.86,12.963071568490086,142,201,1460.58,12.475428911689233,1427,1488,50
hafs_regional_atm_thompson_gfdlsf_intel,wcoss2,intel,224.42857142857142,10.517841983981317,214,286,973.4897959183673,35.51943273816199,946,1051,49
