test_name,machine,compiler,core_mean,core_std,core_min,core_max,mem_mean,mem_std,mem_min,mem_max,n_hashes
hafs_global_multiple_4nests_atm_intel,acorn,intel,491.1041666666667,27.472415243126637,443,535,437.125,15.142760365579372,420,486,48
hafs_global_multiple_4nests_atm_intel,derecho,intel,384.375,20.342315074953884,355,408,93113.83333333333,184532.81333838627,425,446148,24
hafs_global_multiple_4nests_atm_intel,gaeac6,intel,279.78723404255317,19.911692184779877,242,305,39109.21276595745,128162.90680426598,413,460136,47
hafs_global_multiple_4nests_atm_intel,hera,intel,442.5208333333333,44.913623760400164,373,609,441.75,15.956723387857416,425,488,48
hafs_global_multiple_4nests_atm_intel,hercules,intel,433.44897959183675,173.12688762201864,336,1573,271285.5918367347,257387.13040322144,500,524928,49
hafs_global_multiple_4nests_atm_intel,orion,intel,633.1836734693877,264.10908995064483,470,1737,27827.69387755102,108601.72104782761,414,486384,49
hafs_global_multiple_4nests_atm_intel,ursa,intel,287.55,26.663092709220987,253,380,15894.05,96614.87220600176,602,611664,40
hafs_global_multiple_4nests_atm_intel,wcoss2,intel,545.6041666666666,62.31312132009183,464,789,438.8125,14.188182451483906,417,485,48
