test_name,machine,compiler,core_mean,core_std,core_min,core_max,mem_mean,mem_std,mem_min,mem_max,n_hashes
hafs_regional_storm_following_1nest_atm_intel,acorn,intel,219.15217391304347,4.6617468890932985,206,230,493.9782608695652,1.819513126999533,490,498,46
hafs_regional_storm_following_1nest_atm_intel,derecho,intel,190.6875,1.956825660774786,187,194,453.5625,1.7500000000000002,450,456,16
hafs_regional_storm_following_1nest_atm_intel,gaeac6,intel,134.26666666666668,3.950834204201792,125,146,143681.6222222222,944514.3661456225,481,6338848,45
hafs_regional_storm_following_1nest_atm_intel,hera,intel,196.23809523809524,5.083735537486055,188,208,522.2857142857143,5.393246518928749,513,534,42
hafs_regional_storm_following_1nest_atm_intel,hercules,intel,184.43478260869566,20.98004573018324,168,306,607.304347826087,5.374299190353931,599,619,46
hafs_regional_storm_following_1nest_atm_intel,orion,intel,249.7111111111111,5.110693878446644,241,263,522.2222222222222,5.927167378378415,514,548,45
hafs_regional_storm_following_1nest_atm_intel,ursa,intel,129.6122448979592,4.22204692916941,122,143,753.204081632653,11.7756450492757,695,772,49
hafs_regional_storm_following_1nest_atm_intel,wcoss2,intel,231.65217391304347,9.73930727927778,217,265,493.30434782608694,20.37849581758769,420,537,46
