test_name,machine,compiler,core_mean,core_std,core_min,core_max,mem_mean,mem_std,mem_min,mem_max,n_hashes
hafs_regional_telescopic_2nests_atm_intel,acorn,intel,406.46666666666664,10.334408546211062,389,432,471.1333333333333,6.946549175997053,464,501,45
hafs_regional_telescopic_2nests_atm_intel,derecho,intel,337.9130434782609,4.792707826394028,329,347,426.1304347826087,2.0287784573445724,422,431,46
hafs_regional_telescopic_2nests_atm_intel,gaeac6,intel,241.8125,2.9510636380370823,238,251,6338.770833333333,0.856504110194547,6338,6342,48
hafs_regional_telescopic_2nests_atm_intel,hera,intel,353.3,2.6267851073127333,349,357,504.9,2.766867462592948,501,509,10
hafs_regional_telescopic_2nests_atm_intel,hercules,intel,357.0416666666667,65.92967185725767,317,714,13164.479166666666,86976.29948880048,593,603200,48
hafs_regional_telescopic_2nests_atm_intel,orion,intel,456.0425531914894,9.028836524806236,445,480,11151.68085106383,73010.98071020203,492,501040,47
hafs_regional_telescopic_2nests_atm_intel,ursa,intel,246.06,11.064578526052568,235,280,812.96,9.156151049475774,798,834,50
hafs_regional_telescopic_2nests_atm_intel,wcoss2,intel,410.2244897959184,9.14982993039226,400,445,417.3265306122449,32.862965322622934,392,477,49
