test_name,machine,compiler,core_mean,core_std,core_min,core_max,mem_mean,mem_std,mem_min,mem_max,n_hashes
hafs_regional_atm_ocn_intel,acorn,intel,409.8478260869565,10.71855585484941,396,434,762.9130434782609,10.23680958753272,754,791,46
hafs_regional_atm_ocn_intel,derecho,intel,382.0,3.3585711247493357,378,389,168317.96153846153,350063.1084772551,742,875976,26
hafs_regional_atm_ocn_intel,gaeac6,intel,280.75555555555553,10.66249918587989,254,297,81624.13333333333,261343.90344225813,898,910024,45
hafs_regional_atm_ocn_intel,hera,intel,417.0851063829787,31.42543264358125,369,553,946.063829787234,13.798872441835623,922,989,47
hafs_regional_atm_ocn_intel,hercules,intel,432.2916666666667,126.4168986706427,340,1158,658427.7291666666,537763.4623299101,1071,1105096,48
hafs_regional_atm_ocn_intel,orion,intel,484.6170212765957,146.4178881313597,381,1003,62868.63829787234,239620.80716954384,961,972468,47
hafs_regional_atm_ocn_intel,ursa,intel,288.1111111111111,22.118870776882897,257,361,38028.13888888889,220229.46219823317,1306,1322700,36
hafs_regional_atm_ocn_intel,wcoss2,intel,448.6304347826087,33.83447203052739,422,602,758.1521739130435,8.532206673811725,741,790,46
