test_name,machine,compiler,core_mean,core_std,core_min,core_max,mem_mean,mem_std,mem_min,mem_max,n_hashes
hafs_regional_atm_ocn_wav_intel,acorn,intel,774.7272727272727,11.469603177101183,758,795,827.4545454545455,41.9442900432281,805,953,44
hafs_regional_atm_ocn_wav_intel,derecho,intel,679.625,5.769579142213112,673,698,191513.375,379626.3780259667,789,920448,24
hafs_regional_atm_ocn_wav_intel,gaeac6,intel,487.48837209302326,12.08180862568899,458,510,90238.3953488372,282061.56885528006,947,963412,43
hafs_regional_atm_ocn_wav_intel,hera,intel,1107.0,11.36410388648649,1086,1125,1033.375,28.88864087195124,1007,1102,8
hafs_regional_atm_ocn_wav_intel,hercules,intel,1018.8,90.23494586104353,964,1545,662462.1555555556,571766.4068318522,1138,1159688,45
hafs_regional_atm_ocn_wav_intel,orion,intel,2092.3333333333335,65.64885929909777,2021,2354,72569.08888888889,271676.884028521,999,1195992,45
hafs_regional_atm_ocn_wav_intel,ursa,intel,1372.7777777777778,51.73123461624158,1247,1443,39959.36111111111,231393.71004689363,1370,1389756,36
hafs_regional_atm_ocn_wav_intel,wcoss2,intel,813.1590909090909,28.303950896714714,781,908,838.8636363636364,50.61877163941552,801,950,44
