test_name,machine,compiler,core_mean,core_std,core_min,core_max,mem_mean,mem_std,mem_min,mem_max,n_hashes
hafs_regional_atm_gfdlmpv3_intel,acorn,intel,285.25531914893617,6.8476212471014986,272,298,911.4042553191489,5.720518274133901,901,920,47
hafs_regional_atm_gfdlmpv3_intel,derecho,intel,335.3333333333333,7.935344792111866,325,350,994.1666666666666,1.337115846843057,992,997,12
hafs_regional_atm_gfdlmpv3_intel,gaeac6,intel,232.08695652173913,3.7406243504796026,226,243,140454.30434782608,934354.128808032,1030,6339768,46
hafs_regional_atm_gfdlmpv3_intel,hera,intel,317.59574468085106,3.669258747960134,313,329,1087.3829787234042,22.883023127551716,1059,1129,47
hafs_regional_atm_gfdlmpv3_intel,hercules,intel,320.2608695652174,40.641760013621855,291,493,1203.4347826086957,24.805601673737694,1157,1244,46
hafs_regional_atm_gfdlmpv3_intel,orion,intel,396.0869565217391,109.14207378702038,352,1088,1078.9565217391305,19.11131895179649,1049,1134,46
hafs_regional_atm_gfdlmpv3_intel,ursa,intel,244.26530612244898,27.54600357447827,235,429,1376.5714285714287,21.938360619396168,1336,1416,49
hafs_regional_atm_gfdlmpv3_intel,wcoss2,intel,369.531914893617,45.919992360924695,327,554,915.2340425531914,5.722620127929632,907,926,47
