test_name,machine,compiler,core_mean,core_std,core_min,core_max,mem_mean,mem_std,mem_min,mem_max,n_hashes
hafs_regional_telescopic_2nests_atm_intel,acorn,intel,402.1914893617021,7.574666868474327,370,414,477.1063829787234,12.254961803557798,468,507,47
hafs_regional_telescopic_2nests_atm_intel,derecho,intel,335.2307692307692,3.320488070395824,329,341,427.0769230769231,1.9348358440936824,425,431,13
hafs_regional_telescopic_2nests_atm_intel,gaeac6,intel,240.52173913043478,12.609941634255234,222,270,140184.58695652173,934332.3622171803,460,6339348,46
hafs_regional_telescopic_2nests_atm_intel,hera,intel,363.6521739130435,20.264053988725276,338,409,508.1304347826087,8.11749467549953,501,546,46
hafs_regional_telescopic_2nests_atm_intel,hercules,intel,358.39130434782606,56.876270490667146,308,666,609.7391304347826,3.7144449719002455,602,620,46
hafs_regional_telescopic_2nests_atm_intel,orion,intel,456.5869565217391,20.864191639112747,434,502,504.19565217391306,5.467559135350175,492,527,46
hafs_regional_telescopic_2nests_atm_intel,ursa,intel,245.3265306122449,14.580791809634968,225,279,813.6530612244898,7.060898846252297,801,831,49
hafs_regional_telescopic_2nests_atm_intel,wcoss2,intel,433.51063829787233,53.27160608430266,398,683,478.1063829787234,9.83391213795891,471,512,47
