test_name,machine,compiler,core_mean,core_std,core_min,core_max,mem_mean,mem_std,mem_min,mem_max,n_hashes
hafs_regional_atm_wav_intel,acorn,intel,701.7111111111111,11.504193350533798,683,731,786.7111111111111,30.716165585613552,762,893,45
hafs_regional_atm_wav_intel,derecho,intel,600.4782608695652,4.277793462547333,591,609,836.4782608695652,7.702060706748141,819,854,46
hafs_regional_atm_wav_intel,gaeac6,intel,447.9375,5.357064335797383,437,461,6338.625,0.6399800528805482,6338,6340,48
hafs_regional_atm_wav_intel,hera,intel,1732.4444444444443,16.8159976741726,1708,1763,931.6666666666666,4.555216789572176,926,939,9
hafs_regional_atm_wav_intel,hercules,intel,852.5625,23.849623084581324,820,927,23943.1875,158158.91339001028,1082,1096872,48
hafs_regional_atm_wav_intel,orion,intel,1654.5106382978724,303.85428947472894,780,1799,21511.82978723404,140753.1740136858,960,965936,47
hafs_regional_atm_wav_intel,ursa,intel,1811.3,381.49797388928897,454,2445,1323.0,17.44846639655852,1288,1361,50
hafs_regional_atm_wav_intel,wcoss2,intel,728.9591836734694,12.969449974962728,704,776,757.6530612244898,56.592310660109455,692,896,49
