test_name,machine,compiler,core_mean,core_std,core_min,core_max,mem_mean,mem_std,mem_min,mem_max,n_hashes
hafs_global_1nest_atm_intel,acorn,intel,184.06666666666666,5.851961598084411,175,202,374.24444444444447,3.7243398167604185,368,386,45
hafs_global_1nest_atm_intel,derecho,intel,149.82608695652175,3.5358754869108777,145,160,335.5,2.1369760566432556,331,339,46
hafs_global_1nest_atm_intel,gaeac6,intel,104.77777777777777,4.486793190165237,101,126,6338.666666666667,0.6030226891554465,6338,6340,45
hafs_global_1nest_atm_intel,hera,intel,150.66666666666666,2.338090388900024,148,154,365.1666666666667,4.62240918425302,358,372,6
hafs_global_1nest_atm_intel,hercules,intel,145.4468085106383,22.330334710626747,128,232,9515.170212765957,62279.87085390505,425,427400,47
hafs_global_1nest_atm_intel,orion,intel,201.65217391304347,5.933772984851113,196,227,8160.152173913043,52877.43318487361,353,358996,46
hafs_global_1nest_atm_intel,ursa,intel,101.0,8.743510713199631,94,135,532.84,6.649719957276678,518,551,50
hafs_global_1nest_atm_intel,wcoss2,intel,172.75510204081633,8.945507746547277,163,203,291.734693877551,40.1698350290178,267,387,49
