test_name,machine,compiler,core_mean,core_std,core_min,core_max,mem_mean,mem_std,mem_min,mem_max,n_hashes
hafs_regional_atm_thompson_gfdlsf_intel,acorn,intel,218.5,5.648008498577172,207,231,1047.9782608695652,4.041392116776768,1038,1056,46
hafs_regional_atm_thompson_gfdlsf_intel,derecho,intel,196.6315789473684,4.487148640726828,193,207,997.8421052631579,3.4683194440653673,992,1004,19
hafs_regional_atm_thompson_gfdlsf_intel,gaeac6,intel,139.80434782608697,3.600120770921076,131,148,141260.9347826087,934228.8493537186,1031,6339740,46
hafs_regional_atm_thompson_gfdlsf_intel,hera,intel,200.43589743589743,8.296463646749464,188,217,1155.7692307692307,10.385874867392385,1143,1174,39
hafs_regional_atm_thompson_gfdlsf_intel,hercules,intel,196.84782608695653,44.651224888663144,159,445,1281.1521739130435,8.511345085771222,1264,1300,46
hafs_regional_atm_thompson_gfdlsf_intel,orion,intel,277.8222222222222,80.37251025095834,252,647,1193.8,16.310342507969526,1177,1225,45
hafs_regional_atm_thompson_gfdlsf_intel,ursa,intel,148.57142857142858,8.354140689901438,140,180,1461.7755102040817,10.284019370935157,1439,1483,49
hafs_regional_atm_thompson_gfdlsf_intel,wcoss2,intel,239.34782608695653,36.28664730926322,214,379,1036.7391304347825,30.33475072337467,953,1058,46
