test_name,machine,compiler,core_mean,core_std,core_min,core_max,mem_mean,mem_std,mem_min,mem_max,n_hashes
hafs_regional_storm_following_1nest_atm_intel,acorn,intel,218.20833333333334,7.2492357141781625,207,237,492.5625,2.673003331182101,483,498,48
hafs_regional_storm_following_1nest_atm_intel,derecho,intel,183.46153846153845,9.096068466016597,177,225,95327.69230769231,198200.82094557918,489,496928,26
hafs_regional_storm_following_1nest_atm_intel,gaeac6,intel,149.5531914893617,75.74293151427118,130,657,42882.0,140473.22258863,481,500312,47
hafs_regional_storm_following_1nest_atm_intel,hera,intel,213.83333333333334,24.08260017534805,197,348,526.3958333333334,5.726903969686764,508,537,48
hafs_regional_storm_following_1nest_atm_intel,hercules,intel,205.22448979591837,113.18978629314763,172,970,350936.55102040817,306547.94275264273,607,622412,49
hafs_regional_storm_following_1nest_atm_intel,orion,intel,297.16326530612247,106.34620094663612,247,734,32748.571428571428,127482.70904355358,516,527168,49
hafs_regional_storm_following_1nest_atm_intel,ursa,intel,135.73684210526315,12.937864418215437,126,208,21098.0,125372.51865971695,745,773608,38
hafs_regional_storm_following_1nest_atm_intel,wcoss2,intel,236.54166666666666,9.68648616291776,220,268,514.3541666666666,129.56563925627248,489,1393,48
