test_name,machine,compiler,core_mean,core_std,core_min,core_max,mem_mean,mem_std,mem_min,mem_max,n_hashes
hafs_regional_atm_ocn_intel,acorn,intel,404.80555555555554,4.755865217629082,396,414,764.0,10.583005244258395,755,791,36
hafs_regional_atm_ocn_intel,derecho,intel,382.70588235294116,3.386825687172888,378,389,257027.76470588235,409048.2922819947,870,875976,17
hafs_regional_atm_ocn_intel,gaeac6,intel,280.0571428571429,12.019452021234445,254,297,104687.22857142857,293129.8008970535,898,910024,35
hafs_regional_atm_ocn_intel,hera,intel,416.1666666666667,35.680727090605714,369,553,940.5833333333334,9.613606428985356,922,989,36
hafs_regional_atm_ocn_intel,hercules,intel,411.69444444444446,61.000618003635,340,613,548432.5555555555,555121.9551018854,1082,1105096,36
hafs_regional_atm_ocn_intel,orion,intel,446.3333333333333,82.56841319259354,381,857,54870.5,225391.84673927948,965,972468,36
hafs_regional_atm_ocn_intel,ursa,intel,288.1111111111111,22.118870776882897,257,361,38028.13888888889,220229.46219823317,1306,1322700,36
hafs_regional_atm_ocn_intel,wcoss2,intel,452.80555555555554,37.192026368521844,422,602,759.9444444444445,7.693947322202389,745,790,36
