test_name,machine,compiler,core_mean,core_std,core_min,core_max,mem_mean,mem_std,mem_min,mem_max,n_hashes
hafs_regional_atm_ocn_wav_intel,acorn,intel,773.7317073170732,11.211655520581939,758,795,828.9756097560976,43.086823858853904,805,953,41
hafs_regional_atm_ocn_wav_intel,derecho,intel,679.7272727272727,5.783241949450767,674,698,208851.72727272726,392507.75092209596,791,920448,22
hafs_regional_atm_ocn_wav_intel,gaeac6,intel,487.075,12.435242515136371,458,510,96935.05,291580.80921075284,947,963412,40
hafs_regional_atm_ocn_wav_intel,hera,intel,1105.2,13.809417076763253,1086,1125,1041.4,34.165772346019054,1021,1102,5
hafs_regional_atm_ocn_wav_intel,hercules,intel,1006.5121951219512,42.783245523931136,964,1205,616640.4146341464,579133.4531912302,1138,1159688,41
hafs_regional_atm_ocn_wav_intel,orion,intel,2089.8048780487807,65.01354455503686,2021,2354,79551.31707317074,283948.9327174376,1001,1195992,41
hafs_regional_atm_ocn_wav_intel,ursa,intel,1372.7777777777778,51.73123461624158,1247,1443,39959.36111111111,231393.71004689363,1370,1389756,36
hafs_regional_atm_ocn_wav_intel,wcoss2,intel,814.4878048780488,28.782913291760046,781,908,837.9756097560976,49.56434595799587,805,950,41
