test_name,machine,compiler,core_mean,core_std,core_min,core_max,mem_mean,mem_std,mem_min,mem_max,n_hashes
hafs_global_1nest_atm_intel,acorn,intel,185.91666666666666,7.5479554321467575,173,203,374.5416666666667,3.0939772196092705,368,383,48
hafs_global_1nest_atm_intel,derecho,intel,135.5,2.5400025400038007,131,141,59359.625,139241.71956355654,372,381840,32
hafs_global_1nest_atm_intel,gaeac6,intel,104.40425531914893,2.6429526840102064,96,113,33628.48936170213,110156.1773481223,376,393980,47
hafs_global_1nest_atm_intel,hera,intel,169.91836734693877,20.58401152866576,153,281,367.81632653061223,6.762868811223771,351,380,49
hafs_global_1nest_atm_intel,hercules,intel,166.92,124.23953822009665,134,1002,302590.7,199837.30651832753,429,440072,50
hafs_global_1nest_atm_intel,orion,intel,265.14285714285717,143.3499505871325,196,924,22963.04081632653,89393.24077914559,363,371380,49
hafs_global_1nest_atm_intel,ursa,intel,105.38709677419355,13.093706934643173,93,167,17355.129032258064,93682.62271120222,505,522132,31
hafs_global_1nest_atm_intel,wcoss2,intel,203.52083333333334,14.796476842490403,186,267,376.6666666666667,3.964380412717435,364,387,48
