test_name,machine,compiler,core_mean,core_std,core_min,core_max,mem_mean,mem_std,mem_min,mem_max,n_hashes
hafs_global_1nest_atm_intel,acorn,intel,182.26666666666668,3.9450774851245143,175,191,375.75555555555553,4.528473330723122,368,387,45
hafs_global_1nest_atm_intel,derecho,intel,149.48648648648648,3.8486766962570815,145,160,336.13513513513516,2.1878726623793203,331,339,37
hafs_global_1nest_atm_intel,gaeac6,intel,103.8936170212766,4.805947594899607,98,126,140201.12765957447,923937.0964212269,373,6339608,47
hafs_global_1nest_atm_intel,hera,intel,151.1818181818182,2.3428993766650525,148,157,367.09090909090907,3.175937670449479,358,373,22
hafs_global_1nest_atm_intel,hercules,intel,140.31914893617022,16.443720068607558,128,207,9515.021276595744,62279.89303748367,426,427400,47
hafs_global_1nest_atm_intel,orion,intel,200.8695652173913,6.5949768617307045,196,227,8160.282608695652,52877.4135372091,353,358996,46
hafs_global_1nest_atm_intel,ursa,intel,100.83673469387755,8.552160883794981,94,128,531.5714285714286,5.275730597114814,518,544,49
hafs_global_1nest_atm_intel,wcoss2,intel,179.70212765957447,11.721245841219494,164,210,325.9574468085106,53.160526973705814,268,391,47
