test_name,machine,compiler,core_mean,core_std,core_min,core_max,mem_mean,mem_std,mem_min,mem_max,n_hashes
hafs_regional_docn_oisst_intel,acorn,intel,416.1111111111111,10.973567875544934,402,440,723.7333333333333,7.685287005937816,717,769,45
hafs_regional_docn_oisst_intel,derecho,intel,358.80434782608694,6.561231473900796,350,382,778.6086956521739,5.347806449042951,771,788,46
hafs_regional_docn_oisst_intel,gaeac6,intel,263.5744680851064,4.031100188863502,258,277,6338.63829787234,0.6732636900201758,6338,6340,47
hafs_regional_docn_oisst_intel,hera,intel,354.875,3.6425069859723047,350,360,890.0,7.230886134196423,882,905,8
hafs_regional_docn_oisst_intel,hercules,intel,327.8936170212766,27.98231898473001,307,437,23603.40425531915,154543.83208271782,1037,1060560,47
hafs_regional_docn_oisst_intel,orion,intel,402.4347826086956,8.087444793321593,392,428,21221.82608695652,137591.19527955985,929,934124,46
hafs_regional_docn_oisst_intel,ursa,intel,268.84,18.033257258380644,257,367,1280.0,12.488361929151052,1257,1305,50
hafs_regional_docn_oisst_intel,wcoss2,intel,435.3469387755102,12.080547415177048,419,485,669.1836734693877,30.98297480699935,640,723,49
