test_name,machine,compiler,core_mean,core_std,core_min,core_max,mem_mean,mem_std,mem_min,mem_max,n_hashes
hafs_regional_docn_oisst_intel,acorn,intel,415.0681818181818,10.123419146809404,402,440,722.7954545454545,3.3728019230069264,717,738,44
hafs_regional_docn_oisst_intel,derecho,intel,357.69565217391306,5.353584739706408,350,368,778.0869565217391,5.1932695201750025,771,788,46
hafs_regional_docn_oisst_intel,gaeac6,intel,263.0833333333333,3.956321810659895,258,277,6338.666666666667,0.6631110857591677,6338,6340,48
hafs_regional_docn_oisst_intel,hera,intel,354.54545454545456,3.236159339823553,350,360,890.6363636363636,6.152604769895861,882,905,11
hafs_regional_docn_oisst_intel,hercules,intel,327.3125,27.85842341768732,307,437,23133.125,152925.6222332636,1037,1060560,48
hafs_regional_docn_oisst_intel,orion,intel,401.8510638297872,7.7683267836501315,392,428,20790.68085106383,136119.51680051108,929,934124,47
hafs_regional_docn_oisst_intel,ursa,intel,268.3,18.11668528496,257,367,1279.94,12.226451752204328,1257,1305,50
hafs_regional_docn_oisst_intel,wcoss2,intel,434.1458333333333,12.224825775782133,419,485,671.9583333333334,32.44239302591946,640,723,48
