test_name,machine,compiler,core_mean,core_std,core_min,core_max,mem_mean,mem_std,mem_min,mem_max,n_hashes
hafs_regional_storm_following_1nest_atm_ocn_intel,acorn,intel,269.15384615384613,3.780923778044835,259,276,550.1538461538462,3.0553861646908906,545,555,26
hafs_regional_storm_following_1nest_atm_ocn_intel,derecho,intel,216.55555555555554,1.5092308563562282,215,219,247516.77777777778,292880.41784821404,554,561212,9
hafs_regional_storm_following_1nest_atm_ocn_intel,gaeac6,intel,176.4,32.30454044454639,160,329,568.48,6.526356819339087,555,576,25
hafs_regional_storm_following_1nest_atm_ocn_intel,hera,intel,236.07692307692307,4.73221366316508,226,244,572.1538461538462,3.2825880971246404,567,577,26
hafs_regional_storm_following_1nest_atm_ocn_intel,hercules,intel,242.69230769230768,21.833495791135647,227,340,255601.76923076922,328866.35992284864,656,668912,26
hafs_regional_storm_following_1nest_atm_ocn_intel,orion,intel,345.1923076923077,90.20732530377754,304,688,44354.5,154680.79863725815,562,573620,26
hafs_regional_storm_following_1nest_atm_ocn_intel,ursa,intel,166.25925925925927,9.066390141585023,156,197,31367.037037037036,158742.64924919332,801,825668,27
hafs_regional_storm_following_1nest_atm_ocn_intel,wcoss2,intel,304.15384615384613,33.00386923703621,282,413,550.3461538461538,2.279338635522295,546,555,26
