test_name,machine,compiler,core_mean,core_std,core_min,core_max,mem_mean,mem_std,mem_min,mem_max,n_hashes
hafs_regional_atm_wav_intel,acorn,intel,698.6888888888889,7.698353490496935,683,713,796.3333333333334,31.601927444094585,768,899,45
hafs_regional_atm_wav_intel,derecho,intel,600.3055555555555,4.419563290930464,591,609,838.3333333333334,8.22539621277558,819,854,36
hafs_regional_atm_wav_intel,gaeac6,intel,447.1914893617021,5.523224868767484,435,461,140167.8085106383,923962.7362578381,907,6339748,47
hafs_regional_atm_wav_intel,hera,intel,1733.391304347826,19.76622263641321,1704,1769,944.4347826086956,30.72876367503335,926,1082,23
hafs_regional_atm_wav_intel,hercules,intel,846.2765957446809,13.44829410170926,820,870,24430.978723404256,159832.28789530403,1084,1096872,47
hafs_regional_atm_wav_intel,orion,intel,1757.7173913043478,25.051647134561627,1694,1799,21962.804347826088,142274.17317850603,963,965936,46
hafs_regional_atm_wav_intel,ursa,intel,1887.0204081632653,138.47660599597057,1763,2445,1335.795918367347,18.69712499271459,1298,1376,49
hafs_regional_atm_wav_intel,wcoss2,intel,725.1489361702128,16.159502149299975,697,776,780.2127659574468,52.70382222349508,698,898,47
