test_name,machine,compiler,core_mean,core_std,core_min,core_max,mem_mean,mem_std,mem_min,mem_max,n_hashes
hafs_regional_atm_intel,acorn,intel,275.63829787234044,7.311175281464647,253,289,698.8085106382979,5.371576960067478,692,711,47
hafs_regional_atm_intel,derecho,intel,225.2,3.316624790355399,221,232,743.52,1.75878746110305,740,746,25
hafs_regional_atm_intel,gaeac6,intel,163.31914893617022,7.555897158421393,147,190,138855.085106383,924138.6323180803,790,6339604,47
hafs_regional_atm_intel,hera,intel,222.91176470588235,3.8797660586988654,213,235,881.6764705882352,20.536324931964458,859,921,34
hafs_regional_atm_intel,hercules,intel,209.72340425531914,16.832554028299853,189,271,994.1276595744681,18.29779865742542,975,1036,47
hafs_regional_atm_intel,orion,intel,282.0652173913044,5.915712313315533,271,299,878.1304347826087,14.010486066042217,865,911,46
hafs_regional_atm_intel,ursa,intel,170.0,16.826318670463834,154,248,1162.6530612244899,17.77469059787924,1139,1209,49
hafs_regional_atm_intel,wcoss2,intel,296.2340425531915,19.099525109003466,274,380,677.0,38.968772336209234,600,713,47
