test_name,machine,compiler,core_mean,core_std,core_min,core_max,mem_mean,mem_std,mem_min,mem_max,n_hashes
hafs_regional_1nest_atm_intel,acorn,intel,332.1063829787234,7.142140838934947,311,346,463.59574468085106,3.6454830566063237,459,478,47
hafs_regional_1nest_atm_intel,derecho,intel,284.5,6.603870918719656,275,291,432.7,22.261326704998222,414,462,10
hafs_regional_1nest_atm_intel,gaeac6,intel,207.8695652173913,49.5367915776422,184,533,139289.02173913043,934509.3537563024,450,6339636,46
hafs_regional_1nest_atm_intel,hera,intel,313.8958333333333,10.85737240132219,293,340,491.6041666666667,7.578636219687189,472,520,48
hafs_regional_1nest_atm_intel,hercules,intel,324.95652173913044,86.31156907693048,261,615,65551.10869565218,188064.27956079607,586,602788,46
hafs_regional_1nest_atm_intel,orion,intel,403.39130434782606,25.194777466653722,378,530,11202.54347826087,72656.75869233259,479,493272,46
hafs_regional_1nest_atm_intel,ursa,intel,201.12244897959184,6.700847748174676,184,229,17343.51020408163,115791.15509185105,785,811340,49
hafs_regional_1nest_atm_intel,wcoss2,intel,356.5744680851064,31.148832542049707,321,488,467.36170212765956,4.7247062568683695,459,495,47
