test_name,machine,compiler,core_mean,core_std,core_min,core_max,mem_mean,mem_std,mem_min,mem_max,n_hashes
hafs_regional_1nest_atm_intel,acorn,intel,332.2708333333333,7.283731751441042,311,347,463.4375,3.6314597615834803,459,478,48
hafs_regional_1nest_atm_intel,derecho,intel,281.0769230769231,3.377907105036562,275,284,176991.92307692306,232386.70095319624,456,461992,13
hafs_regional_1nest_atm_intel,gaeac6,intel,209.82978723404256,48.93354817413375,184,533,20275.808510638297,95011.39134738993,450,467556,47
hafs_regional_1nest_atm_intel,hera,intel,322.25,18.902324522143452,293,408,495.375,7.662078491408875,472,520,48
hafs_regional_1nest_atm_intel,hercules,intel,326.5625,83.2649976906595,261,615,188478.5625,281630.9899622241,587,606568,48
hafs_regional_1nest_atm_intel,orion,intel,416.25,57.91501477311576,378,768,21184.041666666668,100287.73555719422,479,500920,48
hafs_regional_1nest_atm_intel,ursa,intel,204.18367346938774,10.511250856002965,184,247,17344.836734693876,115790.9616034694,785,811340,49
hafs_regional_1nest_atm_intel,wcoss2,intel,358.6875,30.60396042372656,321,488,467.8541666666667,4.872805925609233,459,495,48
