test_name,machine,compiler,core_mean,core_std,core_min,core_max,mem_mean,mem_std,mem_min,mem_max,n_hashes
hafs_regional_storm_following_1nest_atm_ocn_wav_mom6_intel,acorn,intel,328.2340425531915,3.9464500611443767,322,340,779.6808510638298,4.354439927939256,771,786,47
hafs_regional_storm_following_1nest_atm_ocn_wav_mom6_intel,derecho,intel,270.7,1.567021236472423,268,273,634.8,22.29997508718091,619,669,10
hafs_regional_storm_following_1nest_atm_ocn_wav_mom6_intel,gaeac6,intel,199.45652173913044,5.340439106952939,190,209,139682.71739130435,934506.6202283226,775,6340012,46
hafs_regional_storm_following_1nest_atm_ocn_wav_mom6_intel,hera,intel,628.9375,11.303183979972435,602,656,675.2083333333334,20.556055517528545,662,812,48
hafs_regional_storm_following_1nest_atm_ocn_wav_mom6_intel,hercules,intel,713.3260869565217,83.60968958940533,669,1260,74571.60869565218,241954.58688242198,818,925472,46
hafs_regional_storm_following_1nest_atm_ocn_wav_mom6_intel,orion,intel,675.2391304347826,11.321925204582623,660,725,16200.54347826087,105001.84314164448,709,712876,46
hafs_regional_storm_following_1nest_atm_ocn_wav_mom6_intel,ursa,intel,1081.5510204081634,41.11065414650734,1002,1187,24140.51020408163,161293.342820894,1073,1130152,49
hafs_regional_storm_following_1nest_atm_ocn_wav_mom6_intel,wcoss2,intel,359.531914893617,43.742751480937216,330,545,778.3404255319149,3.8745355724193207,772,788,47
