test_name,machine,compiler,core_mean,core_std,core_min,core_max,mem_mean,mem_std,mem_min,mem_max,n_hashes
hafs_regional_docn_intel,acorn,intel,390.82978723404256,16.571740152828706,363,418,757.9148936170212,18.716221500907892,741,844,47
hafs_regional_docn_intel,derecho,intel,344.9,7.385421074281713,337,354,824.4,34.8176200603469,790,860,10
hafs_regional_docn_intel,gaeac6,intel,252.08695652173913,12.741578634021632,227,268,139492.41304347827,934359.323016474,846,6338848,46
hafs_regional_docn_intel,hera,intel,363.8125,20.583670712484665,333,397,923.9791666666666,16.913408483355006,898,968,48
hafs_regional_docn_intel,hercules,intel,354.95652173913044,89.4148773407148,290,677,143087.08695652173,370695.3606342081,1069,1091676,46
hafs_regional_docn_intel,orion,intel,421.69565217391306,66.52614175068237,380,800,22016.282608695652,142786.39175832827,950,969388,46
hafs_regional_docn_intel,ursa,intel,259.85714285714283,12.51166122729779,235,282,28170.102040816328,188055.86081869455,1269,1317696,49
hafs_regional_docn_intel,wcoss2,intel,427.17021276595744,28.430173154694657,385,529,754.5531914893617,8.107453657614156,738,764,47
