test_name,machine,compiler,core_mean,core_std,core_min,core_max,mem_mean,mem_std,mem_min,mem_max,n_hashes
hafs_regional_specified_moving_1nest_atm_intel,acorn,intel,229.875,6.1631195472091616,218,246,493.3125,2.626835730959734,488,499,48
hafs_regional_specified_moving_1nest_atm_intel,derecho,intel,195.82608695652175,2.166945355543841,190,199,107282.91304347826,207170.43264224246,489,494344,23
hafs_regional_specified_moving_1nest_atm_intel,gaeac6,intel,148.4468085106383,4.942312918490072,137,160,42918.78723404255,140596.36890309918,480,500044,47
hafs_regional_specified_moving_1nest_atm_intel,hera,intel,223.02083333333334,23.694410493879836,197,354,526.6041666666666,3.167249852980577,519,533,48
hafs_regional_specified_moving_1nest_atm_intel,hercules,intel,217.26530612244898,116.59737981443595,174,1001,313921.9183673469,310170.5944026231,603,622532,49
hafs_regional_specified_moving_1nest_atm_intel,orion,intel,303.0408163265306,117.06247605155005,252,921,32756.14285714286,127519.07142757118,513,530772,49
hafs_regional_specified_moving_1nest_atm_intel,ursa,intel,146.609756097561,11.83190189441343,132,210,19366.439024390245,119171.35653777057,743,763824,41
hafs_regional_specified_moving_1nest_atm_intel,wcoss2,intel,250.54166666666666,13.482783873996793,227,302,496.5625,2.657036022625965,488,501,48
