test_name,machine,compiler,core_mean,core_std,core_min,core_max,mem_mean,mem_std,mem_min,mem_max,n_hashes
hafs_regional_docn_oisst_intel,acorn,intel,387.125,11.575147625546373,376,414,736.0,8.42741221228347,722,769,48
hafs_regional_docn_oisst_intel,derecho,intel,339.9032258064516,4.5924201224022925,333,349,136707.8064516129,315045.49243841163,756,845844,31
hafs_regional_docn_oisst_intel,gaeac6,intel,284.0425531914894,151.03223920837573,234,1296,74225.06382978724,243116.6075890873,857,866856,47
hafs_regional_docn_oisst_intel,hera,intel,400.44897959183675,22.729442382522453,357,498,929.1224489795918,15.589302760040963,911,969,49
hafs_regional_docn_oisst_intel,hercules,intel,401.94,112.43980884119688,304,982,729267.04,504646.6976229138,1064,1089484,50
hafs_regional_docn_oisst_intel,orion,intel,515.0816326530612,162.55689218633245,395,1069,59372.142857142855,231129.82877982594,936,956012,49
hafs_regional_docn_oisst_intel,ursa,intel,272.40625,23.138934337131094,240,386,42408.875,232541.07535267275,1276,1316752,32
hafs_regional_docn_oisst_intel,wcoss2,intel,423.7708333333333,37.06018083531298,397,600,735.6041666666666,10.828920268632439,714,784,48
