test_name,machine,compiler,core_mean,core_std,core_min,core_max,mem_mean,mem_std,mem_min,mem_max,n_hashes
hafs_regional_atm_ocn_wav_intel,acorn,intel,774.5263157894736,9.143111681920459,764,793,819.6315789473684,31.374459758634874,809,949,19
hafs_regional_atm_ocn_wav_intel,derecho,intel,674.0,0.0,674,674,916.0,0.0,916,916,2
hafs_regional_atm_ocn_wav_intel,gaeac6,intel,479.6666666666667,14.519763407568467,458,494,968.3333333333334,7.866533731013768,953,979,18
hafs_regional_atm_ocn_wav_intel,hercules,intel,1015.0,49.80294502670832,978,1205,241999.7894736842,479187.9141513599,1138,1150876,19
hafs_regional_atm_ocn_wav_intel,orion,intel,2074.7368421052633,34.20987853637734,2021,2166,55069.05263157895,235581.76608050163,1010,1027900,19
hafs_regional_atm_ocn_wav_intel,ursa,intel,1391.0,49.60369256204089,1247,1443,1392.65,17.962753862250334,1370,1420,20
hafs_regional_atm_ocn_wav_intel,wcoss2,intel,826.6315789473684,37.17856390495858,794,908,842.578947368421,55.3778092234242,805,950,19
