test_name,machine,compiler,core_mean,core_std,core_min,core_max,mem_mean,mem_std,mem_min,mem_max,n_hashes
hafs_regional_storm_following_1nest_atm_ocn_wav_intel,acorn,intel,447.97297297297297,16.398655917968284,429,482,618.0,17.519830034690546,607,696,37
hafs_regional_storm_following_1nest_atm_ocn_wav_intel,derecho,intel,396.8888888888889,11.318329168362208,372,408,167947.38888888888,277662.9299066933,594,607440,18
hafs_regional_storm_following_1nest_atm_ocn_wav_intel,gaeac6,intel,288.3888888888889,11.569115975062436,268,310,69038.47222222222,196265.07254577728,604,617900,36
hafs_regional_storm_following_1nest_atm_ocn_wav_intel,hera,intel,894.8648648648649,52.816328578996895,615,995,621.5675675675676,21.53619761721665,601,742,37
hafs_regional_storm_following_1nest_atm_ocn_wav_intel,hercules,intel,1066.7027027027027,66.84595261780166,987,1436,379763.8108108108,374075.0328104004,720,754304,37
hafs_regional_storm_following_1nest_atm_ocn_wav_intel,orion,intel,934.2162162162163,97.26685376242432,874,1351,34909.13513513513,145307.66129151284,617,634660,37
hafs_regional_storm_following_1nest_atm_ocn_wav_intel,ursa,intel,1625.8055555555557,49.820718263127944,1547,1792,25915.222222222223,150125.61966720902,861,901648,36
hafs_regional_storm_following_1nest_atm_ocn_wav_intel,wcoss2,intel,482.2972972972973,41.17973130400768,443,642,622.2702702702703,30.225677686225517,604,715,37
