test_name,machine,compiler,core_mean,core_std,core_min,core_max,mem_mean,mem_std,mem_min,mem_max,n_hashes
hafs_regional_storm_following_1nest_atm_ocn_wav_mom6_intel,acorn,intel,327.0217391304348,5.18325993703571,311,340,777.5217391304348,4.450913166904497,770,786,46
hafs_regional_storm_following_1nest_atm_ocn_wav_mom6_intel,derecho,intel,270.8333333333333,3.312187832127601,266,282,619.8333333333334,1.7235394498804215,617,623,18
hafs_regional_storm_following_1nest_atm_ocn_wav_mom6_intel,gaeac6,intel,198.24444444444444,4.5033096695428245,190,212,144124.06666666668,944624.0462071863,775,6340012,45
hafs_regional_storm_following_1nest_atm_ocn_wav_mom6_intel,hera,intel,627.275,11.608987455570386,602,656,674.725,22.102311632206703,662,809,40
hafs_regional_storm_following_1nest_atm_ocn_wav_mom6_intel,hercules,intel,708.3695652173913,84.8879938364934,658,1260,828.5217391304348,14.771954102938594,818,923,46
hafs_regional_storm_following_1nest_atm_ocn_wav_mom6_intel,orion,intel,677.7111111111111,8.516353845882763,663,701,718.8444444444444,22.283254572513293,709,823,45
hafs_regional_storm_following_1nest_atm_ocn_wav_mom6_intel,ursa,intel,1088.6938775510205,66.56613380742513,1002,1347,1096.6530612244899,12.764780681638845,1073,1127,49
hafs_regional_storm_following_1nest_atm_ocn_wav_mom6_intel,wcoss2,intel,354.9347826086956,40.71767411711094,330,545,769.4565217391304,23.393927532815578,701,788,46
