test_name,machine,compiler,core_mean,core_std,core_min,core_max,mem_mean,mem_std,mem_min,mem_max,n_hashes
hafs_regional_storm_following_1nest_atm_ocn_wav_inline_intel,acorn,intel,439.1666666666667,1.8504708655481241,436,442,781.9166666666666,1.240112409372154,780,784,12
hafs_regional_storm_following_1nest_atm_ocn_wav_inline_intel,gaeac6,intel,278.8181818181818,5.582440000898923,272,287,784.2727272727273,7.044017448741991,771,795,11
hafs_regional_storm_following_1nest_atm_ocn_wav_inline_intel,hera,intel,905.5,7.229988054812201,896,918,672.3333333333334,2.8069178610689565,668,678,12
hafs_regional_storm_following_1nest_atm_ocn_wav_inline_intel,hercules,intel,1170.25,139.68479125907334,1041,1397,830.6666666666666,2.3868325657594225,828,834,12
hafs_regional_storm_following_1nest_atm_ocn_wav_inline_intel,orion,intel,950.4166666666666,120.79619073865574,905,1333,708.6666666666666,16.227548592850784,680,723,12
hafs_regional_storm_following_1nest_atm_ocn_wav_inline_intel,ursa,intel,1627.2307692307693,42.86248135248712,1544,1681,1078.6923076923076,9.638331593042203,1067,1100,13
hafs_regional_storm_following_1nest_atm_ocn_wav_inline_intel,wcoss2,intel,510.25,84.1039670451238,453,732,782.0833333333334,0.9962049198956029,781,784,12
