test_name,machine,compiler,core_mean,core_std,core_min,core_max,mem_mean,mem_std,mem_min,mem_max,n_hashes
hafs_regional_storm_following_1nest_atm_ocn_wav_intel,acorn,intel,449.94871794871796,18.144085186651306,429,489,617.4871794871794,17.212100692722284,605,696,39
hafs_regional_storm_following_1nest_atm_ocn_wav_intel,derecho,intel,397.1,10.745378443532683,372,408,151214.05,267645.16753864026,594,607440,20
hafs_regional_storm_following_1nest_atm_ocn_wav_intel,gaeac6,intel,289.2631578947368,11.865653842478759,268,310,65438.07894736842,191513.58934824355,604,617900,38
hafs_regional_storm_following_1nest_atm_ocn_wav_intel,hera,intel,881.3333333333334,78.22583142258307,615,995,622.4871794871794,21.56492253500163,601,742,39
hafs_regional_storm_following_1nest_atm_ocn_wav_intel,hercules,intel,1068.7435897435898,66.01583460317363,987,1436,378915.6923076923,373491.132585582,720,754304,39
hafs_regional_storm_following_1nest_atm_ocn_wav_intel,orion,intel,945.4871794871794,120.13235503412842,874,1395,33152.8717948718,141638.98047801515,617,634660,39
hafs_regional_storm_following_1nest_atm_ocn_wav_intel,ursa,intel,1625.8055555555557,49.820718263127944,1547,1792,25915.222222222223,150125.61966720902,861,901648,36
hafs_regional_storm_following_1nest_atm_ocn_wav_intel,wcoss2,intel,482.7435897435897,40.129211009541585,443,642,621.5384615384615,29.599827661168064,604,715,39
