test_name,machine,compiler,core_mean,core_std,core_min,core_max,mem_mean,mem_std,mem_min,mem_max,n_hashes
hafs_regional_docn_oisst_intel,acorn,intel,411.9555555555556,6.193675496957845,402,426,724.0888888888888,7.254535328212457,717,767,45
hafs_regional_docn_oisst_intel,derecho,intel,356.44736842105266,4.935789695140118,350,366,776.3157894736842,3.7640207308925735,771,788,38
hafs_regional_docn_oisst_intel,gaeac6,intel,260.93617021276594,3.7323745520090545,254,270,140437.21276595743,924265.5379226897,824,6342052,47
hafs_regional_docn_oisst_intel,hera,intel,356.14285714285717,3.902380226037866,350,362,891.4285714285714,8.053393251117365,877,915,21
hafs_regional_docn_oisst_intel,hercules,intel,322.02127659574467,22.38933107890811,307,437,23603.08510638298,154543.87951981818,1037,1060560,47
hafs_regional_docn_oisst_intel,orion,intel,399.67391304347825,7.189666497677503,392,428,21222.869565217392,137591.03800976588,929,934124,46
hafs_regional_docn_oisst_intel,ursa,intel,265.0204081632653,10.765472965144882,257,322,1279.9183673469388,11.980603655308023,1257,1305,49
hafs_regional_docn_oisst_intel,wcoss2,intel,431.5531914893617,11.3937597540101,419,485,686.4255319148937,35.96601335370295,640,723,47
