test_name,machine,compiler,core_mean,core_std,core_min,core_max,mem_mean,mem_std,mem_min,mem_max,n_hashes
hafs_regional_specified_moving_1nest_atm_intel,acorn,intel,229.47916666666666,4.617218391386626,218,238,493.9791666666667,2.5052250362531363,488,499,48
hafs_regional_specified_moving_1nest_atm_intel,derecho,intel,196.8125,1.2230426539304868,194,199,154000.6875,235158.26504851825,489,494344,16
hafs_regional_specified_moving_1nest_atm_intel,gaeac6,intel,147.08510638297872,5.5943674594225214,137,160,42916.936170212764,140596.93958995357,480,500044,47
hafs_regional_specified_moving_1nest_atm_intel,hera,intel,219.45833333333334,24.944157490438542,197,354,525.9791666666666,4.050161979074147,514,533,48
hafs_regional_specified_moving_1nest_atm_intel,hercules,intel,199.58333333333334,23.943935698576972,174,302,218250.20833333334,297015.2519930734,602,622532,48
hafs_regional_specified_moving_1nest_atm_intel,orion,intel,274.4583333333333,28.095549987106793,252,443,22436.270833333332,106202.90261164172,513,530772,48
hafs_regional_specified_moving_1nest_atm_intel,ursa,intel,146.30612244897958,11.58160193588782,132,210,16327.69387755102,109009.87825387738,743,763824,49
hafs_regional_specified_moving_1nest_atm_intel,wcoss2,intel,250.64583333333334,13.304118036818098,227,302,496.9791666666667,2.4099932315022268,492,501,48
