test_name,machine,compiler,core_mean,core_std,core_min,core_max,mem_mean,mem_std,mem_min,mem_max,n_hashes
hafs_regional_docn_oisst_intel,acorn,intel,384.7083333333333,10.340908913781247,369,414,737.3333333333334,7.430052069727709,723,769,48
hafs_regional_docn_oisst_intel,derecho,intel,341.4583333333333,3.977973775971757,335,349,176356.41666666666,349566.65186521097,756,845844,24
hafs_regional_docn_oisst_intel,gaeac6,intel,280.40425531914894,151.88549170409354,231,1296,74222.02127659574,243117.5455831378,851,866856,47
hafs_regional_docn_oisst_intel,hera,intel,393.375,28.971464317166493,336,498,926.5833333333334,15.353748358380818,911,969,48
hafs_regional_docn_oisst_intel,hercules,intel,399.2857142857143,120.6813987323647,293,982,570392.7142857143,541040.9314726874,1064,1089484,49
hafs_regional_docn_oisst_intel,orion,intel,489.44897959183675,160.3077848526195,384,1069,59371.897959183676,231129.8919703346,936,956012,49
hafs_regional_docn_oisst_intel,ursa,intel,267.05,23.57198467542482,235,386,34187.225,207991.0741157415,1276,1316752,40
hafs_regional_docn_oisst_intel,wcoss2,intel,426.4583333333333,39.64682291654514,385,600,739.0833333333334,11.643340409286521,720,785,48
