test_name,machine,compiler,core_mean,core_std,core_min,core_max,mem_mean,mem_std,mem_min,mem_max,n_hashes
hafs_regional_atm_ocn_wav_intel,acorn,intel,775.6458333333334,12.232655255909464,758,800,827.9791666666666,43.713034028440916,804,953,48
hafs_regional_atm_ocn_wav_intel,derecho,intel,683.060606060606,8.268688657895602,673,699,139502.87878787878,333200.40761855675,788,920448,33
hafs_regional_atm_ocn_wav_intel,gaeac6,intel,491.48936170212767,6.8011263147316985,458,510,82636.85106382979,270694.02346038783,936,963412,47
hafs_regional_atm_ocn_wav_intel,hera,intel,1123.1666666666667,22.445358487826862,1086,1154,1028.5,43.37829492486116,997,1175,18
hafs_regional_atm_ocn_wav_intel,hercules,intel,1014.68,81.79477554295536,964,1545,822496.98,517485.80945238634,1138,1159688,50
hafs_regional_atm_ocn_wav_intel,orion,intel,2096.0,64.48255578061413,2021,2354,66732.0,260861.89276503824,999,1195992,49
hafs_regional_atm_ocn_wav_intel,ursa,intel,1368.4666666666667,55.55037063927579,1247,1443,47675.0,253478.63416986587,1370,1389756,30
hafs_regional_atm_ocn_wav_intel,wcoss2,intel,809.0208333333334,22.106598209520236,781,908,835.5625,48.00572051461847,801,950,48
