test_name,machine,compiler,core_mean,core_std,core_min,core_max,mem_mean,mem_std,mem_min,mem_max,n_hashes
hafs_regional_storm_following_1nest_atm_ocn_wav_intel,acorn,intel,451.025,19.15990404665231,429,493,619.875,22.73164235383277,605,713,40
hafs_regional_storm_following_1nest_atm_ocn_wav_intel,derecho,intel,397.7142857142857,10.845012020015734,372,410,144042.52380952382,262930.191243535,594,607440,21
hafs_regional_storm_following_1nest_atm_ocn_wav_intel,gaeac6,intel,289.56410256410254,11.858363408415437,268,310,63776.179487179485,189261.65276186078,604,617900,39
hafs_regional_storm_following_1nest_atm_ocn_wav_intel,hera,intel,874.7,87.87730374118514,615,995,622.6,21.29860956097298,601,742,40
hafs_regional_storm_following_1nest_atm_ocn_wav_intel,hercules,intel,1070.5,66.10403610781712,987,1436,387799.7,372928.73166462337,720,754304,40
hafs_regional_storm_following_1nest_atm_ocn_wav_intel,orion,intel,944.6,118.7148706473646,874,1395,32340.025,139905.78818280052,617,634660,40
hafs_regional_storm_following_1nest_atm_ocn_wav_intel,ursa,intel,1625.8055555555557,49.820718263127944,1547,1792,25915.222222222223,150125.61966720902,861,901648,36
hafs_regional_storm_following_1nest_atm_ocn_wav_intel,wcoss2,intel,482.85,39.61710974585835,443,642,621.175,29.308165922547758,604,715,40
