test_name,machine,compiler,core_mean,core_std,core_min,core_max,mem_mean,mem_std,mem_min,mem_max,n_hashes
hafs_regional_docn_intel,acorn,intel,403.72340425531917,11.696714751809534,363,418,749.4042553191489,13.509512871319643,741,830,47
hafs_regional_docn_intel,derecho,intel,353.0,4.0824829046386375,348,365,790.8928571428571,2.31483597873923,787,796,28
hafs_regional_docn_intel,gaeac6,intel,256.78723404255317,17.70155504126167,227,329,139209.6595744681,923972.7885937955,846,6338848,47
hafs_regional_docn_intel,hera,intel,348.38709677419354,5.8462376468679365,333,359,910.3870967741935,12.029622934946437,898,937,31
hafs_regional_docn_intel,hercules,intel,318.8936170212766,56.092405919608574,290,688,1084.3191489361702,16.23617322521151,1065,1182,47
hafs_regional_docn_intel,orion,intel,398.5,24.816437205117786,380,557,958.5869565217391,19.972843882472603,949,1061,46
hafs_regional_docn_intel,ursa,intel,260.51020408163265,12.536816530024,235,324,1299.3469387755101,15.619900528396661,1269,1329,49
hafs_regional_docn_intel,wcoss2,intel,423.4255319148936,13.414373668068427,385,473,728.9787234042553,34.46894592408481,670,764,47
