test_name,machine,compiler,core_mean,core_std,core_min,core_max,mem_mean,mem_std,mem_min,mem_max,n_hashes
hafs_regional_storm_following_1nest_atm_intel,acorn,intel,216.875,7.609135047442169,207,237,492.0208333333333,2.928143579590146,483,498,48
hafs_regional_storm_following_1nest_atm_intel,derecho,intel,182.26470588235293,8.239994202445043,176,225,73016.0,177277.1600684628,489,496928,34
hafs_regional_storm_following_1nest_atm_intel,gaeac6,intel,150.68085106382978,75.50211813411731,136,657,42883.63829787234,140472.7174418462,485,500312,47
hafs_regional_storm_following_1nest_atm_intel,hera,intel,216.42857142857142,23.14177319624982,205,348,523.265306122449,8.70769657210425,504,537,49
hafs_regional_storm_following_1nest_atm_intel,hercules,intel,202.82,111.11855959161045,179,970,453399.26,271139.3023048477,610,622412,50
hafs_regional_storm_following_1nest_atm_intel,orion,intel,306.0612244897959,110.7249610828684,256,734,32748.836734693876,127482.6405852883,516,527168,49
hafs_regional_storm_following_1nest_atm_intel,ursa,intel,137.72413793103448,14.174666919049965,132,208,27409.48275862069,143514.35714306493,745,773608,29
hafs_regional_storm_following_1nest_atm_intel,wcoss2,intel,236.22916666666666,8.844374539384216,220,268,513.0625,129.74744801327483,489,1393,48
