test_name,machine,compiler,core_mean,core_std,core_min,core_max,mem_mean,mem_std,mem_min,mem_max,n_hashes
hafs_regional_storm_following_1nest_atm_ocn_intel,acorn,intel,271.9230769230769,8.183374080172069,259,301,550.5641025641025,3.462542964163388,545,559,39
hafs_regional_storm_following_1nest_atm_ocn_intel,derecho,intel,217.25,2.3591925469711423,214,222,138954.3,245957.21542237038,550,561212,20
hafs_regional_storm_following_1nest_atm_ocn_intel,gaeac6,intel,174.89473684210526,26.13146542128879,160,329,60292.55263157895,176461.47816215537,555,571756,38
hafs_regional_storm_following_1nest_atm_ocn_intel,hera,intel,244.74358974358975,26.81880521370067,226,377,573.025641025641,5.958131018714463,566,600,39
hafs_regional_storm_following_1nest_atm_ocn_intel,hercules,intel,239.74358974358975,19.204875955309866,227,340,339508.1538461539,334597.9640706722,649,668912,39
hafs_regional_storm_following_1nest_atm_ocn_intel,orion,intel,358.6666666666667,131.76840395444486,304,1021,29760.871794871793,127192.94389279111,562,573620,39
hafs_regional_storm_following_1nest_atm_ocn_intel,ursa,intel,170.41666666666666,16.12163586169662,156,245,23730.305555555555,137475.03367205456,800,825668,36
hafs_regional_storm_following_1nest_atm_ocn_intel,wcoss2,intel,298.20512820512823,28.781554296915395,273,413,550.3076923076923,3.036218615610758,544,557,39
