test_name,machine,compiler,core_mean,core_std,core_min,core_max,mem_mean,mem_std,mem_min,mem_max,n_hashes
hafs_regional_storm_following_1nest_atm_ocn_wav_intel,acorn,intel,459.6595744680851,22.068348961849033,429,495,619.936170212766,25.648463175690374,603,714,47
hafs_regional_storm_following_1nest_atm_ocn_wav_intel,derecho,intel,398.73333333333335,9.232376812565407,372,410,101013.73333333334,228356.1258545646,594,607440,30
hafs_regional_storm_following_1nest_atm_ocn_wav_intel,gaeac6,intel,292.17391304347825,10.756505727183725,268,310,54166.934782608696,175424.80407164042,604,617900,46
hafs_regional_storm_following_1nest_atm_ocn_wav_intel,hera,intel,813.125,134.7390898753051,604,995,620.3541666666666,9.499136765558228,601,653,48
hafs_regional_storm_following_1nest_atm_ocn_wav_intel,hercules,intel,1073.795918367347,59.936069966199796,987,1436,486590.0816326531,358301.21562938247,720,828920,49
hafs_regional_storm_following_1nest_atm_ocn_wav_intel,orion,intel,968.2083333333334,131.62437825249015,874,1395,40748.833333333336,156961.12951685104,620,657588,48
hafs_regional_storm_following_1nest_atm_ocn_wav_intel,ursa,intel,1623.939393939394,46.017618496845415,1547,1792,28190.303030303032,156801.0149605394,861,901648,33
hafs_regional_storm_following_1nest_atm_ocn_wav_intel,wcoss2,intel,482.70212765957444,35.80011834666922,443,642,619.3404255319149,27.37443793010003,604,715,47
