test_name,machine,compiler,core_mean,core_std,core_min,core_max,mem_mean,mem_std,mem_min,mem_max,n_hashes
hafs_regional_telescopic_2nests_atm_intel,acorn,intel,402.17021276595744,7.434698756904691,370,414,477.9148936170213,13.22683337704414,468,509,47
hafs_regional_telescopic_2nests_atm_intel,derecho,intel,345.9,4.8407988321488125,334,350,143371.1,230107.55746942438,427,477608,10
hafs_regional_telescopic_2nests_atm_intel,gaeac6,intel,247.67391304347825,17.807681673088396,222,277,138784.60869565216,934540.7579260753,460,6339348,46
hafs_regional_telescopic_2nests_atm_intel,hera,intel,375.2083333333333,25.320043639952118,338,409,509.3125,7.9175438110565555,501,546,48
hafs_regional_telescopic_2nests_atm_intel,hercules,intel,369.7826086956522,69.91643044647525,308,666,121003.06521739131,246815.2051726511,602,628424,46
hafs_regional_telescopic_2nests_atm_intel,orion,intel,485.9782608695652,98.14603385441849,434,1085,22720.065217391304,105348.93029661049,496,516564,46
hafs_regional_telescopic_2nests_atm_intel,ursa,intel,251.3469387755102,16.303822430655316,225,279,17273.20408163265,115212.24128012967,805,807300,49
hafs_regional_telescopic_2nests_atm_intel,wcoss2,intel,442.21276595744683,53.312832361046766,398,683,478.48936170212767,9.704038469997789,471,512,47
