test_name,machine,compiler,core_mean,core_std,core_min,core_max,mem_mean,mem_std,mem_min,mem_max,n_hashes
hafs_regional_storm_following_1nest_atm_intel,acorn,intel,215.875,5.068152544346512,206,227,492.9791666666667,2.5887611703598936,483,498,48
hafs_regional_storm_following_1nest_atm_intel,derecho,intel,185.94444444444446,9.985119647710032,179,225,137472.77777777778,227283.31039257266,489,496928,18
hafs_regional_storm_following_1nest_atm_intel,gaeac6,intel,147.95744680851064,76.06717781780515,125,657,42880.29787234042,140473.74737185577,481,500312,47
hafs_regional_storm_following_1nest_atm_intel,hera,intel,210.02083333333334,25.50385000834632,188,348,526.9166666666666,4.216650548002719,515,537,48
hafs_regional_storm_following_1nest_atm_intel,hercules,intel,187.72916666666666,19.95179252154289,168,306,243551.14583333334,303323.91437018383,600,622412,48
hafs_regional_storm_following_1nest_atm_intel,orion,intel,265.2708333333333,37.260291785916436,241,478,22447.083333333332,106246.13749691883,516,526824,48
hafs_regional_storm_following_1nest_atm_intel,ursa,intel,134.17021276595744,12.217804451124602,122,208,17202.44680851064,112731.63527962222,745,773608,47
hafs_regional_storm_following_1nest_atm_intel,wcoss2,intel,236.04166666666666,10.738592826181875,217,268,515.5625,129.3709668916024,491,1393,48
