test_name,machine,compiler,core_mean,core_std,core_min,core_max,mem_mean,mem_std,mem_min,mem_max,n_hashes
hafs_regional_docn_oisst_intel,acorn,intel,399.17021276595744,16.325918509264287,369,419,730.5957446808511,9.896550946114893,720,767,47
hafs_regional_docn_oisst_intel,derecho,intel,353.7692307692308,2.773500981126143,350,359,775.6923076923077,1.7021856236720814,773,779,13
hafs_regional_docn_oisst_intel,gaeac6,intel,252.69565217391303,11.38394496203101,229,268,140490.5652173913,934693.2741073144,824,6342052,46
hafs_regional_docn_oisst_intel,hera,intel,361.9782608695652,17.696815947678004,336,399,904.9347826086956,18.049810308529903,877,964,46
hafs_regional_docn_oisst_intel,hercules,intel,337.95652173913044,58.35026669337859,288,574,1068.8695652173913,10.607353205629858,1043,1088,46
hafs_regional_docn_oisst_intel,orion,intel,404.67391304347825,24.568321380569277,381,532,943.3695652173913,7.726890119438346,929,954,46
hafs_regional_docn_oisst_intel,ursa,intel,259.3469387755102,10.738464780886517,235,290,1288.204081632653,17.53684168619116,1253,1326,49
hafs_regional_docn_oisst_intel,wcoss2,intel,434.17021276595744,34.649373636936176,385,600,731.0212765957447,14.805241964899666,720,785,47
