test_name,machine,compiler,core_mean,core_std,core_min,core_max,mem_mean,mem_std,mem_min,mem_max,n_hashes
hafs_regional_atm_intel,acorn,intel,272.8775510204082,21.679130376413877,253,349,707.6122448979592,4.014641570398974,697,717,49
hafs_regional_atm_intel,derecho,intel,279.6666666666667,8.469553313683871,262,291,197034.2857142857,359688.29715520947,763,827468,21
hafs_regional_atm_intel,gaeac6,intel,204.14583333333334,34.37898268353225,147,244,71089.72916666667,235465.71244751205,792,845944,48
hafs_regional_atm_intel,hera,intel,284.9591836734694,50.365728751335084,213,438,911.1836734693877,10.909998222937073,869,921,49
hafs_regional_atm_intel,hercules,intel,276.83673469387753,48.006226566099166,189,393,442433.44897959183,515000.3998273554,987,1045192,49
hafs_regional_atm_intel,orion,intel,367.9387755102041,102.90942784864784,271,714,37933.755102040814,181353.0164123427,872,908344,49
hafs_regional_atm_intel,ursa,intel,208.0222222222222,37.49575060098561,154,296,27827.911111111112,178668.14703761708,1145,1199736,45
hafs_regional_atm_intel,wcoss2,intel,341.0204081632653,36.978873358039614,277,502,705.7755102040817,4.510475335826807,694,714,49
