test_name,machine,compiler,core_mean,core_std,core_min,core_max,mem_mean,mem_std,mem_min,mem_max,n_hashes
hafs_global_storm_following_1nest_atm_intel,acorn,intel,94.04347826086956,3.8756018700419252,87,105,405.2173913043478,2.5465710582250196,400,413,46
hafs_global_storm_following_1nest_atm_intel,derecho,intel,77.7741935483871,2.9292738283216764,75,85,370.9032258064516,2.0873402327631805,367,375,31
hafs_global_storm_following_1nest_atm_intel,gaeac6,intel,54.46808510638298,3.6703930830231,50,72,139433.95744680852,923938.9384281266,410,6338844,47
hafs_global_storm_following_1nest_atm_intel,hera,intel,64.14285714285714,1.6714217880746893,62,68,400.39285714285717,2.1660560800216917,397,405,28
hafs_global_storm_following_1nest_atm_intel,hercules,intel,55.46808510638298,4.712845830141956,50,69,450.9148936170213,3.161107313103807,442,456,47
hafs_global_storm_following_1nest_atm_intel,orion,intel,88.56521739130434,18.235072645759743,80,200,394.6304347826087,2.6445641997809806,383,399,46
hafs_global_storm_following_1nest_atm_intel,ursa,intel,45.734693877551024,2.6675168712687447,43,55,523.4081632653061,6.438550455870414,508,533,49
hafs_global_storm_following_1nest_atm_intel,wcoss2,intel,94.29787234042553,10.758040256350675,77,129,371.02127659574467,48.84246609239802,302,417,47
