test_name,machine,compiler,core_mean,core_std,core_min,core_max,mem_mean,mem_std,mem_min,mem_max,n_hashes
hafs_regional_storm_following_1nest_atm_intel,acorn,intel,223.29545454545453,5.363873754018496,214,235,493.4318181818182,2.527962018340724,489,502,44
hafs_regional_storm_following_1nest_atm_intel,derecho,intel,192.9318181818182,3.2089825039036226,187,200,452.29545454545456,3.4679901387600545,445,460,44
hafs_regional_storm_following_1nest_atm_intel,gaeac6,intel,138.87234042553192,4.684001546785259,134,165,6338.68085106383,0.8624127675792551,6338,6342,47
hafs_regional_storm_following_1nest_atm_intel,hera,intel,194.07692307692307,2.6287366566958394,190,200,518.8461538461538,2.7642405179408067,515,524,13
hafs_regional_storm_following_1nest_atm_intel,hercules,intel,189.6304347826087,30.90441082913008,171,344,13720.608695652174,88939.4655380784,596,603824,46
hafs_regional_storm_following_1nest_atm_intel,orion,intel,253.57777777777778,6.18461760737841,247,274,12054.555555555555,77367.15614862196,514,519516,45
hafs_regional_storm_following_1nest_atm_intel,ursa,intel,131.72,9.527703965654203,126,192,750.06,11.086689942338557,695,768,50
hafs_regional_storm_following_1nest_atm_intel,wcoss2,intel,225.1875,4.666112555755447,216,237,443.1458333333333,36.96576310376906,415,537,48
