test_name,machine,compiler,core_mean,core_std,core_min,core_max,mem_mean,mem_std,mem_min,mem_max,n_hashes
hafs_regional_storm_following_1nest_atm_intel,acorn,intel,223.42222222222222,5.4124809001925716,214,235,493.1111111111111,2.3376583293215525,489,502,45
hafs_regional_storm_following_1nest_atm_intel,derecho,intel,192.93478260869566,3.1368928286375284,187,200,451.8695652173913,3.643006668198832,445,460,46
hafs_regional_storm_following_1nest_atm_intel,gaeac6,intel,139.04166666666666,4.739864139059002,134,165,6338.729166666667,0.8688359376342383,6338,6342,48
hafs_regional_storm_following_1nest_atm_intel,hera,intel,194.0,3.0184617127124738,190,200,519.0,2.981423969999725,515,524,10
hafs_regional_storm_following_1nest_atm_intel,hercules,intel,189.375,30.231465220225477,171,344,13178.229166666666,87066.25598425935,596,603824,48
hafs_regional_storm_following_1nest_atm_intel,orion,intel,253.7659574468085,6.228311118550073,247,274,11563.872340425532,75703.1381402891,514,519516,47
hafs_regional_storm_following_1nest_atm_intel,ursa,intel,131.82,9.556897284908201,126,192,749.7,11.045822924600621,695,768,50
hafs_regional_storm_following_1nest_atm_intel,wcoss2,intel,225.30612244897958,4.637726102451557,216,237,439.38775510204084,35.26968500386859,414,537,49
