test_name,machine,compiler,core_mean,core_std,core_min,core_max,mem_mean,mem_std,mem_min,mem_max,n_hashes
hafs_regional_docn_intel,acorn,intel,390.40425531914894,16.45634485073884,363,418,758.4042553191489,18.56441145856669,742,844,47
hafs_regional_docn_intel,derecho,intel,343.5,6.996030620605119,337,354,86438.2,270722.5221833028,791,856928,10
hafs_regional_docn_intel,gaeac6,intel,252.30434782608697,13.014299085095919,227,273,139374.02173913043,934376.9144786983,846,6338848,46
hafs_regional_docn_intel,hera,intel,364.6875,21.08761484853136,333,397,924.6458333333334,16.860490873111196,898,968,48
hafs_regional_docn_intel,hercules,intel,356.5869565217391,89.26056142601253,290,677,166951.15217391305,395832.85776577564,1069,1098832,46
hafs_regional_docn_intel,orion,intel,422.4130434782609,66.56411314980684,380,800,43037.45652173913,199523.24332130735,950,969388,46
hafs_regional_docn_intel,ursa,intel,260.0612244897959,12.562192223867125,235,282,28169.79591836735,188055.905482029,1269,1317696,49
hafs_regional_docn_intel,wcoss2,intel,426.6808510638298,28.57796839386618,385,529,754.8297872340426,8.065813926788323,738,764,47
