test_name,machine,compiler,core_mean,core_std,core_min,core_max,mem_mean,mem_std,mem_min,mem_max,n_hashes
hafs_regional_telescopic_2nests_atm_intel,acorn,intel,402.4255319148936,7.459294409022944,370,414,477.25531914893617,12.817223610891004,468,509,47
hafs_regional_telescopic_2nests_atm_intel,derecho,intel,346.5,4.527692569068709,334,350,190751.4,245658.51523256153,427,477608,10
hafs_regional_telescopic_2nests_atm_intel,gaeac6,intel,248.2826086956522,18.016860058756393,222,277,138657.3260869565,934559.5960103954,460,6339348,46
hafs_regional_telescopic_2nests_atm_intel,hera,intel,376.3541666666667,25.719840493973923,338,412,509.4583333333333,7.975916764043515,501,546,48
hafs_regional_telescopic_2nests_atm_intel,hercules,intel,370.95652173913044,69.49690849134997,308,666,134249.41304347827,256376.08999935808,602,628424,46
hafs_regional_telescopic_2nests_atm_intel,orion,intel,487.1304347826087,97.98925308321708,434,1085,22720.195652173912,105348.90218161733,496,516564,46
hafs_regional_telescopic_2nests_atm_intel,ursa,intel,251.9591836734694,16.355375242400523,225,279,17273.408163265307,115212.21151023851,805,807300,49
hafs_regional_telescopic_2nests_atm_intel,wcoss2,intel,443.3829787234043,52.968634357673665,398,683,478.531914893617,9.688296534052293,471,512,47
