test_name,machine,compiler,core_mean,core_std,core_min,core_max,mem_mean,mem_std,mem_min,mem_max,n_hashes
hafs_global_1nest_atm_intel,acorn,intel,183.0888888888889,4.7807484304819345,175,197,375.3777777777778,4.355189636247417,368,387,45
hafs_global_1nest_atm_intel,derecho,intel,149.57142857142858,3.6233851383239952,145,160,335.8333333333333,2.2296961038328083,331,339,42
hafs_global_1nest_atm_intel,gaeac6,intel,104.29166666666667,4.528671466139593,98,126,137909.125,914184.7832236578,373,6339608,48
hafs_global_1nest_atm_intel,hera,intel,150.88888888888889,2.298052599840567,148,157,367.3333333333333,3.429971702850171,358,373,18
hafs_global_1nest_atm_intel,hercules,intel,143.41666666666666,21.695016913228,128,232,9325.458333333334,61627.77432500339,425,427400,48
hafs_global_1nest_atm_intel,orion,intel,200.7872340425532,5.748104300787263,196,227,7994.212765957447,52311.89175883939,353,358996,47
hafs_global_1nest_atm_intel,ursa,intel,100.54,8.374426571901104,94,128,531.84,5.519390679177167,518,544,50
hafs_global_1nest_atm_intel,wcoss2,intel,177.20833333333334,10.837206072645891,163,203,316.3958333333333,52.3046475227802,268,391,48
