test_name,machine,compiler,core_mean,core_std,core_min,core_max,mem_mean,mem_std,mem_min,mem_max,n_hashes
hafs_regional_storm_following_1nest_atm_ocn_debug_intel,acorn,intel,854.5,4.8896923123127936,848,867,598.25,17.24752946735482,589,650,12
hafs_regional_storm_following_1nest_atm_ocn_debug_intel,gaeac6,intel,482.3636363636364,7.697697412508831,470,495,567.4545454545455,7.271363508498745,558,576,11
hafs_regional_storm_following_1nest_atm_ocn_debug_intel,hera,intel,756.1666666666666,9.916316520429021,740,772,581.1666666666666,4.152399817265245,575,586,12
hafs_regional_storm_following_1nest_atm_ocn_debug_intel,hercules,intel,640.9166666666666,8.628265740980025,626,655,639.1666666666666,10.83624669450831,631,673,12
hafs_regional_storm_following_1nest_atm_ocn_debug_intel,orion,intel,762.0833333333334,10.757309002241035,738,776,578.5833333333334,3.028901190901165,573,582,12
hafs_regional_storm_following_1nest_atm_ocn_debug_intel,ursa,intel,492.6923076923077,4.661627315730972,486,502,727.1538461538462,14.340189177309538,701,747,13
hafs_regional_storm_following_1nest_atm_ocn_debug_intel,wcoss2,intel,879.25,48.00023674184046,850,994,685.5,224.54823332840783,590,1391,12
