test_name,machine,compiler,core_mean,core_std,core_min,core_max,mem_mean,mem_std,mem_min,mem_max,n_hashes
hafs_regional_docn_intel,acorn,intel,382.7755102040816,11.977870752145463,363,417,764.9387755102041,18.86178694617033,742,844,49
hafs_regional_docn_intel,derecho,intel,341.95,5.871205381485047,336,363,214895.8,380390.89942232624,774,858936,20
hafs_regional_docn_intel,gaeac6,intel,255.375,14.149092144397038,227,273,75262.20833333333,249284.2130295116,846,896112,48
hafs_regional_docn_intel,hera,intel,384.18367346938777,32.040777059207315,333,500,936.8775510204082,14.33909668973438,898,984,49
hafs_regional_docn_intel,hercules,intel,361.7755102040816,84.17226020343699,290,677,445656.0816326531,540891.562420665,1076,1101684,49
hafs_regional_docn_intel,orion,intel,450.7755102040816,112.76344437695714,380,1088,40466.22448979592,193455.19670631163,950,969388,49
hafs_regional_docn_intel,ursa,intel,263.9782608695652,17.90156930480895,235,341,29929.17391304348,194090.21293149045,1273,1317696,46
hafs_regional_docn_intel,wcoss2,intel,421.51020408163265,29.463340533180357,385,529,758.8571428571429,7.328596955306898,738,769,49
