test_name,machine,compiler,core_mean,core_std,core_min,core_max,mem_mean,mem_std,mem_min,mem_max,n_hashes
hafs_regional_1nest_atm_intel,acorn,intel,337.8181818181818,7.80957291889101,324,354,462.0,3.3618931543693313,457,475,44
hafs_regional_1nest_atm_intel,derecho,intel,292.60869565217394,4.882978421093983,285,308,414.60869565217394,2.507573070782564,410,420,46
hafs_regional_1nest_atm_intel,gaeac6,intel,204.77083333333334,2.4774693963657826,201,211,6338.645833333333,0.7852248176059616,6338,6340,48
hafs_regional_1nest_atm_intel,hera,intel,306.09090909090907,2.586679162731455,302,310,484.09090909090907,2.2563042992710596,481,489,11
hafs_regional_1nest_atm_intel,hercules,intel,295.5833333333333,31.38561354488155,271,406,12785.791666666666,84467.21195370586,584,585800,48
hafs_regional_1nest_atm_intel,orion,intel,401.17021276595744,7.5190169019052835,392,422,10808.021276595744,70749.75629839402,479,485524,47
hafs_regional_1nest_atm_intel,ursa,intel,205.78,8.860114708798145,198,240,796.84,8.901639381230279,782,818,50
hafs_regional_1nest_atm_intel,wcoss2,intel,344.625,7.851344917991855,333,378,406.4375,35.18516748060609,379,470,48
