test_name,machine,compiler,core_mean,core_std,core_min,core_max,mem_mean,mem_std,mem_min,mem_max,n_hashes
hafs_global_1nest_atm_intel,acorn,intel,182.8,4.8081370423670196,175,197,375.6666666666667,4.552721463835989,368,387,45
hafs_global_1nest_atm_intel,derecho,intel,149.53658536585365,3.6612672736063043,145,160,335.8780487804878,2.238248444110053,331,339,41
hafs_global_1nest_atm_intel,gaeac6,intel,104.29166666666667,4.528671466139601,98,126,137784.97916666666,914203.4350956816,373,6339608,48
hafs_global_1nest_atm_intel,hera,intel,151.10526315789474,2.4242922642404614,148,157,367.3157894736842,3.3342104109260187,358,373,19
hafs_global_1nest_atm_intel,hercules,intel,143.41666666666666,21.695016913227967,128,232,9325.4375,61627.77739730829,425,427400,48
hafs_global_1nest_atm_intel,orion,intel,201.2340425531915,6.597801893376066,196,227,7994.446808510638,52311.85689015467,353,358996,47
hafs_global_1nest_atm_intel,ursa,intel,100.56,8.364551051055539,94,128,531.56,5.451680137951114,518,544,50
hafs_global_1nest_atm_intel,wcoss2,intel,177.75,11.065568603132812,163,203,318.4375,52.645707125305165,268,391,48
