test_name,machine,compiler,core_mean,core_std,core_min,core_max,mem_mean,mem_std,mem_min,mem_max,n_hashes
hafs_global_storm_following_1nest_atm_intel,acorn,intel,96.2127659574468,3.92282157887476,89,105,405.6808510638298,2.2273632586606906,402,413,47
hafs_global_storm_following_1nest_atm_intel,derecho,intel,77.81818181818181,2.9263691434329218,75,85,370.54545454545456,1.5724907862138005,368,373,11
hafs_global_storm_following_1nest_atm_intel,gaeac6,intel,53.891304347826086,3.22647562016765,50,61,139882.02173913043,934301.7598481289,407,6338844,46
hafs_global_storm_following_1nest_atm_intel,hera,intel,66.20833333333333,3.6023534466526184,62,78,400.9791666666667,2.1781270827599633,397,406,48
hafs_global_storm_following_1nest_atm_intel,hercules,intel,59.5,8.946135105917714,50,87,10373.434782608696,67288.93749451016,442,456828,46
hafs_global_storm_following_1nest_atm_intel,orion,intel,92.93478260869566,24.35150205169925,80,200,395.5869565217391,3.3703022413528148,383,405,46
hafs_global_storm_following_1nest_atm_intel,ursa,intel,47.95918367346939,5.295277706258147,43,71,525.0204081632653,6.656731542576434,510,535,49
hafs_global_storm_following_1nest_atm_intel,wcoss2,intel,105.61702127659575,11.742811291223086,91,149,409.3829787234043,2.7071017029236866,396,413,47
