test_name,machine,compiler,core_mean,core_std,core_min,core_max,mem_mean,mem_std,mem_min,mem_max,n_hashes
hafs_regional_atm_intel,acorn,intel,281.0,8.803408430829489,270,302,695.2666666666667,2.7419303087755256,689,702,45
hafs_regional_atm_intel,derecho,intel,227.19565217391303,4.224897448945512,221,239,747.304347826087,7.070657883008538,738,762,46
hafs_regional_atm_intel,gaeac6,intel,167.60416666666666,3.2271427539868536,164,182,6338.770833333333,0.8052905735207916,6338,6342,48
hafs_regional_atm_intel,hera,intel,224.2,4.049691346263318,221,235,867.4,5.27467745196067,859,875,10
hafs_regional_atm_intel,hercules,intel,215.125,22.14615378930559,198,300,21631.375,143004.6932533848,973,991756,48
hafs_regional_atm_intel,orion,intel,286.48936170212767,6.861589182212639,276,303,19354.36170212766,126729.10625877914,840,869680,47
hafs_regional_atm_intel,ursa,intel,175.04,16.79645249231309,163,248,1159.18,10.51469331508086,1139,1182,50
hafs_regional_atm_intel,wcoss2,intel,285.8775510204082,11.36814381847587,274,343,630.4081632653061,39.005297913310685,598,703,49
