test_name,machine,compiler,core_mean,core_std,core_min,core_max,mem_mean,mem_std,mem_min,mem_max,n_hashes
hafs_regional_atm_thompson_gfdlsf_intel,acorn,intel,230.75,14.8431515836823,212,260,1049.5625,3.808759500962246,1043,1057,48
hafs_regional_atm_thompson_gfdlsf_intel,derecho,intel,183.2058823529412,3.557147408065811,177,191,155673.20588235295,377990.3198792408,1043,1055228,34
hafs_regional_atm_thompson_gfdlsf_intel,gaeac6,intel,142.14893617021278,2.7105167436443387,138,154,91875.31914893616,300955.095309706,1053,1072064,47
hafs_regional_atm_thompson_gfdlsf_intel,hera,intel,224.6530612244898,22.816798472112747,212,331,1150.3061224489795,21.12187263008083,1087,1176,49
hafs_regional_atm_thompson_gfdlsf_intel,hercules,intel,216.74,120.70656103771252,177,1012,954145.56,570575.7569776861,1284,1301552,50
hafs_regional_atm_thompson_gfdlsf_intel,orion,intel,323.2040816326531,114.8885292344709,265,863,74245.0,289154.85612737277,1145,1217828,49
hafs_regional_atm_thompson_gfdlsf_intel,ursa,intel,157.86206896551724,13.95074022083988,147,215,52937.93103448276,277156.36723207496,1452,1494004,29
hafs_regional_atm_thompson_gfdlsf_intel,wcoss2,intel,246.58333333333334,18.41926989720544,222,298,1045.75,4.8135447194305225,1035,1055,48
