test_name,machine,compiler,core_mean,core_std,core_min,core_max,mem_mean,mem_std,mem_min,mem_max,n_hashes
hafs_regional_1nest_atm_intel,acorn,intel,332.5869565217391,6.661918599044114,311,346,463.45652173913044,3.001529400815763,459,477,46
hafs_regional_1nest_atm_intel,derecho,intel,289.625,3.324154027718933,285,299,415.6875,1.8874586088176728,412,419,16
hafs_regional_1nest_atm_intel,gaeac6,intel,206.37777777777777,50.079159559863044,184,533,143679.06666666668,944634.9440487435,450,6339636,45
hafs_regional_1nest_atm_intel,hera,intel,309.2857142857143,7.939667973292898,293,327,489.35714285714283,7.602379051809144,472,520,42
hafs_regional_1nest_atm_intel,hercules,intel,306.5217391304348,59.05317345144114,261,602,592.804347826087,5.564249236439348,586,610,46
hafs_regional_1nest_atm_intel,orion,intel,394.93333333333334,7.094812445467718,378,410,487.97777777777776,5.27209156739044,479,511,45
hafs_regional_1nest_atm_intel,ursa,intel,200.46938775510205,6.797983894803928,184,229,800.3061224489796,9.392381845660548,782,821,49
hafs_regional_1nest_atm_intel,wcoss2,intel,354.5652173913044,30.67148670375075,321,488,462.19565217391306,20.448982115626652,385,495,46
