test_name,machine,compiler,core_mean,core_std,core_min,core_max,mem_mean,mem_std,mem_min,mem_max,n_hashes
hafs_regional_docn_oisst_intel,acorn,intel,394.3404255319149,17.02718618504551,369,419,732.4255319148937,9.692544604311552,720,767,47
hafs_regional_docn_oisst_intel,derecho,intel,347.6,8.262364471909157,337,358,802.5,33.86984893185483,774,846,10
hafs_regional_docn_oisst_intel,gaeac6,intel,253.6304347826087,12.226308056631494,229,268,139657.52173913043,934817.599949346,824,6342052,46
hafs_regional_docn_oisst_intel,hera,intel,368.5,21.59984239501203,336,405,908.6875,17.04331933757485,877,964,48
hafs_regional_docn_oisst_intel,hercules,intel,358.7173913043478,78.84546433611008,288,595,117676.97826086957,337603.89529022446,1043,1080164,46
hafs_regional_docn_oisst_intel,orion,intel,425.0652173913044,79.01291094889717,381,888,21677.130434782608,140612.30079645058,929,954624,46
hafs_regional_docn_oisst_intel,ursa,intel,261.1020408163265,11.667699176857132,235,290,28136.04081632653,187923.16151089067,1253,1316752,49
hafs_regional_docn_oisst_intel,wcoss2,intel,434.7659574468085,37.798212958653416,385,600,734.0,14.680658674951824,720,785,47
