test_name,machine,compiler,core_mean,core_std,core_min,core_max,mem_mean,mem_std,mem_min,mem_max,n_hashes
hafs_regional_atm_intel,acorn,intel,269.9148936170213,7.294517855849447,253,284,705.1276595744681,5.523141124540528,694,716,47
hafs_regional_atm_intel,derecho,intel,269.3,22.306202425932273,226,281,247666.1,397489.30151737004,742,824340,10
hafs_regional_atm_intel,gaeac6,intel,186.2173913043478,35.414317910182575,147,244,139106.84782608695,934530.5990939925,790,6339604,46
hafs_regional_atm_intel,hera,intel,255.47916666666666,41.14581728610877,213,311,900.375,21.562995291875517,859,921,48
hafs_regional_atm_intel,hercules,intel,255.2173913043478,53.16260717771811,189,393,203302.47826086957,414701.5912855754,975,1045192,46
hafs_regional_atm_intel,orion,intel,327.5217391304348,75.79408922437594,271,612,40338.36956521739,187042.70122519069,865,908344,46
hafs_regional_atm_intel,ursa,intel,189.87755102040816,33.61710418637442,154,242,25643.061224489797,171221.8881290454,1142,1199736,49
hafs_regional_atm_intel,wcoss2,intel,328.25531914893617,42.120153229162234,277,502,703.2340425531914,6.627389695201447,691,714,47
