test_name,machine,compiler,core_mean,core_std,core_min,core_max,mem_mean,mem_std,mem_min,mem_max,n_hashes
hafs_global_storm_following_1nest_atm_intel,acorn,intel,94.26666666666667,3.804303782918403,87,105,404.8666666666667,2.633697711652503,400,413,45
hafs_global_storm_following_1nest_atm_intel,derecho,intel,77.88372093023256,2.647634184967524,74,85,369.69767441860466,2.8413183033578795,363,375,43
hafs_global_storm_following_1nest_atm_intel,gaeac6,intel,56.125,4.702308170213812,50,81,138018.91666666666,914055.5994054291,410,6338844,48
hafs_global_storm_following_1nest_atm_intel,hera,intel,64.0,1.6201851746019642,62,68,400.2352941176471,2.19457888228886,397,405,17
hafs_global_storm_following_1nest_atm_intel,hercules,intel,58.208333333333336,10.852901040408858,50,114,9726.458333333334,64269.77834660417,437,445724,48
hafs_global_storm_following_1nest_atm_intel,orion,intel,89.31914893617021,17.998920720032952,82,200,8841.808510638299,57911.531450112045,383,397416,47
hafs_global_storm_following_1nest_atm_intel,ursa,intel,45.54,1.886688060261868,43,54,523.86,7.148597693225698,508,536,50
hafs_global_storm_following_1nest_atm_intel,wcoss2,intel,88.41666666666667,9.019679036921321,77,111,346.1875,49.52139286271972,302,417,48
