test_name,machine,compiler,core_mean,core_std,core_min,core_max,mem_mean,mem_std,mem_min,mem_max,n_hashes
hafs_regional_storm_following_1nest_atm_ocn_wav_intel,acorn,intel,434.2142857142857,4.003432593097148,429,441,620.0,21.968508930179695,609,696,14
hafs_regional_storm_following_1nest_atm_ocn_wav_intel,gaeac6,intel,277.46153846153845,8.08924578906448,268,294,616.2307692307693,8.700132624983839,604,630,13
hafs_regional_storm_following_1nest_atm_ocn_wav_intel,hera,intel,906.5,6.0223941061035315,897,916,624.1428571428571,34.502747143373384,601,742,14
hafs_regional_storm_following_1nest_atm_ocn_wav_intel,hercules,intel,1083.857142857143,103.7540413617759,1026,1436,739.8571428571429,9.44504056152176,728,752,14
hafs_regional_storm_following_1nest_atm_ocn_wav_intel,orion,intel,909.9285714285714,8.695394764465295,898,922,653.2857142857143,40.62289724059301,617,748,14
hafs_regional_storm_following_1nest_atm_ocn_wav_intel,ursa,intel,1623.8,67.73709682082848,1547,1792,892.2,13.696714934611157,870,908,15
hafs_regional_storm_following_1nest_atm_ocn_wav_intel,wcoss2,intel,486.5,59.74400517077972,444,642,620.8571428571429,27.134585205705925,610,715,14
