test_name,machine,compiler,core_mean,core_std,core_min,core_max,mem_mean,mem_std,mem_min,mem_max,n_hashes
hafs_regional_storm_following_1nest_atm_intel,acorn,intel,219.5744680851064,4.758263662354271,206,230,493.93617021276594,1.9382225757137628,490,498,47
hafs_regional_storm_following_1nest_atm_intel,derecho,intel,191.78571428571428,3.2813405442281907,187,200,454.25,2.1015867021530874,450,460,28
hafs_regional_storm_following_1nest_atm_intel,gaeac6,intel,135.68085106382978,4.359429474931449,125,148,139081.7659574468,923992.3713722873,484,6338848,47
hafs_regional_storm_following_1nest_atm_intel,hera,intel,194.0,3.1411250638372654,188,202,520.0645161290323,4.3122730577656085,513,530,31
hafs_regional_storm_following_1nest_atm_intel,hercules,intel,181.91489361702128,25.490688655676028,168,344,605.936170212766,3.8583858717882937,599,617,47
hafs_regional_storm_following_1nest_atm_intel,orion,intel,249.0,4.033195589934452,241,263,520.304347826087,3.4568422663040583,514,529,46
hafs_regional_storm_following_1nest_atm_intel,ursa,intel,130.3673469387755,9.84821023831027,122,192,751.7755102040817,10.975854761935505,695,768,49
hafs_regional_storm_following_1nest_atm_intel,wcoss2,intel,228.63829787234042,7.913734708705993,217,265,473.8085106382979,36.4110818641274,419,537,47
