test_name,machine,compiler,core_mean,core_std,core_min,core_max,mem_mean,mem_std,mem_min,mem_max,n_hashes
hafs_regional_atm_wav_intel,acorn,intel,703.2765957446809,6.405507574700583,689,721,818.8085106382979,46.188949505582286,785,917,47
hafs_regional_atm_wav_intel,derecho,intel,597.0909090909091,2.9817627489304215,594,603,840.0,1.673320053068141,838,843,11
hafs_regional_atm_wav_intel,gaeac6,intel,445.4130434782609,10.738458583689926,426,468,140259.13043478262,934380.5318130205,907,6339748,46
hafs_regional_atm_wav_intel,hera,intel,1735.7916666666667,23.64089346813341,1689,1794,961.2083333333334,39.17769574606999,926,1114,48
hafs_regional_atm_wav_intel,hercules,intel,869.8695652173913,87.06360604514693,825,1438,25605.282608695652,166037.27364937778,1102,1127244,46
hafs_regional_atm_wav_intel,orion,intel,1740.891304347826,32.90270388137289,1684,1794,994.5869565217391,30.104688514106883,973,1132,46
hafs_regional_atm_wav_intel,ursa,intel,1903.5510204081634,78.38980089497451,1763,2213,1349.2857142857142,18.830383249773046,1310,1389,49
hafs_regional_atm_wav_intel,wcoss2,intel,728.7872340425532,29.58476118472261,697,831,809.8297872340426,35.817362287835984,787,922,47
