test_name,machine,compiler,core_mean,core_std,core_min,core_max,mem_mean,mem_std,mem_min,mem_max,n_hashes
hafs_regional_specified_moving_1nest_atm_intel,acorn,intel,233.5909090909091,7.415628317302622,221,261,492.8636363636364,1.9952374585137358,489,497,44
hafs_regional_specified_moving_1nest_atm_intel,derecho,intel,205.57777777777778,3.3742937906854826,199,213,452.8666666666667,3.951984541743789,447,469,45
hafs_regional_specified_moving_1nest_atm_intel,gaeac6,intel,148.375,3.8405728739343044,145,169,6338.625,0.7329625110150605,6338,6340,48
hafs_regional_specified_moving_1nest_atm_intel,hera,intel,204.75,2.527125567985022,201,210,518.3333333333334,2.5702257889260895,514,523,12
hafs_regional_specified_moving_1nest_atm_intel,hercules,intel,194.59574468085106,20.605676269952685,180,268,13382.297872340425,87569.02157302646,601,600952,47
hafs_regional_specified_moving_1nest_atm_intel,orion,intel,265.3695652173913,5.63859200570172,258,279,11858.130434782608,76903.46362366223,512,522104,46
hafs_regional_specified_moving_1nest_atm_intel,ursa,intel,143.76,12.61932434557315,137,223,750.9,7.532920944705568,728,766,50
hafs_regional_specified_moving_1nest_atm_intel,wcoss2,intel,238.6875,6.6975900715076175,227,262,440.9791666666667,33.68849136358894,416,499,48
