test_name,machine,compiler,core_mean,core_std,core_min,core_max,mem_mean,mem_std,mem_min,mem_max,n_hashes
hafs_regional_atm_intel,acorn,intel,282.8958333333333,32.52903095098176,260,352,707.0416666666666,4.346474890256628,699,717,48
hafs_regional_atm_intel,derecho,intel,276.15384615384613,10.555348625951916,261,291,159289.53846153847,331245.3437212038,761,827468,26
hafs_regional_atm_intel,gaeac6,intel,212.89361702127658,27.211118285948444,150,244,72586.76595744681,237780.3528092601,830,845944,47
hafs_regional_atm_intel,hera,intel,304.0625,68.68782488355595,221,669,908.1458333333334,14.770571062201553,865,921,48
hafs_regional_atm_intel,hercules,intel,295.14285714285717,66.13275789400187,194,665,587664.1632653062,513353.7428878172,1016,1045192,49
hafs_regional_atm_intel,orion,intel,397.6326530612245,127.21744735516671,277,890,56354.142857142855,219365.44393802094,895,908344,49
hafs_regional_atm_intel,ursa,intel,215.94736842105263,35.17365980729011,155,296,32736.736842105263,194428.82718330328,1182,1199736,38
hafs_regional_atm_intel,wcoss2,intel,348.6458333333333,32.4394621668387,293,502,705.0416666666666,5.367190847049556,683,714,48
