test_name,machine,compiler,core_mean,core_std,core_min,core_max,mem_mean,mem_std,mem_min,mem_max,n_hashes
hafs_global_1nest_atm_intel,acorn,intel,182.5,4.19920627420628,175,192,375.5217391304348,4.230782068153898,368,387,46
hafs_global_1nest_atm_intel,derecho,intel,149.25,4.04012136515245,145,160,336.65625,1.6964740474137623,333,339,32
hafs_global_1nest_atm_intel,gaeac6,intel,102.72340425531915,4.460951973170972,95,126,139566.97872340426,924032.8335359858,373,6339608,47
hafs_global_1nest_atm_intel,hera,intel,150.96296296296296,2.5940980570026118,146,157,367.2962962962963,2.997624890768512,358,373,27
hafs_global_1nest_atm_intel,hercules,intel,136.80851063829786,9.81489174201596,126,164,430.74468085106383,2.793377923234986,426,437,47
hafs_global_1nest_atm_intel,orion,intel,199.58695652173913,6.5169048105046565,189,227,364.0869565217391,2.6061984827332116,355,372,46
hafs_global_1nest_atm_intel,ursa,intel,100.28571428571429,8.645808232895291,93,128,530.9591836734694,4.812999686930643,518,542,49
hafs_global_1nest_atm_intel,wcoss2,intel,182.5531914893617,11.395667579960774,165,210,336.93617021276594,52.029424891873376,270,391,47
