test_name,machine,compiler,core_mean,core_std,core_min,core_max,mem_mean,mem_std,mem_min,mem_max,n_hashes
hafs_global_storm_following_1nest_atm_intel,acorn,intel,97.70833333333333,3.643463008599848,89,105,404.7083333333333,1.9781609053299891,402,409,48
hafs_global_storm_following_1nest_atm_intel,derecho,intel,71.8125,1.9397164741270776,69,76,129365.125,197544.0032127441,410,416652,16
hafs_global_storm_following_1nest_atm_intel,gaeac6,intel,55.8936170212766,4.1506104451670796,50,61,36389.574468085106,119212.78012768392,407,426300,47
hafs_global_storm_following_1nest_atm_intel,hera,intel,75.22916666666667,24.23575658326185,62,210,400.9375,2.70858564018435,393,406,48
hafs_global_storm_following_1nest_atm_intel,hercules,intel,64.54166666666667,16.753479579304848,50,127,170635.3125,222040.56160608827,447,460720,48
hafs_global_storm_following_1nest_atm_intel,orion,intel,99.25,36.86750284406914,80,309,17092.125,80918.67297810335,391,403420,48
hafs_global_storm_following_1nest_atm_intel,ursa,intel,52.89795918367347,10.575610498451896,43,108,11314.122448979591,75521.52414202652,500,529176,49
hafs_global_storm_following_1nest_atm_intel,wcoss2,intel,109.25,9.94559669487061,97,149,408.9791666666667,2.85455651683435,396,413,48
