test_name,machine,compiler,core_mean,core_std,core_min,core_max,mem_mean,mem_std,mem_min,mem_max,n_hashes
hafs_regional_atm_gfdlmpv3_intel,acorn,intel,283.8085106382979,6.445889481820235,272,297,913.5106382978723,5.633256608614785,901,920,47
hafs_regional_atm_gfdlmpv3_intel,derecho,intel,320.2,18.011107683871085,295,347,209377.4,439249.3785731897,995,1043812,10
hafs_regional_atm_gfdlmpv3_intel,gaeac6,intel,231.47826086956522,3.2710116031913685,226,247,139421.0,934508.131903695,1030,6339768,46
hafs_regional_atm_gfdlmpv3_intel,hera,intel,317.0833333333333,3.260552970549451,313,329,1095.25,22.335450307202912,1059,1129,48
hafs_regional_atm_gfdlmpv3_intel,hercules,intel,325.7826086956522,45.57626723707966,291,493,213757.36956521738,468371.8924980855,1171,1235184,46
hafs_regional_atm_gfdlmpv3_intel,orion,intel,402.0,113.3098014785619,352,1088,47909.608695652176,222063.44345278927,1049,1080976,46
hafs_regional_atm_gfdlmpv3_intel,ursa,intel,242.20408163265307,6.557373686153926,236,259,29997.95918367347,200294.21538045802,1345,1403444,49
hafs_regional_atm_gfdlmpv3_intel,wcoss2,intel,373.97872340425533,43.955258557499285,336,554,916.8297872340426,5.180729967603436,907,926,47
