test_name,machine,compiler,core_mean,core_std,core_min,core_max,mem_mean,mem_std,mem_min,mem_max,n_hashes
hafs_regional_specified_moving_1nest_atm_intel,acorn,intel,229.79166666666666,4.593975394914301,218,238,494.0208333333333,2.488181283445947,488,499,48
hafs_regional_specified_moving_1nest_atm_intel,derecho,intel,196.78571428571428,1.3114039117602987,194,199,175930.57142857142,244261.54420202138,489,494344,14
hafs_regional_specified_moving_1nest_atm_intel,gaeac6,intel,146.74468085106383,5.589073521677107,137,160,32314.68085106383,123182.80007214205,480,500044,47
hafs_regional_specified_moving_1nest_atm_intel,hera,intel,214.45833333333334,8.960809075679503,197,228,525.5625,4.326593913648134,514,533,48
hafs_regional_specified_moving_1nest_atm_intel,hercules,intel,198.58333333333334,23.936825838144745,174,302,205600.20833333334,292974.29872550315,602,622532,48
hafs_regional_specified_moving_1nest_atm_intel,orion,intel,273.3125,28.07524558919505,252,443,22436.229166666668,106202.91139400742,513,530772,48
hafs_regional_specified_moving_1nest_atm_intel,ursa,intel,144.81632653061226,7.010924420109654,132,166,16327.69387755102,109009.87825655297,743,763824,49
hafs_regional_specified_moving_1nest_atm_intel,wcoss2,intel,250.97916666666666,13.021242192162399,227,302,496.9166666666667,2.456717524036474,492,501,48
