test_name,machine,compiler,core_mean,core_std,core_min,core_max,mem_mean,mem_std,mem_min,mem_max,n_hashes
hafs_global_1nest_atm_intel,acorn,intel,184.0212765957447,4.984712985946775,170,192,375.531914893617,3.723317033470292,370,387,47
hafs_global_1nest_atm_intel,derecho,intel,147.3,4.5227818381561935,136,153,340.7,14.967000738662076,333,383,10
hafs_global_1nest_atm_intel,gaeac6,intel,100.69565217391305,4.304362465207137,92,107,139616.0652173913,934456.6434412486,373,6339608,46
hafs_global_1nest_atm_intel,hera,intel,154.54166666666666,6.519882303249582,146,176,368.8541666666667,2.9026003259977475,363,376,48
hafs_global_1nest_atm_intel,hercules,intel,146.67391304347825,26.093042365799,126,254,28874.5,108874.2418537706,425,440072,46
hafs_global_1nest_atm_intel,orion,intel,207.8695652173913,29.168939870007225,188,331,8424.347826086956,54658.89573556974,355,371080,46
hafs_global_1nest_atm_intel,ursa,intel,100.16326530612245,8.839652469543866,89,128,531.4489795918367,5.816862071060413,513,545,49
hafs_global_1nest_atm_intel,wcoss2,intel,200.4468085106383,20.33609824344095,173,274,378.29787234042556,4.553617260734775,364,391,47
