test_name,machine,compiler,core_mean,core_std,core_min,core_max,mem_mean,mem_std,mem_min,mem_max,n_hashes
hafs_regional_atm_thompson_gfdlsf_intel,acorn,intel,218.3695652173913,5.728520055737369,207,231,1047.9565217391305,4.032956024991705,1038,1056,46
hafs_regional_atm_thompson_gfdlsf_intel,derecho,intel,196.85,4.475371198953342,193,207,997.65,3.48341937273074,992,1004,20
hafs_regional_atm_thompson_gfdlsf_intel,gaeac6,intel,139.84782608695653,3.602267133683383,131,148,141375.8260869565,934211.5482476666,1031,6339740,46
hafs_regional_atm_thompson_gfdlsf_intel,hera,intel,200.02631578947367,7.998266170578452,188,217,1155.2894736842106,10.077826596280232,1143,1171,38
hafs_regional_atm_thompson_gfdlsf_intel,hercules,intel,195.56521739130434,44.61322782111105,159,445,1280.6521739130435,8.04215944273775,1264,1296,46
hafs_regional_atm_thompson_gfdlsf_intel,orion,intel,277.6222222222222,80.40615334008645,252,647,1192.9555555555555,15.627707846170432,1177,1225,45
hafs_regional_atm_thompson_gfdlsf_intel,ursa,intel,148.16326530612244,8.06832009253762,140,180,1461.3061224489795,9.857746703381364,1439,1483,49
hafs_regional_atm_thompson_gfdlsf_intel,wcoss2,intel,239.2173913043478,36.339090090411375,214,379,1034.9130434782608,32.175785296093174,953,1058,46
