test_name,machine,compiler,core_mean,core_std,core_min,core_max,mem_mean,mem_std,mem_min,mem_max,n_hashes
hafs_regional_storm_following_1nest_atm_ocn_debug_intel,acorn,intel,854.3571428571429,8.416096947557563,835,873,611.8928571428571,28.614085220671864,588,661,28
hafs_regional_storm_following_1nest_atm_ocn_debug_intel,derecho,intel,709.7,2.830390628713828,706,714,289789.1,304888.1954234117,578,591040,10
hafs_regional_storm_following_1nest_atm_ocn_debug_intel,gaeac6,intel,486.3703703703704,6.337605396775834,470,495,21717.074074074073,109874.42700469335,558,571496,27
hafs_regional_storm_following_1nest_atm_ocn_debug_intel,hera,intel,756.7857142857143,8.495563734950338,740,772,580.8571428571429,3.407119840637503,575,586,28
hafs_regional_storm_following_1nest_atm_ocn_debug_intel,hercules,intel,664.1071428571429,31.952904331814604,626,756,272494.03571428574,319679.8523098547,631,640316,28
hafs_regional_storm_following_1nest_atm_ocn_debug_intel,orion,intel,773.2142857142857,32.45892805657651,738,920,41660.46428571428,150850.28306372542,566,579160,28
hafs_regional_storm_following_1nest_atm_ocn_debug_intel,ursa,intel,495.48275862068965,4.837507398703618,486,507,25355.03448275862,132646.79656260152,701,715048,29
hafs_regional_storm_following_1nest_atm_ocn_debug_intel,wcoss2,intel,866.3928571428571,33.25472874835979,847,994,636.75,150.62404141388535,589,1391,28
