test_name,machine,compiler,core_mean,core_std,core_min,core_max,mem_mean,mem_std,mem_min,mem_max,n_hashes
hafs_regional_atm_wav_intel,acorn,intel,699.8936170212766,6.712201875990538,687,713,800.5106382978723,29.486085399598483,783,899,47
hafs_regional_atm_wav_intel,derecho,intel,599.9629629629629,5.011383054004166,591,609,841.7777777777778,4.088758823646695,838,854,27
hafs_regional_atm_wav_intel,gaeac6,intel,444.9148936170213,5.033927446032074,434,458,139132.70212765958,924118.4114837543,907,6339748,47
hafs_regional_atm_wav_intel,hera,intel,1730.8125,21.711357961125515,1689,1776,954.46875,38.90848184750235,926,1102,32
hafs_regional_atm_wav_intel,hercules,intel,849.0212765957447,15.671199506963346,825,890,1121.1702127659576,9.084911401391722,1102,1139,47
hafs_regional_atm_wav_intel,orion,intel,1756.3695652173913,22.79995974231551,1708,1794,988.9782608695652,21.842353485764786,973,1130,46
hafs_regional_atm_wav_intel,ursa,intel,1893.591836734694,121.14487167013213,1763,2445,1341.204081632653,17.92807341368643,1310,1376,49
hafs_regional_atm_wav_intel,wcoss2,intel,723.8085106382979,16.78850318038882,697,776,794.0425531914893,42.491409590547526,717,898,47
