test_name,machine,compiler,core_mean,core_std,core_min,core_max,mem_mean,mem_std,mem_min,mem_max,n_hashes
hafs_regional_datm_cdeps_intel,acorn,intel,973.28125,4.814188539133293,963,982,896.28125,3.419435673116308,891,906,32
hafs_regional_datm_cdeps_intel,derecho,intel,967.2142857142857,4.838603921802993,961,977,318596.5,442337.09229635296,889,890868,14
hafs_regional_datm_cdeps_intel,gaeac6,intel,656.1290322580645,2.3056732275537106,651,662,86913.41935483871,267151.02163966786,881,893248,31
hafs_regional_datm_cdeps_intel,hera,intel,995.4375,25.596039890274337,969,1053,1312.53125,5.17428115624488,1302,1335,32
hafs_regional_datm_cdeps_intel,hercules,intel,1003.96875,79.07998579429442,982,1435,670877.25,680253.2414579147,1338,1344556,32
hafs_regional_datm_cdeps_intel,orion,intel,1032.34375,188.41745165644733,971,1790,76575.53125,296573.27352263976,1154,1208804,32
hafs_regional_datm_cdeps_intel,ursa,intel,719.6060606060606,87.06496834043651,691,1197,56846.78787878788,316135.707256567,1808,1817876,33
hafs_regional_datm_cdeps_intel,wcoss2,intel,1018.78125,82.78138109775416,975,1402,879.21875,29.516244160713246,831,907,32
