test_name,machine,compiler,core_mean,core_std,core_min,core_max,mem_mean,mem_std,mem_min,mem_max,n_hashes
hafs_regional_atm_thompson_gfdlsf_intel,acorn,intel,218.11111111111111,4.5886332993120655,209,228,1044.3111111111111,5.062438427110207,1033,1053,45
hafs_regional_atm_thompson_gfdlsf_intel,derecho,intel,197.7560975609756,4.42029686675499,192,209,997.5365853658536,3.107229963935798,992,1004,41
hafs_regional_atm_thompson_gfdlsf_intel,gaeac6,intel,143.4375,4.020724238772833,137,164,137842.45833333334,914214.1049268668,1031,6339740,48
hafs_regional_atm_thompson_gfdlsf_intel,hera,intel,197.05263157894737,1.8700470644857596,195,201,1148.5263157894738,4.073879137636491,1143,1156,19
hafs_regional_atm_thompson_gfdlsf_intel,hercules,intel,187.47916666666666,23.69934875066557,165,264,28049.625,185479.25887263374,1264,1286316,48
hafs_regional_atm_thompson_gfdlsf_intel,orion,intel,279.468085106383,78.19286386427439,256,647,26388.23404255319,172831.018238501,1137,1186048,47
hafs_regional_atm_thompson_gfdlsf_intel,ursa,intel,150.8,12.110039687155854,142,201,1458.5,10.851972453081927,1427,1483,50
hafs_regional_atm_thompson_gfdlsf_intel,wcoss2,intel,224.60416666666666,10.412226003819255,214,286,995.2291666666666,43.88051454504141,946,1052,48
