test_name,machine,compiler,core_mean,core_std,core_min,core_max,mem_mean,mem_std,mem_min,mem_max,n_hashes
hafs_regional_datm_cdeps_intel,acorn,intel,974.0526315789474,4.789730730201455,963,982,895.6315789473684,3.0588764516074525,891,906,19
hafs_regional_datm_cdeps_intel,derecho,intel,961.0,0.0,961,961,892.0,0.0,892,892,2
hafs_regional_datm_cdeps_intel,gaeac6,intel,656.5555555555555,2.4548205211073344,651,662,889.7777777777778,5.128416285245529,881,896,18
hafs_regional_datm_cdeps_intel,hera,intel,998.3684210526316,27.877132257891517,969,1052,1312.6842105263158,6.472614374586598,1302,1335,19
hafs_regional_datm_cdeps_intel,hercules,intel,1013.421052631579,102.24225903296417,983,1435,283720.36842105264,561810.2033298959,1338,1343176,19
hafs_regional_datm_cdeps_intel,orion,intel,991.3157894736842,61.67211924684978,972,1245,64584.94736842105,276263.87998101336,1154,1205412,19
hafs_regional_datm_cdeps_intel,ursa,intel,703.55,13.136830507754667,694,751,1814.3,4.280924641882128,1808,1821,20
hafs_regional_datm_cdeps_intel,wcoss2,intel,1039.157894736842,103.11442573821394,983,1402,877.6315789473684,30.779160565977087,833,907,19
