test_name,machine,compiler,core_mean,core_std,core_min,core_max,mem_mean,mem_std,mem_min,mem_max,n_hashes
hafs_regional_storm_following_1nest_atm_intel,acorn,intel,217.72340425531914,4.647122193449511,206,230,493.8510638297872,1.7567104065152237,490,498,47
hafs_regional_storm_following_1nest_atm_intel,derecho,intel,187.8,5.181162460726781,182,194,473.6,20.92420182999156,451,495,10
hafs_regional_storm_following_1nest_atm_intel,gaeac6,intel,146.45652173913044,77.08514960649083,125,657,139172.71739130435,934407.814342578,481,6338848,46
hafs_regional_storm_following_1nest_atm_intel,hera,intel,199.95833333333334,7.4318415956979615,188,215,524.3541666666666,5.579177028205651,513,537,48
hafs_regional_storm_following_1nest_atm_intel,hercules,intel,185.69565217391303,21.24656266601195,168,306,80665.73913043478,208997.90582177133,600,618812,46
hafs_regional_storm_following_1nest_atm_intel,orion,intel,258.69565217391306,34.957033668470096,241,478,11964.934782608696,77598.75745036191,514,526824,46
hafs_regional_storm_following_1nest_atm_intel,ursa,intel,130.6530612244898,4.028807828254758,122,142,16529.551020408162,110407.27412650046,743,773608,49
hafs_regional_storm_following_1nest_atm_intel,wcoss2,intel,234.5531914893617,11.429953993285437,217,268,517.5106382978723,130.62356674319588,494,1393,47
