test_name,machine,compiler,core_mean,core_std,core_min,core_max,mem_mean,mem_std,mem_min,mem_max,n_hashes
hafs_regional_atm_intel,acorn,intel,278.55555555555554,6.103484681108431,270,296,696.3777777777777,3.062150825280763,691,705,45
hafs_regional_atm_intel,derecho,intel,226.18421052631578,3.7333794788179846,221,238,744.5,4.482699476274838,738,758,38
hafs_regional_atm_intel,gaeac6,intel,166.2127659574468,3.361781167468561,160,182,140381.10638297873,923909.0819704549,790,6339604,47
hafs_regional_atm_intel,hera,intel,224.14285714285714,3.0378563870880115,221,235,869.5714285714286,5.094815291759157,859,879,21
hafs_regional_atm_intel,hercules,intel,214.04255319148936,22.146702028311232,197,300,22066.021276595744,144518.68623521223,973,991756,47
hafs_regional_atm_intel,orion,intel,285.45652173913044,6.924053153846727,276,303,19758.478260869564,128098.84938849007,864,869680,46
hafs_regional_atm_intel,ursa,intel,173.53061224489795,16.322405409967825,163,248,1156.2448979591836,9.17090192821131,1139,1176,49
hafs_regional_atm_intel,wcoss2,intel,288.63829787234044,12.7593538270265,274,343,649.8297872340426,44.424004062108914,600,703,47
