test_name,machine,compiler,core_mean,core_std,core_min,core_max,mem_mean,mem_std,mem_min,mem_max,n_hashes
hafs_global_1nest_atm_intel,acorn,intel,183.6590909090909,5.8783923677101315,175,202,375.09090909090907,4.41887169550226,368,387,44
hafs_global_1nest_atm_intel,derecho,intel,149.61363636363637,3.5451631581891707,145,160,335.8636363636364,2.1844152971161175,331,339,44
hafs_global_1nest_atm_intel,gaeac6,intel,104.42553191489361,4.441624657962464,101,126,6338.723404255319,0.6151043622861222,6338,6340,47
hafs_global_1nest_atm_intel,hera,intel,150.85714285714286,1.7478401113789144,148,154,367.2142857142857,3.8064433516093406,358,373,14
hafs_global_1nest_atm_intel,hercules,intel,144.3913043478261,22.846811847481103,128,232,9712.304347826086,62953.239662420885,425,427400,46
hafs_global_1nest_atm_intel,orion,intel,201.04444444444445,5.819073479654311,196,227,8333.288888888888,53461.74956989097,353,358996,45
hafs_global_1nest_atm_intel,ursa,intel,99.82,7.153392230834491,94,124,532.5,6.386369413501999,518,551,50
hafs_global_1nest_atm_intel,wcoss2,intel,175.5625,10.439096418874243,163,203,307.625,50.19266073331207,267,391,48
