test_name,machine,compiler,core_mean,core_std,core_min,core_max,mem_mean,mem_std,mem_min,mem_max,n_hashes
hafs_regional_atm_intel,acorn,intel,286.02127659574467,34.0450400918638,260,352,706.6382978723404,4.4984322482340415,699,717,47
hafs_regional_atm_intel,derecho,intel,275.0357142857143,10.976345417768115,258,291,147966.14285714287,321441.12785446295,761,827468,28
hafs_regional_atm_intel,gaeac6,intel,216.0,23.887700228825338,150,244,74146.41304347826,240164.65469780203,830,845944,46
hafs_regional_atm_intel,hera,intel,308.5416666666667,65.47306034702879,223,669,905.625,16.61660922473835,861,921,48
hafs_regional_atm_intel,hercules,intel,298.81632653061223,63.37772790624339,194,665,649874.2857142857,499602.95603984385,1016,1045192,49
hafs_regional_atm_intel,orion,intel,404.6666666666667,125.46447040231483,277,890,57509.1875,221536.20492675024,895,908344,48
hafs_regional_atm_intel,ursa,intel,220.97142857142856,31.892729868849337,155,296,35439.94285714286,202590.2462051597,1182,1199736,35
hafs_regional_atm_intel,wcoss2,intel,351.4255319148936,31.153019730001652,293,502,704.6170212765958,5.439601933523192,683,714,47
