test_name,machine,compiler,core_mean,core_std,core_min,core_max,mem_mean,mem_std,mem_min,mem_max,n_hashes
hafs_regional_specified_moving_1nest_atm_intel,acorn,intel,232.2888888888889,5.36665725577944,221,245,493.35555555555555,1.8482861294078692,490,497,45
hafs_regional_specified_moving_1nest_atm_intel,derecho,intel,205.26829268292684,3.3468223006600155,199,213,453.219512195122,3.9465947038044917,447,469,41
hafs_regional_specified_moving_1nest_atm_intel,gaeac6,intel,147.66666666666666,4.15821838554013,142,169,137797.66666666666,914225.0931729905,486,6339768,48
hafs_regional_specified_moving_1nest_atm_intel,hera,intel,204.8421052631579,2.3157230187168754,201,210,518.578947368421,2.714483570153208,514,525,19
hafs_regional_specified_moving_1nest_atm_intel,hercules,intel,193.27083333333334,19.693113153429007,179,268,13112.604166666666,86652.57027697415,601,600952,48
hafs_regional_specified_moving_1nest_atm_intel,orion,intel,264.51063829787233,5.725125175869138,258,279,11616.340425531915,76081.0233499034,512,522104,47
hafs_regional_specified_moving_1nest_atm_intel,ursa,intel,144.32,14.092174699282648,137,223,750.26,7.716428273892152,728,766,50
hafs_regional_specified_moving_1nest_atm_intel,wcoss2,intel,239.60416666666666,7.0189396766461165,227,262,452.0416666666667,37.31918583256698,416,500,48
