test_name,machine,compiler,core_mean,core_std,core_min,core_max,mem_mean,mem_std,mem_min,mem_max,n_hashes
hafs_regional_storm_following_1nest_atm_ocn_wav_intel,acorn,intel,434.4,3.9242833740697196,429,441,619.3333333333334,21.326263709555977,609,696,15
hafs_regional_storm_following_1nest_atm_ocn_wav_intel,gaeac6,intel,277.92857142857144,7.9659302002995185,268,294,616.4285714285714,8.391518481036844,604,630,14
hafs_regional_storm_following_1nest_atm_ocn_wav_intel,hera,intel,906.1333333333333,5.974549195984404,897,916,623.7333333333333,33.28548947400067,601,742,15
hafs_regional_storm_following_1nest_atm_ocn_wav_intel,hercules,intel,1081.4666666666667,100.40764531695405,1026,1436,739.3333333333334,9.324826054805584,728,752,15
hafs_regional_storm_following_1nest_atm_ocn_wav_intel,orion,intel,909.6,8.475173828811524,898,922,653.3333333333334,39.14563771840933,617,748,15
hafs_regional_storm_following_1nest_atm_ocn_wav_intel,ursa,intel,1624.5625,65.51129037552744,1547,1792,891.375,13.637570653651391,870,908,16
hafs_regional_storm_following_1nest_atm_ocn_wav_intel,wcoss2,intel,492.1333333333333,61.566301852633025,444,642,620.3333333333334,26.22612292752256,610,715,15
