test_name,machine,compiler,core_mean,core_std,core_min,core_max,mem_mean,mem_std,mem_min,mem_max,n_hashes
hafs_regional_telescopic_2nests_atm_intel,acorn,intel,402.4166666666667,7.385533108095862,370,414,477.625,13.054101825406642,468,509,48
hafs_regional_telescopic_2nests_atm_intel,derecho,intel,348.1818181818182,1.2504544628399499,346,350,216801.0909090909,248541.7020274282,471,477608,11
hafs_regional_telescopic_2nests_atm_intel,gaeac6,intel,249.7872340425532,18.26726243764433,222,277,155943.914893617,926756.9498614587,460,6339348,47
hafs_regional_telescopic_2nests_atm_intel,hera,intel,379.75,26.44263160045622,338,412,509.75,7.921154010058379,501,546,48
hafs_regional_telescopic_2nests_atm_intel,hercules,intel,371.7708333333333,67.59429649341514,308,666,167305.39583333334,276423.5732375102,605,628424,48
hafs_regional_telescopic_2nests_atm_intel,orion,intel,488.4583333333333,95.80497884573226,434,1085,21795.0625,103180.53639882477,496,516564,48
hafs_regional_telescopic_2nests_atm_intel,ursa,intel,253.77551020408163,16.68989877406197,225,279,17274.69387755102,115212.02406581456,805,807300,49
hafs_regional_telescopic_2nests_atm_intel,wcoss2,intel,444.375,51.919997787102865,398,683,478.6041666666667,9.539926364257797,471,512,48
