test_name,machine,compiler,core_mean,core_std,core_min,core_max,mem_mean,mem_std,mem_min,mem_max,n_hashes
hrrr_control_restart_intel,acorn,intel,126.91111111111111,5.367504169546682,114,144,758.2,1.6039723416341392,754,762,45
hrrr_control_restart_intel,derecho,intel,113.78260869565217,2.6239329554295727,110,121,787.3913043478261,1.7823612412199086,785,790,46
hrrr_control_restart_intel,gaeac6,intel,80.52173913043478,2.0081957677342794,77,86,6338.673913043478,0.47395957755849294,6338,6339,46
hrrr_control_restart_intel,hera,intel,106.71428571428571,2.360387377408328,105,112,1129.4285714285713,3.408672412985377,1124,1132,7
hrrr_control_restart_intel,hercules,intel,94.04255319148936,6.199430011697468,89,113,23367.063829787236,152999.2739609662,1028,1049960,47
hrrr_control_restart_intel,orion,intel,136.0,3.4769079494414212,133,148,22073.41304347826,143147.34278165217,952,971840,46
hrrr_control_restart_intel,ursa,intel,118.62,116.13308516261745,76,563,1733.16,52.25618213597865,1695,1913,50
hrrr_control_restart_intel,wcoss2,intel,130.3469387755102,5.218361094923084,121,146,680.9795918367347,38.244547430493476,654,765,49
