test_name,machine,compiler,core_mean,core_std,core_min,core_max,mem_mean,mem_std,mem_min,mem_max,n_hashes
hrrr_control_gnu,hera,gnu,346.1458333333333,16.224475316347828,337,454,950.3541666666666,3.2254940794764138,942,957,48
hrrr_control_gnu,hercules,gnu,255.5,59.15792064016521,236,635,314525.25,448193.0252654731,930,968212,48
hrrr_control_gnu,ursa,gnu,267.265306122449,209.5057452981306,198,1046,18267.938775510203,121895.09235992102,838,854120,49
