test_name,machine,compiler,core_mean,core_std,core_min,core_max,mem_mean,mem_std,mem_min,mem_max,n_hashes
hrrr_control_debug_gnu,hera,gnu,156.83333333333334,29.90576215262,146,330,962.7083333333334,4.708337256007901,956,982,48
hrrr_control_debug_gnu,hercules,gnu,125.77083333333333,30.052606063462676,113,277,375559.0,467711.66528308054,938,951024,48
hrrr_control_debug_gnu,ursa,gnu,113.57446808510639,24.178453110561296,103,239,19201.808510638297,125732.43585342825,854,862840,47
