test_name,machine,compiler,core_mean,core_std,core_min,core_max,mem_mean,mem_std,mem_min,mem_max,n_hashes
hrrr_control_dyn32_phy32_intel,acorn,intel,195.6595744680851,7.579367289598662,183,207,885.7446808510638,2.3169328029360163,881,891,47
hrrr_control_dyn32_phy32_intel,derecho,intel,167.2,2.6997942308422105,164,172,848.0,12.128936932440164,842,871,10
hrrr_control_dyn32_phy32_intel,gaeac6,intel,126.84782608695652,5.69587527681937,119,141,139759.15217391305,934432.0582995611,730,6339592,46
hrrr_control_dyn32_phy32_intel,hera,intel,189.79166666666666,13.756172051248363,175,209,1098.0625,9.14517952314985,1082,1124,48
hrrr_control_dyn32_phy32_intel,hercules,intel,168.52173913043478,20.845185034689294,146,235,91283.06521739131,295694.49630698253,1008,1053656,46
hrrr_control_dyn32_phy32_intel,orion,intel,225.67391304347825,13.771233056752092,214,306,20892.521739130436,135417.42911879535,915,919372,46
hrrr_control_dyn32_phy32_intel,ursa,intel,142.73469387755102,57.178002584838836,122,501,1714.2448979591836,13.096644946074443,1697,1748,49
hrrr_control_dyn32_phy32_intel,wcoss2,intel,226.48936170212767,75.02691468962713,187,583,886.7659574468086,4.5598091395862586,875,894,47
