test_name,machine,compiler,core_mean,core_std,core_min,core_max,mem_mean,mem_std,mem_min,mem_max,n_hashes
hrrr_control_restart_gnu,derecho,gnu,141.46153846153845,1.8810798862519154,139,145,693.7692307692307,1.0318020084373651,691,695,26
hrrr_control_restart_gnu,hera,gnu,182.15151515151516,10.23816759765026,177,238,684.6060606060606,3.362842862997323,676,696,33
hrrr_control_restart_gnu,hercules,gnu,136.59574468085106,14.498365086942208,126,189,669.3404255319149,2.3338398639663267,664,674,47
hrrr_control_restart_gnu,ursa,gnu,118.38775510204081,70.46654535029685,105,601,576.7142857142857,2.4748737341529248,568,581,49
