test_name,machine,compiler,core_mean,core_std,core_min,core_max,mem_mean,mem_std,mem_min,mem_max,n_hashes
hrrr_control_restart_intel,acorn,intel,128.2391304347826,4.967381526222158,121,139,757.9782608695652,1.7573860694512977,753,762,46
hrrr_control_restart_intel,derecho,intel,113.33333333333333,2.352303835250309,110,120,785.3809523809524,1.2031704150365023,785,789,21
hrrr_control_restart_intel,gaeac6,intel,78.95652173913044,3.047450823514486,74,86,141317.76086956522,934221.4324424183,680,6339744,46
hrrr_control_restart_intel,hera,intel,110.48648648648648,9.18519830313249,104,132,1131.5135135135135,6.025969823382098,1117,1143,37
hrrr_control_restart_intel,hercules,intel,95.8913043478261,8.92743153524154,88,120,1049.1304347826087,10.906896280492868,1028,1070,46
hrrr_control_restart_intel,orion,intel,135.93333333333334,3.828125579777333,131,145,963.6222222222223,4.360404948296786,952,971,45
hrrr_control_restart_intel,ursa,intel,98.95918367346938,84.39859773313613,76,523,1718.9591836734694,28.23853689528543,1690,1847,49
hrrr_control_restart_intel,wcoss2,intel,141.8695652173913,26.200601092046348,122,294,744.3913043478261,38.757065741971815,654,765,46
