test_name,machine,compiler,core_mean,core_std,core_min,core_max,mem_mean,mem_std,mem_min,mem_max,n_hashes
hrrr_control_2threads_dyn32_phy32_gnu,derecho,gnu,383.1,1.9692073983655851,380,387,854.3,1.7029386365926422,852,856,10
hrrr_control_2threads_dyn32_phy32_gnu,hera,gnu,382.5625,35.41180609116544,353,442,843.8541666666666,3.8866360411431287,837,852,48
hrrr_control_2threads_dyn32_phy32_gnu,hercules,gnu,223.08695652173913,42.075501495370865,204,458,37231.15217391304,172612.4666795494,824,839140,46
hrrr_control_2threads_dyn32_phy32_gnu,ursa,gnu,145.3673469387755,3.166845680582782,142,159,729.795918367347,3.763750300767928,724,735,49
