test_name,machine,compiler,core_mean,core_std,core_min,core_max,mem_mean,mem_std,mem_min,mem_max,n_hashes
hrrr_control_2threads_intel,acorn,intel,349.0851063829787,136.10958337457907,204,492,1079.468085106383,5.721245926292717,1070,1096,47
hrrr_control_2threads_intel,derecho,intel,343.7857142857143,2.558314590697077,339,348,191360.35714285713,415606.69392964186,1062,1071584,28
hrrr_control_2threads_intel,gaeac6,intel,175.19565217391303,2.7294245646484243,173,191,82753.60869565218,268033.8354234387,928,945160,46
hrrr_control_2threads_intel,hera,intel,267.5,21.150926743943383,259,369,1156.1041666666667,21.423033521147815,1106,1183,48
hrrr_control_2threads_intel,hercules,intel,270.9387755102041,152.58787197372337,237,1308,722950.4897959183,555732.144695818,1137,1155292,49
hrrr_control_2threads_intel,orion,intel,337.625,82.70908386139634,295,683,71293.83333333333,274676.7536190404,1101,1135032,48
hrrr_control_2threads_intel,ursa,intel,202.31428571428572,116.9451282662518,130,437,34827.45714285714,198549.36047971176,1166,1175900,35
hrrr_control_2threads_intel,wcoss2,intel,367.70212765957444,129.01211855676618,214,501,1080.0,8.966119804454094,1062,1096,47
