test_name,machine,compiler,core_mean,core_std,core_min,core_max,mem_mean,mem_std,mem_min,mem_max,n_hashes
hrrr_control_2threads_intel,acorn,intel,254.22916666666666,104.5367164619804,197,490,1078.8541666666667,6.5525359175173215,1067,1096,48
hrrr_control_2threads_intel,derecho,intel,345.07142857142856,1.6854255666327533,343,348,381641.85714285716,529868.1671897784,1062,1071584,14
hrrr_control_2threads_intel,gaeac6,intel,170.10638297872342,9.496530356222738,154,191,60918.40425531915,232199.59534311626,921,941256,47
hrrr_control_2threads_intel,hera,intel,254.04166666666666,18.00349650831258,219,284,1167.9375,5.872424741146135,1157,1183,48
hrrr_control_2threads_intel,hercules,intel,239.04166666666666,25.53508919392771,202,344,381477.75,543578.9941408426,1132,1155292,48
hrrr_control_2threads_intel,orion,intel,299.625,72.03091091788009,247,683,47917.770833333336,226842.56343423392,1101,1135032,48
hrrr_control_2threads_intel,ursa,intel,160.81632653061226,89.06544257580767,111,403,25188.61224489796,167812.1185367255,1152,1175900,49
hrrr_control_2threads_intel,wcoss2,intel,277.4791666666667,103.305782331487,199,496,1083.625,6.194111823061868,1073,1096,48
