test_name,machine,compiler,core_mean,core_std,core_min,core_max,mem_mean,mem_std,mem_min,mem_max,n_hashes
hrrr_control_dyn32_phy32_intel,acorn,intel,197.4468085106383,7.572285022536786,183,210,886.063829787234,2.1508770235412142,881,891,47
hrrr_control_dyn32_phy32_intel,derecho,intel,167.3,1.7029386365926398,165,171,262617.9,421465.2653571163,842,874836,10
hrrr_control_dyn32_phy32_intel,gaeac6,intel,127.82608695652173,5.843531458234958,119,141,139029.89130434784,934540.4307167415,730,6339592,46
hrrr_control_dyn32_phy32_intel,hera,intel,193.04166666666666,13.40682318080682,176,209,1096.0416666666667,8.269292936748487,1080,1124,48
hrrr_control_dyn32_phy32_intel,hercules,intel,171.06521739130434,20.01821634180343,147,235,202509.41304347827,413060.5672056434,1008,1053656,46
hrrr_control_dyn32_phy32_intel,orion,intel,233.0,40.273509352371505,214,478,40766.717391304344,188938.30503687504,915,919372,46
hrrr_control_dyn32_phy32_intel,ursa,intel,144.3469387755102,56.82449259943878,122,501,36318.38775510204,242227.65211003955,1697,1697308,49
hrrr_control_dyn32_phy32_intel,wcoss2,intel,228.25531914893617,74.4175844358408,187,583,887.468085106383,4.858211622244594,875,895,47
