test_name,machine,compiler,core_mean,core_std,core_min,core_max,mem_mean,mem_std,mem_min,mem_max,n_hashes
hrrr_control_decomp_intel,acorn,intel,241.87234042553192,4.10523007498332,233,250,1008.9148936170212,2.6932265055460394,1005,1015,47
hrrr_control_decomp_intel,derecho,intel,199.1851851851852,2.1845090460054872,196,203,185346.62962962964,394057.6224611112,990,998600,27
hrrr_control_decomp_intel,gaeac6,intel,156.19565217391303,2.587315770939196,152,169,76405.69565217392,247476.73374179102,852,873028,46
hrrr_control_decomp_intel,hera,intel,252.125,19.48335350574401,242,357,1128.3333333333333,48.92388066466908,1024,1168,48
hrrr_control_decomp_intel,hercules,intel,226.6122448979592,59.71139489471091,204,623,649261.5714285715,521215.4014441071,1050,1073024,49
hrrr_control_decomp_intel,orion,intel,305.25,96.50190164590846,261,755,65382.791666666664,251867.57333887834,1019,1037664,48
hrrr_control_decomp_intel,ursa,intel,170.66666666666666,11.280830769812251,162,205,49085.72222222222,284278.333826713,1683,1707376,36
hrrr_control_decomp_intel,wcoss2,intel,260.7659574468085,37.90274325620739,235,423,1008.7659574468086,5.525485483126061,997,1015,47
