test_name,machine,compiler,core_mean,core_std,core_min,core_max,mem_mean,mem_std,mem_min,mem_max,n_hashes
hrrr_control_dyn32_phy32_intel,acorn,intel,189.85106382978722,5.992672059180332,182,204,885.1702127659574,2.1091843564275616,880,891,47
hrrr_control_dyn32_phy32_intel,derecho,intel,168.95833333333334,5.344474323738625,164,187,841.3333333333334,1.16718415024352,839,843,24
hrrr_control_dyn32_phy32_intel,gaeac6,intel,124.85106382978724,5.004253509914277,119,148,138706.46808510637,924159.1551464932,730,6339592,47
hrrr_control_dyn32_phy32_intel,hera,intel,181.54285714285714,9.435049976933195,175,205,1100.6571428571428,9.52069837139012,1082,1124,35
hrrr_control_dyn32_phy32_intel,hercules,intel,164.06382978723406,22.583568724145977,145,235,1039.723404255319,15.7199708591106,1003,1068,47
hrrr_control_dyn32_phy32_intel,orion,intel,220.41304347826087,4.81006392637825,214,236,925.7826086956521,5.853443596069524,915,936,46
hrrr_control_dyn32_phy32_intel,ursa,intel,133.91836734693877,34.07762996373983,122,304,1717.0,19.584219838090707,1697,1821,49
hrrr_control_dyn32_phy32_intel,wcoss2,intel,209.63829787234042,64.92819630407615,183,583,865.7234042553191,39.588482145617704,788,894,47
