test_name,machine,compiler,core_mean,core_std,core_min,core_max,mem_mean,mem_std,mem_min,mem_max,n_hashes
hrrr_control_intel,acorn,intel,233.29166666666666,6.964830597238313,216,246,1006.375,1.683777414915254,1002,1009,48
hrrr_control_intel,derecho,intel,194.54545454545453,1.5724907862137878,192,197,454245.1818181818,520745.08744774887,992,1000416,11
hrrr_control_intel,gaeac6,intel,151.36170212765958,24.161976535111037,135,306,172857.36170212767,936022.2112397488,851,6339600,47
hrrr_control_intel,hera,intel,223.16666666666666,21.154279616647106,192,244,1169.1875,7.370603630120224,1152,1180,48
hrrr_control_intel,hercules,intel,195.54166666666666,25.0318591325376,159,281,294687.2083333333,486884.8633495314,1069,1107480,48
hrrr_control_intel,orion,intel,269.25,66.45122991673524,238,645,44009.916666666664,208268.0013818972,1030,1034872,48
hrrr_control_intel,ursa,intel,171.3877551020408,88.71814365509145,139,750,38127.34693877551,254479.84649489363,1749,1783132,49
hrrr_control_intel,wcoss2,intel,258.5833333333333,45.805246068282244,220,477,1008.0416666666666,3.4205781104849793,1000,1012,48
