test_name,machine,compiler,core_mean,core_std,core_min,core_max,mem_mean,mem_std,mem_min,mem_max,n_hashes
hrrr_control_debug_intel,acorn,intel,334.5652173913044,6.882028686410686,324,363,1184.4782608695652,2.4652169652974507,1179,1189,46
hrrr_control_debug_intel,derecho,intel,295.09090909090907,4.758962835821189,288,312,1124.2424242424242,2.106986933845114,1120,1127,33
hrrr_control_debug_intel,gaeac6,intel,203.74468085106383,3.103070604826527,197,214,139826.02127659574,923853.7999669712,1022,6338672,47
hrrr_control_debug_intel,hera,intel,289.11538461538464,4.072610200615058,282,298,1335.3461538461538,7.076396301464778,1311,1345,26
hrrr_control_debug_intel,hercules,intel,264.2340425531915,22.55448742196807,238,330,1229.7446808510638,5.07966142789233,1222,1249,47
hrrr_control_debug_intel,orion,intel,292.10869565217394,5.582624873936255,282,310,1207.0217391304348,5.301945682419209,1194,1217,46
hrrr_control_debug_intel,ursa,intel,226.44897959183675,76.78136200290024,202,604,1863.6530612244899,6.230138509723554,1853,1877,49
hrrr_control_debug_intel,wcoss2,intel,339.1914893617021,18.041785193017112,329,456,1146.4893617021276,48.720084395419036,1087,1194,47
