test_name,machine,compiler,core_mean,core_std,core_min,core_max,mem_mean,mem_std,mem_min,mem_max,n_hashes
hrrr_control_restart_dyn32_phy32_gnu,derecho,gnu,135.82608695652175,4.54265878008359,132,161,673.695652173913,1.2448929488539673,670,677,46
hrrr_control_restart_dyn32_phy32_gnu,hera,gnu,157.71428571428572,1.1126972805283741,157,160,657.4285714285714,2.7602622373694206,654,661,7
hrrr_control_restart_dyn32_phy32_gnu,hercules,gnu,144.46808510638297,13.509821007133032,121,172,14350.382978723404,93969.20827140391,639,644864,47
hrrr_control_restart_dyn32_phy32_gnu,ursa,gnu,167.2,198.3784262464041,99,1263,558.74,5.213052691786889,550,569,50
