test_name,machine,compiler,core_mean,core_std,core_min,core_max,mem_mean,mem_std,mem_min,mem_max,n_hashes
hrrr_control_debug_gnu,hera,gnu,157.89583333333334,29.719425256701257,146,330,961.6875,6.980691455113144,940,982,48
hrrr_control_debug_gnu,hercules,gnu,132.14285714285714,41.43820700754317,113,322,542431.3265306122,473802.71807237045,943,953716,49
hrrr_control_debug_gnu,ursa,gnu,111.15789473684211,16.881985146158215,103,207,23545.947368421053,139831.2435334295,861,862840,38
