test_name,machine,compiler,core_mean,core_std,core_min,core_max,mem_mean,mem_std,mem_min,mem_max,n_hashes
hrrr_control_restart_dyn32_phy32_intel,acorn,intel,114.93617021276596,5.362528018855151,105,126,723.3829787234042,1.6491525028930203,720,727,47
hrrr_control_restart_dyn32_phy32_intel,derecho,intel,97.9,4.175324338699132,94,106,229701.6,368645.2912869557,724,767128,10
hrrr_control_restart_dyn32_phy32_intel,gaeac6,intel,71.04347826086956,3.4251132778615623,66,81,138920.80434782608,934557.5346281285,612,6339596,46
hrrr_control_restart_dyn32_phy32_intel,hera,intel,105.41666666666667,6.163838722859193,96,112,1050.0833333333333,7.626474976512805,1025,1063,48
hrrr_control_restart_dyn32_phy32_intel,hercules,intel,97.71739130434783,16.64753974946883,82,184,188973.34782608695,385409.5803001279,950,970088,46
hrrr_control_restart_dyn32_phy32_intel,orion,intel,130.19565217391303,21.332937043420696,120,251,39247.47826086957,181943.9995845778,874,886424,46
hrrr_control_restart_dyn32_phy32_intel,ursa,intel,110.79591836734694,108.50460427861974,67,491,34683.36734693877,231335.51077121496,1576,1620984,49
hrrr_control_restart_dyn32_phy32_intel,wcoss2,intel,123.97872340425532,9.626705070209022,104,147,727.5106382978723,2.7256617898071003,718,732,47
