test_name,machine,compiler,core_mean,core_std,core_min,core_max,mem_mean,mem_std,mem_min,mem_max,n_hashes
hrrr_control_intel,acorn,intel,229.87234042553192,8.05852781159728,216,246,1006.5957446808511,1.837526391033013,1002,1010,47
hrrr_control_intel,derecho,intel,188.9,2.5582111805799856,185,192,957.5,3.83695481107378,947,960,10
hrrr_control_intel,gaeac6,intel,149.04347826086956,24.710732280834417,135,306,140087.47826086957,934384.022562523,851,6339600,46
hrrr_control_intel,hera,intel,212.91666666666666,21.4801574277417,192,244,1165.9583333333333,8.485176895643114,1152,1180,48
hrrr_control_intel,hercules,intel,183.6086956521739,22.18455745269623,159,219,48419.5,224481.1719372028,1069,1096716,46
hrrr_control_intel,orion,intel,252.0,12.005554270142344,238,300,23512.478260869564,152430.53359856733,1028,1034872,46
hrrr_control_intel,ursa,intel,188.16326530612244,137.13441504274428,139,771,1783.0816326530612,44.76691334693792,1749,1969,49
hrrr_control_intel,wcoss2,intel,257.8085106382979,46.74381535369719,220,477,1007.6382978723404,3.339002271669321,1000,1012,47
