test_name,machine,compiler,core_mean,core_std,core_min,core_max,mem_mean,mem_std,mem_min,mem_max,n_hashes
hrrr_control_debug_dyn32_phy32_gnu,derecho,gnu,156.45652173913044,8.729786867040989,149,195,816.195652173913,2.2766404607315143,810,822,46
hrrr_control_debug_dyn32_phy32_gnu,hera,gnu,145.5,2.588435821108957,142,149,809.0,1.414213562373083,807,811,6
hrrr_control_debug_dyn32_phy32_gnu,hercules,gnu,123.40425531914893,22.19347688581537,111,266,17728.936170212764,116085.76563667208,791,796640,47
hrrr_control_debug_dyn32_phy32_gnu,ursa,gnu,149.8,125.24555472986587,102,921,719.88,4.710561299367922,715,728,50
