test_name,machine,compiler,core_mean,core_std,core_min,core_max,mem_mean,mem_std,mem_min,mem_max,n_hashes
hrrr_control_intel,acorn,intel,221.25,6.502682809497184,209,243,1006.8181818181819,3.186254834935544,997,1011,44
hrrr_control_intel,derecho,intel,190.88636363636363,3.3977825127909984,185,200,958.6136363636364,2.2331113875811686,947,961,44
hrrr_control_intel,gaeac6,intel,144.04255319148936,4.128150690334505,138,161,6338.723404255319,0.45215078571761097,6338,6339,47
hrrr_control_intel,hera,intel,196.69230769230768,2.2503560971771823,194,201,1159.076923076923,6.251153739664693,1154,1173,13
hrrr_control_intel,hercules,intel,172.82608695652175,17.8391633433934,160,255,24560.543478260868,159199.5909402487,1067,1080832,46
hrrr_control_intel,orion,intel,247.77777777777777,17.54071742195192,241,361,23967.0,153810.73100597016,1022,1032832,45
hrrr_control_intel,ursa,intel,235.8,202.48466810187514,139,771,1805.24,80.00141835477356,1747,2039,50
hrrr_control_intel,wcoss2,intel,231.39583333333334,7.908356967732172,218,256,939.875,43.0589032481805,901,1009,48
