test_name,machine,compiler,core_mean,core_std,core_min,core_max,mem_mean,mem_std,mem_min,mem_max,n_hashes
hrrr_control_restart_dyn32_phy32_intel,acorn,intel,113.19148936170212,5.0718245489487535,104,126,722.9574468085107,1.8172775482370946,719,727,47
hrrr_control_restart_dyn32_phy32_intel,derecho,intel,104.0909090909091,1.2210278829367884,102,106,727.0909090909091,1.640399064529453,724,729,11
hrrr_control_restart_dyn32_phy32_intel,gaeac6,intel,70.58695652173913,3.0809528609508003,66,81,140038.80434782608,934391.2114831328,612,6339596,46
hrrr_control_restart_dyn32_phy32_intel,hera,intel,103.14583333333333,6.351376407480788,96,112,1050.5833333333333,6.750361167117212,1028,1063,48
hrrr_control_restart_dyn32_phy32_intel,hercules,intel,95.06521739130434,16.31277914044766,82,184,21721.08695652174,140726.85353341236,950,955428,46
hrrr_control_restart_dyn32_phy32_intel,orion,intel,126.58695652173913,10.894598227167485,120,196,881.695652173913,4.46651524727121,874,893,46
hrrr_control_restart_dyn32_phy32_intel,ursa,intel,101.28571428571429,94.86942781177366,67,491,1631.938775510204,24.819689901421427,1576,1720,49
hrrr_control_restart_dyn32_phy32_intel,wcoss2,intel,121.87234042553192,10.391503680948036,104,147,726.8723404255319,2.112252262567499,718,730,47
