test_name,machine,compiler,core_mean,core_std,core_min,core_max,mem_mean,mem_std,mem_min,mem_max,n_hashes
hrrr_gf_debug_intel,acorn,intel,343.22222222222223,9.551032521262936,330,367,1188.8,3.0792561085136105,1182,1195,45
hrrr_gf_debug_intel,derecho,intel,299.82608695652175,4.600987081660177,292,314,1130.0652173913043,2.1949656936124224,1124,1133,46
hrrr_gf_debug_intel,gaeac6,intel,209.88888888888889,12.122897610086724,204,288,6338.7555555555555,0.4840903163080936,6337,6339,45
hrrr_gf_debug_intel,hera,intel,294.1666666666667,1.4719601443879766,292,296,1340.8333333333333,3.188521078284868,1338,1346,6
hrrr_gf_debug_intel,hercules,intel,258.9574468085106,14.255368854069944,243,304,27286.021276595744,178577.57831815782,1227,1225504,47
hrrr_gf_debug_intel,orion,intel,299.0652173913044,4.668581387735808,286,310,27491.565217391304,178241.5061748965,1200,1210104,46
hrrr_gf_debug_intel,ursa,intel,234.3,77.9335797788274,207,610,1868.62,6.788014647681803,1853,1885,50
hrrr_gf_debug_intel,wcoss2,intel,342.3673469387755,5.134417678564841,336,359,1112.1632653061224,36.01871442896947,1093,1196,49
