test_name,machine,compiler,core_mean,core_std,core_min,core_max,mem_mean,mem_std,mem_min,mem_max,n_hashes
hrrr_control_debug_gnu,derecho,gnu,158.88888888888889,8.785630403522656,152,207,959.3333333333334,2.2296700588716267,955,965,36
hrrr_control_debug_gnu,hera,gnu,150.30434782608697,2.636022875619731,147,155,954.8695652173913,2.3989457500040774,949,958,23
hrrr_control_debug_gnu,hercules,gnu,122.82978723404256,10.085114189468362,113,150,20917.17021276596,136949.57420514457,937,939820,47
hrrr_control_debug_gnu,ursa,gnu,128.22448979591837,50.83111961277693,104,299,855.8775510204082,1.1660591226653334,851,858,49
