test_name,machine,compiler,core_mean,core_std,core_min,core_max,mem_mean,mem_std,mem_min,mem_max,n_hashes
hrrr_control_dyn32_phy32_intel,acorn,intel,189.19148936170214,5.578055987810215,182,204,885.1063829787234,2.0979704742937604,880,891,47
hrrr_control_dyn32_phy32_intel,derecho,intel,168.76923076923077,5.217721282764671,164,187,841.3076923076923,1.1231822922118682,839,843,26
hrrr_control_dyn32_phy32_intel,gaeac6,intel,124.61702127659575,4.8028668589452765,119,148,138944.8085106383,924123.5057122256,730,6339592,47
hrrr_control_dyn32_phy32_intel,hera,intel,180.1818181818182,7.816067367347163,175,205,1100.1818181818182,9.58336627135308,1082,1124,33
hrrr_control_dyn32_phy32_intel,hercules,intel,161.51063829787233,17.10691741655293,145,213,1039.127659574468,14.906399298808019,1003,1064,47
hrrr_control_dyn32_phy32_intel,orion,intel,219.97826086956522,4.363938743000063,214,236,925.5652173913044,5.848654826968659,915,936,46
hrrr_control_dyn32_phy32_intel,ursa,intel,144.20408163265307,80.85068016407281,122,647,1718.469387755102,22.69003272439268,1694,1821,49
hrrr_control_dyn32_phy32_intel,wcoss2,intel,201.40425531914894,33.525240053265044,183,408,861.8723404255319,41.53239543404989,788,894,47
