test_name,machine,compiler,core_mean,core_std,core_min,core_max,mem_mean,mem_std,mem_min,mem_max,n_hashes
hrrr_control_restart_dyn32_phy32_intel,acorn,intel,117.95744680851064,4.8452461991940945,108,127,723.5106382978723,1.828189178032483,719,727,47
hrrr_control_restart_dyn32_phy32_intel,derecho,intel,95.5925925925926,1.2787992943881525,93,98,142098.92592592593,302109.71066547814,756,767128,27
hrrr_control_restart_dyn32_phy32_intel,gaeac6,intel,71.8695652173913,2.039702545331039,70,79,54832.13043478261,177597.79330193248,612,625280,46
hrrr_control_restart_dyn32_phy32_intel,hera,intel,117.4375,23.971531209137193,108,254,1020.3958333333334,51.9651026859673,922,1063,48
hrrr_control_restart_dyn32_phy32_intel,hercules,intel,107.0204081632653,41.90290850879684,92,377,589466.1224489796,473218.8780674784,950,976328,49
hrrr_control_restart_dyn32_phy32_intel,orion,intel,147.89583333333334,49.02766895024721,124,320,56060.416666666664,215978.5624286792,871,886424,48
hrrr_control_restart_dyn32_phy32_intel,ursa,intel,102.72222222222223,91.22675394269291,74,478,46617.916666666664,269891.3301494696,1608,1620984,36
hrrr_control_restart_dyn32_phy32_intel,wcoss2,intel,125.63829787234043,7.910987218982752,110,147,725.5531914893617,5.7702705483941745,713,732,47
