test_name,machine,compiler,core_mean,core_std,core_min,core_max,mem_mean,mem_std,mem_min,mem_max,n_hashes
hrrr_control_2threads_dyn32_phy32_gnu,derecho,gnu,383.375,3.4337039156929587,379,392,854.125,2.802648516970592,841,857,32
hrrr_control_2threads_dyn32_phy32_gnu,hera,gnu,406.85185185185185,33.20646797943913,354,442,841.0,2.7032743678162414,837,847,27
hrrr_control_2threads_dyn32_phy32_gnu,hercules,gnu,228.4468085106383,27.684408192776537,204,327,829.936170212766,2.8696633291331786,824,836,47
hrrr_control_2threads_dyn32_phy32_gnu,ursa,gnu,144.69387755102042,3.342928367169599,141,159,726.469387755102,1.803954461919799,724,733,49
