test_name,machine,compiler,core_mean,core_std,core_min,core_max,mem_mean,mem_std,mem_min,mem_max,n_hashes
hrrr_control_decomp_gnu,derecho,gnu,253.15384615384616,8.039964281078966,248,279,950.2307692307693,1.3008872711759882,949,952,13
hrrr_control_decomp_gnu,hera,gnu,344.7391304347826,3.3495258875693965,339,357,948.5434782608696,3.455793986523888,943,955,46
hrrr_control_decomp_gnu,hercules,gnu,273.2608695652174,61.066970444152986,242,612,935.4130434782609,3.861928631347683,929,943,46
hrrr_control_decomp_gnu,ursa,gnu,287.7755102040816,231.50857303295507,197,1296,852.4285714285714,3.3354160160316217,848,858,49
