test_name,machine,compiler,core_mean,core_std,core_min,core_max,mem_mean,mem_std,mem_min,mem_max,n_hashes
hrrr_control_noqr_gnu,derecho,gnu,252.63888888888889,10.329300288230778,246,309,935.6111111111111,1.4595063309759015,931,938,36
hrrr_control_noqr_gnu,hera,gnu,344.2173913043478,2.9841478414986353,340,351,932.8695652173913,2.0737394380483027,929,937,23
hrrr_control_noqr_gnu,hercules,gnu,265.70212765957444,54.43341161200976,239,576,20458.72340425532,133956.7004437242,915,919280,47
hrrr_control_noqr_gnu,ursa,gnu,241.18367346938774,150.70123222640825,199,1128,834.795918367347,0.7900314296684325,834,836,49
