test_name,machine,compiler,core_mean,core_std,core_min,core_max,mem_mean,mem_std,mem_min,mem_max,n_hashes
hrrr_control_dyn32_phy32_intel,acorn,intel,199.54166666666666,6.324415146901279,183,210,886.3541666666666,1.9731127080999047,881,891,48
hrrr_control_dyn32_phy32_intel,derecho,intel,167.375,1.5438048235879283,165,171,273947.0625,418320.5320133464,871,878044,16
hrrr_control_dyn32_phy32_intel,gaeac6,intel,129.04255319148936,5.384993023323207,119,141,64268.85106382979,210535.15412117087,731,749244,47
hrrr_control_dyn32_phy32_intel,hera,intel,204.60416666666666,31.266010083232906,176,322,1097.0,8.572593639157743,1080,1124,48
hrrr_control_dyn32_phy32_intel,hercules,intel,173.625,18.454803906680844,147,235,365132.7916666667,496916.7992033564,1008,1053656,48
hrrr_control_dyn32_phy32_intel,orion,intel,233.41666666666666,39.214539929010655,214,478,39105.166666666664,185049.94186174567,915,919372,48
hrrr_control_dyn32_phy32_intel,ursa,intel,149.08163265306123,56.67481684086486,122,501,36318.30612244898,242227.6639579148,1698,1697308,49
hrrr_control_dyn32_phy32_intel,wcoss2,intel,225.5,68.17124869720496,190,583,888.4583333333334,4.8770340364721445,875,895,48
