test_name,machine,compiler,core_mean,core_std,core_min,core_max,mem_mean,mem_std,mem_min,mem_max,n_hashes
hrrr_control_debug_intel,acorn,intel,336.63829787234044,3.5041933383906554,331,347,1187.063829787234,3.755600197034112,1179,1195,47
hrrr_control_debug_intel,derecho,intel,290.1,9.433392225964592,273,299,1134.6,22.92112077926768,1122,1178,10
hrrr_control_debug_intel,gaeac6,intel,212.2826086956522,79.59275875591203,196,740,139961.08695652173,934262.6683699187,1022,6338672,46
hrrr_control_debug_intel,hera,intel,288.2916666666667,4.404824885225702,279,298,1337.8125,6.856139506761093,1311,1350,48
hrrr_control_debug_intel,hercules,intel,265.0652173913044,35.84187629879827,236,442,108516.89130434782,351483.6823630321,1223,1240816,46
hrrr_control_debug_intel,orion,intel,292.17391304347825,8.649481289074407,276,329,27570.130434782608,178783.70597998623,1194,1213780,46
hrrr_control_debug_intel,ursa,intel,218.9387755102041,56.09605161508892,205,602,1866.3061224489795,6.523049138863592,1853,1881,49
hrrr_control_debug_intel,wcoss2,intel,344.48936170212767,19.36028244990864,329,456,1189.063829787234,4.093495664222159,1182,1199,47
