test_name,machine,compiler,core_mean,core_std,core_min,core_max,mem_mean,mem_std,mem_min,mem_max,n_hashes
hrrr_control_debug_gnu,derecho,gnu,160.0,11.02810263005598,154,207,959.8181818181819,2.0385887657505077,956,965,22
hrrr_control_debug_gnu,hera,gnu,149.72222222222223,2.479759332920499,146,155,957.2777777777778,4.398773277768133,949,968,36
hrrr_control_debug_gnu,hercules,gnu,123.65217391304348,24.52773250497789,113,277,942.5,3.344979654480519,937,949,46
hrrr_control_debug_gnu,ursa,gnu,120.81632653061224,40.88228705145816,105,287,857.6122448979592,3.0125869733683093,854,864,49
