test_name,machine,compiler,core_mean,core_std,core_min,core_max,mem_mean,mem_std,mem_min,mem_max,n_hashes
hrrr_control_decomp_gnu,derecho,gnu,251.85714285714286,5.700645094842731,247,279,950.1785714285714,1.2488089563755824,948,953,28
hrrr_control_decomp_gnu,hera,gnu,345.38709677419354,3.783097666858371,339,357,947.258064516129,3.316300568761169,943,955,31
hrrr_control_decomp_gnu,hercules,gnu,264.27659574468083,31.252618761688744,242,349,932.8936170212766,2.7365008007942353,929,942,47
hrrr_control_decomp_gnu,ursa,gnu,254.24489795918367,194.43556458505788,198,1296,850.3673469387755,2.4297966097238985,848,858,49
