test_name,machine,compiler,core_mean,core_std,core_min,core_max,mem_mean,mem_std,mem_min,mem_max,n_hashes
hrrr_control_decomp_gnu,derecho,gnu,252.425,5.012228635790263,247,279,950.25,1.3349349355123348,948,954,40
hrrr_control_decomp_gnu,hera,gnu,346.4,3.9256243217849454,341,357,946.2,2.142305693455183,943,950,20
hrrr_control_decomp_gnu,hercules,gnu,261.0,27.64747689615463,243,349,20346.75,134508.154406056,929,932832,48
hrrr_control_decomp_gnu,ursa,gnu,265.54,161.41696671309725,198,918,849.44,1.072095030816784,847,851,50
