test_name,machine,compiler,core_mean,core_std,core_min,core_max,mem_mean,mem_std,mem_min,mem_max,n_hashes
hrrr_c3_debug_gnu,derecho,gnu,161.47058823529412,9.61134208179018,155,212,962.9411764705883,2.058848993985643,958,968,34
hrrr_c3_debug_gnu,hera,gnu,153.44,3.8305787204198443,149,163,957.96,5.855766388782906,936,964,25
hrrr_c3_debug_gnu,hercules,gnu,126.14893617021276,9.27591252608008,114,151,20990.36170212766,137421.54257871708,941,943060,47
hrrr_c3_debug_gnu,ursa,gnu,118.46938775510205,33.95775687086355,106,283,860.6530612244898,3.648921189932736,858,885,49
