test_name,machine,compiler,core_mean,core_std,core_min,core_max,mem_mean,mem_std,mem_min,mem_max,n_hashes
hrrr_control_restart_noqr_gnu,derecho,gnu,140.16666666666666,1.885977351164554,136,145,780.8333333333334,1.3236436530747906,778,783,42
hrrr_control_restart_noqr_gnu,hera,gnu,179.33333333333334,2.3263199921511966,176,185,765.8333333333334,1.9778181680534597,762,769,18
hrrr_control_restart_noqr_gnu,hercules,gnu,136.72916666666666,15.37715850038944,125,185,16373.854166666666,108239.48798706358,748,750656,48
hrrr_control_restart_noqr_gnu,ursa,gnu,125.96,59.746389183013946,104,367,663.24,2.8396608018190594,661,676,50
