test_name,machine,compiler,core_mean,core_std,core_min,core_max,mem_mean,mem_std,mem_min,mem_max,n_hashes
hrrr_control_debug_gnu,derecho,gnu,158.95652173913044,7.719978473600176,152,207,959.0434782608696,2.4671758189758584,955,968,46
hrrr_control_debug_gnu,hera,gnu,149.66666666666666,2.658320271650251,147,153,953.3333333333334,2.732520204255893,949,957,6
hrrr_control_debug_gnu,hercules,gnu,123.57446808510639,8.591564823939773,113,144,20915.68085106383,136949.79621841537,927,939820,47
hrrr_control_debug_gnu,ursa,gnu,130.52,55.17957326875997,104,299,861.26,8.998435238122985,851,877,50
