test_name,machine,compiler,core_mean,core_std,core_min,core_max,mem_mean,mem_std,mem_min,mem_max,n_hashes
hrrr_control_2threads_dyn32_phy32_gnu,derecho,gnu,383.6,0.8944271909999103,382,384,854.4,1.5165750888103138,853,856,5
hrrr_control_2threads_dyn32_phy32_gnu,hera,gnu,374.4583333333333,31.57224631838303,352,437,844.5625,3.803169171188781,837,852,48
hrrr_control_2threads_dyn32_phy32_gnu,hercules,gnu,222.7608695652174,42.21015400883151,202,458,109985.97826086957,284946.47766909096,826,839140,46
hrrr_control_2threads_dyn32_phy32_gnu,ursa,gnu,145.3673469387755,3.1536610837711296,142,159,15651.040816326531,104444.22327729907,724,731840,49
