test_name,machine,compiler,core_mean,core_std,core_min,core_max,mem_mean,mem_std,mem_min,mem_max,n_hashes
hrrr_c3_debug_intel,acorn,intel,341.17021276595744,6.673500968092962,325,352,1195.1063829787233,3.1844325312041533,1187,1200,47
hrrr_c3_debug_intel,derecho,intel,281.4,3.3072543044771656,275,290,198066.53333333333,447763.40044305363,1177,1185844,30
hrrr_c3_debug_intel,gaeac6,intel,201.7608695652174,2.725882386055694,197,214,91663.30434782608,296885.7933514255,1034,1046524,46
hrrr_c3_debug_intel,hera,intel,305.8541666666667,29.87134796218636,286,432,1300.4375,55.3537583532482,1195,1350,48
hrrr_c3_debug_intel,hercules,intel,266.3673469387755,47.76578878477034,239,540,838221.1224489796,588849.349224246,1231,1252380,49
hrrr_c3_debug_intel,orion,intel,307.2291666666667,30.45837032237667,284,460,76870.3125,296101.52650135424,1205,1215644,48
hrrr_c3_debug_intel,ursa,intel,226.4848484848485,47.27917169068823,209,477,58692.0,326399.5869746927,1866,1876896,33
hrrr_c3_debug_intel,wcoss2,intel,345.74468085106383,10.111268111899356,329,392,1192.531914893617,3.3547569330066485,1186,1198,47
