test_name,machine,compiler,core_mean,core_std,core_min,core_max,mem_mean,mem_std,mem_min,mem_max,n_hashes
hrrr_control_debug_dyn32_phy32_intel,acorn,intel,325.32608695652175,6.821711573518086,313,337,1066.5652173913043,2.3725483150498725,1061,1070,46
hrrr_control_debug_dyn32_phy32_intel,derecho,intel,284.8787878787879,3.314339826398089,279,295,1006.6060606060606,2.486707083918861,994,1009,33
hrrr_control_debug_dyn32_phy32_intel,gaeac6,intel,198.51063829787233,2.765252881159736,191,203,139814.0,923971.3709776427,902,6339448,47
hrrr_control_debug_dyn32_phy32_intel,hera,intel,286.6923076923077,3.6744439663081687,280,296,1219.0384615384614,4.074120952851226,1213,1231,26
hrrr_control_debug_dyn32_phy32_intel,hercules,intel,255.95744680851064,20.557403666645573,234,352,1113.723404255319,5.955275803709034,1102,1126,47
hrrr_control_debug_dyn32_phy32_intel,orion,intel,290.54347826086956,6.2918166312869666,276,308,1085.7826086956522,5.03283901978135,1068,1097,46
hrrr_control_debug_dyn32_phy32_intel,ursa,intel,239.3265306122449,108.59968304034125,195,664,1748.0816326530612,6.679685417660875,1735,1767,49
hrrr_control_debug_dyn32_phy32_intel,wcoss2,intel,330.3829787234043,13.587963329949762,318,404,1029.936170212766,45.94912321409742,971,1074,47
