test_name,machine,compiler,core_mean,core_std,core_min,core_max,mem_mean,mem_std,mem_min,mem_max,n_hashes
hrrr_control_restart_noqr_gnu,hera,gnu,186.52083333333334,34.4006367972562,175,389,764.8125,24.86273486779728,644,776,48
hrrr_control_restart_noqr_gnu,hercules,gnu,144.69387755102042,72.33031985321252,122,606,487560.2244897959,376240.4021022367,755,926724,49
hrrr_control_restart_noqr_gnu,ursa,gnu,127.77142857142857,97.1608992143159,102,677,19706.77142857143,112635.41276094552,662,667028,35
