test_name,machine,compiler,core_mean,core_std,core_min,core_max,mem_mean,mem_std,mem_min,mem_max,n_hashes
hrrr_control_restart_noqr_gnu,derecho,gnu,140.1219512195122,1.8867315912871578,136,145,780.829268292683,1.3398216117153308,778,783,41
hrrr_control_restart_noqr_gnu,hera,gnu,179.42105263157896,2.29288245261733,176,185,765.7894736842105,1.931578150644383,762,769,19
hrrr_control_restart_noqr_gnu,hercules,gnu,136.83333333333334,15.340577998671797,125,185,16373.791666666666,108239.49720086515,748,750656,48
hrrr_control_restart_noqr_gnu,ursa,gnu,125.78,59.796692967052266,104,367,662.98,2.161726445341727,661,676,50
