test_name,machine,compiler,core_mean,core_std,core_min,core_max,mem_mean,mem_std,mem_min,mem_max,n_hashes
hrrr_control_restart_intel,acorn,intel,126.72340425531915,4.744342753123128,114,139,757.8723404255319,1.5827469417412072,753,760,47
hrrr_control_restart_intel,derecho,intel,113.57142857142857,2.9991180361414598,110,121,786.2857142857143,1.9023794624227022,785,789,28
hrrr_control_restart_intel,gaeac6,intel,78.42553191489361,2.3567173268641963,74,85,139167.4255319149,924112.8643845578,680,6339744,47
hrrr_control_restart_intel,hera,intel,106.87096774193549,4.177255362746143,104,128,1131.1935483870968,5.211649481937559,1120,1141,31
hrrr_control_restart_intel,hercules,intel,92.82978723404256,5.0532776661428205,88,112,1048.063829787234,10.476483510844961,1028,1070,47
hrrr_control_restart_intel,orion,intel,134.8695652173913,2.3438685557776693,131,142,963.2608695652174,4.286592962604815,952,971,46
hrrr_control_restart_intel,ursa,intel,98.51020408163265,84.56090567577598,76,523,1718.5102040816328,28.22094556721097,1690,1847,49
hrrr_control_restart_intel,wcoss2,intel,138.0212765957447,25.02128603522636,122,294,729.8723404255319,47.038197716359534,654,765,47
