test_name,machine,compiler,core_mean,core_std,core_min,core_max,mem_mean,mem_std,mem_min,mem_max,n_hashes
hrrr_control_restart_gnu,derecho,gnu,141.69444444444446,1.7698982124799296,139,145,693.6111111111111,1.1282800507922983,690,695,36
hrrr_control_restart_gnu,hera,gnu,183.1304347826087,12.076665508424561,178,238,684.4782608695652,3.7883741441582015,676,696,23
hrrr_control_restart_gnu,hercules,gnu,137.27659574468086,15.957419056405094,127,193,14879.978723404256,97427.79721938333,664,668600,47
hrrr_control_restart_gnu,ursa,gnu,131.42857142857142,87.98745175686513,105,601,575.8979591836735,2.238348516570343,568,579,49
