test_name,machine,compiler,core_mean,core_std,core_min,core_max,mem_mean,mem_std,mem_min,mem_max,n_hashes
hrrr_control_dyn32_phy32_intel,acorn,intel,189.8409090909091,6.611980605418259,178,211,885.5909090909091,2.038218348964324,880,890,44
hrrr_control_dyn32_phy32_intel,derecho,intel,168.52173913043478,4.020719285759605,164,187,841.0434782608696,1.1538634954723062,839,843,46
hrrr_control_dyn32_phy32_intel,gaeac6,intel,125.91666666666667,3.757734340781228,123,148,6338.8125,0.816225094110297,6338,6342,48
hrrr_control_dyn32_phy32_intel,hera,intel,177.63636363636363,1.8040358795061355,175,181,1105.0,9.43398113205659,1086,1118,11
hrrr_control_dyn32_phy32_intel,hercules,intel,164.27083333333334,35.698941866035895,145,381,22667.020833333332,149835.06968557264,1003,1039128,48
hrrr_control_dyn32_phy32_intel,orion,intel,220.87234042553192,5.122911117360296,216,242,20759.744680851065,135948.86169654227,916,932948,47
hrrr_control_dyn32_phy32_intel,ursa,intel,161.26,128.8409571716151,122,723,1744.94,78.72670630551156,1692,2012,50
hrrr_control_dyn32_phy32_intel,wcoss2,intel,190.72916666666666,5.568679828779975,183,211,818.6875,39.73591346815788,788,888,48
