test_name,machine,compiler,core_mean,core_std,core_min,core_max,mem_mean,mem_std,mem_min,mem_max,n_hashes
hrrr_control_decomp_dyn32_phy32_gnu,derecho,gnu,237.6829268292683,4.660681411501143,233,259,806.4634146341464,1.450819785080296,802,811,41
hrrr_control_decomp_dyn32_phy32_gnu,hera,gnu,308.10526315789474,2.1575381248622,305,312,802.5263157894736,3.1157025434372447,798,810,19
hrrr_control_decomp_dyn32_phy32_gnu,hercules,gnu,268.1041666666667,31.61082469010662,231,382,17162.9375,113456.412733515,784,786836,48
hrrr_control_decomp_dyn32_phy32_gnu,ursa,gnu,284.42,268.70346982106054,186,1424,709.24,2.075709861365841,703,720,50
