test_name,machine,compiler,core_mean,core_std,core_min,core_max,mem_mean,mem_std,mem_min,mem_max,n_hashes
hrrr_control_restart_gnu,derecho,gnu,141.43478260869566,1.9499670616453972,139,145,693.8260869565217,1.0292174393923756,691,695,23
hrrr_control_restart_gnu,hera,gnu,182.05714285714285,9.940833368849257,177,238,684.7714285714286,3.3875699626872184,676,696,35
hrrr_control_restart_gnu,hercules,gnu,138.1304347826087,17.026265586051547,125,196,669.3913043478261,2.3895909540204245,664,674,46
hrrr_control_restart_gnu,ursa,gnu,118.38775510204081,70.46654535029684,105,601,576.8979591836735,2.5920141617989074,568,581,49
