test_name,machine,compiler,core_mean,core_std,core_min,core_max,mem_mean,mem_std,mem_min,mem_max,n_hashes
hrrr_control_decomp_dyn32_phy32_intel,acorn,intel,197.2608695652174,5.191594842130009,183,208,889.5869565217391,1.8083274894716168,886,893,46
hrrr_control_decomp_dyn32_phy32_intel,derecho,intel,176.15384615384616,2.529181909947016,172,183,842.5897435897435,1.3710915497467997,839,845,39
hrrr_control_decomp_dyn32_phy32_intel,gaeac6,intel,131.02083333333334,3.028162727388688,124,144,137584.4375,914251.671089203,733,6339732,48
hrrr_control_decomp_dyn32_phy32_intel,hera,intel,187.38095238095238,1.82964997953681,185,191,1036.3333333333333,7.8315600829805225,1020,1045,21
hrrr_control_decomp_dyn32_phy32_intel,hercules,intel,173.25,33.0135368753679,153,356,21837.895833333332,144405.88228135655,979,1001468,48
hrrr_control_decomp_dyn32_phy32_intel,orion,intel,230.82978723404256,6.458291431533272,226,262,20274.531914893618,132739.40323379147,905,910928,47
hrrr_control_decomp_dyn32_phy32_intel,ursa,intel,199.02,176.60037788574448,125,732,1664.06,29.503655947792595,1626,1794,50
hrrr_control_decomp_dyn32_phy32_intel,wcoss2,intel,203.9375,28.938236687006192,191,395,840.0,47.1227460096434,784,893,48
