test_name,machine,compiler,core_mean,core_std,core_min,core_max,mem_mean,mem_std,mem_min,mem_max,n_hashes
hrrr_control_2threads_dyn32_phy32_gnu,hera,gnu,361.734693877551,22.432097084130092,352,466,847.469387755102,2.958758472853126,837,852,49
hrrr_control_2threads_dyn32_phy32_gnu,hercules,gnu,223.14285714285714,43.637235628913686,200,458,358710.0612244898,417524.3428344632,826,839140,49
hrrr_control_2threads_dyn32_phy32_gnu,ursa,gnu,175.62222222222223,61.25108121082392,142,342,16982.4,108986.60388081062,725,731840,45
