test_name,machine,compiler,core_mean,core_std,core_min,core_max,mem_mean,mem_std,mem_min,mem_max,n_hashes
hrrr_control_restart_dyn32_phy32_intel,acorn,intel,116.47916666666667,5.331518419032441,106,127,723.7916666666666,1.5011815677295128,721,727,48
hrrr_control_restart_dyn32_phy32_intel,derecho,intel,95.9375,1.0626225419530064,94,97,239261.5625,365355.53150631575,756,767128,16
hrrr_control_restart_dyn32_phy32_intel,gaeac6,intel,71.27659574468085,3.221545184613,66,81,53676.382978723406,175835.38575617835,612,625280,47
hrrr_control_restart_dyn32_phy32_intel,hera,intel,112.41666666666667,24.886836077112697,96,254,1049.8333333333333,7.71385416632247,1025,1063,48
hrrr_control_restart_dyn32_phy32_intel,hercules,intel,98.8125,16.018149612900878,82,184,341168.0,464271.94387932745,950,970088,48
hrrr_control_restart_dyn32_phy32_intel,orion,intel,130.8125,21.11433540451766,120,251,37647.520833333336,178199.56192092074,871,886424,48
hrrr_control_restart_dyn32_phy32_intel,ursa,intel,105.6938775510204,93.57554970931969,67,478,34682.816326530614,231335.5910084663,1576,1620984,49
hrrr_control_restart_dyn32_phy32_intel,wcoss2,intel,125.27083333333333,8.552067271129777,112,147,727.9791666666666,2.701375404865905,718,732,48
