test_name,machine,compiler,core_mean,core_std,core_min,core_max,mem_mean,mem_std,mem_min,mem_max,n_hashes
hrrr_control_debug_dyn32_phy32_intel,acorn,intel,327.0833333333333,5.503706037012151,315,340,1069.75,3.4052525135224987,1062,1075,48
hrrr_control_debug_dyn32_phy32_intel,derecho,intel,268.72727272727275,4.3379928328873305,263,278,482010.1818181818,552573.1062440188,1057,1061688,11
hrrr_control_debug_dyn32_phy32_intel,gaeac6,intel,195.2340425531915,9.592145260253417,189,255,175060.25531914894,937692.0517320232,902,6339448,47
hrrr_control_debug_dyn32_phy32_intel,hera,intel,284.4375,4.355999775316013,273,296,1220.0833333333333,5.2585627570186535,1207,1231,48
hrrr_control_debug_dyn32_phy32_intel,hercules,intel,279.1041666666667,102.1359626962341,229,815,302920.625,500454.3691829275,1104,1122904,48
hrrr_control_debug_dyn32_phy32_intel,orion,intel,288.6041666666667,17.037804752377628,274,368,46265.520833333336,218952.00054893887,1068,1087772,48
hrrr_control_debug_dyn32_phy32_intel,ursa,intel,204.73469387755102,6.489656867547262,198,225,37133.26530612245,247687.8155385134,1738,1735564,49
hrrr_control_debug_dyn32_phy32_intel,wcoss2,intel,338.3125,21.889622772135265,320,436,1070.625,3.922792101595555,1054,1077,48
