test_name,machine,compiler,core_mean,core_std,core_min,core_max,mem_mean,mem_std,mem_min,mem_max,n_hashes
hrrr_control_gnu,hera,gnu,347.3125,17.984811854640252,337,454,950.4583333333334,3.2285846535670446,942,957,48
hrrr_control_gnu,hercules,gnu,253.39583333333334,57.759125495580214,236,635,314525.4583333333,448192.87639847497,930,968212,48
hrrr_control_gnu,ursa,gnu,269.2244897959184,209.34105598541447,198,1046,18268.081632653062,121895.0715230858,838,854120,49
