test_name,machine,compiler,core_mean,core_std,core_min,core_max,mem_mean,mem_std,mem_min,mem_max,n_hashes
hrrr_control_restart_dyn32_phy32_gnu,derecho,gnu,135.6,4.595426935329155,132,161,673.575,1.1067971810589539,670,675,40
hrrr_control_restart_dyn32_phy32_gnu,hera,gnu,158.8,3.592389616661137,156,171,657.75,3.2097712658299056,650,662,20
hrrr_control_restart_dyn32_phy32_gnu,hercules,gnu,139.39583333333334,15.510791827645926,121,172,14064.708333333334,92985.2274789785,640,644864,48
hrrr_control_restart_dyn32_phy32_gnu,ursa,gnu,147.4,155.05509224999048,99,869,555.8,1.6903085094570365,550,559,50
