test_name,machine,compiler,core_mean,core_std,core_min,core_max,mem_mean,mem_std,mem_min,mem_max,n_hashes
hrrr_c3_debug_intel,acorn,intel,344.7916666666667,4.7398641390590255,336,356,1192.4166666666667,2.9523400984197874,1186,1197,48
hrrr_c3_debug_intel,derecho,intel,281.0833333333333,2.5390883594254237,277,285,493383.75,608278.0951132205,1178,1185844,12
hrrr_c3_debug_intel,gaeac6,intel,203.17021276595744,2.7292230853117707,198,209,180218.17021276595,942214.1593474596,1024,6339568,47
hrrr_c3_debug_intel,hera,intel,294.7291666666667,5.602961159856916,285,305,1336.9166666666667,4.532780525326666,1330,1351,48
hrrr_c3_debug_intel,hercules,intel,264.6875,29.513903142813966,239,407,363319.3125,570238.9919655806,1225,1251952,48
hrrr_c3_debug_intel,orion,intel,297.9375,11.082680085265492,284,343,51614.416666666664,244256.6890720927,1200,1215644,48
hrrr_c3_debug_intel,ursa,intel,229.79591836734693,61.02457824237595,209,558,40137.57142857143,267860.6042391733,1857,1876896,49
hrrr_c3_debug_intel,wcoss2,intel,350.8541666666667,15.244098381373465,335,416,1193.9583333333333,3.420578110484902,1186,1199,48
