test_name,machine,compiler,core_mean,core_std,core_min,core_max,mem_mean,mem_std,mem_min,mem_max,n_hashes
hrrr_control_gnu,derecho,gnu,251.92857142857142,6.120134308660546,248,272,951.1428571428571,1.5619092289760141,949,955,14
hrrr_control_gnu,hera,gnu,344.84090909090907,3.312718140729068,339,353,948.0227272727273,3.605477979238454,942,955,44
hrrr_control_gnu,hercules,gnu,268.69565217391306,63.751555820742276,238,635,934.6086956521739,3.974799846083444,928,944,46
hrrr_control_gnu,ursa,gnu,236.79591836734693,164.7713035786062,198,1033,851.4081632653061,3.6223747237766157,838,856,49
