test_name,machine,compiler,core_mean,core_std,core_min,core_max,mem_mean,mem_std,mem_min,mem_max,n_hashes
hrrr_control_debug_gnu,hera,gnu,157.12244897959184,29.559003600892087,146,330,962.8775510204082,4.5581093168349565,956,982,49
hrrr_control_debug_gnu,hercules,gnu,126.0,29.667602981479085,113,277,406699.8367346939,473380.87975079805,938,952024,49
hrrr_control_debug_gnu,ursa,gnu,113.84444444444445,24.686171649469483,103,239,20017.133333333335,128496.08338771194,854,862840,45
