test_name,machine,compiler,core_mean,core_std,core_min,core_max,mem_mean,mem_std,mem_min,mem_max,n_hashes
hrrr_control_2threads_intel,acorn,intel,200.04255319148936,4.33367725573696,191,208,1074.5531914893618,6.085651373225947,1067,1091,47
hrrr_control_2threads_intel,derecho,intel,324.8965517241379,4.546150864712815,318,333,1032.1724137931035,3.7327600427760816,1021,1042,29
hrrr_control_2threads_intel,gaeac6,intel,158.29787234042553,3.5686734450299364,154,179,139350.17021276595,923979.0725603071,919,6339032,47
hrrr_control_2threads_intel,hera,intel,258.93333333333334,28.86823016126343,219,289,1166.6,7.96371079680646,1145,1182,30
hrrr_control_2threads_intel,hercules,intel,237.80851063829786,17.1015360330615,202,251,1142.936170212766,7.716172331451591,1128,1162,47
hrrr_control_2threads_intel,orion,intel,251.7391304347826,1.7183297136553701,247,256,1107.9130434782608,7.799789418685932,1083,1128,46
hrrr_control_2threads_intel,ursa,intel,115.34693877551021,3.382251594772354,111,134,1162.3673469387754,4.973655084337787,1152,1177,49
hrrr_control_2threads_intel,wcoss2,intel,211.2340425531915,18.613007099942163,194,322,1045.0,49.85108258385782,973,1095,47
