test_name,machine,compiler,core_mean,core_std,core_min,core_max,mem_mean,mem_std,mem_min,mem_max,n_hashes
hrrr_control_decomp_dyn32_phy32_intel,acorn,intel,198.51063829787233,6.507094257091673,188,221,888.6382978723404,1.9718180963251732,884,892,47
hrrr_control_decomp_dyn32_phy32_intel,derecho,intel,176.04166666666666,2.3494526035295684,172,181,843.1666666666666,1.1293194051464968,842,845,24
hrrr_control_decomp_dyn32_phy32_intel,gaeac6,intel,130.3404255319149,3.4406558762050565,124,139,138708.70212765958,924179.6889467865,731,6339732,47
hrrr_control_decomp_dyn32_phy32_intel,hera,intel,191.6,10.412661975295476,185,218,1033.8857142857144,7.869417455722995,1019,1045,35
hrrr_control_decomp_dyn32_phy32_intel,hercules,intel,176.3404255319149,36.02672715332609,153,360,995.7446808510638,9.779010541897286,979,1026,47
hrrr_control_decomp_dyn32_phy32_intel,orion,intel,230.34782608695653,5.056205829602307,224,248,912.5217391304348,4.086504240571929,906,922,46
hrrr_control_decomp_dyn32_phy32_intel,ursa,intel,176.48979591836735,151.49877920973756,125,751,1660.3265306122448,27.69054272603887,1626,1794,49
hrrr_control_decomp_dyn32_phy32_intel,wcoss2,intel,213.27659574468086,45.632131189051044,191,443,869.4042553191489,40.45752446512812,793,895,47
