test_name,machine,compiler,core_mean,core_std,core_min,core_max,mem_mean,mem_std,mem_min,mem_max,n_hashes
hrrr_control_decomp_intel,acorn,intel,236.31914893617022,7.726595467656779,220,250,1007.1914893617021,2.886537702420169,997,1012,47
hrrr_control_decomp_intel,derecho,intel,196.3,3.8887301554906353,191,203,973.7,17.919883432160535,959,995,10
hrrr_control_decomp_intel,gaeac6,intel,151.45652173913044,7.7393841895108135,140,172,139612.89130434784,934455.3594989076,851,6339604,46
hrrr_control_decomp_intel,hera,intel,224.89583333333334,21.856631092074462,200,252,1151.5833333333333,6.532515508228677,1139,1168,48
hrrr_control_decomp_intel,hercules,intel,195.1086956521739,25.26941784570568,165,258,115980.23913043478,332722.26603327785,1046,1063024,46
hrrr_control_decomp_intel,orion,intel,269.6304347826087,74.0199248538008,246,755,23566.91304347826,152843.13516032282,1019,1037664,46
hrrr_control_decomp_intel,ursa,intel,160.20408163265307,13.943307223414777,142,192,36512.142857142855,243667.6461954206,1682,1707376,49
hrrr_control_decomp_intel,wcoss2,intel,263.8936170212766,45.69237118446398,228,423,1010.5531914893617,3.803936808773695,1004,1016,47
