test_name,machine,compiler,core_mean,core_std,core_min,core_max,mem_mean,mem_std,mem_min,mem_max,n_hashes
hrrr_control_dyn32_phy32_intel,acorn,intel,200.26530612244898,5.364914997012545,183,210,886.4897959183673,1.7692094395001339,883,891,49
hrrr_control_dyn32_phy32_intel,derecho,intel,167.54545454545453,1.565316725208183,165,171,199474.0909090909,374818.01665683405,871,878044,22
hrrr_control_dyn32_phy32_intel,gaeac6,intel,130.25,4.407440517453821,119,141,62946.25,208484.84363571493,731,749244,48
hrrr_control_dyn32_phy32_intel,hera,intel,208.48979591836735,29.175562297480223,176,322,1085.2244897959183,34.493517087830085,979,1111,49
hrrr_control_dyn32_phy32_intel,hercules,intel,176.0612244897959,16.231923488485716,147,235,463338.4285714286,517518.35067154054,1008,1055396,49
hrrr_control_dyn32_phy32_intel,orion,intel,267.46938775510205,117.69365283806661,214,739,57118.34693877551,222328.55394162255,915,921768,49
hrrr_control_dyn32_phy32_intel,ursa,intel,152.20454545454547,59.105573477191236,122,501,40250.84090909091,255620.31898983006,1698,1697308,44
hrrr_control_dyn32_phy32_intel,wcoss2,intel,226.18367346938774,67.08690677937453,193,583,887.8775510204082,5.3837434817746335,875,895,49
