test_name,machine,compiler,core_mean,core_std,core_min,core_max,mem_mean,mem_std,mem_min,mem_max,n_hashes
hrrr_control_decomp_gnu,derecho,gnu,252.43243243243242,5.215045224798798,247,279,950.1351351351351,1.1823273226555613,948,953,37
hrrr_control_decomp_gnu,hera,gnu,346.22727272727275,3.8039054890595,341,357,946.3181818181819,2.2122249871880983,943,950,22
hrrr_control_decomp_gnu,hercules,gnu,261.0,28.02250648256179,242,349,20759.744680851065,135931.5729028633,929,932832,47
hrrr_control_decomp_gnu,ursa,gnu,266.53061224489795,162.9383960838186,198,918,849.4489795918367,1.0813036978919615,847,851,49
