test_name,machine,compiler,core_mean,core_std,core_min,core_max,mem_mean,mem_std,mem_min,mem_max,n_hashes
hrrr_c3_debug_gnu,derecho,gnu,160.4,0.5477225575051667,160,161,963.2,1.4832396974191289,961,965,5
hrrr_c3_debug_gnu,hera,gnu,152.45833333333334,2.6813646361613603,148,159,964.5,4.920646904365929,956,974,48
hrrr_c3_debug_gnu,hercules,gnu,124.91304347826087,22.907374927890732,115,270,124951.86956521739,323714.45722389413,941,953868,46
hrrr_c3_debug_gnu,ursa,gnu,118.3265306122449,38.0084353329966,106,336,18541.836734693876,123745.14885211106,858,867080,49
