test_name,machine,compiler,core_mean,core_std,core_min,core_max,mem_mean,mem_std,mem_min,mem_max,n_hashes
hrrr_control_noqr_gnu,hera,gnu,346.75,18.9674973954607,338,459,938.0416666666666,2.2966982159255163,931,943,48
hrrr_control_noqr_gnu,hercules,gnu,268.44897959183675,82.52223468670171,235,654,473113.2448979592,467444.1446905507,922,930092,49
hrrr_control_noqr_gnu,ursa,gnu,209.1951219512195,38.174742639731775,195,415,21324.317073170732,131155.78331519337,840,840648,41
