test_name,machine,compiler,core_mean,core_std,core_min,core_max,mem_mean,mem_std,mem_min,mem_max,n_hashes
hrrr_control_intel,acorn,intel,232.6875,6.832825184358211,218,242,1006.7083333333334,2.192427328020857,1001,1010,48
hrrr_control_intel,derecho,intel,193.62857142857143,2.1568729309665393,190,199,143448.9714285714,354022.58874237404,989,1000416,35
hrrr_control_intel,gaeac6,intel,152.17021276595744,1.6460644624728737,148,156,74893.02127659574,245326.16990948204,865,871872,47
hrrr_control_intel,hera,intel,246.18367346938774,21.12332189526914,236,350,1123.795918367347,60.18512398973574,1041,1180,49
hrrr_control_intel,hercules,intel,225.98,104.53131353907348,197,945,824343.4,467417.8472853791,1071,1107608,50
hrrr_control_intel,orion,intel,312.6326530612245,92.72645565442093,257,645,64289.28571428572,250241.36775846034,1031,1037640,49
hrrr_control_intel,ursa,intel,165.5,15.215732598810972,158,225,65387.857142857145,336646.20892064937,1751,1783132,28
hrrr_control_intel,wcoss2,intel,244.47916666666666,18.557546590565053,229,336,1006.3333333333334,6.362567838816776,982,1014,48
