test_name,machine,compiler,core_mean,core_std,core_min,core_max,mem_mean,mem_std,mem_min,mem_max,n_hashes
hrrr_control_restart_noqr_gnu,derecho,gnu,140.0,2.0300768756901983,136,145,780.7647058823529,1.3939006427226142,778,783,34
hrrr_control_restart_noqr_gnu,hera,gnu,179.4,2.1602468994692856,176,185,765.72,2.170253441421069,761,770,25
hrrr_control_restart_noqr_gnu,hercules,gnu,135.74468085106383,14.670983021962508,125,185,16706.23404255319,109384.91500345737,748,750656,47
hrrr_control_restart_noqr_gnu,ursa,gnu,126.73469387755102,60.13553286473124,104,367,662.8979591836735,1.0654595635840176,661,665,49
