test_name,machine,compiler,core_mean,core_std,core_min,core_max,mem_mean,mem_std,mem_min,mem_max,n_hashes
hrrr_control_2threads_gnu,hera,gnu,400.81632653061223,18.40139653824738,393,504,1011.3061224489796,4.277869804941202,996,1019,49
hrrr_control_2threads_gnu,hercules,gnu,227.57142857142858,47.85786246793729,208,446,369248.693877551,488275.45815063943,988,1006820,49
hrrr_control_2threads_gnu,ursa,gnu,215.10638297872342,225.3657157331991,151,1659,20087.468085106382,131523.72649133476,886,902584,47
