test_name,machine,compiler,core_mean,core_std,core_min,core_max,mem_mean,mem_std,mem_min,mem_max,n_hashes
hrrr_control_debug_intel,acorn,intel,336.4347826086956,5.779858413925392,326,363,1186.2391304347825,3.413598834782893,1179,1195,46
hrrr_control_debug_intel,derecho,intel,292.8,3.098386676965931,288,299,1123.3333333333333,1.9880595947759445,1120,1126,15
hrrr_control_debug_intel,gaeac6,intel,201.26666666666668,2.9185924378339867,196,207,143872.02222222224,944457.6644150793,1022,6338672,45
hrrr_control_debug_intel,hera,intel,288.3720930232558,4.180585831663131,281,298,1337.8837209302326,6.973450680721619,1311,1350,43
hrrr_control_debug_intel,hercules,intel,264.7826086956522,35.86264726144786,237,442,1232.0217391304348,6.628186044578554,1222,1249,46
hrrr_control_debug_intel,orion,intel,291.4,5.503717751748262,282,310,1209.4666666666667,6.162939086330376,1194,1221,45
hrrr_control_debug_intel,ursa,intel,210.79591836734693,5.507493349355707,203,232,1865.408163265306,6.251394402274486,1853,1881,49
hrrr_control_debug_intel,wcoss2,intel,344.1521739130435,19.45246901358893,329,456,1184.891304347826,20.743114799716242,1087,1199,46
