test_name,machine,compiler,core_mean,core_std,core_min,core_max,mem_mean,mem_std,mem_min,mem_max,n_hashes
hrrr_control_intel,acorn,intel,221.22222222222223,6.270018445996097,209,243,1007.0,2.7219645311963543,1002,1011,45
hrrr_control_intel,derecho,intel,190.88636363636363,3.3977825127909984,185,200,958.6136363636364,2.2331113875811686,947,961,44
hrrr_control_intel,gaeac6,intel,143.64583333333334,4.0079154837424875,138,161,138167.375,914144.715922604,854,6339600,48
hrrr_control_intel,hera,intel,196.3125,2.301267766543759,193,201,1158.9375,5.61508385214925,1154,1173,16
hrrr_control_intel,hercules,intel,172.39583333333334,17.567789169729267,160,255,23582.354166666668,155847.66883306816,1067,1080832,48
hrrr_control_intel,orion,intel,247.53191489361703,17.185498264562924,241,361,22990.85106382979,150502.65483170183,1022,1032832,47
hrrr_control_intel,ursa,intel,226.32,196.58112932874118,139,771,1793.96,63.460725440774716,1747,1969,50
hrrr_control_intel,wcoss2,intel,231.97916666666666,7.823830436240003,218,256,945.875,45.427812738593964,901,1009,48
