test_name,machine,compiler,core_mean,core_std,core_min,core_max,mem_mean,mem_std,mem_min,mem_max,n_hashes
hrrr_gf_debug_gnu,hera,gnu,159.64583333333334,28.930209186006568,148,328,965.6666666666666,3.321966434644988,959,973,48
hrrr_gf_debug_gnu,hercules,gnu,123.85416666666667,10.852962304373028,114,188,377599.25,470255.2452415286,940,957580,48
hrrr_gf_debug_gnu,ursa,gnu,116.76595744680851,27.23904866974859,106,263,19259.021276595744,126098.2874480285,860,865352,47
