test_name,machine,compiler,core_mean,core_std,core_min,core_max,mem_mean,mem_std,mem_min,mem_max,n_hashes
hrrr_control_dyn32_phy32_intel,acorn,intel,191.93478260869566,6.607746880789221,183,204,885.3260869565217,2.31952435570625,880,891,46
hrrr_control_dyn32_phy32_intel,derecho,intel,168.0,5.44288526426931,164,187,841.5882352941177,1.2776356840572765,839,843,17
hrrr_control_dyn32_phy32_intel,gaeac6,intel,125.44444444444444,5.454587541925171,119,148,143967.11111111112,944583.9634962006,730,6339592,45
hrrr_control_dyn32_phy32_intel,hera,intel,185.0731707317073,12.286965133633382,175,209,1099.9512195121952,9.04143578064948,1082,1124,41
hrrr_control_dyn32_phy32_intel,hercules,intel,164.41304347826087,22.338383595115214,145,235,1037.9347826086957,15.194154100856686,1008,1068,46
hrrr_control_dyn32_phy32_intel,orion,intel,221.84444444444443,5.282714331389759,214,236,926.0888888888888,5.660156688411938,915,936,45
hrrr_control_dyn32_phy32_intel,ursa,intel,139.77551020408163,57.67230173796692,122,501,1713.6326530612246,12.912677681176703,1697,1748,49
hrrr_control_dyn32_phy32_intel,wcoss2,intel,221.7173913043478,77.28925842960996,184,583,879.0217391304348,26.657072549479473,790,894,46
