test_name,machine,compiler,core_mean,core_std,core_min,core_max,mem_mean,mem_std,mem_min,mem_max,n_hashes
hrrr_control_dyn32_phy32_gnu,hera,gnu,308.1875,33.74286764667871,295,524,805.75,2.999999999999992,798,812,48
hrrr_control_dyn32_phy32_gnu,hercules,gnu,269.7959183673469,111.7178327289778,225,764,421002.44897959183,399326.5916849401,787,799612,49
hrrr_control_dyn32_phy32_gnu,ursa,gnu,190.975,12.527891958469187,184,260,18501.05,112506.20914214423,712,712264,40
