test_name,machine,compiler,core_mean,core_std,core_min,core_max,mem_mean,mem_std,mem_min,mem_max,n_hashes
hrrr_control_restart_dyn32_phy32_intel,acorn,intel,114.02127659574468,5.309914277954296,105,126,723.1914893617021,1.7893197380245378,719,727,47
hrrr_control_restart_dyn32_phy32_intel,derecho,intel,102.1,4.458450154232717,94,106,734.5,15.622277540600665,724,764,10
hrrr_control_restart_dyn32_phy32_intel,gaeac6,intel,70.76086956521739,3.1424320560758545,66,81,139666.0652173913,934446.8186778837,612,6339596,46
hrrr_control_restart_dyn32_phy32_intel,hera,intel,104.0,6.3881539303853625,96,112,1051.0833333333333,6.822470175147667,1028,1063,48
hrrr_control_restart_dyn32_phy32_intel,hercules,intel,95.47826086956522,16.277781899720832,82,184,84284.5,272948.7850437025,950,964116,46
hrrr_control_restart_dyn32_phy32_intel,orion,intel,126.93478260869566,10.879955420482698,120,196,19997.543478260868,129647.17015495153,874,880192,46
hrrr_control_restart_dyn32_phy32_intel,ursa,intel,109.89795918367346,108.82674397445524,67,491,1635.3877551020407,29.40083355290191,1576,1743,49
hrrr_control_restart_dyn32_phy32_intel,wcoss2,intel,122.38297872340425,10.109300907944302,104,147,726.936170212766,2.47951832032609,718,731,47
