test_name,machine,compiler,core_mean,core_std,core_min,core_max,mem_mean,mem_std,mem_min,mem_max,n_hashes
hrrr_control_restart_intel,acorn,intel,129.91489361702128,5.286692839960424,121,143,757.8297872340426,1.7108242221116416,753,762,47
hrrr_control_restart_intel,derecho,intel,112.54545454545455,1.3684762594679076,110,115,785.0,0.0,785,785,11
hrrr_control_restart_intel,gaeac6,intel,79.93478260869566,3.592598402970214,74,86,140090.84782608695,934405.586523729,680,6339744,46
hrrr_control_restart_intel,hera,intel,114.89583333333333,11.491420635715604,104,133,1132.2708333333333,5.826350937613212,1117,1143,48
hrrr_control_restart_intel,hercules,intel,100.32608695652173,11.217158182051252,88,120,24000.130434782608,155651.74083455364,1028,1056732,46
hrrr_control_restart_intel,orion,intel,138.08695652173913,5.120009057962971,131,152,964.3913043478261,4.434602629671764,952,974,46
hrrr_control_restart_intel,ursa,intel,109.28571428571429,102.60462140339165,76,523,1721.3469387755101,32.09202329526254,1690,1847,49
hrrr_control_restart_intel,wcoss2,intel,149.12765957446808,27.47537792696248,127,294,775.531914893617,91.75388892690049,756,1391,47
