test_name,machine,compiler,core_mean,core_std,core_min,core_max,mem_mean,mem_std,mem_min,mem_max,n_hashes
hrrr_control_decomp_gnu,derecho,gnu,251.77777777777777,5.793453422968254,247,279,950.1481481481482,1.2619796324000598,948,953,27
hrrr_control_decomp_gnu,hera,gnu,345.28125,3.7694388647169634,339,357,947.34375,3.2981849847375826,943,955,32
hrrr_control_decomp_gnu,hercules,gnu,264.36170212765956,31.19881932821434,242,349,933.0212765957447,2.832185833547061,929,942,47
hrrr_control_decomp_gnu,ursa,gnu,254.3265306122449,194.41444002387252,198,1296,850.5510204081633,2.5824828532005255,848,858,49
