test_name,machine,compiler,core_mean,core_std,core_min,core_max,mem_mean,mem_std,mem_min,mem_max,n_hashes
hrrr_control_restart_dyn32_phy32_intel,acorn,intel,116.0,5.10735806293026,106,126,723.625,1.538512683274285,720,727,48
hrrr_control_restart_dyn32_phy32_intel,derecho,intel,96.0,1.1094003924504592,94,97,273332.71428571426,379499.21525862487,756,767128,14
hrrr_control_restart_dyn32_phy32_intel,gaeac6,intel,71.1063829787234,3.337755315446432,66,81,40389.1914893617,153949.87382623833,612,625280,47
hrrr_control_restart_dyn32_phy32_intel,hera,intel,107.16666666666667,6.001181916686348,96,115,1049.9583333333333,7.5652012202945285,1025,1063,48
hrrr_control_restart_dyn32_phy32_intel,hercules,intel,98.4375,16.209934240616352,82,184,321058.5416666667,457477.19959536265,950,970088,48
hrrr_control_restart_dyn32_phy32_intel,orion,intel,130.75,21.137342170730765,120,251,37647.9375,178199.47412277714,871,886424,48
hrrr_control_restart_dyn32_phy32_intel,ursa,intel,111.3265306122449,105.93460792612858,67,478,34683.97959183674,231335.42168223052,1576,1620984,49
hrrr_control_restart_dyn32_phy32_intel,wcoss2,intel,124.9375,8.86879840262383,112,147,727.875,2.757002689477701,718,732,48
