test_name,machine,compiler,core_mean,core_std,core_min,core_max,mem_mean,mem_std,mem_min,mem_max,n_hashes
hrrr_control_restart_noqr_gnu,hera,gnu,186.375,34.42885046993076,175,389,770.7916666666666,2.9604365213872295,761,776,48
hrrr_control_restart_noqr_gnu,hercules,gnu,130.83333333333334,24.766426599831124,122,292,284896.875,370707.1315780053,748,760992,48
hrrr_control_restart_noqr_gnu,ursa,gnu,127.61224489795919,88.3694461542305,102,677,14266.42857142857,95194.39585899127,661,667028,49
