test_name,machine,compiler,core_mean,core_std,core_min,core_max,mem_mean,mem_std,mem_min,mem_max,n_hashes
hrrr_c3_debug_intel,acorn,intel,340.7291666666667,7.274963137534248,320,352,1195.125,3.15301274366319,1187,1200,48
hrrr_c3_debug_intel,derecho,intel,281.258064516129,3.346318792698264,275,290,191715.7741935484,441655.17138183035,1177,1185844,31
hrrr_c3_debug_intel,gaeac6,intel,201.85106382978722,2.7660890881645996,197,214,89735.21276595745,293938.4052062857,1034,1046524,47
hrrr_c3_debug_intel,hera,intel,305.81632653061223,29.5597371643337,286,432,1298.4489795918366,56.515138541401,1195,1350,49
hrrr_c3_debug_intel,hercules,intel,266.3,47.27826872758298,239,540,846478.78,585727.4130426232,1231,1252380,50
hrrr_c3_debug_intel,orion,intel,307.18367346938777,30.141108051261547,284,460,75326.38775510204,293200.15307883226,1205,1215644,49
hrrr_c3_debug_intel,ursa,intel,226.90625,47.97267997718647,209,477,60467.6875,331460.32965927414,1866,1876896,32
hrrr_c3_debug_intel,wcoss2,intel,345.9166666666667,10.07384085160901,329,392,1192.5208333333333,3.319764047840378,1186,1198,48
