test_name,machine,compiler,core_mean,core_std,core_min,core_max,mem_mean,mem_std,mem_min,mem_max,n_hashes
hrrr_control_2threads_dyn32_phy32_gnu,derecho,gnu,382.7692307692308,1.8776690404970215,380,387,854.5384615384615,1.560736183952114,852,856,13
hrrr_control_2threads_dyn32_phy32_gnu,hera,gnu,385.3695652173913,36.177561305718044,353,442,843.5652173913044,3.99250505552064,837,852,46
hrrr_control_2threads_dyn32_phy32_gnu,hercules,gnu,222.91304347826087,41.88705771314971,204,458,832.1086956521739,4.100017674051719,824,839,46
hrrr_control_2threads_dyn32_phy32_gnu,ursa,gnu,145.16326530612244,3.274567011933976,141,159,729.4489795918367,3.7475615654815866,724,735,49
