test_name,machine,compiler,core_mean,core_std,core_min,core_max,mem_mean,mem_std,mem_min,mem_max,n_hashes
hrrr_control_debug_dyn32_phy32_intel,acorn,intel,328.51063829787233,5.241441638832199,315,340,1068.5531914893618,3.6937580170634967,1061,1075,47
hrrr_control_debug_dyn32_phy32_intel,derecho,intel,280.5,6.737127643802554,269,291,1015.2,22.865792014370378,994,1058,10
hrrr_control_debug_dyn32_phy32_intel,gaeac6,intel,194.97826086956522,3.7027865208952684,189,202,139885.63043478262,934391.1182832582,902,6339448,46
hrrr_control_debug_dyn32_phy32_intel,hera,intel,286.0,3.5610182622151476,279,296,1220.0208333333333,4.791346736158781,1207,1231,48
hrrr_control_debug_dyn32_phy32_intel,hercules,intel,279.69565217391306,104.15071761959364,235,815,98094.23913043478,317720.62893674965,1104,1117380,46
hrrr_control_debug_dyn32_phy32_intel,orion,intel,288.6521739130435,12.497497334007594,276,364,24711.739130434784,160222.78857646725,1068,1087772,46
hrrr_control_debug_dyn32_phy32_intel,ursa,intel,220.3877551020408,78.33177737635457,199,664,1748.795918367347,5.2000784923432075,1738,1760,49
hrrr_control_debug_dyn32_phy32_intel,wcoss2,intel,338.3404255319149,20.93289131833968,322,436,1070.212765957447,3.6768143714762247,1054,1074,47
