test_name,machine,compiler,core_mean,core_std,core_min,core_max,mem_mean,mem_std,mem_min,mem_max,n_hashes
hrrr_control_restart_intel,acorn,intel,126.97727272727273,5.227337071025994,114,144,758.2272727272727,1.654643028510083,753,762,44
hrrr_control_restart_intel,derecho,intel,113.73913043478261,2.636789146828186,110,121,787.0869565217391,1.8357691328646888,785,790,46
hrrr_control_restart_intel,gaeac6,intel,80.5625,1.9990024107784048,77,86,6338.708333333333,0.4593396431850122,6338,6339,48
hrrr_control_restart_intel,hera,intel,106.63636363636364,1.9632996344280849,105,112,1129.5454545454545,3.077779601064257,1124,1132,11
hrrr_control_restart_intel,hercules,intel,94.02083333333333,6.131500747650591,89,113,22901.770833333332,151397.19484616217,1028,1049960,48
hrrr_control_restart_intel,orion,intel,135.5744680851064,2.5685783654799157,133,148,21622.021276595744,141616.6580729838,952,971840,47
hrrr_control_restart_intel,ursa,intel,118.92,116.05080520080462,76,563,1733.34,52.26760420164282,1692,1913,50
hrrr_control_restart_intel,wcoss2,intel,130.27083333333334,5.246030245179042,121,146,687.3541666666666,42.91678716501707,654,765,48
