test_name,machine,compiler,core_mean,core_std,core_min,core_max,mem_mean,mem_std,mem_min,mem_max,n_hashes
hrrr_control_debug_intel,acorn,intel,338.7111111111111,11.284789082941042,324,368,1184.2,2.3798395667851397,1179,1189,45
hrrr_control_debug_intel,derecho,intel,294.5652173913044,4.450478995009883,288,312,1124.5434782608695,2.2774890826828225,1120,1130,46
hrrr_control_debug_intel,gaeac6,intel,205.2826086956522,2.526860533268383,201,214,6338.717391304348,0.4552432062221763,6338,6339,46
hrrr_control_debug_intel,hera,intel,289.57142857142856,2.0701966780270618,286,292,1333.857142857143,6.542898731412765,1323,1342,7
hrrr_control_debug_intel,hercules,intel,258.74468085106383,15.486976415133004,238,320,27298.957446808512,178704.41746321693,1222,1226368,47
hrrr_control_debug_intel,orion,intel,295.2391304347826,7.933570816077715,282,325,27337.021739130436,177209.16677148495,1196,1203100,46
hrrr_control_debug_intel,ursa,intel,244.88,101.15589907843906,202,604,1864.74,7.45273542440107,1854,1883,50
hrrr_control_debug_intel,wcoss2,intel,335.7959183673469,5.0040799680391475,329,356,1108.7755102040817,37.791238681583955,1087,1190,49
