test_name,machine,compiler,core_mean,core_std,core_min,core_max,mem_mean,mem_std,mem_min,mem_max,n_hashes
hrrr_c3_debug_gnu,derecho,gnu,162.4375,13.530059127734809,155,212,963.1875,2.1669871557841143,960,968,16
hrrr_c3_debug_gnu,hera,gnu,152.78571428571428,3.474897536904657,148,163,962.0714285714286,7.058614723290025,936,973,42
hrrr_c3_debug_gnu,hercules,gnu,125.08695652173913,22.838394657492916,114,270,947.4130434782609,3.1663233986336077,941,953,46
hrrr_c3_debug_gnu,ursa,gnu,117.24489795918367,37.449705501871044,107,336,862.9387755102041,4.469378048012268,858,885,49
