test_name,machine,compiler,core_mean,core_std,core_min,core_max,mem_mean,mem_std,mem_min,mem_max,n_hashes
hrrr_control_noqr_gnu,hera,gnu,347.2083333333333,18.883695920852098,338,459,936.8333333333334,4.198952925880299,923,943,48
hrrr_control_noqr_gnu,hercules,gnu,272.2448979591837,82.5788841583824,235,654,548572.9795918367,459511.590172811,922,930092,49
hrrr_control_noqr_gnu,ursa,gnu,209.32432432432432,40.2285512582337,195,415,23538.64864864865,138063.39293563992,840,840648,37
