test_name,machine,compiler,core_mean,core_std,core_min,core_max,mem_mean,mem_std,mem_min,mem_max,n_hashes
hrrr_c3_debug_intel,acorn,intel,343.7826086956522,6.669709450537501,330,367,1190.2826086956522,3.1245482765300543,1184,1197,46
hrrr_c3_debug_intel,derecho,intel,313.95,39.52144654288486,296,429,1130.8,1.7651599003160756,1128,1133,20
hrrr_c3_debug_intel,gaeac6,intel,206.91304347826087,3.8576105843241613,199,217,141364.30434782608,934187.3837290502,1024,6339568,46
hrrr_c3_debug_intel,hera,intel,295.2368421052632,5.221753927800846,285,305,1338.7631578947369,4.6349682090301245,1329,1351,38
hrrr_c3_debug_intel,hercules,intel,271.2826086956522,27.811798490311634,246,407,1236.7173913043478,6.090659674099369,1225,1250,46
hrrr_c3_debug_intel,orion,intel,298.68888888888887,5.968943191912851,288,317,1210.9333333333334,7.673448910484411,1186,1228,45
hrrr_c3_debug_intel,ursa,intel,225.14285714285714,49.51304541902737,209,558,1868.857142857143,6.812977811989959,1857,1882,49
hrrr_c3_debug_intel,wcoss2,intel,350.8478260869565,15.19644313837852,335,416,1179.8695652173913,35.392157760129116,1093,1199,46
