test_name,machine,compiler,core_mean,core_std,core_min,core_max,mem_mean,mem_std,mem_min,mem_max,n_hashes
hrrr_control_decomp_dyn32_phy32_intel,acorn,intel,199.3913043478261,7.11017505916562,188,221,888.4782608695652,1.9859409237580496,884,892,46
hrrr_control_decomp_dyn32_phy32_intel,derecho,intel,176.05,2.394621165511528,172,181,843.3,1.174285897224824,842,845,20
hrrr_control_decomp_dyn32_phy32_intel,gaeac6,intel,130.8695652173913,3.9531067706421372,124,139,141220.76086956522,934234.1644205861,727,6339732,46
hrrr_control_decomp_dyn32_phy32_intel,hera,intel,193.60526315789474,12.164501908653406,185,219,1033.2894736842106,7.863387258361711,1019,1045,38
hrrr_control_decomp_dyn32_phy32_intel,hercules,intel,175.3695652173913,36.02120282750281,153,360,995.2173913043479,10.32346419781063,977,1026,46
hrrr_control_decomp_dyn32_phy32_intel,orion,intel,231.0222222222222,5.285008337866004,224,248,912.9111111111112,4.083348794033791,906,922,45
hrrr_control_decomp_dyn32_phy32_intel,ursa,intel,167.0204081632653,136.43778951655318,125,751,1657.4489795918366,19.721034904058016,1626,1742,49
hrrr_control_decomp_dyn32_phy32_intel,wcoss2,intel,218.56521739130434,50.15826160992293,192,443,877.0217391304348,34.87405220085857,793,895,46
