test_name,machine,compiler,core_mean,core_std,core_min,core_max,mem_mean,mem_std,mem_min,mem_max,n_hashes
hrrr_control_2threads_gnu,derecho,gnu,413.94117647058823,9.120516626234053,409,448,1020.2941176470588,1.2631659571466105,1018,1022,17
hrrr_control_2threads_gnu,hera,gnu,436.4878048780488,43.8948299639146,394,494,1004.9756097560976,6.0352622348910465,996,1019,41
hrrr_control_2threads_gnu,hercules,gnu,229.06521739130434,23.976286594061637,208,296,993.1521739130435,5.827015211941156,987,1003,46
hrrr_control_2threads_gnu,ursa,gnu,155.16326530612244,2.4945518867416303,152,162,892.9591836734694,6.231503241839847,886,903,49
