test_name,machine,compiler,core_mean,core_std,core_min,core_max,mem_mean,mem_std,mem_min,mem_max,n_hashes
hrrr_c3_debug_intel,acorn,intel,345.02127659574467,4.356351493494877,337,356,1191.872340425532,2.9386259823597896,1186,1197,47
hrrr_c3_debug_intel,derecho,intel,288.4,10.864826019980482,277,305,119045.7,372784.15412736573,1133,1180008,10
hrrr_c3_debug_intel,gaeac6,intel,204.2173913043478,3.299245997889424,199,212,139523.0,934462.8737347105,1024,6339568,46
hrrr_c3_debug_intel,hera,intel,295.2916666666667,5.637859610961217,285,305,1337.4791666666667,4.552247905475658,1329,1351,48
hrrr_c3_debug_intel,hercules,intel,265.32608695652175,29.499570127057122,239,407,190169.60869565216,450880.14983794524,1225,1247404,46
hrrr_c3_debug_intel,orion,intel,299.2608695652174,11.213949215367046,288,343,53804.67391304348,249389.76099886114,1200,1215644,46
hrrr_c3_debug_intel,ursa,intel,230.59183673469389,60.89024222845115,211,558,40136.87755102041,267860.7054390734,1857,1876896,49
hrrr_c3_debug_intel,wcoss2,intel,352.06382978723406,14.891497800859595,335,416,1193.7659574468084,3.40212699426495,1186,1199,47
