test_name,machine,compiler,core_mean,core_std,core_min,core_max,mem_mean,mem_std,mem_min,mem_max,n_hashes
hrrr_c3_debug_intel,acorn,intel,345.1489361702128,4.442770010410431,337,356,1191.6170212765958,3.186610516912077,1184,1197,47
hrrr_c3_debug_intel,derecho,intel,292.0,11.234866364235145,277,305,1152.7,26.750077881506606,1130,1184,10
hrrr_c3_debug_intel,gaeac6,intel,204.43478260869566,3.563095869312655,199,213,139753.15217391305,934428.6463452047,1024,6339568,46
hrrr_c3_debug_intel,hera,intel,295.5416666666667,5.449803171668583,285,305,1337.5,4.575605994047646,1329,1351,48
hrrr_c3_debug_intel,hercules,intel,266.10869565217394,30.06084811464876,239,407,136246.21739130435,390877.5209727133,1225,1247404,46
hrrr_c3_debug_intel,orion,intel,298.5869565217391,9.438870193587833,288,343,27403.695652173912,177615.1007819211,1200,1205860,46
hrrr_c3_debug_intel,ursa,intel,230.89795918367346,60.8205163089038,211,558,40136.4693877551,267860.76496592263,1857,1876896,49
hrrr_c3_debug_intel,wcoss2,intel,351.9574468085106,14.873316414491674,335,416,1193.7021276595744,3.4066105405011435,1186,1199,47
