test_name,machine,compiler,core_mean,core_std,core_min,core_max,mem_mean,mem_std,mem_min,mem_max,n_hashes
hrrr_c3_debug_gnu,derecho,gnu,161.2173913043478,8.350417270953221,154,212,962.7173913043479,2.2672846557379915,958,970,46
hrrr_c3_debug_gnu,hera,gnu,154.42857142857142,5.593363414414822,149,163,953.1428571428571,9.118270512704523,936,964,7
hrrr_c3_debug_gnu,hercules,gnu,126.63829787234043,8.162548440271452,114,149,20988.744680851065,137421.78361486187,932,943060,47
hrrr_c3_debug_gnu,ursa,gnu,141.9,118.59143548936646,106,828,865.58,9.071349830929343,858,885,50
