test_name,machine,compiler,core_mean,core_std,core_min,core_max,mem_mean,mem_std,mem_min,mem_max,n_hashes
hrrr_control_restart_dyn32_phy32_gnu,derecho,gnu,135.5142857142857,4.883172959384153,132,161,673.5428571428571,1.1464230084422407,670,675,35
hrrr_control_restart_dyn32_phy32_gnu,hera,gnu,158.41666666666666,3.4378540660868855,155,171,657.75,3.0252560078518034,650,662,24
hrrr_control_restart_dyn32_phy32_gnu,hercules,gnu,136.2340425531915,14.542610204614785,121,165,14350.489361702128,93969.19241799467,640,644864,47
hrrr_control_restart_dyn32_phy32_gnu,ursa,gnu,152.89795918367346,167.32742912450115,99,869,555.795918367347,1.4997165265022374,553,559,49
