test_name,machine,compiler,core_mean,core_std,core_min,core_max,mem_mean,mem_std,mem_min,mem_max,n_hashes
hrrr_control_decomp_dyn32_phy32_intel,acorn,intel,197.15555555555557,5.2003302148454384,183,208,889.5333333333333,1.7913935662189964,886,893,45
hrrr_control_decomp_dyn32_phy32_intel,derecho,intel,176.10526315789474,2.544623093040108,172,183,842.6842105263158,1.2542956063043234,840,845,38
hrrr_control_decomp_dyn32_phy32_intel,gaeac6,intel,131.0,3.0574214768259305,124,144,140376.89361702127,923928.8238186316,733,6339732,47
hrrr_control_decomp_dyn32_phy32_intel,hera,intel,187.38095238095238,1.82964997953681,185,191,1036.3333333333333,7.8315600829805225,1020,1045,21
hrrr_control_decomp_dyn32_phy32_intel,hercules,intel,173.4468085106383,33.34197544461773,153,356,22281.489361702126,145934.0113282105,979,1001468,47
hrrr_control_decomp_dyn32_phy32_intel,orion,intel,230.7608695652174,6.51215882487417,226,262,20695.478260869564,134174.4606004087,905,910928,46
hrrr_control_decomp_dyn32_phy32_intel,ursa,intel,200.42857142857142,178.14647531362124,125,732,1664.1632653061224,29.80027050966102,1626,1794,49
hrrr_control_decomp_dyn32_phy32_intel,wcoss2,intel,204.10638297872342,29.227171725425823,191,395,840.9787234042553,47.1364759348031,784,893,47
