test_name,machine,compiler,core_mean,core_std,core_min,core_max,mem_mean,mem_std,mem_min,mem_max,n_hashes
hrrr_control_2threads_intel,acorn,intel,310.0204081632653,133.45793497639346,197,492,1080.3469387755101,5.953119001862816,1071,1096,49
hrrr_control_2threads_intel,derecho,intel,344.3181818181818,2.625631237234087,339,348,243254.0909090909,457071.6190074446,1062,1071584,22
hrrr_control_2threads_intel,gaeac6,intel,173.375,6.859145161055103,154,191,79343.77083333333,262789.1462280058,928,945160,48
hrrr_control_2threads_intel,hera,intel,262.9387755102041,25.304321241032888,219,369,1163.7551020408164,14.896211224453678,1123,1183,49
hrrr_control_2threads_intel,hercules,intel,266.7142857142857,153.73895624293363,202,1308,536967.9387755102,575615.6261930717,1135,1155292,49
hrrr_control_2threads_intel,orion,intel,325.7755102040816,85.13525153790157,247,683,69861.0612244898,271985.4569204488,1101,1135032,49
hrrr_control_2threads_intel,ursa,intel,187.1627906976744,110.05603123443167,111,437,28566.279069767443,179132.68511933583,1166,1175900,43
hrrr_control_2threads_intel,wcoss2,intel,329.9387755102041,126.95527561626862,199,496,1083.1836734693877,7.146308689887289,1065,1096,49
