test_name,machine,compiler,core_mean,core_std,core_min,core_max,mem_mean,mem_std,mem_min,mem_max,n_hashes
hrrr_control_debug_gnu,derecho,gnu,158.85714285714286,8.140747938825053,152,207,959.2619047619048,2.0843145192361936,955,965,42
hrrr_control_debug_gnu,hera,gnu,150.11111111111111,2.32350872829381,147,153,954.3333333333334,2.3763541031440307,949,957,18
hrrr_control_debug_gnu,hercules,gnu,122.625,8.893279796110935,113,144,20501.208333333332,135515.47709142807,937,939820,48
hrrr_control_debug_gnu,ursa,gnu,130.44,51.996922985884446,104,299,856.54,3.9703492880838294,851,876,50
