test_name,machine,compiler,core_mean,core_std,core_min,core_max,mem_mean,mem_std,mem_min,mem_max,n_hashes
hrrr_control_2threads_dyn32_phy32_intel,acorn,intel,270.57142857142856,117.92670746414208,161,435,930.8367346938776,4.660771300508797,923,943,49
hrrr_control_2threads_dyn32_phy32_intel,derecho,intel,297.6363636363636,1.7333000329801544,295,301,210562.5909090909,395648.7761429272,914,926724,22
hrrr_control_2threads_dyn32_phy32_intel,gaeac6,intel,153.89583333333334,14.665402306881825,138,248,66700.72916666667,220913.17177230414,779,793536,48
hrrr_control_2threads_dyn32_phy32_intel,hera,intel,234.91836734693877,28.920031073270163,199,364,1020.9183673469388,19.34859677803299,957,1047,49
hrrr_control_2threads_dyn32_phy32_intel,hercules,intel,230.6122448979592,129.3236921331075,184,1114,496793.8775510204,532564.5720141844,1045,1071816,49
hrrr_control_2threads_dyn32_phy32_intel,orion,intel,297.53061224489795,105.44451582878715,228,743,60185.551020408166,234267.21676414568,955,969700,49
hrrr_control_2threads_dyn32_phy32_intel,ursa,intel,163.5581395348837,103.97831786931565,97,413,25649.162790697676,160741.45122390834,1047,1055188,43
hrrr_control_2threads_dyn32_phy32_intel,wcoss2,intel,293.0816326530612,121.77230061585806,169,484,932.204081632653,5.827304951107079,922,947,49
