test_name,machine,compiler,core_mean,core_std,core_min,core_max,mem_mean,mem_std,mem_min,mem_max,n_hashes
hrrr_control_decomp_gnu,derecho,gnu,252.8,7.5042844904951265,248,279,950.0666666666667,1.3345232785352295,948,952,15
hrrr_control_decomp_gnu,hera,gnu,344.83720930232556,3.429078958374759,339,357,948.3023255813954,3.3984231898318917,943,955,43
hrrr_control_decomp_gnu,hercules,gnu,274.3695652173913,60.77293209449679,242,612,934.9782608695652,3.9355311963064823,929,943,46
hrrr_control_decomp_gnu,ursa,gnu,288.40816326530614,231.29012429984869,199,1296,851.9795918367347,3.256338664297544,848,858,49
