test_name,machine,compiler,core_mean,core_std,core_min,core_max,mem_mean,mem_std,mem_min,mem_max,n_hashes
hrrr_gf_debug_intel,acorn,intel,341.5,8.15689179289088,330,367,1188.5454545454545,3.0610421196630075,1182,1195,44
hrrr_gf_debug_intel,derecho,intel,300.02272727272725,4.627966736044734,292,314,1130.25,2.3538686612508304,1124,1133,44
hrrr_gf_debug_intel,gaeac6,intel,209.74468085106383,11.897146324089615,203,288,6338.723404255319,0.4979142435143731,6337,6339,47
hrrr_gf_debug_intel,hera,intel,295.53846153846155,3.596650863775552,288,301,1340.1538461538462,5.030675134382292,1328,1346,13
hrrr_gf_debug_intel,hercules,intel,260.32608695652175,16.02505586445604,243,308,27851.369565217392,180508.3410715858,1227,1225504,46
hrrr_gf_debug_intel,orion,intel,300.0,10.21140182701315,286,359,28074.62222222222,180211.23006025824,1200,1210104,45
hrrr_gf_debug_intel,ursa,intel,226.76,56.04573933814402,207,540,1868.28,6.593255675928457,1853,1885,50
hrrr_gf_debug_intel,wcoss2,intel,342.1875,5.188597358939264,335,359,1124.6458333333333,44.27548650973552,1093,1196,48
