test_name,machine,compiler,core_mean,core_std,core_min,core_max,mem_mean,mem_std,mem_min,mem_max,n_hashes
hrrr_control_restart_dyn32_phy32_intel,acorn,intel,109.0,3.6927447293799824,101,116,723.7333333333333,2.2299612715756743,719,727,45
hrrr_control_restart_dyn32_phy32_intel,derecho,intel,104.71052631578948,2.459486814597847,102,113,727.1578947368421,2.1120800019331836,723,732,38
hrrr_control_restart_dyn32_phy32_intel,gaeac6,intel,71.31914893617021,3.4897762665218615,67,84,140358.17021276595,923911.4320160621,612,6339596,47
hrrr_control_restart_dyn32_phy32_intel,hera,intel,98.52380952380952,2.0400746951777924,96,103,1049.6190476190477,6.288689771933383,1039,1060,21
hrrr_control_restart_dyn32_phy32_intel,hercules,intel,90.95744680851064,9.41081118993171,82,121,21076.08510638298,137835.01013669895,941,945920,47
hrrr_control_restart_dyn32_phy32_intel,orion,intel,124.17391304347827,2.6608632502845757,121,132,20020.391304347828,129804.09101248243,870,881256,46
hrrr_control_restart_dyn32_phy32_intel,ursa,intel,126.12244897959184,134.9579614566855,67,527,1643.530612244898,37.72328085370286,1607,1756,49
hrrr_control_restart_dyn32_phy32_intel,wcoss2,intel,111.76595744680851,6.273521880153012,104,133,675.063829787234,48.263049262808856,625,728,47
