test_name,machine,compiler,core_mean,core_std,core_min,core_max,mem_mean,mem_std,mem_min,mem_max,n_hashes
hrrr_control_restart_dyn32_phy32_gnu,hera,gnu,160.30612244897958,18.052243722079552,153,259,657.4489795918367,4.311134926413409,647,677,49
hrrr_control_restart_dyn32_phy32_gnu,hercules,gnu,133.24489795918367,19.666522540691773,121,200,250738.9387755102,317517.6721355055,640,649500,49
hrrr_control_restart_dyn32_phy32_gnu,ursa,gnu,147.27659574468086,145.71035923419828,99,799,12391.191489361701,81134.70620400594,553,556788,47
