test_name,machine,compiler,core_mean,core_std,core_min,core_max,mem_mean,mem_std,mem_min,mem_max,n_hashes
hrrr_control_2threads_dyn32_phy32_intel,acorn,intel,173.45652173913044,7.247088370861258,161,187,929.4782608695652,4.870496805299768,923,945,46
hrrr_control_2threads_dyn32_phy32_intel,derecho,intel,285.1764705882353,3.127205104355314,281,294,891.0588235294117,6.850826485133913,878,902,17
hrrr_control_2threads_dyn32_phy32_intel,gaeac6,intel,146.13333333333333,16.571607701674022,138,248,143994.93333333332,944594.9004710094,778,6339692,45
hrrr_control_2threads_dyn32_phy32_intel,hera,intel,232.609756097561,21.27307928906918,199,259,1022.780487804878,8.638611564140245,1009,1047,41
hrrr_control_2threads_dyn32_phy32_intel,hercules,intel,209.41304347826087,12.862652373711901,184,227,1062.1304347826087,9.37516505490775,1039,1082,46
hrrr_control_2threads_dyn32_phy32_intel,orion,intel,239.51111111111112,14.9630183850692,228,267,970.1111111111111,10.49073665457079,955,1004,45
hrrr_control_2threads_dyn32_phy32_intel,ursa,intel,101.71428571428571,7.123903424387504,96,125,1048.9795918367347,4.866936904248086,1038,1058,49
hrrr_control_2threads_dyn32_phy32_intel,wcoss2,intel,196.1086956521739,65.80585190488408,164,484,923.804347826087,28.571640613429892,833,947,46
