test_name,machine,compiler,core_mean,core_std,core_min,core_max,mem_mean,mem_std,mem_min,mem_max,n_hashes
hrrr_control_2threads_dyn32_phy32_intel,acorn,intel,170.7659574468085,5.2635447055872016,161,187,929.1063829787234,5.065801977597011,923,945,47
hrrr_control_2threads_dyn32_phy32_intel,derecho,intel,285.4642857142857,3.2601084151154915,281,294,891.8928571428571,6.384815816910704,878,902,28
hrrr_control_2threads_dyn32_phy32_intel,gaeac6,intel,141.85106382978722,3.007083835128211,138,156,139200.4255319149,924100.058318709,778,6339692,47
hrrr_control_2threads_dyn32_phy32_intel,hera,intel,232.93548387096774,24.501612850138336,199,259,1021.7741935483871,8.9431898761734,1009,1047,31
hrrr_control_2threads_dyn32_phy32_intel,hercules,intel,210.14893617021278,13.043370335662033,184,227,1061.340425531915,9.032012139786259,1039,1082,47
hrrr_control_2threads_dyn32_phy32_intel,orion,intel,232.0,5.999999999999997,228,266,967.1521739130435,9.94198145085181,955,1004,46
hrrr_control_2threads_dyn32_phy32_intel,ursa,intel,98.44897959183673,4.277174030487275,96,125,1046.9183673469388,4.329341437090964,1038,1056,49
hrrr_control_2threads_dyn32_phy32_intel,wcoss2,intel,177.06382978723406,27.56289586549529,164,353,901.5106382978723,46.6661931168432,830,947,47
