test_name,machine,compiler,core_mean,core_std,core_min,core_max,mem_mean,mem_std,mem_min,mem_max,n_hashes
hrrr_control_dyn32_phy32_gnu,derecho,gnu,234.3,3.5637059362410928,229,249,807.1666666666666,1.3152509484776125,802,810,30
hrrr_control_dyn32_phy32_gnu,hera,gnu,301.7931034482759,2.9926017150016047,298,313,800.8275862068965,2.879347216660168,795,808,29
hrrr_control_dyn32_phy32_gnu,hercules,gnu,251.25531914893617,24.53521700057888,228,305,787.0,1.8766297265136855,782,792,47
hrrr_control_dyn32_phy32_gnu,ursa,gnu,223.3469387755102,139.20706265314635,186,1002,709.4081632653061,1.2062056096657017,707,714,49
