test_name,machine,compiler,core_mean,core_std,core_min,core_max,mem_mean,mem_std,mem_min,mem_max,n_hashes
hrrr_control_noqr_gnu,derecho,gnu,252.6216216216216,10.185369003710264,246,309,935.5945945945946,1.4425952589278386,931,938,37
hrrr_control_noqr_gnu,hera,gnu,344.22727272727275,3.0539875289267058,340,351,932.8636363636364,2.1223404543873006,929,937,22
hrrr_control_noqr_gnu,hercules,gnu,265.8085106382979,54.39294963019298,239,576,20458.744680851065,133956.69727280436,915,919280,47
hrrr_control_noqr_gnu,ursa,gnu,241.30612244897958,150.66950643732798,199,1128,834.734693877551,0.8107483735229339,833,836,49
