test_name,machine,compiler,core_mean,core_std,core_min,core_max,mem_mean,mem_std,mem_min,mem_max,n_hashes
hrrr_control_debug_dyn32_phy32_gnu,hera,gnu,145.35416666666666,1.7441645361255398,142,149,813.6041666666666,3.529448051197115,802,821,48
hrrr_control_debug_dyn32_phy32_gnu,hercules,gnu,120.89583333333333,12.497216002030951,110,195,216880.45833333334,358307.1016304998,793,802472,48
hrrr_control_debug_dyn32_phy32_gnu,ursa,gnu,112.14285714285714,21.98200021229491,103,237,15442.918367346938,103063.49108010167,716,722164,49
