test_name,machine,compiler,core_mean,core_std,core_min,core_max,mem_mean,mem_std,mem_min,mem_max,n_hashes
hrrr_control_decomp_gnu,derecho,gnu,251.16666666666666,2.5625508125043424,248,255,949.6666666666666,1.2110601416389737,949,952,6
hrrr_control_decomp_gnu,hera,gnu,344.7083333333333,3.306720000713814,339,357,949.2708333333334,3.2468615506482457,943,955,48
hrrr_control_decomp_gnu,hercules,gnu,267.80434782608694,61.03063695672033,239,612,102919.34782608696,295263.6757395906,929,941476,46
hrrr_control_decomp_gnu,ursa,gnu,293.6734693877551,231.30809069967538,196,1296,18311.428571428572,122207.83337992973,848,856308,49
