test_name,machine,compiler,core_mean,core_std,core_min,core_max,mem_mean,mem_std,mem_min,mem_max,n_hashes
hrrr_control_debug_dyn32_phy32_gnu,hera,gnu,149.83333333333334,15.379363533483282,141,247,802.9791666666666,33.3520802779264,691,821,48
hrrr_control_debug_dyn32_phy32_gnu,hercules,gnu,134.40816326530611,86.00627844508091,110,722,552503.7551020408,390632.17144459835,794,968304,49
hrrr_control_debug_dyn32_phy32_gnu,ursa,gnu,120.96969696969697,42.840901052969265,103,304,22582.303030303032,125587.21514610993,720,722164,33
