test_name,machine,compiler,core_mean,core_std,core_min,core_max,mem_mean,mem_std,mem_min,mem_max,n_hashes
hrrr_control_2threads_dyn32_phy32_intel,acorn,intel,171.45652173913044,6.291816631286956,161,187,929.0434782608696,4.912372234082407,923,945,46
hrrr_control_2threads_dyn32_phy32_intel,derecho,intel,285.5652173913044,3.1884177745612803,281,294,892.0,6.755469164785185,878,902,23
hrrr_control_2threads_dyn32_phy32_intel,gaeac6,intel,142.7173913043478,4.791951787358377,138,157,141606.08695652173,934169.9393903735,778,6339692,46
hrrr_control_2threads_dyn32_phy32_intel,hera,intel,232.5142857142857,23.046463845855378,199,259,1022.4571428571429,9.188685040478276,1009,1047,35
hrrr_control_2threads_dyn32_phy32_intel,hercules,intel,209.65217391304347,12.98069916162599,184,227,1061.8260869565217,8.877698269824704,1039,1082,46
hrrr_control_2threads_dyn32_phy32_intel,orion,intel,235.11111111111111,11.192981206221543,228,266,969.1777777777778,11.265976310210402,955,1004,45
hrrr_control_2threads_dyn32_phy32_intel,ursa,intel,99.9795918367347,5.970377556173917,96,125,1047.6938775510205,4.887075137683057,1038,1058,49
hrrr_control_2threads_dyn32_phy32_intel,wcoss2,intel,185.67391304347825,53.38791138568359,164,484,910.9565217391304,42.12413218188952,830,947,46
