test_name,machine,compiler,core_mean,core_std,core_min,core_max,mem_mean,mem_std,mem_min,mem_max,n_hashes
hrrr_control_2threads_dyn32_phy32_gnu,hera,gnu,361.7708333333333,22.65771164886518,352,466,848.0833333333334,2.5833619307499625,841,853,48
hrrr_control_2threads_dyn32_phy32_gnu,hercules,gnu,230.0612244897959,63.52637515344358,200,547,426562.306122449,421453.06051569985,826,839140,49
hrrr_control_2threads_dyn32_phy32_gnu,ursa,gnu,178.46341463414635,63.50869923127682,142,342,18568.073170731706,114179.21921268999,731,731840,41
