test_name,machine,compiler,core_mean,core_std,core_min,core_max,mem_mean,mem_std,mem_min,mem_max,n_hashes
hrrr_control_restart_intel,acorn,intel,126.73333333333333,5.462267261528276,114,144,758.1111111111111,1.668181130101948,754,762,45
hrrr_control_restart_intel,derecho,intel,113.80434782608695,2.6214462947633494,110,121,787.3695652173913,1.8179193925678758,784,790,46
hrrr_control_restart_intel,gaeac6,intel,80.4888888888889,2.018350161329136,77,86,6338.666666666667,0.47673129462279473,6338,6339,45
hrrr_control_restart_intel,hera,intel,106.83333333333333,2.5625508125043415,105,112,1130.0,3.3466401061363023,1124,1132,6
hrrr_control_restart_intel,hercules,intel,94.06382978723404,6.190470429968213,89,113,23367.59574468085,152999.19472346472,1028,1049960,47
hrrr_control_restart_intel,orion,intel,135.8913043478261,3.4268758747392076,133,148,22074.021739130436,143147.25111040793,952,971840,46
hrrr_control_restart_intel,ursa,intel,113.3,102.52610419213404,76,563,1732.96,51.931257544990025,1695,1913,50
hrrr_control_restart_intel,wcoss2,intel,130.28571428571428,5.216160784842944,121,146,678.9795918367347,36.551042960449124,654,765,49
