test_name,machine,compiler,core_mean,core_std,core_min,core_max,mem_mean,mem_std,mem_min,mem_max,n_hashes
hrrr_control_restart_gnu,derecho,gnu,141.65714285714284,1.7813223300956662,139,145,693.6285714285714,1.1398068537544286,690,695,35
hrrr_control_restart_gnu,hera,gnu,182.95833333333334,11.841265967376328,178,238,684.5833333333334,3.7406889236059553,676,696,24
hrrr_control_restart_gnu,hercules,gnu,137.25531914893617,15.967995280106237,127,193,14880.063829787234,97427.78453572321,664,668600,47
hrrr_control_restart_gnu,ursa,gnu,131.81632653061226,87.92389546964932,105,601,575.8571428571429,2.2173557826083448,568,579,49
