test_name,machine,compiler,core_mean,core_std,core_min,core_max,mem_mean,mem_std,mem_min,mem_max,n_hashes
hrrr_control_decomp_intel,acorn,intel,240.3125,6.294733529925312,222,250,1009.0833333333334,2.8645547226166306,1005,1015,48
hrrr_control_decomp_intel,derecho,intel,198.7741935483871,2.333947691778254,195,203,161560.32258064515,372187.58167742845,990,998600,31
hrrr_control_decomp_intel,gaeac6,intel,155.7872340425532,1.6541932253041174,152,160,74799.4255319149,245019.57332991075,852,873028,47
hrrr_control_decomp_intel,hera,intel,252.59183673469389,19.224461812305414,242,357,1119.2857142857142,53.28930474307206,1024,1168,49
hrrr_control_decomp_intel,hercules,intel,227.04,59.03543038562798,204,623,720989.38,498900.0300224931,1050,1073024,50
hrrr_control_decomp_intel,orion,intel,310.3061224489796,96.52141473994962,261,755,64069.163265306124,249399.7192633533,1019,1037664,49
hrrr_control_decomp_intel,ursa,intel,171.34375,11.787389037551137,162,205,55007.4375,301522.8431317502,1683,1707376,32
hrrr_control_decomp_intel,wcoss2,intel,256.4166666666667,31.70934041419888,235,423,1008.4583333333334,5.319407795119718,997,1015,48
