test_name,machine,compiler,core_mean,core_std,core_min,core_max,mem_mean,mem_std,mem_min,mem_max,n_hashes
hrrr_control_dyn32_phy32_gnu,derecho,gnu,233.91666666666666,2.4301845817651935,229,240,807.3333333333334,0.7019641181630326,806,809,24
hrrr_control_dyn32_phy32_gnu,hera,gnu,301.54285714285714,2.790138697194066,298,313,801.4571428571429,3.0131365048133247,795,808,35
hrrr_control_dyn32_phy32_gnu,hercules,gnu,266.0,90.39117886935264,226,764,787.5957446808511,2.5931311815447975,782,796,47
hrrr_control_dyn32_phy32_gnu,ursa,gnu,216.89795918367346,133.11261599643728,186,1002,709.8163265306123,1.5501810295865521,707,714,49
