test_name,machine,compiler,core_mean,core_std,core_min,core_max,mem_mean,mem_std,mem_min,mem_max,n_hashes
hrrr_control_dyn32_phy32_gnu,hera,gnu,308.1458333333333,33.75379542619997,295,524,805.3958333333334,3.480887532538849,797,812,48
hrrr_control_dyn32_phy32_gnu,hercules,gnu,270.0816326530612,111.61967358226885,225,764,453615.9387755102,396229.4203516762,787,799820,49
hrrr_control_dyn32_phy32_gnu,ursa,gnu,190.5,12.369863116199532,184,260,19437.315789473683,115428.9328065999,712,712264,38
