test_name,machine,compiler,core_mean,core_std,core_min,core_max,mem_mean,mem_std,mem_min,mem_max,n_hashes
hrrr_gf_debug_intel,acorn,intel,341.7173913043478,6.2241930971126935,332,367,1190.0869565217392,3.002414487312275,1184,1197,46
hrrr_gf_debug_intel,derecho,intel,300.1904761904762,5.75863740496872,292,314,1130.6190476190477,1.6874889770362935,1128,1133,21
hrrr_gf_debug_intel,gaeac6,intel,205.34782608695653,3.107105772289238,195,210,141479.71739130435,934169.3849204497,1027,6339564,46
hrrr_gf_debug_intel,hera,intel,293.5405405405405,3.9762810276451637,283,301,1339.6216216216217,4.064421178903533,1328,1346,37
hrrr_gf_debug_intel,hercules,intel,265.6304347826087,20.706798342200102,241,319,1237.5434782608695,5.548599509942975,1227,1247,46
hrrr_gf_debug_intel,orion,intel,298.73333333333335,11.304464122235478,286,359,1211.088888888889,6.4414221404839465,1200,1225,45
hrrr_gf_debug_intel,ursa,intel,215.75510204081633,7.50425049623239,207,237,1869.3061224489795,7.472739573589753,1856,1885,49
hrrr_gf_debug_intel,wcoss2,intel,347.10869565217394,16.25249144780178,335,444,1177.4347826086957,37.676784584387605,1093,1199,46
