test_name,machine,compiler,core_mean,core_std,core_min,core_max,mem_mean,mem_std,mem_min,mem_max,n_hashes
hrrr_control_noqr_gnu,derecho,gnu,249.85714285714286,1.4638501094227974,247,252,935.8571428571429,1.214985792587914,934,938,7
hrrr_control_noqr_gnu,hera,gnu,343.0416666666667,3.059400117345589,339,351,935.7083333333334,3.414352269236396,929,943,48
hrrr_control_noqr_gnu,hercules,gnu,269.2391304347826,65.22820956972143,236,630,81415.52173913043,263711.1621461581,915,926780,46
hrrr_control_noqr_gnu,ursa,gnu,225.44897959183675,135.13142695546586,197,1128,17977.38775510204,119972.79766434146,834,840648,49
