test_name,machine,compiler,core_mean,core_std,core_min,core_max,mem_mean,mem_std,mem_min,mem_max,n_hashes
hrrr_gf_debug_intel,acorn,intel,342.0652173913044,5.870461552602135,333,367,1190.6304347826087,2.916304325319146,1184,1197,46
hrrr_gf_debug_intel,derecho,intel,298.29411764705884,3.513628926806899,292,305,1130.6470588235295,1.868862503991026,1128,1133,17
hrrr_gf_debug_intel,gaeac6,intel,205.04444444444445,3.211878206931515,195,210,144129.6888888889,944554.4918683483,1027,6339564,45
hrrr_gf_debug_intel,hera,intel,293.7317073170732,3.8795901216746054,283,301,1338.8048780487804,4.67022222273805,1328,1346,41
hrrr_gf_debug_intel,hercules,intel,264.89130434782606,21.170449279722767,241,319,1238.4565217391305,5.760812140813063,1227,1248,46
hrrr_gf_debug_intel,orion,intel,298.26666666666665,11.390586224837355,286,359,1212.4888888888888,7.3627509132186475,1200,1229,45
hrrr_gf_debug_intel,ursa,intel,216.3673469387755,8.076957651118347,207,237,1869.857142857143,7.480530284233258,1856,1885,49
hrrr_gf_debug_intel,wcoss2,intel,349.0,17.430496901185055,335,444,1185.7391304347825,27.90016709038676,1095,1199,46
