test_name,machine,compiler,core_mean,core_std,core_min,core_max,mem_mean,mem_std,mem_min,mem_max,n_hashes
hrrr_control_noqr_gnu,derecho,gnu,252.78571428571428,11.678905145467422,246,309,935.75,1.2056963563450143,934,938,28
hrrr_control_noqr_gnu,hera,gnu,343.5483870967742,3.085867891722073,339,351,934.0322580645161,3.156832494423695,929,941,31
hrrr_control_noqr_gnu,hercules,gnu,267.0425531914894,55.371848696987804,236,576,919.5106382978723,2.7887377573681684,915,928,47
hrrr_control_noqr_gnu,ursa,gnu,233.77551020408163,142.7124535131924,199,1128,835.6734693877551,2.3575035799022115,834,843,49
