test_name,machine,compiler,core_mean,core_std,core_min,core_max,mem_mean,mem_std,mem_min,mem_max,n_hashes
hrrr_control_debug_dyn32_phy32_gnu,derecho,gnu,155.4,4.277849927241489,150,161,815.8,1.6431676725154798,814,818,5
hrrr_control_debug_dyn32_phy32_gnu,hera,gnu,145.375,1.8057237601228873,143,150,812.9166666666666,3.4753437505371005,802,820,48
hrrr_control_debug_dyn32_phy32_gnu,hercules,gnu,124.30434782608695,16.992638360599162,110,199,104882.67391304347,271717.05595253594,793,802472,46
hrrr_control_debug_dyn32_phy32_gnu,ursa,gnu,111.95918367346938,21.695774534527718,103,237,15442.387755102041,103063.56846319338,716,722164,49
