test_name,machine,compiler,core_mean,core_std,core_min,core_max,mem_mean,mem_std,mem_min,mem_max,n_hashes
hrrr_control_dyn32_phy32_intel,acorn,intel,197.9375,7.381420753515226,183,210,886.25,1.9732250305721348,881,891,48
hrrr_control_dyn32_phy32_intel,derecho,intel,167.27272727272728,1.7372915179041903,165,171,398072.0,456350.1516053216,871,878044,11
hrrr_control_dyn32_phy32_intel,gaeac6,intel,128.25531914893617,5.765218367998938,119,141,167487.21276595743,932366.6206683967,730,6339592,47
hrrr_control_dyn32_phy32_intel,hera,intel,195.02083333333334,12.912948446758874,176,209,1096.2708333333333,8.371022925705983,1080,1124,48
hrrr_control_dyn32_phy32_intel,hercules,intel,171.97916666666666,19.045845677959598,147,235,279356.25,461550.64083685866,1008,1053656,48
hrrr_control_dyn32_phy32_intel,orion,intel,232.58333333333334,39.42449467199098,214,478,39105.833333333336,185049.80138920547,915,919372,48
hrrr_control_dyn32_phy32_intel,ursa,intel,145.3877551020408,56.56331862263247,122,501,36318.857142857145,242227.58363640864,1697,1697308,49
hrrr_control_dyn32_phy32_intel,wcoss2,intel,228.70833333333334,73.34237935824743,190,583,887.875,4.879941576211162,875,895,48
