test_name,machine,compiler,core_mean,core_std,core_min,core_max,mem_mean,mem_std,mem_min,mem_max,n_hashes
hrrr_control_restart_noqr_gnu,derecho,gnu,139.86363636363637,2.053926658528665,138,145,780.8181818181819,1.4354811251305404,778,783,22
hrrr_control_restart_noqr_gnu,hera,gnu,178.94444444444446,2.1901656094518076,175,185,767.4166666666666,3.2808970898651735,761,774,36
hrrr_control_restart_noqr_gnu,hercules,gnu,139.34782608695653,27.661619934329664,124,292,752.195652173913,3.518961748504771,748,760,46
hrrr_control_restart_noqr_gnu,ursa,gnu,120.26530612244898,47.62605008037622,104,350,664.2244897959183,2.5105220748751536,661,670,49
