test_name,machine,compiler,core_mean,core_std,core_min,core_max,mem_mean,mem_std,mem_min,mem_max,n_hashes
hrrr_control_noqr_gnu,hera,gnu,346.3958333333333,19.012582153454186,338,459,937.6041666666666,2.703343739868534,930,943,48
hrrr_control_noqr_gnu,hercules,gnu,257.9166666666667,60.55798463907216,236,630,367349.8125,457489.4541176648,917,930092,48
hrrr_control_noqr_gnu,ursa,gnu,208.51063829787233,35.67721983004156,195,415,18708.978723404256,122498.4789801737,835,840648,47
