test_name,machine,compiler,core_mean,core_std,core_min,core_max,mem_mean,mem_std,mem_min,mem_max,n_hashes
hrrr_gf_debug_intel,acorn,intel,340.0888888888889,6.437892873174011,330,367,1188.8222222222223,2.97175253534228,1182,1195,45
hrrr_gf_debug_intel,derecho,intel,300.05263157894734,4.84878011084233,292,314,1130.842105263158,1.8675944317739799,1127,1133,38
hrrr_gf_debug_intel,gaeac6,intel,209.2340425531915,12.040173272546062,203,288,140410.70212765958,923898.5509803579,1029,6339564,47
hrrr_gf_debug_intel,hera,intel,294.95238095238096,3.2783561502098983,288,301,1340.047619047619,4.260002235635451,1328,1346,21
hrrr_gf_debug_intel,hercules,intel,262.1276595744681,16.778113358825262,243,308,27284.297872340427,178577.8351385718,1227,1225504,47
hrrr_gf_debug_intel,orion,intel,299.7173913043478,10.116352095006627,286,359,27489.456521739132,178241.82397888627,1200,1210104,46
hrrr_gf_debug_intel,ursa,intel,226.3265306122449,56.65406272394992,207,540,1866.857142857143,6.044970361107409,1853,1882,49
hrrr_gf_debug_intel,wcoss2,intel,344.51063829787233,15.787821862085218,335,444,1141.936170212766,48.76135509018656,1093,1197,47
