test_name,machine,compiler,core_mean,core_std,core_min,core_max,mem_mean,mem_std,mem_min,mem_max,n_hashes
hrrr_gf_debug_intel,acorn,intel,341.69565217391306,6.2320660573356506,332,367,1189.8695652173913,3.073967365200714,1184,1197,46
hrrr_gf_debug_intel,derecho,intel,300.1818181818182,5.620001386513674,292,314,1130.7272727272727,1.7232808737107237,1128,1133,22
hrrr_gf_debug_intel,gaeac6,intel,205.45652173913044,3.0746744849505268,195,210,141594.84782608695,934152.018429334,1027,6339564,46
hrrr_gf_debug_intel,hera,intel,293.72222222222223,3.873802938502329,283,301,1339.8333333333333,3.9096949095440054,1328,1346,36
hrrr_gf_debug_intel,hercules,intel,265.2391304347826,20.521192062633638,241,319,1237.2608695652175,5.595374210934085,1227,1247,46
hrrr_gf_debug_intel,orion,intel,298.77777777777777,11.301425672109794,286,359,1210.8444444444444,6.30279719848672,1200,1225,45
hrrr_gf_debug_intel,ursa,intel,215.3265306122449,7.148390713714405,207,237,1869.6530612244899,7.66091547077373,1856,1885,49
hrrr_gf_debug_intel,wcoss2,intel,346.60869565217394,16.169213903615393,335,444,1175.3478260869565,39.30576287478812,1093,1199,46
