test_name,machine,compiler,core_mean,core_std,core_min,core_max,mem_mean,mem_std,mem_min,mem_max,n_hashes
hrrr_control_restart_gnu,derecho,gnu,141.76923076923077,1.7390490211537148,139,145,693.6666666666666,1.1081832770072702,690,695,39
hrrr_control_restart_gnu,hera,gnu,183.47619047619048,12.60800954797801,178,238,684.5238095238095,3.919426585854701,676,696,21
hrrr_control_restart_gnu,hercules,gnu,137.22916666666666,15.773988261494264,127,193,14583.708333333334,96407.61245853812,664,668600,48
hrrr_control_restart_gnu,ursa,gnu,135.38,90.62118732303576,105,601,575.72,2.4078104203629,568,579,50
