test_name,machine,compiler,core_mean,core_std,core_min,core_max,mem_mean,mem_std,mem_min,mem_max,n_hashes
hrrr_gf_debug_intel,acorn,intel,338.3404255319149,6.172437316302327,323,354,1195.0425531914893,3.092469442459214,1188,1200,47
hrrr_gf_debug_intel,derecho,intel,281.9310344827586,4.674635466939473,275,296,205051.5172413793,454550.7611772639,1178,1185712,29
hrrr_gf_debug_intel,gaeac6,intel,200.8695652173913,2.8952735096450213,194,210,91760.76086956522,297204.2879170401,1030,1045216,46
hrrr_gf_debug_intel,hera,intel,302.9375,25.465375951287786,283,425,1304.6041666666667,52.26761724104867,1204,1350,48
hrrr_gf_debug_intel,hercules,intel,264.265306122449,53.35680818407185,235,618,812757.2653061225,597638.3870572982,1229,1255604,49
hrrr_gf_debug_intel,orion,intel,304.7708333333333,27.046248478071583,284,458,76982.89583333333,296537.9438071491,1210,1214676,48
hrrr_gf_debug_intel,ursa,intel,227.76470588235293,47.413115960274,209,485,56930.382352941175,321027.7598269596,1864,1873772,34
hrrr_gf_debug_intel,wcoss2,intel,345.51063829787233,9.806546926783007,330,393,1192.0,4.418341219330529,1179,1200,47
