test_name,machine,compiler,core_mean,core_std,core_min,core_max,mem_mean,mem_std,mem_min,mem_max,n_hashes
hrrr_control_debug_dyn32_phy32_intel,acorn,intel,323.3829787234043,6.455712642065834,312,340,1070.723404255319,2.4821285365901704,1065,1075,47
hrrr_control_debug_dyn32_phy32_intel,derecho,intel,269.46153846153845,4.465250445211512,263,278,204540.76923076922,425266.93827254494,1052,1061688,26
hrrr_control_debug_dyn32_phy32_intel,gaeac6,intel,193.3695652173913,10.060613402222826,185,255,80853.82608695653,261884.89536217615,904,922368,46
hrrr_control_debug_dyn32_phy32_intel,hera,intel,311.3125,132.11361265568425,273,1190,1193.125,50.61394349974866,1077,1227,48
hrrr_control_debug_dyn32_phy32_intel,hercules,intel,282.6734693877551,102.65971048304482,229,815,662886.8163265307,555282.6889881432,1108,1131432,49
hrrr_control_debug_dyn32_phy32_intel,orion,intel,298.6041666666667,45.8655479952851,274,568,69426.25,267481.2356740626,1085,1112704,48
hrrr_control_debug_dyn32_phy32_intel,ursa,intel,206.8918918918919,15.903849610469555,198,271,48608.75675675676,285037.44849321555,1741,1735564,37
hrrr_control_debug_dyn32_phy32_intel,wcoss2,intel,334.6170212765957,20.429681296849484,314,436,1070.2978723404256,4.563155342413938,1054,1077,47
