test_name,machine,compiler,core_mean,core_std,core_min,core_max,mem_mean,mem_std,mem_min,mem_max,n_hashes
hrrr_control_2threads_intel,acorn,intel,200.15217391304347,4.623454174360924,191,208,1073.5217391304348,5.023231055958523,1067,1087,46
hrrr_control_2threads_intel,derecho,intel,325.6,4.666526608542515,318,335,1032.1714285714286,4.154980811774999,1021,1042,35
hrrr_control_2threads_intel,gaeac6,intel,166.7659574468085,52.766183491503526,155,520,140039.87234042553,923875.2988192115,919,6339032,47
hrrr_control_2threads_intel,hera,intel,268.25,24.427799559197897,223,289,1165.5833333333333,7.694812858512935,1145,1181,24
hrrr_control_2threads_intel,hercules,intel,243.80851063829786,13.503040394944138,206,264,25429.23404255319,166500.41688003857,1128,1142612,47
hrrr_control_2threads_intel,orion,intel,253.58695652173913,5.48361635320878,251,283,25364.891304347828,164523.51649917586,1083,1116960,46
hrrr_control_2threads_intel,ursa,intel,115.48979591836735,3.367259326833865,111,134,1161.0,2.730994934695648,1152,1166,49
hrrr_control_2threads_intel,wcoss2,intel,212.36170212765958,21.595516374344015,194,322,1031.6808510638298,51.65315192326388,973,1092,47
