test_name,machine,compiler,core_mean,core_std,core_min,core_max,mem_mean,mem_std,mem_min,mem_max,n_hashes
hrrr_control_debug_gnu,hera,gnu,158.70833333333334,29.59582944550424,146,330,954.0208333333334,30.294644975381317,835,982,48
hrrr_control_debug_gnu,hercules,gnu,129.75510204081633,35.647890664715874,113,322,627993.1224489796,462875.7486177956,943,1085864,49
hrrr_control_debug_gnu,ursa,gnu,111.26470588235294,17.809273756362312,103,207,26214.617647058825,147827.95025996098,861,862840,34
