test_name,machine,compiler,core_mean,core_std,core_min,core_max,mem_mean,mem_std,mem_min,mem_max,n_hashes
hrrr_control_2threads_dyn32_phy32_gnu,derecho,gnu,385.86046511627904,5.4405067837683925,379,401,853.7441860465116,2.6103550502512363,841,857,43
hrrr_control_2threads_dyn32_phy32_gnu,hera,gnu,429.8235294117647,5.22296963084278,422,442,840.9411764705883,2.511737153726821,837,847,17
hrrr_control_2threads_dyn32_phy32_gnu,hercules,gnu,242.58333333333334,33.6571154206613,204,365,18084.0625,119544.22125090519,819,829056,48
hrrr_control_2threads_dyn32_phy32_gnu,ursa,gnu,145.46,4.234021584204574,141,159,726.2,1.324802642213676,724,729,50
