test_name,machine,compiler,core_mean,core_std,core_min,core_max,mem_mean,mem_std,mem_min,mem_max,n_hashes
hrrr_control_decomp_intel,acorn,intel,229.52173913043478,6.575169217711861,220,248,1006.2391304347826,2.8377203887682545,997,1012,46
hrrr_control_decomp_intel,derecho,intel,195.2173913043478,3.383872468840324,191,201,960.695652173913,1.0195713274213032,959,962,23
hrrr_control_decomp_intel,gaeac6,intel,147.67391304347825,6.660178001712322,140,172,141634.86956521738,934152.23560523,851,6339604,46
hrrr_control_decomp_intel,hera,intel,210.57142857142858,15.21470982168188,200,248,1150.3714285714286,7.063100944909654,1139,1165,35
hrrr_control_decomp_intel,hercules,intel,178.2608695652174,17.94861156203541,165,231,1057.4782608695652,6.192250104175192,1042,1074,46
hrrr_control_decomp_intel,orion,intel,252.04444444444445,5.477041153577333,246,269,1029.9333333333334,3.90454280876198,1022,1040,45
hrrr_control_decomp_intel,ursa,intel,165.16326530612244,92.244996914642,142,795,1705.2857142857142,16.19670748434179,1682,1781,49
hrrr_control_decomp_intel,wcoss2,intel,250.06521739130434,37.42868904042759,221,417,989.4347826086956,40.87794959736882,910,1016,46
