test_name,machine,compiler,core_mean,core_std,core_min,core_max,mem_mean,mem_std,mem_min,mem_max,n_hashes
hrrr_control_restart_dyn32_phy32_intel,acorn,intel,109.2127659574468,3.387548621263558,104,116,723.3191489361702,2.1069902599671515,719,727,47
hrrr_control_restart_dyn32_phy32_intel,derecho,intel,104.48275862068965,2.5301141935715687,102,113,726.5862068965517,1.4272161058535928,724,729,29
hrrr_control_restart_dyn32_phy32_intel,gaeac6,intel,70.31914893617021,3.304189586746178,66,84,139262.72340425532,924076.5749449484,612,6339596,47
hrrr_control_restart_dyn32_phy32_intel,hera,intel,98.56666666666666,2.686920212787321,96,109,1049.5333333333333,5.643020304847392,1039,1060,30
hrrr_control_restart_dyn32_phy32_intel,hercules,intel,91.04255319148936,9.728839795899773,82,121,971.0851063829788,13.165881114908906,941,998,47
hrrr_control_restart_dyn32_phy32_intel,orion,intel,123.30434782608695,2.3273214476674546,120,131,881.4130434782609,4.810063926378256,870,893,46
hrrr_control_restart_dyn32_phy32_intel,ursa,intel,116.22448979591837,117.89601090687971,67,491,1636.8367346938776,30.943730476177436,1576,1724,49
hrrr_control_restart_dyn32_phy32_intel,wcoss2,intel,113.97872340425532,7.182373840663619,104,133,693.9148936170212,45.72404456758888,627,730,47
