test_name,machine,compiler,core_mean,core_std,core_min,core_max,mem_mean,mem_std,mem_min,mem_max,n_hashes
hrrr_control_restart_dyn32_phy32_gnu,hera,gnu,162.59183673469389,18.11987670964648,153,259,633.1020408163265,49.04175300103946,528,664,49
hrrr_control_restart_dyn32_phy32_gnu,hercules,gnu,132.14,22.89729509022801,121,256,530480.04,311351.8711926125,641,874168,50
hrrr_control_restart_dyn32_phy32_gnu,ursa,gnu,122.03571428571429,93.70698307622905,99,596,20421.714285714286,105117.91139366875,553,556788,28
