test_name,machine,compiler,core_mean,core_std,core_min,core_max,mem_mean,mem_std,mem_min,mem_max,n_hashes
hrrr_control_noqr_gnu,derecho,gnu,254.53846153846155,16.51068030405059,246,309,935.3076923076923,1.2506408613597213,934,938,13
hrrr_control_noqr_gnu,hera,gnu,343.0444444444444,3.133075424588682,339,351,935.1333333333333,3.3817693056096436,929,943,45
hrrr_control_noqr_gnu,hercules,gnu,269.82608695652175,63.877070950668326,236,630,921.3260869565217,3.615118549315359,915,928,46
hrrr_control_noqr_gnu,ursa,gnu,226.0408163265306,135.02838577864432,197,1128,837.4489795918367,3.1162291882564013,834,843,49
