test_name,machine,compiler,core_mean,core_std,core_min,core_max,mem_mean,mem_std,mem_min,mem_max,n_hashes
hrrr_control_restart_dyn32_phy32_gnu,hera,gnu,160.69387755102042,18.02221323999989,153,259,657.265306122449,4.319411178062364,647,677,49
hrrr_control_restart_dyn32_phy32_gnu,hercules,gnu,135.73469387755102,26.37847568742054,121,256,303793.85714285716,325659.14634738624,640,652456,49
hrrr_control_restart_dyn32_phy32_gnu,ursa,gnu,120.97674418604652,83.74208942657354,99,596,13492.209302325582,84824.49401349605,553,556788,43
