test_name,machine,compiler,core_mean,core_std,core_min,core_max,mem_mean,mem_std,mem_min,mem_max,n_hashes
hrrr_control_restart_noqr_gnu,hera,gnu,186.20833333333334,34.47228818170139,175,389,771.0208333333334,2.496717703461881,763,776,48
hrrr_control_restart_noqr_gnu,hercules,gnu,141.16326530612244,72.29953519294328,122,606,372267.7755102041,383102.7558849401,755,764888,49
hrrr_control_restart_noqr_gnu,ursa,gnu,124.64285714285714,88.78524966170502,102,677,16533.5,102821.6141672723,661,667028,42
