test_name,machine,compiler,core_mean,core_std,core_min,core_max,mem_mean,mem_std,mem_min,mem_max,n_hashes
hrrr_control_intel,acorn,intel,222.7659574468085,7.040913867184174,209,242,1007.3617021276596,2.2207081901647707,1002,1011,47
hrrr_control_intel,derecho,intel,189.96296296296296,3.1923162736300443,185,197,958.925925925926,2.5709310783617902,947,961,27
hrrr_control_intel,gaeac6,intel,141.51063829787233,3.9058058258106185,135,155,139105.53191489363,924100.4950400677,851,6339600,47
hrrr_control_intel,hera,intel,198.375,10.594429455325614,192,238,1161.625,7.477924500736205,1152,1178,32
hrrr_control_intel,hercules,intel,170.61702127659575,17.45622250023751,159,255,1084.1489361702127,11.577674774819391,1067,1116,47
hrrr_control_intel,orion,intel,244.69565217391303,5.223321911144245,238,263,1035.9347826086957,4.378747532307714,1022,1044,46
hrrr_control_intel,ursa,intel,201.08163265306123,170.76077768995697,139,771,1784.8775510204082,54.126253893505485,1748,1969,49
hrrr_control_intel,wcoss2,intel,239.63829787234042,27.136871701348152,218,394,979.0425531914893,43.474108959945845,911,1012,47
