test_name,machine,compiler,core_mean,core_std,core_min,core_max,mem_mean,mem_std,mem_min,mem_max,n_hashes
hrrr_control_decomp_intel,acorn,intel,237.19148936170214,7.485168807809614,220,250,1007.4042553191489,2.833492041772175,997,1012,47
hrrr_control_decomp_intel,derecho,intel,197.4,3.3730961708462766,191,203,299937.2,481359.80608983594,959,998600,10
hrrr_control_decomp_intel,gaeac6,intel,152.2608695652174,7.77584517052278,140,172,139137.23913043478,934526.0022907679,851,6339604,46
hrrr_control_decomp_intel,hera,intel,227.89583333333334,21.913019139347686,200,252,1152.0833333333333,6.610222043244381,1139,1168,48
hrrr_control_decomp_intel,hercules,intel,199.3695652173913,25.231689682841434,165,258,207722.04347826086,423659.38594152924,1046,1063024,46
hrrr_control_decomp_intel,orion,intel,276.1521739130435,80.56107893774467,246,755,45851.86956521739,212550.93819961877,1019,1037664,46
hrrr_control_decomp_intel,ursa,intel,162.0204081632653,13.857142857142858,142,192,36512.4693877551,243667.5986049012,1682,1707376,49
hrrr_control_decomp_intel,wcoss2,intel,264.27659574468083,45.596387217514796,228,423,1010.5106382978723,3.9113677160049662,1004,1016,47
