test_name,machine,compiler,core_mean,core_std,core_min,core_max,mem_mean,mem_std,mem_min,mem_max,n_hashes
hrrr_control_decomp_gnu,hera,gnu,348.1666666666667,18.453314680431696,339,451,951.25,2.9857819104920393,943,958,48
hrrr_control_decomp_gnu,hercules,gnu,257.9791666666667,56.646154245280776,237,612,373080.5625,464628.05894447083,930,945052,48
hrrr_control_decomp_gnu,ursa,gnu,292.3829787234043,220.97378884417873,196,1296,19056.31914893617,124780.61604865911,849,856308,47
