test_name,machine,compiler,core_mean,core_std,core_min,core_max,mem_mean,mem_std,mem_min,mem_max,n_hashes
hrrr_control_dyn32_phy32_gnu,derecho,gnu,234.8,1.3038404810405295,234,237,807.0,0.7071067811865476,806,808,5
hrrr_control_dyn32_phy32_gnu,hera,gnu,300.9791666666667,3.5699072240959633,297,316,803.2291666666666,3.703015351714782,795,812,48
hrrr_control_dyn32_phy32_gnu,hercules,gnu,261.3478260869565,93.45806365336139,226,764,103874.60869565218,269107.18503447063,782,793568,46
hrrr_control_dyn32_phy32_gnu,ursa,gnu,207.0204081632653,116.06113507470937,184,1002,15232.57142857143,101650.41668097906,707,712264,49
