test_name,machine,compiler,core_mean,core_std,core_min,core_max,mem_mean,mem_std,mem_min,mem_max,n_hashes
hrrr_control_2threads_gnu,derecho,gnu,413.7368421052632,8.620660617010978,409,448,1020.3684210526316,1.2115429242540083,1018,1022,19
hrrr_control_2threads_gnu,hera,gnu,438.5128205128205,44.06685817259699,394,494,1004.6153846153846,5.9675234421314425,996,1019,39
hrrr_control_2threads_gnu,hercules,gnu,228.7608695652174,24.14050057716166,208,296,992.6304347826087,5.539188450996435,987,1003,46
hrrr_control_2threads_gnu,ursa,gnu,155.3265306122449,2.5526763332990363,152,162,892.3877551020408,6.023621303289419,886,903,49
