test_name,machine,compiler,core_mean,core_std,core_min,core_max,mem_mean,mem_std,mem_min,mem_max,n_hashes
hrrr_control_restart_dyn32_phy32_gnu,derecho,gnu,134.10526315789474,2.1054093516491474,132,139,673.8421052631579,0.6882472016117007,673,675,19
hrrr_control_restart_dyn32_phy32_gnu,hera,gnu,158.0,2.910959328215753,155,171,657.5384615384615,4.5005622680666235,650,677,39
hrrr_control_restart_dyn32_phy32_gnu,hercules,gnu,131.6304347826087,16.410509770201358,121,200,644.0434782608696,2.3847340568162028,640,648,46
hrrr_control_restart_dyn32_phy32_gnu,ursa,gnu,149.59183673469389,164.7418331773671,99,869,556.204081632653,1.428571428571449,553,559,49
