test_name,machine,compiler,core_mean,core_std,core_min,core_max,mem_mean,mem_std,mem_min,mem_max,n_hashes
hrrr_control_intel,acorn,intel,222.6,7.958414643405028,209,243,1006.0222222222222,4.008450669233377,996,1011,45
hrrr_control_intel,derecho,intel,191.19565217391303,3.363989465021102,185,200,958.6086956521739,2.245768968720886,947,961,46
hrrr_control_intel,gaeac6,intel,144.17777777777778,4.190296631336003,138,161,6338.644444444444,0.48409031630828636,6338,6339,45
hrrr_control_intel,hera,intel,195.66666666666666,2.2509257354845436,194,200,1155.6666666666667,2.3380903889000106,1154,1160,6
hrrr_control_intel,hercules,intel,172.82978723404256,17.59485985826563,160,255,24061.702127659573,157496.78656002934,1067,1080832,47
hrrr_control_intel,orion,intel,248.1304347826087,17.422346691855488,241,361,23469.521739130436,152129.54233864698,1022,1032832,46
hrrr_control_intel,ursa,intel,239.42,209.94577434010264,139,771,1804.96,81.30465759683618,1747,2039,50
hrrr_control_intel,wcoss2,intel,231.30612244897958,8.312149946595884,218,256,927.7142857142857,34.70710782150148,901,1008,49
