test_name,machine,compiler,core_mean,core_std,core_min,core_max,mem_mean,mem_std,mem_min,mem_max,n_hashes
hrrr_c3_debug_gnu,derecho,gnu,161.34782608695653,8.281753414194762,155,212,962.5652173913044,1.9849676617913328,958,968,46
hrrr_c3_debug_gnu,hera,gnu,154.625,5.208166663999911,149,163,954.125,8.887189817773804,936,964,8
hrrr_c3_debug_gnu,hercules,gnu,126.40425531914893,8.045143213436251,114,149,20988.957446808512,137421.75190219234,932,943060,47
hrrr_c3_debug_gnu,ursa,gnu,141.62,118.65588902368054,106,828,865.22,8.883118591934245,858,885,50
