test_name,machine,compiler,core_mean,core_std,core_min,core_max,mem_mean,mem_std,mem_min,mem_max,n_hashes
hrrr_gf_debug_intel,acorn,intel,341.1063829787234,6.245812658348164,332,367,1189.468085106383,3.1474700939960187,1184,1197,47
hrrr_gf_debug_intel,derecho,intel,300.0,5.299371031861557,292,314,1130.76,1.614517471775026,1128,1133,25
hrrr_gf_debug_intel,gaeac6,intel,205.93617021276594,3.565561455386369,195,217,138942.78723404257,924119.2887004674,1027,6339564,47
hrrr_gf_debug_intel,hera,intel,294.11764705882354,3.470784610293725,287,301,1339.9117647058824,3.964751106551128,1328,1346,34
hrrr_gf_debug_intel,hercules,intel,264.8510638297872,20.364054780532587,243,319,1237.340425531915,5.584437209372223,1227,1247,47
hrrr_gf_debug_intel,orion,intel,298.89130434782606,11.167867121283603,286,359,1210.5652173913043,5.9053729731230025,1200,1225,46
hrrr_gf_debug_intel,ursa,intel,221.87755102040816,46.94528404299575,207,540,1868.7755102040817,6.976942101553946,1856,1885,49
hrrr_gf_debug_intel,wcoss2,intel,346.29787234042556,16.05278642156532,335,444,1169.3829787234042,43.100768272931404,1093,1199,47
