test_name,machine,compiler,core_mean,core_std,core_min,core_max,mem_mean,mem_std,mem_min,mem_max,n_hashes
hrrr_control_2threads_intel,acorn,intel,329.5208333333333,135.98560461725558,204,492,1079.5625,5.921135062260617,1070,1096,48
hrrr_control_2threads_intel,derecho,intel,344.08,2.548201980482185,339,348,214193.8,435030.11658389814,1062,1071584,25
hrrr_control_2threads_intel,gaeac6,intel,174.9787234042553,4.188438339784828,154,191,81012.44680851063,265373.0179199615,928,945160,47
hrrr_control_2threads_intel,hera,intel,266.5208333333333,22.044432484101286,225,369,1159.8541666666667,18.87246061072976,1106,1183,48
hrrr_control_2threads_intel,hercules,intel,269.6530612244898,152.90922566188414,202,1308,629856.693877551,573417.3626462087,1135,1155292,49
hrrr_control_2threads_intel,orion,intel,331.2040816326531,82.3789464385563,247,683,69861.42857142857,271985.3621429684,1101,1135032,49
hrrr_control_2threads_intel,ursa,intel,194.6153846153846,113.0192380886442,116,437,31375.76923076923,188093.52055986202,1166,1175900,39
hrrr_control_2threads_intel,wcoss2,intel,349.1041666666667,128.32028406069884,201,496,1082.0416666666667,8.44496156809034,1062,1096,48
