test_name,machine,compiler,core_mean,core_std,core_min,core_max,mem_mean,mem_std,mem_min,mem_max,n_hashes
hrrr_control_debug_gnu,derecho,gnu,159.68,10.3791457580413,154,207,959.72,1.9476481543988868,956,965,25
hrrr_control_debug_gnu,hera,gnu,149.76470588235293,2.4991977322358485,146,155,957.0,4.25690170443396,949,968,34
hrrr_control_debug_gnu,hercules,gnu,125.04255319148936,24.516150352820674,113,277,942.1489361702128,3.2368712980569994,937,949,47
hrrr_control_debug_gnu,ursa,gnu,120.77551020408163,40.902967142842286,104,287,857.2244897959183,2.725384576245168,854,864,49
