test_name,machine,compiler,core_mean,core_std,core_min,core_max,mem_mean,mem_std,mem_min,mem_max,n_hashes
hrrr_control_dyn32_phy32_intel,acorn,intel,190.06521739130434,6.301330278998579,182,204,885.1521739130435,2.128822223195492,880,891,46
hrrr_control_dyn32_phy32_intel,derecho,intel,169.1818181818182,5.534621453363777,164,187,841.4090909090909,1.18156840517335,839,843,22
hrrr_control_dyn32_phy32_intel,gaeac6,intel,124.93478260869566,5.148471936897792,119,148,141462.26086956522,934176.6462594259,730,6339592,46
hrrr_control_dyn32_phy32_intel,hera,intel,182.27777777777777,10.291775110282734,175,208,1100.3333333333333,9.582722547823783,1082,1124,36
hrrr_control_dyn32_phy32_intel,hercules,intel,163.84782608695653,22.783978182831657,145,235,1039.5217391304348,15.83208995880733,1003,1068,46
hrrr_control_dyn32_phy32_intel,orion,intel,220.6,4.919349550499543,214,236,926.0444444444445,5.795592194839893,915,936,45
hrrr_control_dyn32_phy32_intel,ursa,intel,138.20408163265307,57.83380628715236,122,501,1715.6938775510205,13.432243672150522,1697,1748,49
hrrr_control_dyn32_phy32_intel,wcoss2,intel,210.2173913043478,65.5302858034964,183,583,869.3260869565217,37.19262432724846,788,894,46
