test_name,machine,compiler,core_mean,core_std,core_min,core_max,mem_mean,mem_std,mem_min,mem_max,n_hashes
hrrr_control_dyn32_phy32_intel,acorn,intel,194.31914893617022,7.486528141119253,183,206,885.5531914893617,2.47428962698122,880,891,47
hrrr_control_dyn32_phy32_intel,derecho,intel,167.45454545454547,2.73362895666682,164,172,842.3636363636364,0.5045249791095092,842,843,11
hrrr_control_dyn32_phy32_intel,gaeac6,intel,126.8913043478261,6.3882818447166425,119,148,140123.91304347827,934377.6292399565,730,6339592,46
hrrr_control_dyn32_phy32_intel,hera,intel,187.91666666666666,13.306266853954678,175,209,1099.2291666666667,8.706171895730817,1082,1124,48
hrrr_control_dyn32_phy32_intel,hercules,intel,167.08695652173913,20.789768944209627,146,235,23250.739130434784,150662.56763088313,1008,1022880,46
hrrr_control_dyn32_phy32_intel,orion,intel,224.58695652173913,13.267464108288904,214,306,926.3695652173913,5.8437381325927955,915,937,46
hrrr_control_dyn32_phy32_intel,ursa,intel,142.0,57.341448069146864,122,501,1713.8163265306123,13.14450688403676,1697,1748,49
hrrr_control_dyn32_phy32_intel,wcoss2,intel,225.12765957446808,75.4495561462372,187,583,886.8297872340426,4.42973720359087,875,894,47
