test_name,machine,compiler,core_mean,core_std,core_min,core_max,mem_mean,mem_std,mem_min,mem_max,n_hashes
hrrr_control_noqr_gnu,derecho,gnu,249.375,1.9226098333849722,246,252,935.625,1.3024701806293257,934,938,8
hrrr_control_noqr_gnu,hera,gnu,343.0833333333333,3.0445859400088175,339,351,935.6458333333334,3.436286858789144,929,943,48
hrrr_control_noqr_gnu,hercules,gnu,269.9782608695652,65.09360409968087,236,630,81415.43478260869,263711.1892783595,915,926780,46
hrrr_control_noqr_gnu,ursa,gnu,225.51020408163265,135.1203356347253,197,1128,838.3469387755102,3.3326104658371127,834,843,49
