test_name,machine,compiler,core_mean,core_std,core_min,core_max,mem_mean,mem_std,mem_min,mem_max,n_hashes
hrrr_control_restart_dyn32_phy32_gnu,hera,gnu,160.875,18.191212515001787,153,259,656.3333333333334,4.229246365807385,642,664,48
hrrr_control_restart_dyn32_phy32_gnu,hercules,gnu,135.18367346938774,26.346784646793047,121,256,356730.2653061224,324764.8053711187,640,652456,49
hrrr_control_restart_dyn32_phy32_gnu,ursa,gnu,122.74358974358974,87.83139288573483,99,596,14818.948717948719,89068.3063410941,553,556788,39
