test_name,machine,compiler,core_mean,core_std,core_min,core_max,mem_mean,mem_std,mem_min,mem_max,n_hashes
hrrr_control_restart_noqr_gnu,derecho,gnu,139.38888888888889,1.4608172124207,138,144,780.9444444444445,1.3920878193318265,778,783,18
hrrr_control_restart_noqr_gnu,hera,gnu,178.775,2.1660255461713036,175,185,767.8,3.3680246055499463,761,774,40
hrrr_control_restart_noqr_gnu,hercules,gnu,139.02173913043478,27.812458543637344,122,292,752.6739130434783,3.7597538207003964,748,760,46
hrrr_control_restart_noqr_gnu,ursa,gnu,117.16326530612245,43.431146148614516,104,350,664.5918367346939,2.783271211983463,661,670,49
