test_name,machine,compiler,core_mean,core_std,core_min,core_max,mem_mean,mem_std,mem_min,mem_max,n_hashes
hrrr_control_decomp_dyn32_phy32_intel,acorn,intel,209.39583333333334,6.433752696433498,191,223,886.6666666666666,2.9197299010414373,881,891,48
hrrr_control_decomp_dyn32_phy32_intel,derecho,intel,175.72727272727272,1.453462800540194,174,179,199333.18181818182,374550.6952599069,871,875728,22
hrrr_control_decomp_dyn32_phy32_intel,gaeac6,intel,136.6595744680851,3.2987256811280834,127,144,64259.574468085106,210502.5240449464,727,751680,47
hrrr_control_decomp_dyn32_phy32_intel,hera,intel,221.52083333333334,26.681725025841363,186,329,1020.1041666666666,32.56367875039399,927,1045,48
hrrr_control_decomp_dyn32_phy32_intel,hercules,intel,212.57142857142858,131.67146615725065,154,1082,485767.3469387755,499982.90236011037,977,1024904,49
hrrr_control_decomp_dyn32_phy32_intel,orion,intel,273.6938775510204,106.76652957146587,226,665,56660.28571428572,220569.26105704304,903,915280,49
hrrr_control_decomp_dyn32_phy32_intel,ursa,intel,186.71428571428572,133.2366839023031,127,751,41705.97619047619,259494.23671174125,1633,1683380,42
hrrr_control_decomp_dyn32_phy32_intel,wcoss2,intel,226.08333333333334,38.491133730854486,197,443,889.7708333333334,5.7101610937268426,873,896,48
