test_name,machine,compiler,core_mean,core_std,core_min,core_max,mem_mean,mem_std,mem_min,mem_max,n_hashes
hrrr_control_noqr_gnu,derecho,gnu,250.5,1.0000000000000022,250,252,935.75,0.5,935,936,4
hrrr_control_noqr_gnu,hera,gnu,342.9791666666667,3.063092466934817,339,351,936.0208333333334,3.3801018701337684,929,943,48
hrrr_control_noqr_gnu,hercules,gnu,266.3695652173913,65.3722192765405,236,630,141831.80434782608,336276.4973798674,915,927840,46
hrrr_control_noqr_gnu,ursa,gnu,225.0408163265306,135.2049307507671,195,1128,17977.836734693876,119972.73218568371,834,840648,49
