test_name,machine,compiler,core_mean,core_std,core_min,core_max,mem_mean,mem_std,mem_min,mem_max,n_hashes
hrrr_control_dyn32_phy32_intel,acorn,intel,199.54166666666666,6.270356918591243,183,210,886.3541666666666,1.9731127080998996,881,891,48
hrrr_control_dyn32_phy32_intel,derecho,intel,167.52941176470588,1.624717169956965,165,171,257883.82352941178,410416.292647818,871,878044,17
hrrr_control_dyn32_phy32_intel,gaeac6,intel,129.40425531914894,5.0676277550575595,119,141,64268.85106382979,210535.1541145624,731,749244,47
hrrr_control_dyn32_phy32_intel,hera,intel,205.875,30.743015120892142,176,322,1097.1041666666667,8.580630298064188,1080,1124,48
hrrr_control_dyn32_phy32_intel,hercules,intel,174.375,17.849995530126385,147,235,386686.9791666667,503186.8708824251,1008,1053656,48
hrrr_control_dyn32_phy32_intel,orion,intel,248.95833333333334,82.75880317855075,214,595,39104.770833333336,185050.0252626633,915,919372,48
hrrr_control_dyn32_phy32_intel,ursa,intel,149.89583333333334,57.06183267497593,122,501,37038.958333333336,244737.9010528261,1698,1697308,48
hrrr_control_dyn32_phy32_intel,wcoss2,intel,225.70833333333334,68.08191509586499,190,583,888.125,5.229315890329344,875,895,48
