test_name,machine,compiler,core_mean,core_std,core_min,core_max,mem_mean,mem_std,mem_min,mem_max,n_hashes
hrrr_gf_debug_intel,acorn,intel,337.1666666666667,6.761383886212774,320,354,1195.1875,3.0850100865381562,1188,1200,48
hrrr_gf_debug_intel,derecho,intel,281.84375,4.515988621089119,275,296,185939.59375,436194.9799772411,1178,1185712,32
hrrr_gf_debug_intel,gaeac6,intel,200.74468085106383,2.77776955492667,194,210,89830.9574468085,294253.62791690277,1035,1045216,47
hrrr_gf_debug_intel,hera,intel,303.7142857142857,24.998333277774073,287,425,1296.9795918367347,56.7275982936285,1198,1350,49
hrrr_gf_debug_intel,hercules,intel,265.1,52.75366318647299,235,618,871373.58,575439.7437770949,1229,1255604,50
hrrr_gf_debug_intel,orion,intel,305.3469387755102,27.18037820163056,284,458,75436.36734693877,293632.37879714585,1210,1214676,49
hrrr_gf_debug_intel,ursa,intel,229.09677419354838,49.51589296290615,209,485,62257.709677419356,336202.8236427324,1864,1873772,31
hrrr_gf_debug_intel,wcoss2,intel,345.2291666666667,9.765853632075427,330,393,1191.9166666666667,4.266810724518397,1179,1200,48
