test_name,machine,compiler,core_mean,core_std,core_min,core_max,mem_mean,mem_std,mem_min,mem_max,n_hashes
hrrr_control_decomp_intel,acorn,intel,239.875,6.812457300276105,222,250,1009.2083333333334,2.9460274971873237,1005,1015,48
hrrr_control_decomp_intel,derecho,intel,198.71875,2.3173173449960207,195,203,156542.9375,367233.8025796274,990,998600,32
hrrr_control_decomp_intel,gaeac6,intel,155.7659574468085,1.6446588909907873,152,160,74799.63829787234,245019.50772952448,852,873028,47
hrrr_control_decomp_intel,hera,intel,252.73469387755102,19.238389908162873,242,357,1116.591836734694,54.460198909902175,1024,1168,49
hrrr_control_decomp_intel,hercules,intel,226.84,59.08705441972887,204,623,742187.32,490126.2268974725,1050,1073024,50
hrrr_control_decomp_intel,orion,intel,310.2857142857143,96.53086725671398,261,755,64069.22448979592,249399.70346549674,1019,1037664,49
hrrr_control_decomp_intel,ursa,intel,171.58064516129033,11.90454869240714,162,205,56727.354838709674,306347.4238024043,1683,1707376,31
hrrr_control_decomp_intel,wcoss2,intel,256.1666666666667,31.735833383848227,235,423,1008.4583333333334,5.319407795119742,997,1015,48
