test_name,machine,compiler,core_mean,core_std,core_min,core_max,mem_mean,mem_std,mem_min,mem_max,n_hashes
hrrr_c3_debug_intel,acorn,intel,344.5833333333333,4.680577039045496,336,356,1192.3125,2.947456530637851,1186,1197,48
hrrr_c3_debug_intel,derecho,intel,281.0,2.645751311064589,277,285,538129.7272727273,616906.3075787263,1182,1185844,11
hrrr_c3_debug_intel,gaeac6,intel,203.25531914893617,2.7855846713297168,198,209,180330.7659574468,942192.598666679,1024,6339568,47
hrrr_c3_debug_intel,hera,intel,294.9375,5.7958394835562,285,305,1337.0625,4.582140399234681,1330,1351,48
hrrr_c3_debug_intel,hercules,intel,265.4375,29.615914532849054,239,407,337360.7083333333,557359.6234019506,1225,1251952,48
hrrr_c3_debug_intel,orion,intel,298.2083333333333,10.892039516210689,286,343,51614.375,244256.69785294854,1200,1215644,48
hrrr_c3_debug_intel,ursa,intel,229.87755102040816,61.00568028643632,209,558,40137.510204081635,267860.61316803395,1857,1876896,49
hrrr_c3_debug_intel,wcoss2,intel,351.2291666666667,15.167489845948484,335,416,1193.9166666666667,3.4073346002432223,1186,1199,48
