test_name,machine,compiler,core_mean,core_std,core_min,core_max,mem_mean,mem_std,mem_min,mem_max,n_hashes
hrrr_control_intel,acorn,intel,227.69565217391303,8.570931662615079,209,246,1006.7173913043479,1.869795514408041,1002,1011,46
hrrr_control_intel,derecho,intel,190.07142857142858,3.3846778216019273,185,197,958.0,3.3050078552216693,947,960,14
hrrr_control_intel,gaeac6,intel,148.0222222222222,25.005898294101513,135,306,143667.44444444444,944630.477563282,851,6339600,45
hrrr_control_intel,hera,intel,209.52272727272728,20.53186818079781,192,244,1164.590909090909,8.150668917671673,1152,1178,44
hrrr_control_intel,hercules,intel,180.41304347826087,20.583246787355453,159,212,1085.7391304347825,12.122403103544698,1069,1116,46
hrrr_control_intel,orion,intel,249.33333333333334,9.062911432666859,238,266,1037.3777777777777,5.737788966337269,1022,1050,45
hrrr_control_intel,ursa,intel,186.3673469387755,137.6144514391492,139,771,1781.6938775510205,45.329903706802924,1748,1969,49
hrrr_control_intel,wcoss2,intel,253.65217391304347,45.55690819247911,220,477,1005.1521739130435,14.256331757120467,913,1012,46
