test_name,machine,compiler,core_mean,core_std,core_min,core_max,mem_mean,mem_std,mem_min,mem_max,n_hashes
hrrr_control_decomp_dyn32_phy32_intel,acorn,intel,209.70833333333334,6.126184933869657,191,223,886.4791666666666,2.9892686313469077,881,891,48
hrrr_control_decomp_dyn32_phy32_intel,derecho,intel,175.6086956521739,1.5296800151066374,173,179,190704.91304347827,368271.3230801088,871,875728,23
hrrr_control_decomp_dyn32_phy32_intel,gaeac6,intel,136.85106382978722,2.9707174027735395,128,144,64259.82978723404,210502.44533427522,727,751680,47
hrrr_control_decomp_dyn32_phy32_intel,hera,intel,222.35416666666666,26.16843118683544,186,329,1017.9375,34.798756550296396,927,1045,48
hrrr_control_decomp_dyn32_phy32_intel,hercules,intel,213.22448979591837,131.46930334145853,154,1082,505907.0,499925.05679151556,977,1024904,49
hrrr_control_decomp_dyn32_phy32_intel,orion,intel,273.83673469387753,106.70878340503332,226,665,56660.204081632655,220569.28211854614,903,915280,49
hrrr_control_decomp_dyn32_phy32_intel,ursa,intel,188.17073170731706,134.5529454228008,127,751,42682.60975609756,262639.7317693839,1633,1683380,41
hrrr_control_decomp_dyn32_phy32_intel,wcoss2,intel,225.41666666666666,38.291620845171266,197,443,889.3541666666666,6.11064499619343,873,896,48
