test_name,machine,compiler,core_mean,core_std,core_min,core_max,mem_mean,mem_std,mem_min,mem_max,n_hashes
hrrr_control_gnu,derecho,gnu,251.66666666666666,5.9841059323447645,248,272,951.4,1.8047556225547126,949,955,15
hrrr_control_gnu,hera,gnu,344.7906976744186,3.334938705332951,339,353,947.9302325581396,3.5949392261715247,942,955,43
hrrr_control_gnu,hercules,gnu,269.2391304347826,63.607890769274384,238,635,934.4782608695652,3.9929890248605546,928,944,46
hrrr_control_gnu,ursa,gnu,236.85714285714286,164.75828254344805,198,1033,851.3061224489796,3.6182643262611447,838,856,49
