test_name,machine,compiler,core_mean,core_std,core_min,core_max,mem_mean,mem_std,mem_min,mem_max,n_hashes
hrrr_control_decomp_dyn32_phy32_intel,acorn,intel,198.38636363636363,7.402752188052549,183,225,889.3181818181819,2.0660345938336593,885,893,44
hrrr_control_decomp_dyn32_phy32_intel,derecho,intel,176.3181818181818,2.456815174851915,172,183,842.25,1.686126702182842,837,845,44
hrrr_control_decomp_dyn32_phy32_intel,gaeac6,intel,131.61702127659575,2.6747872039648257,128,144,6338.744680851064,0.44075454602613723,6338,6339,47
hrrr_control_decomp_dyn32_phy32_intel,hera,intel,187.28571428571428,1.8575654633281296,186,191,1038.0,7.864232565619774,1020,1045,14
hrrr_control_decomp_dyn32_phy32_intel,hercules,intel,174.7391304347826,33.21407652226769,153,356,22743.08695652174,147511.8963550362,979,1001468,46
hrrr_control_decomp_dyn32_phy32_intel,orion,intel,231.2,6.4968523847391575,226,262,21135.2,135657.08096932567,905,910928,45
hrrr_control_decomp_dyn32_phy32_intel,ursa,intel,213.84,188.11615603999917,125,732,1671.68,44.51573443452217,1626,1848,50
hrrr_control_decomp_dyn32_phy32_intel,wcoss2,intel,198.52083333333334,5.359380653854304,191,214,826.625,43.66586134279864,784,893,48
