test_name,machine,compiler,core_mean,core_std,core_min,core_max,mem_mean,mem_std,mem_min,mem_max,n_hashes
hrrr_control_2threads_gnu,derecho,gnu,413.8333333333333,8.860022573334678,409,448,1020.3333333333334,1.2366938848016613,1018,1022,18
hrrr_control_2threads_gnu,hera,gnu,437.475,43.990667716617416,394,494,1004.8,6.005126015458634,996,1019,40
hrrr_control_2threads_gnu,hercules,gnu,228.95652173913044,24.029571154206486,208,296,992.9130434782609,5.679695167706461,987,1003,46
hrrr_control_2threads_gnu,ursa,gnu,155.30612244897958,2.5674572508016253,152,162,892.6326530612245,6.1667585946449215,886,903,49
