test_name,machine,compiler,core_mean,core_std,core_min,core_max,mem_mean,mem_std,mem_min,mem_max,n_hashes
hrrr_c3_debug_intel,acorn,intel,345.93617021276594,5.197843429560367,337,367,1191.5106382978724,3.222693583253799,1184,1197,47
hrrr_c3_debug_intel,derecho,intel,300.8181818181818,3.1246818019818168,297,306,1131.6363636363637,1.5666989036012866,1130,1133,11
hrrr_c3_debug_intel,gaeac6,intel,205.32608695652175,3.6881452600104163,199,213,140328.45652173914,934342.8306284989,1024,6339568,46
hrrr_c3_debug_intel,hera,intel,295.1041666666667,5.219601286367809,285,305,1337.8333333333333,4.5957118464811195,1329,1351,48
hrrr_c3_debug_intel,hercules,intel,266.3695652173913,29.5269057683193,239,407,28235.5,183108.51603847134,1225,1243140,46
hrrr_c3_debug_intel,orion,intel,298.04347826086956,6.814874325862115,288,317,1214.195652173913,8.79044826367405,1186,1230,46
hrrr_c3_debug_intel,ursa,intel,229.83673469387756,60.95194382283729,211,558,1870.142857142857,6.925195544772198,1857,1886,49
hrrr_c3_debug_intel,wcoss2,intel,352.0,14.841188280094599,335,416,1193.8085106382978,3.3142531316325266,1186,1199,47
