test_name,machine,compiler,core_mean,core_std,core_min,core_max,mem_mean,mem_std,mem_min,mem_max,n_hashes
hrrr_control_debug_dyn32_phy32_gnu,derecho,gnu,156.70454545454547,8.940577853065372,149,195,815.9090909090909,1.9744670381058753,810,819,44
hrrr_control_debug_dyn32_phy32_gnu,hera,gnu,145.0,2.250925735484545,142,150,809.6875,1.5798206649279227,807,812,16
hrrr_control_debug_dyn32_phy32_gnu,hercules,gnu,124.9375,24.638152605862867,110,266,17376.166666666668,114870.17465157033,791,796640,48
hrrr_control_debug_dyn32_phy32_gnu,ursa,gnu,126.78,52.68399826768454,102,287,717.82,2.79715599004647,715,728,50
