test_name,machine,compiler,core_mean,core_std,core_min,core_max,mem_mean,mem_std,mem_min,mem_max,n_hashes
hrrr_control_restart_dyn32_phy32_intel,acorn,intel,112.55319148936171,4.785887363262845,104,121,722.936170212766,1.7986015741601877,719,727,47
hrrr_control_restart_dyn32_phy32_intel,derecho,intel,103.92307692307692,1.1875421719907182,102,106,726.9230769230769,1.6052797503622487,724,729,13
hrrr_control_restart_dyn32_phy32_intel,gaeac6,intel,70.3913043478261,2.80062104913706,66,81,140287.26086956522,934354.05927307,612,6339596,46
hrrr_control_restart_dyn32_phy32_intel,hera,intel,102.82608695652173,6.293927753799556,96,112,1050.608695652174,6.81657542194693,1028,1063,46
hrrr_control_restart_dyn32_phy32_intel,hercules,intel,95.08695652173913,16.750225321146548,82,184,972.0869565217391,11.020841038598988,950,997,46
hrrr_control_restart_dyn32_phy32_intel,orion,intel,124.8913043478261,2.9979864418162414,120,133,881.695652173913,4.406407280401207,874,893,46
hrrr_control_restart_dyn32_phy32_intel,ursa,intel,100.9795918367347,94.96786513428249,67,491,1632.2448979591836,24.781150945363084,1576,1720,49
hrrr_control_restart_dyn32_phy32_intel,wcoss2,intel,121.0,9.897298709199916,104,147,726.8297872340426,2.109184356427552,718,730,47
