test_name,machine,compiler,core_mean,core_std,core_min,core_max,mem_mean,mem_std,mem_min,mem_max,n_hashes
hrrr_control_noqr_gnu,hera,gnu,342.8958333333333,3.0543974809495897,339,351,936.5416666666666,3.1821198162267117,929,943,48
hrrr_control_noqr_gnu,hercules,gnu,266.0,65.47060409069095,236,630,222418.1739130435,399462.0971718123,915,929328,46
hrrr_control_noqr_gnu,ursa,gnu,225.0204081632653,135.21471964310422,195,1128,17978.408163265307,119972.64884667782,834,840648,49
