test_name,machine,compiler,core_mean,core_std,core_min,core_max,mem_mean,mem_std,mem_min,mem_max,n_hashes
hrrr_control_restart_intel,acorn,intel,132.51063829787233,4.343272360917524,125,144,757.8085106382979,1.7021507861518164,755,763,47
hrrr_control_restart_intel,derecho,intel,107.92592592592592,1.5423739426343281,105,110,153338.33333333334,326004.8480209364,818,826380,27
hrrr_control_restart_intel,gaeac6,intel,83.04347826086956,2.250496456232912,80,92,61214.02173913043,198271.30143758847,684,699452,46
hrrr_control_restart_intel,hera,intel,145.625,73.89199277150861,126,618,1103.25,54.68847947451138,982,1144,48
hrrr_control_restart_intel,hercules,intel,118.63265306122449,27.419346787100757,106,269,645087.2857142857,517894.34054186346,1039,1070020,49
hrrr_control_restart_intel,orion,intel,162.35416666666666,54.10057205948122,139,443,61361.75,236392.61040098415,956,971308,48
hrrr_control_restart_intel,ursa,intel,108.69444444444444,75.9702270420814,86,513,49455.916666666664,286405.7297344227,1695,1720156,36
hrrr_control_restart_intel,wcoss2,intel,147.5744680851064,15.523817158400119,127,204,772.7234042553191,92.33580070864679,745,1391,47
