test_name,machine,compiler,core_mean,core_std,core_min,core_max,mem_mean,mem_std,mem_min,mem_max,n_hashes
hrrr_control_decomp_dyn32_phy32_gnu,derecho,gnu,238.22727272727272,5.237892512299371,233,259,806.5909090909091,1.4835247439668517,802,811,44
hrrr_control_decomp_dyn32_phy32_gnu,hera,gnu,308.07142857142856,2.200149845046765,305,312,802.8571428571429,3.416186422069152,798,810,14
hrrr_control_decomp_dyn32_phy32_gnu,hercules,gnu,272.0652173913044,30.657536448038385,231,382,17874.782608695652,115896.63824822778,783,786836,46
hrrr_control_decomp_dyn32_phy32_gnu,ursa,gnu,252.96,221.13980802622933,186,1424,710.44,3.7588534943300074,703,721,50
