test_name,machine,compiler,core_mean,core_std,core_min,core_max,mem_mean,mem_std,mem_min,mem_max,n_hashes
hrrr_control_restart_noqr_gnu,hera,gnu,183.33333333333334,30.47589443878508,175,389,770.2291666666666,3.276217222770772,761,776,48
hrrr_control_restart_noqr_gnu,hercules,gnu,134.45833333333334,27.513987416332437,122,292,237523.0625,354900.8238285557,748,759856,48
hrrr_control_restart_noqr_gnu,ursa,gnu,125.6938775510204,87.8685581047132,102,677,14266.061224489797,95194.44943561753,661,667028,49
