test_name,machine,compiler,core_mean,core_std,core_min,core_max,mem_mean,mem_std,mem_min,mem_max,n_hashes
hrrr_control_debug_dyn32_phy32_intel,acorn,intel,325.8958333333333,6.261124850788686,312,340,1070.0833333333333,3.0793293918556146,1063,1075,48
hrrr_control_debug_dyn32_phy32_intel,derecho,intel,269.125,4.410215414239997,263,278,331712.25,506525.3966612796,1052,1061688,16
hrrr_control_debug_dyn32_phy32_intel,gaeac6,intel,194.38297872340425,9.734638269533585,185,255,79150.0425531915,259285.91038054446,903,922368,47
hrrr_control_debug_dyn32_phy32_intel,hera,intel,290.375,26.084661670569634,273,416,1220.0,5.698077316637818,1207,1231,48
hrrr_control_debug_dyn32_phy32_intel,hercules,intel,279.0,102.23481523829594,229,815,419359.5833333333,545671.7969588022,1104,1125696,48
hrrr_control_debug_dyn32_phy32_intel,orion,intel,289.2083333333333,18.071911122822783,274,368,46266.770833333336,218951.73715366118,1068,1087772,48
hrrr_control_debug_dyn32_phy32_intel,ursa,intel,207.0,14.218532507494105,198,271,37133.163265306124,247687.83041489834,1738,1735564,49
hrrr_control_debug_dyn32_phy32_intel,wcoss2,intel,336.125,20.043171490666225,314,436,1070.8333333333333,4.117080835972149,1054,1077,48
