test_name,machine,compiler,core_mean,core_std,core_min,core_max,mem_mean,mem_std,mem_min,mem_max,n_hashes
hrrr_control_decomp_dyn32_phy32_gnu,hera,gnu,311.125,17.516709348019067,302,422,805.0833333333334,4.461815932828198,787,812,48
hrrr_control_decomp_dyn32_phy32_gnu,hercules,gnu,260.57142857142856,64.6000515995666,231,531,437554.71428571426,398345.31244674104,786,798816,49
hrrr_control_decomp_dyn32_phy32_gnu,ursa,gnu,193.48717948717947,15.474719272807485,183,258,18965.46153846154,113989.37959274658,710,712576,39
