test_name,machine,compiler,core_mean,core_std,core_min,core_max,mem_mean,mem_std,mem_min,mem_max,n_hashes
hrrr_control_restart_intel,acorn,intel,131.9787234042553,5.1435453924739845,119,144,757.6382978723404,1.6606118819238496,755,763,47
hrrr_control_restart_intel,derecho,intel,107.72413793103448,1.6668308621910881,105,110,142820.7931034483,316598.29136748804,818,826380,29
hrrr_control_restart_intel,gaeac6,intel,82.84782608695652,2.2207845591076607,80,92,61214.608695652176,198271.11829405918,684,699452,46
hrrr_control_restart_intel,hera,intel,145.77083333333334,73.8642341641236,126,618,1097.3333333333333,57.83407422829523,982,1144,48
hrrr_control_restart_intel,hercules,intel,118.65306122448979,27.407078632785247,106,269,687713.0612244898,505720.9076182488,1053,1070020,49
hrrr_control_restart_intel,orion,intel,163.1875,53.96242043449253,139,443,61361.25,236392.74086907945,956,971308,48
hrrr_control_restart_intel,ursa,intel,109.91176470588235,78.06266622014331,86,513,52263.91176470588,294709.0476114065,1695,1720156,34
hrrr_control_restart_intel,wcoss2,intel,146.68085106382978,15.263064799902784,127,204,771.936170212766,92.48440626616566,745,1391,47
