test_name,machine,compiler,core_mean,core_std,core_min,core_max,mem_mean,mem_std,mem_min,mem_max,n_hashes
hrrr_control_restart_noqr_gnu,hera,gnu,186.12244897959184,34.11660925723546,175,389,771.0612244897959,2.4866993122184238,763,776,49
hrrr_control_restart_noqr_gnu,hercules,gnu,141.0204081632653,72.25634049338922,122,606,356764.5714285714,382438.4297139105,755,764888,49
hrrr_control_restart_noqr_gnu,ursa,gnu,124.32558139534883,87.74658341747356,102,677,16164.53488372093,101618.98001998608,661,667028,43
