test_name,machine,compiler,core_mean,core_std,core_min,core_max,mem_mean,mem_std,mem_min,mem_max,n_hashes
hrrr_control_dyn32_phy32_gnu,derecho,gnu,234.8181818181818,3.8361320481585475,229,249,807.2121212121212,1.2687980473063813,802,810,33
hrrr_control_dyn32_phy32_gnu,hera,gnu,302.03846153846155,3.0656910376718622,298,313,800.4615384615385,2.774610159727211,795,808,26
hrrr_control_dyn32_phy32_gnu,hercules,gnu,253.51063829787233,25.075427379794988,228,305,786.6808510638298,1.6824720810232667,782,790,47
hrrr_control_dyn32_phy32_gnu,ursa,gnu,223.20408163265307,139.2126639940725,186,1002,709.1836734693877,0.8335033840102025,707,712,49
