test_name,machine,compiler,core_mean,core_std,core_min,core_max,mem_mean,mem_std,mem_min,mem_max,n_hashes
hrrr_gf_debug_gnu,hera,gnu,158.33333333333334,28.17750221729516,148,328,964.8958333333334,3.5022156107808544,957,973,48
hrrr_gf_debug_gnu,hercules,gnu,124.5625,11.449995354454137,114,188,337857.9583333333,459772.43871571287,940,956100,48
hrrr_gf_debug_gnu,ursa,gnu,114.34693877551021,22.314560848251983,106,263,18507.79591836735,123498.11311901685,860,865352,49
