test_name,machine,compiler,core_mean,core_std,core_min,core_max,mem_mean,mem_std,mem_min,mem_max,n_hashes
hrrr_control_2threads_dyn32_phy32_gnu,derecho,gnu,382.57142857142856,1.9499225118444514,380,387,854.5,1.506396617505088,852,856,14
hrrr_control_2threads_dyn32_phy32_gnu,hera,gnu,386.6818181818182,36.45753995915182,353,442,843.3409090909091,3.9233539390524688,837,852,44
hrrr_control_2threads_dyn32_phy32_gnu,hercules,gnu,216.34782608695653,21.48717177119031,204,319,832.1304347826087,3.9699353235826975,824,839,46
hrrr_control_2threads_dyn32_phy32_gnu,ursa,gnu,145.0,3.2210246816812838,141,159,729.1836734693877,3.728680896039453,724,735,49
