test_name,machine,compiler,core_mean,core_std,core_min,core_max,mem_mean,mem_std,mem_min,mem_max,n_hashes
hrrr_gf_debug_gnu,hera,gnu,156.5,25.41150685911923,148,328,964.7916666666666,3.482224364515092,957,973,48
hrrr_gf_debug_gnu,hercules,gnu,124.58333333333333,11.4461427737541,114,188,318085.3958333333,453247.2685384474,940,956100,48
hrrr_gf_debug_gnu,ursa,gnu,114.38775510204081,22.302668306851583,106,263,18507.673469387755,123498.13097833165,860,865352,49
