test_name,machine,compiler,core_mean,core_std,core_min,core_max,mem_mean,mem_std,mem_min,mem_max,n_hashes
hrrr_control_2threads_intel,acorn,intel,293.1224489795918,128.216228928105,197,492,1080.0204081632653,5.966887085960205,1068,1096,49
hrrr_control_2threads_intel,derecho,intel,344.8,2.214782869243564,340,348,267471.7,473407.32395576424,1062,1071584,20
hrrr_control_2threads_intel,gaeac6,intel,172.3125,8.03226538618107,154,191,79342.75,262789.4573068682,921,945160,48
hrrr_control_2threads_intel,hera,intel,260.40816326530614,27.043882832157355,219,369,1166.2244897959183,11.62301113116139,1123,1183,49
hrrr_control_2threads_intel,hercules,intel,243.10204081632654,25.196928465224342,202,344,467253.1836734694,567099.8176784987,1134,1155292,49
hrrr_control_2threads_intel,orion,intel,315.81632653061223,78.63196801910674,247,683,46964.30612244898,224566.3862616877,1101,1135032,49
hrrr_control_2threads_intel,ursa,intel,182.47826086956522,107.82573164971848,111,437,26779.152173913044,173193.76345930752,1161,1175900,46
hrrr_control_2threads_intel,wcoss2,intel,313.2244897959184,122.97395816901681,199,496,1083.469387755102,6.767268161329643,1065,1096,49
