test_name,machine,compiler,core_mean,core_std,core_min,core_max,mem_mean,mem_std,mem_min,mem_max,n_hashes
hrrr_control_2threads_dyn32_phy32_gnu,derecho,gnu,382.57894736842104,1.7737527534606803,380,387,854.5263157894736,1.645479364556506,852,857,19
hrrr_control_2threads_dyn32_phy32_gnu,hera,gnu,390.87179487179486,36.68082783831609,353,442,842.6153846153846,3.5512442935383604,837,852,39
hrrr_control_2threads_dyn32_phy32_gnu,hercules,gnu,219.7608695652174,23.331604490817647,204,319,831.3913043478261,3.907134561682336,824,839,46
hrrr_control_2threads_dyn32_phy32_gnu,ursa,gnu,144.9591836734694,3.2529421533530654,141,159,728.4285714285714,3.4460121880225594,724,735,49
