test_name,machine,compiler,core_mean,core_std,core_min,core_max,mem_mean,mem_std,mem_min,mem_max,n_hashes
hrrr_control_debug_intel,acorn,intel,335.7111111111111,8.086527016706192,324,363,1184.6666666666667,2.430862174022019,1179,1189,45
hrrr_control_debug_intel,derecho,intel,295.06976744186045,4.537648587818768,288,312,1124.3255813953488,2.0203833939857603,1120,1128,43
hrrr_control_debug_intel,gaeac6,intel,204.875,2.6467563448372338,199,214,138041.02083333334,914026.8331423035,1024,6338672,48
hrrr_control_debug_intel,hera,intel,289.70588235294116,3.293264070082166,286,296,1336.0,5.385164807134498,1323,1344,17
hrrr_control_debug_intel,hercules,intel,260.6041666666667,17.32018817564395,238,320,26754.3125,176833.3495337511,1222,1226368,48
hrrr_control_debug_intel,orion,intel,294.468085106383,7.876357202108605,282,325,26780.27659574468,175313.95059010215,1196,1203100,47
hrrr_control_debug_intel,ursa,intel,238.5,92.48612692436303,202,604,1863.64,7.000757976454954,1853,1883,50
hrrr_control_debug_intel,wcoss2,intel,338.25,17.83076471194565,329,456,1126.9583333333333,47.04183666868385,1087,1193,48
