test_name,machine,compiler,core_mean,core_std,core_min,core_max,mem_mean,mem_std,mem_min,mem_max,n_hashes
hrrr_control_decomp_gnu,hera,gnu,345.2708333333333,7.4312153106277155,339,390,950.375,3.2329750477809625,943,956,48
hrrr_control_decomp_gnu,hercules,gnu,265.0208333333333,60.16766983112942,239,612,294721.7916666667,440366.9971317666,930,945052,48
hrrr_control_decomp_gnu,ursa,gnu,286.9795918367347,217.25450607102087,196,1296,18312.69387755102,122207.64884122503,849,856308,49
