test_name,machine,compiler,core_mean,core_std,core_min,core_max,mem_mean,mem_std,mem_min,mem_max,n_hashes
hrrr_control_gnu,hera,gnu,347.9375,18.05477039573069,337,454,947.9375,16.630408254862672,838,957,48
hrrr_control_gnu,hercules,gnu,265.51020408163265,73.26212142283453,235,635,559661.8163265307,469145.34418387123,935,1063624,49
hrrr_control_gnu,ursa,gnu,269.97222222222223,206.15382413709722,198,1046,24557.583333333332,142210.70005902712,852,854120,36
