test_name,machine,compiler,core_mean,core_std,core_min,core_max,mem_mean,mem_std,mem_min,mem_max,n_hashes
hrrr_control_debug_dyn32_phy32_intel,acorn,intel,325.5,7.290023624409211,313,341,1066.8478260869565,2.3377804412100023,1061,1070,46
hrrr_control_debug_dyn32_phy32_intel,derecho,intel,284.8205128205128,3.299695319840699,279,295,1007.0769230769231,2.629634909466535,994,1011,39
hrrr_control_debug_dyn32_phy32_intel,gaeac6,intel,199.04166666666666,2.5092029194108822,191,203,137599.20833333334,914207.518444229,902,6339448,48
hrrr_control_debug_dyn32_phy32_intel,hera,intel,286.3809523809524,3.2630689615175217,280,293,1218.5714285714287,3.585685828003181,1213,1226,21
hrrr_control_debug_dyn32_phy32_intel,hercules,intel,259.75,22.82169553810678,234,352,24044.875,158872.12089891735,1102,1101812,48
hrrr_control_debug_dyn32_phy32_intel,orion,intel,292.17021276595744,7.166707900260715,276,314,24125.27659574468,157946.9380606227,1079,1083916,47
hrrr_control_debug_dyn32_phy32_intel,ursa,intel,243.76,112.82179554953206,195,664,1747.56,6.40522745696906,1735,1767,50
hrrr_control_debug_dyn32_phy32_intel,wcoss2,intel,329.3541666666667,13.499392552658822,318,404,1018.9375,46.393509381873145,971,1071,48
