test_name,machine,compiler,core_mean,core_std,core_min,core_max,mem_mean,mem_std,mem_min,mem_max,n_hashes
hrrr_control_intel,acorn,intel,221.3111111111111,5.865237429210362,209,235,1007.4444444444445,2.291838836507769,1002,1011,45
hrrr_control_intel,derecho,intel,190.27777777777777,3.0389012216458466,185,197,958.7222222222222,2.3737987772599065,947,961,36
hrrr_control_intel,gaeac6,intel,142.72340425531914,4.137328100511949,138,161,140155.31914893616,923942.5876810912,851,6339600,47
hrrr_control_intel,hera,intel,196.2608695652174,2.071832550805458,193,201,1158.9130434782608,5.107152235108096,1152,1173,23
hrrr_control_intel,hercules,intel,171.4468085106383,16.889421065886058,160,255,24058.744680851065,157497.22719622272,1067,1080832,47
hrrr_control_intel,orion,intel,247.02173913043478,17.42219418562271,240,361,23466.434782608696,152130.00755211563,1022,1032832,46
hrrr_control_intel,ursa,intel,216.85714285714286,187.94646844247967,139,771,1789.6326530612246,59.789803296476,1748,1969,49
hrrr_control_intel,wcoss2,intel,236.85106382978722,24.69375798914114,218,394,960.531914893617,47.4469273590892,901,1009,47
