test_name,machine,compiler,core_mean,core_std,core_min,core_max,mem_mean,mem_std,mem_min,mem_max,n_hashes
hrrr_c3_debug_gnu,derecho,gnu,160.0,0.0,160,160,963.5,0.7071067811865476,963,964,2
hrrr_c3_debug_gnu,hera,gnu,152.5625,2.665031635275884,148,159,964.7916666666666,4.730877896728997,956,974,48
hrrr_c3_debug_gnu,hercules,gnu,125.1086956521739,22.91746375425379,115,270,186966.80434782608,381337.1456602336,941,953868,46
hrrr_c3_debug_gnu,ursa,gnu,118.3061224489796,37.96006897694858,106,336,18542.30612244898,123745.08039669092,858,867080,49
