test_name,machine,compiler,core_mean,core_std,core_min,core_max,mem_mean,mem_std,mem_min,mem_max,n_hashes
hrrr_control_intel,acorn,intel,233.64583333333334,6.805784721379229,216,246,1006.4583333333334,1.6105811470415363,1002,1009,48
hrrr_control_intel,derecho,intel,194.76923076923077,1.5892265495016777,192,197,384514.23076923075,504927.0951258135,992,1000416,13
hrrr_control_intel,gaeac6,intel,151.6595744680851,24.089756614130202,135,306,37874.382978723406,177463.17386843625,851,871872,47
hrrr_control_intel,hera,intel,224.89583333333334,20.492073800679204,192,244,1169.6666666666667,6.999493396055077,1152,1180,48
hrrr_control_intel,hercules,intel,197.64583333333334,24.523969675655756,159,281,339958.4791666667,507988.41003142466,1069,1107480,48
hrrr_control_intel,orion,intel,269.875,66.27268780528047,238,645,44010.145833333336,208267.95309101918,1030,1034872,48
hrrr_control_intel,ursa,intel,172.20408163265307,88.54235794047878,139,750,38127.63265306123,254479.80482771888,1749,1783132,49
hrrr_control_intel,wcoss2,intel,259.1458333333333,45.55239657068916,220,477,1007.9583333333334,3.5786502467623884,1000,1012,48
