test_name,machine,compiler,core_mean,core_std,core_min,core_max,mem_mean,mem_std,mem_min,mem_max,n_hashes
merra2_thompson_intel,acorn,intel,212.85416666666666,7.576530344210178,195,230,1862.4583333333333,6.003397383302389,1851,1868,48
merra2_thompson_intel,derecho,intel,208.21212121212122,8.491751791288326,188,232,281963.54545454547,673133.7607227988,1845,1853332,33
merra2_thompson_intel,gaeac6,intel,135.51063829787233,3.54396204480567,131,147,148463.3829787234,486308.75476319407,1714,1727696,47
merra2_thompson_intel,hera,intel,216.20408163265307,22.67522472494001,204,332,1978.734693877551,59.34285112456133,1891,2034,49
merra2_thompson_intel,hercules,intel,211.44,62.808474665413726,172,583,1383371.68,870252.2339375193,1911,1933176,50
merra2_thompson_intel,orion,intel,282.3265306122449,110.64590438178264,222,933,117950.08163265306,459162.0671298896,1878,1907780,49
merra2_thompson_intel,ursa,intel,179.76666666666668,129.05376675108585,147,861,86930.13333333333,462241.17266085045,2525,2534336,30
merra2_thompson_intel,wcoss2,intel,248.58333333333334,31.5317019355181,210,354,1862.0416666666667,7.088973557525232,1849,1873,48
