test_name,machine,compiler,core_mean,core_std,core_min,core_max,mem_mean,mem_std,mem_min,mem_max,n_hashes
merra2_thompson_intel,acorn,intel,209.7826086956522,5.253202381947647,199,223,1856.3260869565217,2.0226972951546736,1854,1867,46
merra2_thompson_intel,derecho,intel,232.93939393939394,7.092863464159743,220,246,1814.090909090909,1.4440316037841359,1811,1817,33
merra2_thompson_intel,gaeac6,intel,136.3404255319149,7.579367289598672,130,184,140008.59574468085,923982.7039309269,1700,6339724,47
merra2_thompson_intel,hera,intel,193.80769230769232,2.800274711798551,189,203,2018.3461538461538,7.530961732433977,1999,2031,26
merra2_thompson_intel,hercules,intel,200.53191489361703,51.48315514461768,164,424,1915.3191489361702,4.782696996914213,1907,1930,47
merra2_thompson_intel,orion,intel,246.1304347826087,33.26500242707686,215,325,1894.6304347826087,4.687376407388367,1885,1905,46
merra2_thompson_intel,ursa,intel,223.75510204081633,187.2221864759718,140,787,2530.918367346939,9.400436015361757,2516,2552,49
merra2_thompson_intel,wcoss2,intel,230.72340425531914,34.14209573536151,215,443,1821.659574468085,44.83558204379957,1762,1871,47
