test_name,machine,compiler,core_mean,core_std,core_min,core_max,mem_mean,mem_std,mem_min,mem_max,n_hashes
merra2_hf_thompson_intel,acorn,intel,274.45652173913044,5.556603765847263,262,288,1862.5434782608695,3.045627260619301,1859,1872,46
merra2_hf_thompson_intel,derecho,intel,287.53333333333336,10.846049124413707,277,315,1821.1666666666667,1.3666806839762413,1818,1824,30
merra2_hf_thompson_intel,gaeac6,intel,239.27659574468086,11.917656115593644,222,279,139721.68085106384,924063.9527601667,1709,6339980,47
merra2_hf_thompson_intel,hera,intel,280.7241379310345,9.27707062648911,269,300,2022.9655172413793,7.518941598298279,1997,2034,29
merra2_hf_thompson_intel,hercules,intel,290.1276595744681,44.96550224593755,248,542,1921.0851063829787,4.95996926372864,1911,1939,47
merra2_hf_thompson_intel,orion,intel,336.89130434782606,10.113199869190941,300,357,1901.195652173913,6.252535717495097,1889,1912,46
merra2_hf_thompson_intel,ursa,intel,311.55102040816325,224.32891227916596,201,922,2535.938775510204,9.021751869937527,2523,2558,49
merra2_hf_thompson_intel,wcoss2,intel,344.531914893617,33.51758205961514,322,530,1835.1489361702127,44.41502816732784,1763,1879,47
