test_name,machine,compiler,core_mean,core_std,core_min,core_max,mem_mean,mem_std,mem_min,mem_max,n_hashes
merra2_hf_thompson_intel,acorn,intel,274.48936170212767,5.747862893683921,262,288,1864.0212765957447,4.469653044127083,1859,1874,47
merra2_hf_thompson_intel,derecho,intel,288.7916666666667,11.787905248386059,277,315,1821.2083333333333,1.4738050920238732,1818,1824,24
merra2_hf_thompson_intel,gaeac6,intel,238.4468085106383,11.477404097197292,222,279,139132.89361702127,924152.0936335719,1709,6339980,47
merra2_hf_thompson_intel,hera,intel,283.48571428571427,12.120404353018616,269,317,2024.142857142857,8.388166935500026,1997,2039,35
merra2_hf_thompson_intel,hercules,intel,287.48936170212767,33.373949969103755,248,402,1921.404255319149,5.375708545687503,1911,1939,47
merra2_hf_thompson_intel,orion,intel,333.7173913043478,10.943619233707269,300,353,1901.391304347826,6.326235534553541,1889,1912,46
merra2_hf_thompson_intel,ursa,intel,285.2857142857143,194.71432065122144,198,922,2536.673469387755,8.86093428835725,2523,2558,49
merra2_hf_thompson_intel,wcoss2,intel,349.8510638297872,36.838058488355344,322,530,1847.6170212765958,40.48754676574307,1763,1879,47
