test_name,machine,compiler,core_mean,core_std,core_min,core_max,mem_mean,mem_std,mem_min,mem_max,n_hashes
merra2_thompson_intel,acorn,intel,215.10416666666666,5.839118205554645,202,230,1865.1875,3.3047757190454394,1856,1868,48
merra2_thompson_intel,derecho,intel,212.4375,6.821229117004252,202,232,579575.5625,885005.4406287734,1845,1853332,16
merra2_thompson_intel,gaeac6,intel,135.29787234042553,4.358474471931586,124,147,148460.6595744681,486309.5944189068,1700,1727696,47
merra2_thompson_intel,hera,intel,211.83333333333334,25.209195665456903,188,332,2022.0,6.267104255130982,1999,2035,48
merra2_thompson_intel,hercules,intel,203.64583333333334,34.85501251130346,161,285,722738.7083333334,940429.3437966208,1910,1933176,48
merra2_thompson_intel,orion,intel,245.16666666666666,39.077845567333895,212,396,81091.0625,383822.3844715437,1885,1907780,48
merra2_thompson_intel,ursa,intel,184.44897959183675,150.83891258896165,140,950,54204.5306122449,361685.8393791209,2517,2534336,49
merra2_thompson_intel,wcoss2,intel,256.9375,32.77479977055543,215,354,1866.1875,5.606441014678099,1855,1873,48
