test_name,machine,compiler,core_mean,core_std,core_min,core_max,mem_mean,mem_std,mem_min,mem_max,n_hashes
rap_control_dyn64_phy32_gnu,hera,gnu,348.5,17.827781332348756,337,454,822.7916666666666,24.440947794183714,729,840,48
rap_control_dyn64_phy32_gnu,hercules,gnu,287.55102040816325,52.17241497528883,257,532,548188.8775510204,404781.54282210424,820,979780,49
rap_control_dyn64_phy32_gnu,ursa,gnu,257.20588235294116,190.74348623244506,211,1333,22386.41176470588,126238.62220657032,735,736828,34
