test_name,machine,compiler,core_mean,core_std,core_min,core_max,mem_mean,mem_std,mem_min,mem_max,n_hashes
rap_restart_dyn32_phy32_gnu,derecho,gnu,137.47826086956522,4.544785194458383,133,156,674.0869565217391,1.6973978379536745,671,680,46
rap_restart_dyn32_phy32_gnu,hera,gnu,159.71428571428572,1.380131118684704,157,161,653.0,5.477225575051657,648,664,7
rap_restart_dyn32_phy32_gnu,hercules,gnu,149.08510638297872,16.58158982679551,122,179,14363.851063829787,94053.0457493972,641,645440,47
rap_restart_dyn32_phy32_gnu,ursa,gnu,145.12,129.9369768741126,101,892,555.8,5.714285714285783,547,567,50
