test_name,machine,compiler,core_mean,core_std,core_min,core_max,mem_mean,mem_std,mem_min,mem_max,n_hashes
rap_control_dyn32_phy32_intel,acorn,intel,273.18367346938777,79.54602270315696,187,374,892.469387755102,2.701095771598448,886,897,49
rap_control_dyn32_phy32_intel,derecho,intel,297.23809523809524,42.026069007111246,171,315,209424.47619047618,382272.68132559763,873,880532,21
rap_control_dyn32_phy32_intel,gaeac6,intel,180.83333333333334,53.48944351342503,121,244,63399.625,209992.07327285202,735,753812,48
rap_control_dyn32_phy32_intel,hera,intel,288.9795918367347,100.65027939105087,181,512,1123.857142857143,33.963828798689136,1044,1174,49
rap_control_dyn32_phy32_intel,hercules,intel,252.91836734693877,82.17533002030217,150,414,484438.8775510204,564634.1990733776,1023,1186644,49
rap_control_dyn32_phy32_intel,orion,intel,365.6734693877551,207.78047186825793,223,1120,40741.163265306124,194903.11057071268,931,1000996,49
rap_control_dyn32_phy32_intel,ursa,intel,211.86666666666667,94.57118530984526,126,562,43656.62222222222,280843.1409878515,1713,1885744,45
rap_control_dyn32_phy32_intel,wcoss2,intel,289.9591836734694,77.11975513870014,199,422,890.8775510204082,5.130109863432199,869,896,49
