test_name,machine,compiler,core_mean,core_std,core_min,core_max,mem_mean,mem_std,mem_min,mem_max,n_hashes
rap_diag_debug_intel,acorn,intel,360.4318181818182,8.073493025982739,348,384,1273.5681818181818,2.739866974132291,1269,1280,44
rap_diag_debug_intel,derecho,intel,318.9318181818182,16.332871302665342,309,421,1217.090909090909,2.111080202041493,1212,1221,44
rap_diag_debug_intel,gaeac6,intel,219.4468085106383,2.709151243938715,213,226,6338.872340425532,0.6120891266657881,6338,6342,47
rap_diag_debug_intel,hera,intel,312.61538461538464,3.1500915737605006,308,319,1428.5384615384614,6.104853050584479,1415,1441,13
rap_diag_debug_intel,hercules,intel,275.67391304347825,23.791739320684,253,404,29965.17391304348,194256.60560234974,1309,1318836,46
rap_diag_debug_intel,orion,intel,318.73333333333335,8.67179335547154,303,342,30339.62222222222,194807.51951912674,1290,1308108,45
rap_diag_debug_intel,ursa,intel,280.56,130.36622825481973,220,691,1953.82,7.647034906232825,1939,1978,50
rap_diag_debug_intel,wcoss2,intel,361.625,7.268776126899127,352,394,1209.3125,43.250461195425515,1178,1279,48
