test_name,machine,compiler,core_mean,core_std,core_min,core_max,mem_mean,mem_std,mem_min,mem_max,n_hashes
rap_restart_gnu,derecho,gnu,146.7608695652174,3.2192806830007994,142,159,704.6304347826087,1.339298251609133,702,707,46
rap_restart_gnu,hera,gnu,186.28571428571428,2.214669705568284,185,190,681.5714285714286,1.902379462422686,679,684,7
rap_restart_gnu,hercules,gnu,140.7659574468085,11.998573766616287,131,186,15041.340425531915,98503.03790576306,662,675976,47
rap_restart_gnu,ursa,gnu,172.22,195.50022600331422,108,1405,585.34,9.17096126980393,572,601,50
