test_name,machine,compiler,core_mean,core_std,core_min,core_max,mem_mean,mem_std,mem_min,mem_max,n_hashes
rap_progcld_thompson_debug_intel,acorn,intel,343.1063829787234,6.069288485457231,333,360,1188.3191489361702,3.895964372319069,1181,1199,47
rap_progcld_thompson_debug_intel,derecho,intel,307.04,26.373092348073254,295,432,1130.0,1.4719601443880015,1128,1132,25
rap_progcld_thompson_debug_intel,gaeac6,intel,207.38297872340425,3.240727182817243,201,213,138941.40425531915,924103.3963479003,1025,6339456,47
rap_progcld_thompson_debug_intel,hera,intel,295.29411764705884,4.421225743687922,287,304,1342.6764705882354,5.464600061527122,1330,1360,34
rap_progcld_thompson_debug_intel,hercules,intel,264.4255319148936,19.79321873428093,242,315,1238.127659574468,5.463782020592306,1227,1250,47
rap_progcld_thompson_debug_intel,orion,intel,302.8478260869565,28.68291585309535,290,490,1210.9130434782608,7.893249118234691,1194,1235,46
rap_progcld_thompson_debug_intel,ursa,intel,222.10204081632654,48.678470984768666,208,553,1868.3265306122448,6.414137234467602,1857,1884,49
rap_progcld_thompson_debug_intel,wcoss2,intel,348.8936170212766,16.968300422889833,337,435,1170.2553191489362,43.05682195359689,1093,1204,47
