test_name,machine,compiler,core_mean,core_std,core_min,core_max,mem_mean,mem_std,mem_min,mem_max,n_hashes
rap_control_intel,acorn,intel,379.6041666666667,89.73738033327031,241,452,1013.9375,3.103918251281531,1008,1020,48
rap_control_intel,derecho,intel,358.71875,41.17800413076802,202,374,157266.8125,368931.39511519094,996,1002120,32
rap_control_intel,gaeac6,intel,249.51063829787233,59.35445199243988,158,293,75471.4255319149,247228.11380301716,859,877960,47
rap_control_intel,hera,intel,412.42857142857144,106.62160506513993,247,581,1166.9795918367347,54.037213179097755,1081,1236,49
rap_control_intel,hercules,intel,372.78,164.40632715368122,213,1330,838021.8,554248.8384209565,1081,1253088,50
rap_control_intel,orion,intel,528.9387755102041,256.6371797047395,270,1364,64990.91836734694,252980.62845344804,1039,1048984,49
rap_control_intel,ursa,intel,247.3548387096774,70.28586789537746,165,332,63794.32258064516,344846.11535334494,1765,1921880,31
rap_control_intel,wcoss2,intel,407.6875,95.7537080555264,247,651,1014.75,5.220662711661929,1003,1020,48
