test_name,machine,compiler,core_mean,core_std,core_min,core_max,mem_mean,mem_std,mem_min,mem_max,n_hashes
rap_noah_sfcdiff_cires_ugwp_debug_intel,acorn,intel,541.531914893617,8.072635106197682,524,560,1185.6170212765958,3.7622448865661875,1179,1195,47
rap_noah_sfcdiff_cires_ugwp_debug_intel,derecho,intel,475.37931034482756,7.451815661316804,466,497,1126.4827586206898,3.7570950941915178,1113,1130,29
rap_noah_sfcdiff_cires_ugwp_debug_intel,gaeac6,intel,331.29787234042556,4.885270201316459,320,344,139391.3829787234,924034.8006412245,1023,6339448,47
rap_noah_sfcdiff_cires_ugwp_debug_intel,hera,intel,487.8666666666667,21.14927786055563,474,595,1339.1,3.4775139752811595,1331,1346,30
rap_noah_sfcdiff_cires_ugwp_debug_intel,hercules,intel,432.29787234042556,39.94883406559871,396,557,1236.1914893617022,5.451917484272789,1224,1247,47
rap_noah_sfcdiff_cires_ugwp_debug_intel,orion,intel,486.39130434782606,12.135308009403465,471,535,1209.391304347826,4.363883392217273,1199,1222,46
rap_noah_sfcdiff_cires_ugwp_debug_intel,ursa,intel,381.40816326530614,131.50188819419841,335,920,1866.142857142857,7.585622365150202,1847,1881,49
rap_noah_sfcdiff_cires_ugwp_debug_intel,wcoss2,intel,548.4468085106383,23.95721595083013,509,677,1159.6382978723404,47.59038335991969,1084,1198,47
