test_name,machine,compiler,core_mean,core_std,core_min,core_max,mem_mean,mem_std,mem_min,mem_max,n_hashes
rap_restart_dyn32_phy32_intel,acorn,intel,115.31914893617021,5.377515116218817,107,127,728.063829787234,1.4949808101015045,725,731,47
rap_restart_dyn32_phy32_intel,derecho,intel,102.5,6.883958809354461,88,113,739.4,9.50087715248791,734,766,10
rap_restart_dyn32_phy32_intel,gaeac6,intel,72.52173913043478,2.7222468696508235,66,79,139787.19565217392,934332.2941369799,625,6338956,46
rap_restart_dyn32_phy32_intel,hera,intel,106.8125,7.118021031456374,99,118,1062.7708333333333,6.029147582152549,1046,1072,48
rap_restart_dyn32_phy32_intel,hercules,intel,98.67391304347827,23.620193195019564,84,238,64853.391304347824,244487.29973399694,961,988252,46
rap_restart_dyn32_phy32_intel,orion,intel,132.8695652173913,29.734087206924407,123,324,20303.304347826088,131640.60832920476,883,893724,46
rap_restart_dyn32_phy32_intel,ursa,intel,91.38775510204081,71.7137877045884,69,489,1650.3469387755101,22.779331842345023,1623,1747,49
rap_restart_dyn32_phy32_intel,wcoss2,intel,126.08510638297872,12.617844140315972,112,177,731.1489361702128,5.162484754811726,716,738,47
