test_name,machine,compiler,core_mean,core_std,core_min,core_max,mem_mean,mem_std,mem_min,mem_max,n_hashes
rap_flake_debug_intel,acorn,intel,343.0,4.232598919933389,331,351,1193.3125,4.6729472680753315,1185,1209,48
rap_flake_debug_intel,derecho,intel,280.8181818181818,4.3317013243801075,277,291,540850.7272727273,620028.8944234924,1181,1192720,11
rap_flake_debug_intel,gaeac6,intel,202.95744680851064,2.9485254001199768,197,209,180496.1914893617,942330.0888370468,1024,6339432,47
rap_flake_debug_intel,hera,intel,295.8125,5.163934876066438,287,309,1338.6875,4.789866297605465,1331,1350,48
rap_flake_debug_intel,hercules,intel,266.9375,26.27951734554679,240,338,337346.1875,557332.4285080752,1229,1253424,48
rap_flake_debug_intel,orion,intel,300.4375,14.368858540074823,283,370,51681.6875,244598.69263347803,1201,1217408,48
rap_flake_debug_intel,ursa,intel,222.51020408163265,41.312388400746684,209,497,39898.510204081635,266174.05066814536,1858,1865092,49
rap_flake_debug_intel,wcoss2,intel,358.0625,41.790972378498516,337,603,1196.5208333333333,7.707386850076882,1162,1207,48
