test_name,machine,compiler,core_mean,core_std,core_min,core_max,mem_mean,mem_std,mem_min,mem_max,n_hashes
rap_flake_debug_gnu,derecho,gnu,161.0,4.0,157,165,965.0,2.0,963,967,3
rap_flake_debug_gnu,hera,gnu,153.25,2.985781910492004,148,162,955.3958333333334,4.306055030892917,941,964,48
rap_flake_debug_gnu,hercules,gnu,123.73913043478261,11.011982932966344,114,166,166339.36956521738,364445.7761023112,938,955580,46
rap_flake_debug_gnu,ursa,gnu,116.36734693877551,26.1372131560468,106,254,18425.897959183672,122970.47326361263,853,861652,49
