test_name,machine,compiler,core_mean,core_std,core_min,core_max,mem_mean,mem_std,mem_min,mem_max,n_hashes
rap_sfcdiff_decomp_gnu,hera,gnu,488.7959183673469,165.31081578749325,355,788,946.3673469387755,4.544657474950726,937,960,49
rap_sfcdiff_decomp_gnu,hercules,gnu,353.265306122449,122.94507166315573,248,801,366344.5306122449,463912.827593724,933,948940,49
rap_sfcdiff_decomp_gnu,ursa,gnu,308.36170212765956,199.01981827598223,203,1179,18997.91489361702,124393.48084481059,847,853652,47
