test_name,machine,compiler,core_mean,core_std,core_min,core_max,mem_mean,mem_std,mem_min,mem_max,n_hashes
rap_sfcdiff_decomp_intel,acorn,intel,240.7608695652174,9.134026208776119,228,263,1010.5434782608696,2.4918223740791565,1006,1017,46
rap_sfcdiff_decomp_intel,derecho,intel,207.4375,17.82121862649503,198,273,962.875,1.6683325008322905,960,965,16
rap_sfcdiff_decomp_intel,gaeac6,intel,154.22222222222223,7.012614895797974,146,177,143916.93333333332,944610.2831398826,857,6339716,45
rap_sfcdiff_decomp_intel,hera,intel,228.3095238095238,20.741719588188168,210,263,1154.5714285714287,10.097434731321973,1136,1174,42
rap_sfcdiff_decomp_intel,hercules,intel,197.82608695652175,23.733056503840643,175,236,1064.6739130434783,7.149372459877023,1051,1082,46
rap_sfcdiff_decomp_intel,orion,intel,267.93333333333334,6.909808575167216,258,281,1033.9333333333334,3.9794928868342128,1027,1046,45
rap_sfcdiff_decomp_intel,ursa,intel,222.71428571428572,176.75830956421822,147,822,1731.938775510204,24.58269052543658,1693,1817,49
rap_sfcdiff_decomp_intel,wcoss2,intel,269.2173913043478,46.35415026054098,234,464,1008.195652173913,24.630261030977803,916,1020,46
