test_name,machine,compiler,core_mean,core_std,core_min,core_max,mem_mean,mem_std,mem_min,mem_max,n_hashes
rap_control_dyn64_phy32_gnu,hera,gnu,346.7916666666667,17.47211557582641,337,454,827.2083333333334,2.3425602772356102,822,833,48
rap_control_dyn64_phy32_gnu,hercules,gnu,277.1458333333333,30.97973914655597,257,375,309413.5625,402609.86551556847,816,829280,48
rap_control_dyn64_phy32_gnu,ursa,gnu,304.1224489795918,320.16711994500236,211,1772,15758.387755102041,105155.98513058595,731,736828,49
