test_name,machine,compiler,core_mean,core_std,core_min,core_max,mem_mean,mem_std,mem_min,mem_max,n_hashes
rap_control_debug_dyn32_phy32_gnu,derecho,gnu,160.1086956521739,9.226118145712604,152,204,819.0434782608696,2.086533773607744,816,825,46
rap_control_debug_dyn32_phy32_gnu,hera,gnu,148.625,2.326094212561961,144,151,804.25,4.097037257057151,799,811,8
rap_control_debug_dyn32_phy32_gnu,hercules,gnu,125.63829787234043,22.115728744704363,114,268,17743.042553191488,116167.71961637067,791,797204,47
rap_control_debug_dyn32_phy32_gnu,ursa,gnu,144.46,145.28595448779132,104,1089,716.98,5.607902587293424,713,728,50
