test_name,machine,compiler,core_mean,core_std,core_min,core_max,mem_mean,mem_std,mem_min,mem_max,n_hashes
rap_sfcdiff_gnu,hera,gnu,421.7291666666667,131.51049461938564,351,684,944.2083333333334,3.2743902036369725,937,951,48
rap_sfcdiff_gnu,hercules,gnu,322.3541666666667,114.56624759785268,246,825,256180.3125,423240.95246863796,930,949644,48
rap_sfcdiff_gnu,ursa,gnu,319.9795918367347,265.12398748792344,202,1487,18248.673469387755,121779.48516485095,842,853308,49
