test_name,machine,compiler,core_mean,core_std,core_min,core_max,mem_mean,mem_std,mem_min,mem_max,n_hashes
rap_control_dyn64_phy32_gnu,derecho,gnu,277.97435897435895,4.631057509599718,272,292,843.5384615384615,2.6141935844856863,839,848,39
rap_control_dyn64_phy32_gnu,hera,gnu,344.14285714285717,4.327651953261894,339,357,824.0952380952381,1.7861904127153487,822,828,21
rap_control_dyn64_phy32_gnu,hercules,gnu,297.1458333333333,40.06589762481641,259,439,17776.8125,117491.0039798713,815,814820,48
rap_control_dyn64_phy32_gnu,ursa,gnu,275.6,156.57820631836844,215,995,733.04,0.8561899465012152,731,735,50
