test_name,machine,compiler,core_mean,core_std,core_min,core_max,mem_mean,mem_std,mem_min,mem_max,n_hashes
rap_flake_debug_intel,acorn,intel,341.4166666666667,4.703250724327446,331,351,1196.0416666666667,3.5487986180122126,1190,1209,48
rap_flake_debug_intel,derecho,intel,281.8076923076923,3.815958393580629,277,291,229506.26923076922,477183.09765770676,1179,1192720,26
rap_flake_debug_intel,gaeac6,intel,201.04255319148936,2.8126843654239924,195,209,89953.65957446808,294664.2272828277,1029,1048556,47
rap_flake_debug_intel,hera,intel,302.6458333333333,28.817466322496625,287,447,2812521.4791666665,19476606.12477294,1203,134939201,48
rap_flake_debug_intel,hercules,intel,264.3265306122449,35.07752589806258,240,462,711787.1428571428,621740.9298175366,1229,1256276,49
rap_flake_debug_intel,orion,intel,313.2040816326531,48.13694855645223,283,562,75575.28571428571,294194.98933148064,1205,1222356,49
rap_flake_debug_intel,ursa,intel,227.0,47.968458105019096,209,497,50907.07894736842,302253.700895714,1866,1865092,38
rap_flake_debug_intel,wcoss2,intel,354.0625,40.356605222768486,332,603,1196.75,6.047682869091781,1183,1207,48
