test_name,machine,compiler,core_mean,core_std,core_min,core_max,mem_mean,mem_std,mem_min,mem_max,n_hashes
rap_control_dyn64_phy32_gnu,derecho,gnu,275.85714285714283,2.651145305065607,272,282,843.4285714285714,2.111194651647019,839,848,21
rap_control_dyn64_phy32_gnu,hera,gnu,343.43243243243245,3.6933915499363374,339,357,825.2162162162163,2.382052512891736,822,831,37
rap_control_dyn64_phy32_gnu,hercules,gnu,281.5652173913044,29.96935633010122,259,368,819.4782608695652,2.248348830535047,816,825,46
rap_control_dyn64_phy32_gnu,ursa,gnu,278.3673469387755,283.33201180163996,215,1772,733.9795918367347,1.664454313961572,731,738,49
