test_name,machine,compiler,core_mean,core_std,core_min,core_max,mem_mean,mem_std,mem_min,mem_max,n_hashes
rap_sfcdiff_intel,acorn,intel,330.18367346938777,97.64704157265159,228,446,1012.3265306122449,2.4948927423675475,1006,1018,49
rap_sfcdiff_intel,derecho,intel,352.59090909090907,48.82491468883782,202,373,228214.63636363635,428819.65585275,996,1003148,22
rap_sfcdiff_intel,gaeac6,intel,214.75,65.88400509728879,141,291,73575.3125,243687.5134077611,861,877344,48
rap_sfcdiff_intel,hera,intel,346.57142857142856,123.86013617517678,199,606,1185.0204081632653,34.805704630562104,1088,1227,49
rap_sfcdiff_intel,hercules,intel,311.0612244897959,121.30203491066995,167,672,531709.4285714285,594564.977266047,1081,1234628,49
rap_sfcdiff_intel,orion,intel,431.0612244897959,237.14828414616323,246,1283,65193.755102040814,253793.7737695485,1039,1054252,49
rap_sfcdiff_intel,ursa,intel,250.20454545454547,130.3236721157828,144,779,45728.59090909091,291138.48617056664,1765,1933032,44
rap_sfcdiff_intel,wcoss2,intel,350.40816326530614,89.95158845349047,231,455,1014.0204081632653,6.3030739720074935,1001,1022,49
