test_name,machine,compiler,core_mean,core_std,core_min,core_max,mem_mean,mem_std,mem_min,mem_max,n_hashes
rap_2threads_intel,acorn,intel,648.8723404255319,348.5160851519205,221,967,1089.9574468085107,4.170066451396881,1084,1102,47
rap_2threads_intel,derecho,intel,666.3333333333334,82.8123484600652,362,695,180247.9,407482.6959458947,1072,1091476,30
rap_2threads_intel,gaeac6,intel,292.3695652173913,75.15150880296625,184,349,83959.30434782608,271957.46436275,936,963916,46
rap_2threads_intel,hera,intel,454.3958333333333,128.83516428653158,277,682,1167.5625,24.478306722483758,1119,1200,48
rap_2threads_intel,hercules,intel,429.53061224489795,148.37566372230322,254,1105,808346.6326530612,567993.8557354623,1149,1218300,49
rap_2threads_intel,orion,intel,586.8958333333334,241.80616816159363,317,1273,71182.64583333333,274207.7133984606,1112,1127380,48
rap_2threads_intel,ursa,intel,338.7878787878788,274.05151860277084,136,791,37078.454545454544,205443.18143970653,1175,1181496,33
rap_2threads_intel,wcoss2,intel,664.5106382978723,344.87274731542374,229,987,1094.936170212766,45.06777710116131,1071,1393,47
