test_name,machine,compiler,core_mean,core_std,core_min,core_max,mem_mean,mem_std,mem_min,mem_max,n_hashes
rap_restart_gnu,derecho,gnu,145.94444444444446,2.1901656094518036,142,151,704.6666666666666,1.069044967649726,703,707,36
rap_restart_gnu,hera,gnu,186.34782608695653,2.228099386802655,184,192,680.9565217391304,1.8458371067095807,677,684,23
rap_restart_gnu,hercules,gnu,141.6595744680851,15.82551131908976,130,197,15042.808510638299,98502.81902821873,672,675976,47
rap_restart_gnu,ursa,gnu,148.6326530612245,107.75835116081704,108,729,580.1632653061224,2.3747538361508016,572,582,49
