test_name,machine,compiler,core_mean,core_std,core_min,core_max,mem_mean,mem_std,mem_min,mem_max,n_hashes
rap_control_dyn32_phy32_intel,acorn,intel,198.2608695652174,9.031881267324847,186,216,889.4782608695652,4.167275317864106,882,897,46
rap_control_dyn32_phy32_intel,derecho,intel,172.53846153846155,3.356967496004506,168,179,845.8461538461538,0.8006407690254378,845,847,13
rap_control_dyn32_phy32_intel,gaeac6,intel,130.51111111111112,6.408879572416486,121,149,143471.84444444443,944657.9033659835,735,6339584,45
rap_control_dyn32_phy32_intel,hera,intel,193.04444444444445,13.986934740476327,181,218,1110.8,9.971778358766485,1076,1129,45
rap_control_dyn32_phy32_intel,hercules,intel,174.8913043478261,27.709788291319704,150,266,1047.6521739130435,12.463667003297298,1020,1073,46
rap_control_dyn32_phy32_intel,orion,intel,230.48888888888888,4.693429751075729,223,241,939.1777777777778,4.417367011369031,931,952,45
rap_control_dyn32_phy32_intel,ursa,intel,190.0,155.83484847748267,125,833,1747.0204081632653,46.134535959119226,1713,1924,49
rap_control_dyn32_phy32_intel,wcoss2,intel,219.02173913043478,41.78861574396909,194,422,889.9782608695652,3.137508781287603,880,895,46
