test_name,machine,compiler,core_mean,core_std,core_min,core_max,mem_mean,mem_std,mem_min,mem_max,n_hashes
rap_2threads_intel,acorn,intel,300.7708333333333,209.71624594212233,201,967,1087.8125,6.6705330100598506,1074,1102,48
rap_2threads_intel,derecho,intel,624.0,138.1118709195154,362,695,538570.7,566597.431234921,1072,1091476,10
rap_2threads_intel,gaeac6,intel,209.08695652173913,68.28984830589764,161,348,159477.71739130435,941818.3725455694,926,6339028,46
rap_2threads_intel,hera,intel,318.8125,103.1519548911815,234,529,1181.7083333333333,7.908945469512101,1160,1200,48
rap_2threads_intel,hercules,intel,301.5531914893617,106.04712006639113,217,562,305415.2340425532,525339.9069890975,1149,1216000,47
rap_2threads_intel,orion,intel,376.21276595744683,187.65427695518815,262,1120,48958.21276595745,229356.155647664,1105,1127380,47
rap_2threads_intel,ursa,intel,176.48979591836735,132.61569201533987,117,779,25285.775510204083,168614.01801183197,1161,1181496,49
rap_2threads_intel,wcoss2,intel,323.4375,206.24380390435044,213,968,1097.7083333333333,43.843997300551635,1080,1393,48
