test_name,machine,compiler,core_mean,core_std,core_min,core_max,mem_mean,mem_std,mem_min,mem_max,n_hashes
rap_sfcdiff_decomp_gnu,derecho,gnu,260.3333333333333,1.7320508075688796,258,263,955.5555555555555,1.8104634152000194,953,959,9
rap_sfcdiff_decomp_gnu,hera,gnu,361.0416666666667,4.0104031385053345,355,373,943.0208333333334,3.900297770047229,934,951,48
rap_sfcdiff_decomp_gnu,hercules,gnu,273.4347826086956,33.42564030728044,248,364,62348.239130434784,235064.45457308416,932,944328,46
rap_sfcdiff_decomp_gnu,ursa,gnu,264.3673469387755,204.61006551869488,203,1179,850.8979591836735,3.2802750009156627,846,856,49
