test_name,machine,compiler,core_mean,core_std,core_min,core_max,mem_mean,mem_std,mem_min,mem_max,n_hashes
rap_diag_debug_intel,acorn,intel,360.1914893617021,5.818405197124718,345,371,1281.659574468085,5.549291359947909,1270,1291,47
rap_diag_debug_intel,derecho,intel,300.4,8.959166627910575,291,315,382019.5,613090.9048096194,1217,1271712,10
rap_diag_debug_intel,gaeac6,intel,213.67391304347825,3.266356092896775,209,223,139363.41304347827,934448.3860834825,1108,6339316,46
rap_diag_debug_intel,hera,intel,312.4166666666667,5.005670543359058,298,322,1430.3958333333333,5.564857755951334,1421,1443,48
rap_diag_debug_intel,hercules,intel,289.9130434782609,62.031829137040255,250,558,260948.39130434784,532229.6229547493,1314,1340344,46
rap_diag_debug_intel,orion,intel,314.7391304347826,8.629239138877898,297,343,58011.84782608696,268932.5811812294,1289,1309308,46
rap_diag_debug_intel,ursa,intel,249.40816326530611,79.50155091971135,218,604,41819.795918367345,279031.6965032064,1944,1955180,49
rap_diag_debug_intel,wcoss2,intel,366.6595744680851,10.730445502613167,354,410,1280.6170212765958,5.81434953365699,1268,1289,47
