test_name,machine,compiler,core_mean,core_std,core_min,core_max,mem_mean,mem_std,mem_min,mem_max,n_hashes
rap_unified_drag_suite_debug_intel,acorn,intel,342.39130434782606,6.385672368216427,332,368,1187.0652173913043,2.924244813532029,1180,1198,46
rap_unified_drag_suite_debug_intel,derecho,intel,306.06060606060606,22.515188476253357,295,428,1130.0,1.4577379737113076,1127,1132,33
rap_unified_drag_suite_debug_intel,gaeac6,intel,209.06382978723406,3.2464311864967477,203,219,139829.82978723405,923875.2866739319,1024,6338820,47
rap_unified_drag_suite_debug_intel,hera,intel,295.84615384615387,4.747144890919658,289,305,1343.1923076923076,4.808486088317036,1331,1353,26
rap_unified_drag_suite_debug_intel,hercules,intel,271.0,32.61301420678829,245,447,1237.936170212766,6.428213137747615,1225,1252,47
rap_unified_drag_suite_debug_intel,orion,intel,299.7826086956522,8.323762620028843,289,338,1210.804347826087,6.031839834365595,1199,1226,46
rap_unified_drag_suite_debug_intel,ursa,intel,238.22448979591837,87.70862398355385,209,636,1868.1224489795918,6.071218483760167,1857,1881,49
rap_unified_drag_suite_debug_intel,wcoss2,intel,348.25531914893617,16.88254576556404,339,456,1152.340425531915,47.710301775058575,1092,1204,47
