test_name,machine,compiler,core_mean,core_std,core_min,core_max,mem_mean,mem_std,mem_min,mem_max,n_hashes
rap_clm_lake_debug_intel,acorn,intel,343.10869565217394,5.3050427199853365,332,362,1193.0434782608695,4.289296869283963,1187,1201,46
rap_clm_lake_debug_intel,derecho,intel,300.0,2.7838821814150094,295,304,1132.7058823529412,1.8629514849544817,1130,1135,17
rap_clm_lake_debug_intel,gaeac6,intel,206.48888888888888,4.515741267158594,197,220,144113.04444444444,944441.1610878907,1025,6338804,45
rap_clm_lake_debug_intel,hera,intel,294.8536585365854,3.8830463273682128,286,304,1345.658536585366,6.421097087326833,1329,1359,41
rap_clm_lake_debug_intel,hercules,intel,287.04347826086956,61.814761459537486,243,561,1239.391304347826,6.871772408821981,1228,1256,46
rap_clm_lake_debug_intel,orion,intel,300.31111111111113,7.25453532821246,288,325,1213.7333333333333,5.929126871179747,1202,1231,45
rap_clm_lake_debug_intel,ursa,intel,247.6122448979592,169.0943790124481,210,1335,1873.7551020408164,7.1458922123276905,1853,1890,49
rap_clm_lake_debug_intel,wcoss2,intel,356.0,30.27650354097491,337,492,1189.4130434782608,27.77814975596342,1100,1205,46
