test_name,machine,compiler,core_mean,core_std,core_min,core_max,mem_mean,mem_std,mem_min,mem_max,n_hashes
rap_flake_debug_gnu,derecho,gnu,160.33333333333334,2.6925824035672514,156,165,964.4444444444445,2.0069324297987237,962,968,9
rap_flake_debug_gnu,hera,gnu,154.0,3.2863353450309902,149,161,951.2857142857143,3.848933061808905,941,959,21
rap_flake_debug_gnu,hercules,gnu,121.94736842105263,7.486830542956571,115,140,945.4736842105264,2.9319773580418467,938,950,19
rap_flake_debug_gnu,ursa,gnu,112.23809523809524,10.848524148033967,106,157,854.4761904761905,1.1233453440081418,853,857,21
