test_name,machine,compiler,core_mean,core_std,core_min,core_max,mem_mean,mem_std,mem_min,mem_max,n_hashes
rap_noah_sfcdiff_cires_ugwp_debug_gnu,hera,gnu,250.3877551020408,29.9199044161593,237,423,953.9795918367347,8.055768626472911,934,991,49
rap_noah_sfcdiff_cires_ugwp_debug_gnu,hercules,gnu,203.46938775510205,36.80868446033735,181,351,445330.7346938776,477379.06526246585,941,953144,49
rap_noah_sfcdiff_cires_ugwp_debug_gnu,ursa,gnu,183.93023255813952,62.471096306645315,165,567,20837.04651162791,130999.34735950724,858,859880,43
