test_name,machine,compiler,core_mean,core_std,core_min,core_max,mem_mean,mem_std,mem_min,mem_max,n_hashes
rap_2threads_gnu,derecho,gnu,432.42857142857144,1.8126539343499357,431,436,1028.857142857143,0.8997354108424404,1028,1030,7
rap_2threads_gnu,hera,gnu,452.6458333333333,68.0877061366467,411,806,1015.4375,6.699972213343471,998,1024,48
rap_2threads_gnu,hercules,gnu,238.30434782608697,42.55081645134825,208,407,88200.45652173914,285693.72483994166,986,1004548,46
rap_2threads_gnu,ursa,gnu,164.6326530612245,20.689866559049932,157,304,19479.20408163265,130020.44955217296,896,911048,49
