test_name,machine,compiler,core_mean,core_std,core_min,core_max,mem_mean,mem_std,mem_min,mem_max,n_hashes
rap_unified_drag_suite_debug_intel,acorn,intel,338.9583333333333,7.806048754851596,321,356,1196.4791666666667,3.300480837524341,1190,1207,48
rap_unified_drag_suite_debug_intel,derecho,intel,282.2121212121212,3.722881744676914,276,290,181289.12121212122,432806.9330825927,1179,1190656,33
rap_unified_drag_suite_debug_intel,gaeac6,intel,201.38297872340425,2.7071017029236755,197,209,90044.0425531915,294954.3229502521,1035,1049160,47
rap_unified_drag_suite_debug_intel,hera,intel,305.3061224489796,26.170279008855854,286,433,1295.2448979591836,59.93730426184422,1198,1355,49
rap_unified_drag_suite_debug_intel,hercules,intel,270.84,48.9336743950004,240,585,896817.96,564182.3179479311,1233,1260352,50
rap_unified_drag_suite_debug_intel,orion,intel,308.9183673469388,33.509225554747026,287,491,75861.67346938775,295324.53361065267,1206,1224268,49
rap_unified_drag_suite_debug_intel,ursa,intel,219.46666666666667,13.758341252599763,210,268,64441.8,342685.11122869153,1863,1878840,30
rap_unified_drag_suite_debug_intel,wcoss2,intel,346.2083333333333,8.85571899199881,327,368,1196.0416666666667,4.25745070726867,1187,1202,48
