test_name,machine,compiler,core_mean,core_std,core_min,core_max,mem_mean,mem_std,mem_min,mem_max,n_hashes
rap_control_dyn64_phy32_intel,acorn,intel,255.875,4.592431331213879,245,268,917.8125,2.6146579451646783,911,922,48
rap_control_dyn64_phy32_intel,derecho,intel,219.33333333333334,2.219805449106761,217,225,190341.20833333334,377204.48475709796,907,911400,24
rap_control_dyn64_phy32_intel,gaeac6,intel,184.63829787234042,138.49602498328323,154,1113,67935.31914893616,222547.29570022385,772,791984,47
rap_control_dyn64_phy32_intel,hera,intel,261.6666666666667,29.357903958264703,226,377,1100.625,39.03115231534715,1003,1132,48
rap_control_dyn64_phy32_intel,hercules,intel,254.69387755102042,116.12550754851993,199,1037,589285.2857142857,558959.1854117124,1097,1118904,49
rap_control_dyn64_phy32_intel,orion,intel,314.59183673469386,115.17286253847352,264,847,62812.38775510204,244511.658906569,1004,1011824,49
rap_control_dyn64_phy32_intel,ursa,intel,202.2,94.37274704391825,163,721,47387.5,288224.0145507372,1791,1824704,40
rap_control_dyn64_phy32_intel,wcoss2,intel,273.4791666666667,44.69946431367022,242,493,915.7916666666666,5.992755673926335,899,924,48
