test_name,machine,compiler,core_mean,core_std,core_min,core_max,mem_mean,mem_std,mem_min,mem_max,n_hashes
rap_lndp_debug_intel,acorn,intel,348.54347826086956,5.0539600391469985,341,363,1196.0869565217392,4.806597720062771,1188,1217,46
rap_lndp_debug_intel,derecho,intel,313.53846153846155,31.579569831921887,299,418,1134.6923076923076,1.3774744634423604,1132,1136,13
rap_lndp_debug_intel,gaeac6,intel,207.33333333333334,4.537720693355766,197,215,143658.51111111112,944610.7681484382,1027,6339464,45
rap_lndp_debug_intel,hera,intel,298.6,4.458903248761734,288,308,1343.6666666666667,5.049752469181147,1333,1354,45
rap_lndp_debug_intel,hercules,intel,269.32608695652175,27.065397628563872,242,362,1241.1739130434783,8.726216815056988,1225,1260,46
rap_lndp_debug_intel,orion,intel,301.8,5.7112329507893245,288,321,1216.9333333333334,8.167006795638033,1204,1233,45
rap_lndp_debug_intel,ursa,intel,237.08163265306123,82.0685274467558,210,677,1872.9591836734694,7.634786571109468,1860,1894,49
rap_lndp_debug_intel,wcoss2,intel,359.2173913043478,42.00524466909038,340,618,1202.695652173913,2.2297938640888906,1197,1209,46
