test_name,machine,compiler,core_mean,core_std,core_min,core_max,mem_mean,mem_std,mem_min,mem_max,n_hashes
rap_decomp_gnu,derecho,gnu,264.14285714285717,16.176227300280175,256,320,954.8571428571429,1.6574838603294817,952,958,14
rap_decomp_gnu,hera,gnu,360.27272727272725,3.51980203171922,354,368,944.0227272727273,3.540389128288601,939,951,44
rap_decomp_gnu,hercules,gnu,283.4782608695652,45.54447844589081,248,441,938.1739130434783,3.713664544331689,932,945,46
rap_decomp_gnu,ursa,gnu,230.83673469387756,131.63053516990522,202,1119,850.9183673469388,5.163319082293719,847,879,49
