test_name,machine,compiler,core_mean,core_std,core_min,core_max,mem_mean,mem_std,mem_min,mem_max,n_hashes
rap_control_dyn64_phy32_debug_gnu,derecho,gnu,160.16666666666666,2.316606713852541,157,164,847.6666666666666,1.0327955589886397,846,849,6
rap_control_dyn64_phy32_debug_gnu,hera,gnu,163.20833333333334,34.26241556819039,150,294,832.5,3.3198308083010644,819,838,48
rap_control_dyn64_phy32_debug_gnu,hercules,gnu,127.47826086956522,18.629414173928506,115,211,90931.73913043478,260874.65249983224,820,831264,46
rap_control_dyn64_phy32_debug_gnu,ursa,gnu,129.08163265306123,49.71453372954007,108,311,15920.632653061224,106245.90775446637,739,744464,49
