test_name,machine,compiler,core_mean,core_std,core_min,core_max,mem_mean,mem_std,mem_min,mem_max,n_hashes
rap_sfcdiff_debug_intel,acorn,intel,341.8695652173913,6.141330639933475,331,356,1186.3260869565217,2.7329621522450425,1181,1196,46
rap_sfcdiff_debug_intel,derecho,intel,305.1875,21.571243552171417,296,421,1129.625,1.3619246343603573,1127,1132,32
rap_sfcdiff_debug_intel,gaeac6,intel,214.68085106382978,47.524870552154844,201,533,139714.1914893617,923870.6272445773,1027,6338672,47
rap_sfcdiff_debug_intel,hera,intel,295.81481481481484,4.52375811293966,289,305,1340.5185185185185,4.33563384036529,1327,1347,27
rap_sfcdiff_debug_intel,hercules,intel,268.8723404255319,33.00040646737591,243,445,1237.4255319148936,5.4203508664350455,1226,1247,47
rap_sfcdiff_debug_intel,orion,intel,300.2173913043478,9.633075067998815,287,342,1209.8478260869565,5.999879225837604,1196,1223,46
rap_sfcdiff_debug_intel,ursa,intel,275.42857142857144,187.75294050071938,208,1331,1868.9183673469388,6.324017495145859,1856,1881,49
rap_sfcdiff_debug_intel,wcoss2,intel,347.82978723404256,20.80898546399378,336,480,1153.1489361702127,47.77209423893932,1091,1201,47
