test_name,machine,compiler,core_mean,core_std,core_min,core_max,mem_mean,mem_std,mem_min,mem_max,n_hashes
rap_lndp_debug_intel,acorn,intel,348.26666666666665,6.9687614655429515,335,376,1194.2444444444445,3.903119705356649,1188,1205,45
rap_lndp_debug_intel,derecho,intel,308.85714285714283,17.675353418443976,299,418,1133.357142857143,1.5112816168522079,1130,1136,42
rap_lndp_debug_intel,gaeac6,intel,212.5625,2.797462756202569,203,218,137947.3125,914157.6843059768,1028,6339464,48
rap_lndp_debug_intel,hera,intel,299.6111111111111,3.566822426505452,294,307,1345.7222222222222,5.333639697083113,1333,1354,18
rap_lndp_debug_intel,hercules,intel,268.8541666666667,17.922990802061474,244,315,26907.5625,177838.49180526263,1226,1233340,48
rap_lndp_debug_intel,orion,intel,306.5744680851064,6.361380356259399,295,322,27023.574468085106,176950.4701661806,1203,1214324,47
rap_lndp_debug_intel,ursa,intel,248.78,95.19974489761739,212,677,1870.68,6.78064472282266,1860,1894,50
rap_lndp_debug_intel,wcoss2,intel,351.4375,14.64313977783423,341,438,1142.3541666666667,48.78850997595387,1098,1209,48
