test_name,machine,compiler,core_mean,core_std,core_min,core_max,mem_mean,mem_std,mem_min,mem_max,n_hashes
rap_sfcdiff_gnu,hera,gnu,519.4583333333334,168.17252518455672,351,813,947.0,4.312278363098955,937,958,48
rap_sfcdiff_gnu,hercules,gnu,401.57142857142856,174.57543737116444,246,1181,481955.71428571426,476183.6117491865,938,949644,49
rap_sfcdiff_gnu,ursa,gnu,303.2926829268293,169.8795520217838,202,1194,21644.951219512193,133131.04563079026,852,853308,41
