test_name,machine,compiler,core_mean,core_std,core_min,core_max,mem_mean,mem_std,mem_min,mem_max,n_hashes
rap_control_dyn64_phy32_intel,acorn,intel,256.2708333333333,4.0462201080910685,248,268,917.8125,2.58190305864788,911,922,48
rap_control_dyn64_phy32_intel,derecho,intel,219.15384615384616,2.221572554607348,217,225,175770.42307692306,365445.1622157473,907,911400,26
rap_control_dyn64_phy32_intel,gaeac6,intel,184.89361702127658,138.4454427221994,161,1113,67935.3829787234,222547.27602130364,772,791984,47
rap_control_dyn64_phy32_intel,hera,intel,263.6458333333333,28.490752201247815,250,377,1096.1458333333333,43.418786787510584,1003,1132,48
rap_control_dyn64_phy32_intel,hercules,intel,255.48979591836735,115.83881086251195,220,1037,634956.3265306122,554644.014211082,1097,1120056,49
rap_control_dyn64_phy32_intel,orion,intel,319.40816326530614,115.42871508124016,270,847,62812.06122448979,244511.74315906313,1004,1011824,49
rap_control_dyn64_phy32_intel,ursa,intel,204.0,96.53874729728851,171,721,49786.44736842105,295711.5312178862,1791,1824704,38
rap_control_dyn64_phy32_intel,wcoss2,intel,273.7916666666667,44.52632897097184,250,493,915.9166666666666,6.0347692347191115,899,924,48
