test_name,machine,compiler,core_mean,core_std,core_min,core_max,mem_mean,mem_std,mem_min,mem_max,n_hashes
rap_control_intel,acorn,intel,309.3333333333333,95.91980988866696,225,452,1012.8333333333334,2.3908810210333327,1008,1019,48
rap_control_intel,derecho,intel,349.8125,57.726041206143115,202,374,313525.9375,478753.962598949,996,1002120,16
rap_control_intel,gaeac6,intel,199.5744680851064,64.56804455323321,141,293,75466.08510638298,247229.76029788388,853,877960,47
rap_control_intel,hera,intel,320.3125,121.88731388964993,200,581,1191.5625,24.23546394781748,1150,1236,48
rap_control_intel,hercules,intel,283.5208333333333,106.72114978792506,171,476,446112.5,581284.1441111406,1081,1253088,48
rap_control_intel,orion,intel,384.8125,214.13245614944907,249,1259,44488.354166666664,210549.36835189635,1036,1045696,48
rap_control_intel,ursa,intel,227.46938775510205,105.5827286303684,144,769,41020.04081632653,274292.0861719126,1765,1921880,49
rap_control_intel,wcoss2,intel,343.2916666666667,111.13935249837861,231,651,1016.6875,4.415428703795112,1006,1022,48
