test_name,machine,compiler,core_mean,core_std,core_min,core_max,mem_mean,mem_std,mem_min,mem_max,n_hashes
rap_cires_ugwp_debug_intel,acorn,intel,349.6041666666667,3.6246178570890777,342,358,1193.125,4.43211202715773,1182,1200,48
rap_cires_ugwp_debug_intel,derecho,intel,287.1666666666667,3.010084062049772,282,293,494065.0,609116.8005927629,1181,1185084,12
rap_cires_ugwp_debug_intel,gaeac6,intel,207.17021276595744,2.830879022618777,202,212,180432.72340425532,942427.1730383134,1028,6339696,47
rap_cires_ugwp_debug_intel,hera,intel,299.875,4.225681362658989,291,310,1343.4375,6.24297477510145,1332,1356,48
rap_cires_ugwp_debug_intel,hercules,intel,269.625,25.739798640287678,244,374,362833.25,569468.5823197407,1226,1248052,48
rap_cires_ugwp_debug_intel,orion,intel,305.0416666666667,13.581837580266429,288,372,51956.270833333336,245919.89853511413,1194,1220296,48
rap_cires_ugwp_debug_intel,ursa,intel,224.87755102040816,15.103300761010852,212,286,40115.755102040814,267706.2857941307,1854,1875816,49
rap_cires_ugwp_debug_intel,wcoss2,intel,356.9375,11.814895484901621,341,406,1197.7291666666667,5.246030245179038,1185,1205,48
