test_name,machine,compiler,core_mean,core_std,core_min,core_max,mem_mean,mem_std,mem_min,mem_max,n_hashes
rap_control_debug_intel,acorn,intel,342.2244897959184,5.173108777299079,334,352,1195.3877551020407,3.904144840906382,1187,1211,49
rap_control_debug_intel,derecho,intel,282.95454545454544,3.6836482010724314,278,291,270461.6818181818,508204.6552344258,1178,1188144,22
rap_control_debug_intel,gaeac6,intel,202.5625,2.967241357994949,197,209,87992.875,291425.1235989528,1031,1047780,48
rap_control_debug_intel,hera,intel,302.9591836734694,32.032508997158835,281,440,1328.857142857143,31.900888179902918,1233,1357,49
rap_control_debug_intel,hercules,intel,262.2448979591837,33.45116503467212,240,462,559443.8367346938,624811.8934988002,1232,1253920,49
rap_control_debug_intel,orion,intel,306.7142857142857,30.904422552983142,290,453,75715.59183673469,294742.9109221655,1201,1228044,49
rap_control_debug_intel,ursa,intel,219.79545454545453,11.993369380241285,209,259,44405.75,282107.2069235238,1861,1873164,44
rap_control_debug_intel,wcoss2,intel,347.61224489795916,14.73207431441486,332,415,1198.4285714285713,5.358015801892871,1187,1206,49
