test_name,machine,compiler,core_mean,core_std,core_min,core_max,mem_mean,mem_std,mem_min,mem_max,n_hashes
rap_control_dyn64_phy32_intelllvm,hera,intelllvm,249.27272727272728,3.379080025418428,246,257,1110.2727272727273,3.4954515900211836,1105,1117,11
rap_control_dyn64_phy32_intelllvm,ursa,intelllvm,257.18,212.71622276773212,158,803,1839.88,61.61156795701965,1785,2038,50
