test_name,machine,compiler,core_mean,core_std,core_min,core_max,mem_mean,mem_std,mem_min,mem_max,n_hashes
rap_control_gnu,derecho,gnu,262.2368421052632,9.732737207074022,255,317,955.6842105263158,1.8322230354894284,953,960,38
rap_control_gnu,hera,gnu,358.14285714285717,3.3359513528484572,352,366,940.1904761904761,3.026863849251359,936,948,21
rap_control_gnu,hercules,gnu,270.4468085106383,31.92573482225267,248,383,20802.40425531915,136200.03742939208,932,934676,47
rap_control_gnu,ursa,gnu,270.40816326530614,208.08140618190626,205,1455,846.7142857142857,0.9128709291752708,844,849,49
