test_name,machine,compiler,core_mean,core_std,core_min,core_max,mem_mean,mem_std,mem_min,mem_max,n_hashes
rap_noah_debug_intel,acorn,intel,337.1666666666667,4.947956093534598,327,348,1192.6458333333333,3.932892300072681,1184,1201,48
rap_noah_debug_intel,derecho,intel,275.92857142857144,2.7022579081571387,273,282,422822.85714285716,587045.9900416473,1177,1183260,14
rap_noah_debug_intel,gaeac6,intel,199.7659574468085,4.140010323225136,194,219,67555.6170212766,257497.88523526315,1024,1048728,47
rap_noah_debug_intel,hera,intel,293.2083333333333,15.7843961911936,281,394,1337.6666666666667,6.134427901097202,1327,1353,48
rap_noah_debug_intel,hercules,intel,267.3541666666667,52.12688675429443,237,576,414997.75,591349.2495016727,1225,1254960,48
rap_noah_debug_intel,orion,intel,292.4583333333333,14.923861135968592,278,382,51930.25,245797.37742351237,1201,1224464,48
rap_noah_debug_intel,ursa,intel,226.9795918367347,65.5240063500643,205,573,39901.142857142855,266204.00006566074,1857,1865300,49
rap_noah_debug_intel,wcoss2,intel,345.2291666666667,23.159244818589734,326,488,1197.25,4.204860409553423,1189,1204,48
