test_name,machine,compiler,core_mean,core_std,core_min,core_max,mem_mean,mem_std,mem_min,mem_max,n_hashes
rap_control_dyn32_phy32_intelllvm,hera,intelllvm,219.175,17.932762596961304,205,252,1108.425,8.363190104137846,1089,1129,40
rap_control_dyn32_phy32_intelllvm,ursa,intelllvm,196.89795918367346,181.62911441748986,126,765,1747.1020408163265,42.329188559215645,1712,1892,49
