test_name,machine,compiler,core_mean,core_std,core_min,core_max,mem_mean,mem_std,mem_min,mem_max,n_hashes
rap_sfcdiff_intel,acorn,intel,229.67391304347825,4.7612059528657085,221,242,1007.3260869565217,3.293457135500868,1003,1018,46
rap_sfcdiff_intel,derecho,intel,199.0,11.691435120309817,192,258,963.3333333333334,2.52345320779958,952,965,30
rap_sfcdiff_intel,gaeac6,intel,146.68085106382978,2.9716514437973283,141,154,139451.51063829788,924009.2341871036,855,6339336,47
rap_sfcdiff_intel,hera,intel,204.6551724137931,3.957595428584718,199,217,1166.0,6.660115829108556,1155,1180,29
rap_sfcdiff_intel,hercules,intel,176.85106382978722,14.7589011070317,167,222,1094.8297872340424,13.502526573452478,1069,1129,47
rap_sfcdiff_intel,orion,intel,253.08695652173913,3.9261294876281356,248,267,1038.195652173913,4.539307657524646,1026,1047,46
rap_sfcdiff_intel,ursa,intel,236.0,199.4082913689064,144,796,1804.3061224489795,53.35150891400693,1754,1962,49
rap_sfcdiff_intel,wcoss2,intel,244.27659574468086,27.10422887561497,228,415,979.4255319148937,46.76664766636632,913,1022,47
