test_name,machine,compiler,core_mean,core_std,core_min,core_max,mem_mean,mem_std,mem_min,mem_max,n_hashes
rap_noah_sfcdiff_cires_ugwp_debug_gnu,derecho,gnu,242.58823529411765,3.6752350865184726,236,250,962.0588235294117,1.8864844365675812,960,965,17
rap_noah_sfcdiff_cires_ugwp_debug_gnu,hera,gnu,242.8780487804878,2.79459408457847,238,248,948.0731707317074,4.101159859737451,939,955,41
rap_noah_sfcdiff_cires_ugwp_debug_gnu,hercules,gnu,194.08695652173913,12.690899778899352,181,255,941.5434782608696,7.265463269588481,905,962,46
rap_noah_sfcdiff_cires_ugwp_debug_gnu,ursa,gnu,175.18367346938774,30.484745822971146,166,382,855.6734693877551,6.306041267117209,848,884,49
