test_name,machine,compiler,core_mean,core_std,core_min,core_max,mem_mean,mem_std,mem_min,mem_max,n_hashes
rap_noah_sfcdiff_cires_ugwp_debug_gnu,derecho,gnu,245.0,4.242640687119285,242,248,962.5,0.7071067811865476,962,963,2
rap_noah_sfcdiff_cires_ugwp_debug_gnu,hera,gnu,243.0,2.9964518024248825,237,248,950.1666666666666,5.392403377381699,934,974,48
rap_noah_sfcdiff_cires_ugwp_debug_gnu,hercules,gnu,201.7173913043478,35.86125302605911,181,351,186296.58695652173,379976.1983353739,905,952356,46
rap_noah_sfcdiff_cires_ugwp_debug_gnu,ursa,gnu,172.14285714285714,10.111874208078342,165,234,18388.979591836734,122717.4406157104,851,859880,49
