test_name,machine,compiler,core_mean,core_std,core_min,core_max,mem_mean,mem_std,mem_min,mem_max,n_hashes
rap_control_dyn32_phy32_intelllvm,hera,intelllvm,209.95238095238096,5.014740177478695,205,225,1104.952380952381,6.621753472277479,1089,1117,21
rap_control_dyn32_phy32_intelllvm,ursa,intelllvm,288.68,269.6104097790448,126,837,1773.22,73.19230750257184,1713,1968,50
