test_name,machine,compiler,core_mean,core_std,core_min,core_max,mem_mean,mem_std,mem_min,mem_max,n_hashes
rap_restart_gnu,hera,gnu,247.6875,92.04835830126167,182,549,681.2708333333334,4.427859495999384,676,701,48
rap_restart_gnu,hercules,gnu,178.27083333333334,73.27149734170195,128,534,254945.08333333334,331746.62732386426,669,683244,48
rap_restart_gnu,ursa,gnu,174.24489795918367,168.1106444443962,108,1111,12502.673469387755,83444.2768067878,580,584692,49
