test_name,machine,compiler,core_mean,core_std,core_min,core_max,mem_mean,mem_std,mem_min,mem_max,n_hashes
rap_control_debug_dyn32_phy32_intel,acorn,intel,332.57142857142856,6.194755846681918,319,344,1075.204081632653,3.5354136476322036,1064,1081,49
rap_control_debug_dyn32_phy32_intel,derecho,intel,274.2105263157895,2.529359764587364,269,279,280686.8947368421,480721.40465969295,1057,1064412,19
rap_control_debug_dyn32_phy32_intel,gaeac6,intel,197.91666666666666,8.48737067606381,192,250,77879.875,257949.8844786274,907,926040,48
rap_control_debug_dyn32_phy32_intel,hera,intel,296.55102040816325,26.143881712944005,274,426,2493865.775510204,17448569.720250905,1114,122141201,49
rap_control_debug_dyn32_phy32_intel,hercules,intel,265.9387755102041,54.11731398978879,236,515,435723.5714285714,551787.094649588,1107,1140912,49
rap_control_debug_dyn32_phy32_intel,orion,intel,301.61224489795916,31.76660741940784,280,435,45893.4693877551,219418.0046356632,1082,1098748,49
rap_control_debug_dyn32_phy32_intel,ursa,intel,220.93617021276594,58.49987151800054,201,602,39002.12765957447,255369.83609306868,1742,1752480,47
rap_control_debug_dyn32_phy32_intel,wcoss2,intel,347.0816326530612,30.567436877810206,323,482,1074.9183673469388,5.0490788544952965,1064,1082,49
