test_name,machine,compiler,core_mean,core_std,core_min,core_max,mem_mean,mem_std,mem_min,mem_max,n_hashes
rap_clm_lake_debug_gnu,derecho,gnu,160.66666666666666,3.7749172176353714,153,167,964.6666666666666,1.802775637731991,962,967,9
rap_clm_lake_debug_gnu,hera,gnu,153.20833333333334,3.045459356983025,148,165,956.2916666666666,5.222530296229404,946,966,48
rap_clm_lake_debug_gnu,hercules,gnu,123.95652173913044,13.024688559704403,114,181,63010.34782608696,237552.3435775055,944,953880,46
rap_clm_lake_debug_gnu,ursa,gnu,120.04081632653062,42.59937361808341,107,330,858.9183673469388,3.493068938948085,854,863,49
