test_name,machine,compiler,core_mean,core_std,core_min,core_max,mem_mean,mem_std,mem_min,mem_max,n_hashes
rap_decomp_intel,acorn,intel,236.7608695652174,4.949454661806231,224,248,1015.8478260869565,2.1183577633456374,1011,1020,46
rap_decomp_intel,derecho,intel,205.96666666666667,6.283439280792192,197,231,963.1666666666666,4.821527396664021,939,966,30
rap_decomp_intel,gaeac6,intel,151.59574468085106,3.1736659262839666,144,160,139456.68085106384,924044.2322616639,853,6339576,47
rap_decomp_intel,hera,intel,215.13793103448276,3.3244133524474715,210,224,1153.3103448275863,7.55032377865757,1138,1175,29
rap_decomp_intel,hercules,intel,192.91489361702128,34.99492496574327,175,399,1066.063829787234,8.049856210757829,1049,1088,47
rap_decomp_intel,orion,intel,264.8695652173913,3.6733798887078484,258,277,1032.7391304347825,3.38909875013463,1028,1045,46
rap_decomp_intel,ursa,intel,223.6734693877551,176.57899409743672,149,874,1724.2857142857142,18.516884187141173,1686,1791,49
rap_decomp_intel,wcoss2,intel,254.61702127659575,35.88299415036585,237,485,985.1063829787234,47.57841766953894,908,1023,47
