test_name,machine,compiler,core_mean,core_std,core_min,core_max,mem_mean,mem_std,mem_min,mem_max,n_hashes
rap_control_debug_dyn32_phy32_gnu,hera,gnu,153.70833333333334,17.008081099731257,144,258,808.5,4.390512013954752,797,818,48
rap_control_debug_dyn32_phy32_gnu,hercules,gnu,142.0,88.87139584815803,113,722,426407.20408163266,404450.64505630045,798,809164,49
rap_control_debug_dyn32_phy32_gnu,ursa,gnu,117.425,26.395306012379915,105,253,18634.275,113318.79692854443,715,717408,40
