test_name,machine,compiler,core_mean,core_std,core_min,core_max,mem_mean,mem_std,mem_min,mem_max,n_hashes
rap_control_debug_intel,acorn,intel,343.625,5.5682420160169235,335,362,1193.1041666666667,4.618370272253209,1185,1211,48
rap_control_debug_intel,derecho,intel,281.6363636363636,2.419616799112098,278,286,539737.2727272727,618749.2091631456,1184,1188144,11
rap_control_debug_intel,gaeac6,intel,203.80851063829786,3.152902719664382,198,210,180418.3829787234,942269.7931649003,1027,6339564,47
rap_control_debug_intel,hera,intel,296.7291666666667,16.15054123766456,281,396,1339.0833333333333,5.7679722213355875,1325,1353,48
rap_control_debug_intel,hercules,intel,268.2916666666667,35.62031355264369,240,462,337418.0208333333,557455.9561682969,1225,1253920,48
rap_control_debug_intel,orion,intel,301.625,16.649867420084234,290,374,52002.458333333336,246139.31825911527,1201,1228044,48
rap_control_debug_intel,ursa,intel,218.87755102040816,10.347368129668741,209,259,40062.28571428572,267327.33342991694,1857,1873164,49
rap_control_debug_intel,wcoss2,intel,350.6458333333333,16.37653950318231,335,415,1197.0416666666667,5.39486885188865,1187,1206,48
