test_name,machine,compiler,core_mean,core_std,core_min,core_max,mem_mean,mem_std,mem_min,mem_max,n_hashes
rap_diag_debug_gnu,hera,gnu,173.83333333333334,28.968312352765327,160,335,1038.6666666666667,22.063094566356153,933,1054,48
rap_diag_debug_gnu,hercules,gnu,133.77551020408163,11.175242924508112,123,187,666659.081632653,514350.6019443692,1035,1262204,49
rap_diag_debug_gnu,ursa,gnu,139.8,71.59518551016748,116,537,27968.285714285714,159857.99410387946,946,946680,35
