test_name,machine,compiler,core_mean,core_std,core_min,core_max,mem_mean,mem_std,mem_min,mem_max,n_hashes
rap_control_dyn64_phy32_intelllvm,hera,intelllvm,252.38235294117646,10.360223192524893,245,281,1113.8529411764705,7.520204514228851,1100,1132,34
rap_control_dyn64_phy32_intelllvm,ursa,intelllvm,220.57142857142858,165.0023989724594,157,762,1821.8163265306123,30.964814352602815,1785,1931,49
