test_name,machine,compiler,core_mean,core_std,core_min,core_max,mem_mean,mem_std,mem_min,mem_max,n_hashes
rap_restart_dyn32_phy32_intel,acorn,intel,113.62222222222222,5.373710792066102,106,130,730.0888888888888,2.2545128704064603,726,734,45
rap_restart_dyn32_phy32_intel,derecho,intel,104.78260869565217,3.5459713822136596,88,113,735.195652173913,2.7294245646484607,728,739,46
rap_restart_dyn32_phy32_intel,gaeac6,intel,73.5,1.9130014291905542,71,84,6338.729166666667,0.44909286028957723,6338,6339,48
rap_restart_dyn32_phy32_intel,hera,intel,101.6,1.8378731669453632,99,105,1061.3,5.100108931298546,1053,1068,10
rap_restart_dyn32_phy32_intel,hercules,intel,88.85416666666667,7.080057648921848,83,116,21403.583333333332,141506.4016413472,958,981364,48
rap_restart_dyn32_phy32_intel,orion,intel,130.72340425531914,28.975028324748564,123,324,19754.978723404256,129287.66427831778,881,887248,47
rap_restart_dyn32_phy32_intel,ursa,intel,174.28,169.3880992374178,69,552,1674.16,50.8159383642252,1625,1810,50
rap_restart_dyn32_phy32_intel,wcoss2,intel,115.04081632653062,7.268537174222968,108,152,658.2448979591836,42.270227215423624,629,735,49
