test_name,machine,compiler,core_mean,core_std,core_min,core_max,mem_mean,mem_std,mem_min,mem_max,n_hashes
rap_lndp_debug_intel,acorn,intel,344.7708333333333,4.655079967470621,337,354,1200.25,4.402610444202921,1193,1217,48
rap_lndp_debug_intel,derecho,intel,282.95454545454544,4.336745243539139,278,294,270462.7727272727,508205.19034716976,1181,1188576,22
rap_lndp_debug_intel,gaeac6,intel,203.17021276595744,3.8125601859036693,197,223,90031.29787234042,294918.98227744095,1029,1050784,47
rap_lndp_debug_intel,hera,intel,305.0625,28.433128901845038,288,439,1327.6666666666667,36.64570645271341,1213,1356,48
rap_lndp_debug_intel,hercules,intel,271.51020408163265,52.94223363290234,242,538,611576.7551020408,629379.251236603,1238,1256400,49
rap_lndp_debug_intel,orion,intel,312.2448979591837,39.078196506196015,287,449,75603.83673469388,294289.5921291041,1210,1225700,49
rap_lndp_debug_intel,ursa,intel,223.23809523809524,15.90338133061035,210,276,46498.54761904762,289185.42176461907,1865,1876012,42
rap_lndp_debug_intel,wcoss2,intel,352.1875,39.722257145911996,334,618,1200.8125,4.574007275157112,1189,1207,48
