test_name,machine,compiler,core_mean,core_std,core_min,core_max,mem_mean,mem_std,mem_min,mem_max,n_hashes
rap_sfcdiff_intel,acorn,intel,251.31914893617022,49.91649826720566,221,441,1010.468085106383,4.015465016277297,1003,1018,47
rap_sfcdiff_intel,derecho,intel,253.6,78.95174334856563,193,366,980.4,20.073199379604027,961,1001,10
rap_sfcdiff_intel,gaeac6,intel,160.2826086956522,33.99585794604871,141,288,139491.65217391305,934432.9987292521,855,6339336,46
rap_sfcdiff_intel,hera,intel,240.25,61.33982774743589,199,461,1175.2083333333333,14.239528938738196,1155,1224,48
rap_sfcdiff_intel,hercules,intel,213.2608695652174,61.55591307732027,167,444,148584.28260869565,385402.6650361448,1075,1200524,46
rap_sfcdiff_intel,orion,intel,300.1521739130435,163.37237185049977,246,1138,23645.478260869564,153303.34414120685,1026,1040796,46
rap_sfcdiff_intel,ursa,intel,212.75510204081633,145.13349180040032,144,779,41208.71428571428,275890.898709073,1762,1933032,49
rap_sfcdiff_intel,wcoss2,intel,277.1276595744681,63.28012842195393,229,442,1015.1702127659574,4.478543770197263,1006,1022,47
