test_name,machine,compiler,core_mean,core_std,core_min,core_max,mem_mean,mem_std,mem_min,mem_max,n_hashes
rap_sfcdiff_decomp_intel,acorn,intel,386.0,94.0780572241148,248,466,1011.7083333333334,2.617114972663932,1002,1015,48
rap_sfcdiff_decomp_intel,derecho,intel,373.258064516129,44.9310343689344,206,407,162090.8064516129,373407.0067610247,995,1001448,31
rap_sfcdiff_decomp_intel,gaeac6,intel,256.8510638297872,61.56332149252093,162,304,75415.02127659574,247044.8523221863,862,878712,47
rap_sfcdiff_decomp_intel,hera,intel,423.6326530612245,117.61053203220348,258,611,1125.1632653061224,53.802628087442315,1030,1171,49
rap_sfcdiff_decomp_intel,hercules,intel,388.58,179.18410211003538,225,1418,776877.42,538113.5831037711,1051,1174520,50
rap_sfcdiff_decomp_intel,orion,intel,517.6530612244898,219.41043645608644,276,1085,64249.08163265306,250091.68369676927,1029,1036364,49
rap_sfcdiff_decomp_intel,ursa,intel,316.46875,186.46317363213504,168,1018,59371.53125,325734.16719267983,1707,1844420,32
rap_sfcdiff_decomp_intel,wcoss2,intel,402.0625,86.32457460567677,251,474,1011.0833333333334,7.06454537945932,994,1019,48
