test_name,machine,compiler,core_mean,core_std,core_min,core_max,mem_mean,mem_std,mem_min,mem_max,n_hashes
rap_unified_ugwp_debug_intel,acorn,intel,350.0,6.890447073272195,338,375,1188.7446808510638,3.881214988535721,1181,1200,47
rap_unified_ugwp_debug_intel,derecho,intel,309.24,12.424035844550138,300,364,1129.88,1.5895492023421929,1127,1133,25
rap_unified_ugwp_debug_intel,gaeac6,intel,211.14893617021278,3.5629660543615658,204,221,138924.1914893617,923991.5052399525,1027,6338688,47
rap_unified_ugwp_debug_intel,hera,intel,300.05882352941177,3.4460445174720684,293,308,1343.5588235294117,5.904241805790868,1332,1353,34
rap_unified_ugwp_debug_intel,hercules,intel,275.1276595744681,31.24003633945209,244,392,1242.1702127659576,6.5584964771434375,1225,1255,47
rap_unified_ugwp_debug_intel,orion,intel,304.19565217391306,5.022702084723309,297,318,1211.0434782608695,6.37340488711274,1202,1228,46
rap_unified_ugwp_debug_intel,ursa,intel,233.83673469387756,60.21639690136161,213,596,1871.5510204081634,6.464844753516911,1856,1887,49
rap_unified_ugwp_debug_intel,wcoss2,intel,355.3404255319149,14.493291695222721,345,433,1170.1914893617022,43.771957619239885,1092,1206,47
