test_name,machine,compiler,core_mean,core_std,core_min,core_max,mem_mean,mem_std,mem_min,mem_max,n_hashes
rap_control_debug_dyn32_phy32_gnu,hera,gnu,153.72916666666666,17.002802751853586,144,258,808.5416666666666,4.336673562611428,797,818,48
rap_control_debug_dyn32_phy32_gnu,hercules,gnu,142.0408163265306,88.86154004584733,113,722,410020.1224489796,405108.9552677276,798,809164,49
rap_control_debug_dyn32_phy32_gnu,ursa,gnu,117.17073170731707,26.114078998716753,105,253,18197.268292682926,111928.32958304712,715,717408,41
