test_name,machine,compiler,core_mean,core_std,core_min,core_max,mem_mean,mem_std,mem_min,mem_max,n_hashes
rap_control_debug_gnu,derecho,gnu,162.8108108108108,10.394544075934572,155,220,964.0540540540541,2.080944576467698,960,968,37
rap_control_debug_gnu,hera,gnu,153.86363636363637,3.313686690156369,149,163,949.5909090909091,3.172187031492706,945,958,22
rap_control_debug_gnu,hercules,gnu,126.36170212765957,7.5510596201860425,116,145,20975.957446808512,137326.51788172557,941,942408,47
rap_control_debug_gnu,ursa,gnu,134.20408163265307,63.743620462442074,107,417,853.8775510204082,1.6282998938210616,847,857,49
