test_name,machine,compiler,core_mean,core_std,core_min,core_max,mem_mean,mem_std,mem_min,mem_max,n_hashes
rap_sfcdiff_restart_gnu,derecho,gnu,146.45238095238096,1.9655866244368188,143,151,703.1428571428571,1.0017406453556248,702,706,42
rap_sfcdiff_restart_gnu,hera,gnu,185.44444444444446,1.199128223640833,183,187,678.0555555555555,3.505830810692762,669,682,18
rap_sfcdiff_restart_gnu,hercules,gnu,143.58333333333334,19.60007960614896,129,234,14735.041666666666,97421.29211349056,671,675628,48
rap_sfcdiff_restart_gnu,ursa,gnu,139.62,106.36765082889227,108,791,581.4,4.746642207381731,575,601,50
