test_name,machine,compiler,core_mean,core_std,core_min,core_max,mem_mean,mem_std,mem_min,mem_max,n_hashes
rap_control_dyn64_phy32_intel,acorn,intel,248.3913043478261,6.086335372033768,238,265,918.304347826087,2.327321447667428,913,922,46
rap_control_dyn64_phy32_intel,derecho,intel,220.23076923076923,1.9644272343292242,217,224,884.0769230769231,1.656378502513717,881,886,13
rap_control_dyn64_phy32_intel,gaeac6,intel,161.17777777777778,11.920739926868652,153,234,143489.17777777778,944614.9640621084,772,6339320,45
rap_control_dyn64_phy32_intel,hera,intel,236.57777777777778,14.794791603326436,224,264,1114.9333333333334,7.6852870059377585,1098,1132,45
rap_control_dyn64_phy32_intel,hercules,intel,216.52173913043478,26.66144876486544,195,314,1111.4565217391305,8.15054605325212,1089,1126,46
rap_control_dyn64_phy32_intel,orion,intel,269.24444444444447,4.696011632494684,262,280,1010.6666666666666,4.210376791603418,994,1019,45
rap_control_dyn64_phy32_intel,ursa,intel,220.51020408163265,146.67695832011523,158,730,1818.0816326530612,31.39853813920183,1785,1948,49
rap_control_dyn64_phy32_intel,wcoss2,intel,273.32608695652175,48.856731299143576,242,493,918.8913043478261,4.012360130450034,904,923,46
