test_name,machine,compiler,core_mean,core_std,core_min,core_max,mem_mean,mem_std,mem_min,mem_max,n_hashes
rap_control_dyn64_phy32_debug_intel,acorn,intel,337.375,6.400216086777588,323,353,1106.7916666666667,3.1887991025325286,1100,1112,48
rap_control_dyn64_phy32_debug_intel,derecho,intel,280.77777777777777,4.31898075606292,274,289,305685.72222222225,505371.72534444806,1095,1100708,18
rap_control_dyn64_phy32_debug_intel,gaeac6,intel,200.19148936170214,7.1616074764415485,194,238,82653.48936170213,270757.5854734005,946,964676,47
rap_control_dyn64_phy32_debug_intel,hera,intel,303.0,24.668870900172173,288,421,1281.2291666666667,15.455136973357657,1189,1301,48
rap_control_dyn64_phy32_debug_intel,hercules,intel,253.29166666666666,12.229991620416621,236,306,480781.6875,598764.7113482591,1196,1222320,48
rap_control_dyn64_phy32_debug_intel,orion,intel,300.1458333333333,15.088377354960121,287,380,50168.25,237438.01534980728,1161,1178448,48
rap_control_dyn64_phy32_debug_intel,ursa,intel,244.51063829787233,89.677895182516,206,639,41478.063829787236,271615.3624973793,1846,1863960,47
rap_control_dyn64_phy32_debug_intel,wcoss2,intel,344.9583333333333,13.2648284481506,325,393,1105.0208333333333,6.19364665324459,1090,1111,48
