test_name,machine,compiler,core_mean,core_std,core_min,core_max,mem_mean,mem_std,mem_min,mem_max,n_hashes
rap_clm_lake_debug_intel,acorn,intel,343.93617021276594,4.664408510519477,334,362,1194.5744680851064,5.460310075806792,1187,1215,47
rap_clm_lake_debug_intel,derecho,intel,300.0,2.7568097504180487,296,304,1133.7272727272727,1.4893561757289253,1132,1135,11
rap_clm_lake_debug_intel,gaeac6,intel,205.02173913043478,4.208399698142253,197,216,140312.76086956522,934230.0460820411,1025,6338804,46
rap_clm_lake_debug_intel,hera,intel,294.8958333333333,3.8825281483454828,286,304,1345.375,6.2895556789249625,1329,1359,48
rap_clm_lake_debug_intel,hercules,intel,286.3695652173913,63.440035972965916,243,561,28540.58695652174,185159.9316842456,1228,1257056,46
rap_clm_lake_debug_intel,orion,intel,299.89130434782606,7.6687772772154705,288,325,1214.7391304347825,6.009010946935156,1202,1231,46
rap_clm_lake_debug_intel,ursa,intel,229.9795918367347,66.17763021970944,210,626,1875.3061224489795,6.828872776773713,1853,1890,49
rap_clm_lake_debug_intel,wcoss2,intel,357.17021276595744,30.09500836043442,337,492,1197.4468085106382,4.567410600435386,1186,1205,47
