test_name,machine,compiler,core_mean,core_std,core_min,core_max,mem_mean,mem_std,mem_min,mem_max,n_hashes
rap_progcld_thompson_debug_gnu,derecho,gnu,160.07894736842104,3.291114811102425,155,169,963.4473684210526,4.636502458727567,939,970,38
rap_progcld_thompson_debug_gnu,hera,gnu,153.47619047619048,2.7498917727621173,148,158,948.8571428571429,2.7255405754769364,942,953,21
rap_progcld_thompson_debug_gnu,hercules,gnu,129.14893617021278,21.898956420841706,116,266,21002.0,137499.09525220122,940,943592,47
rap_progcld_thompson_debug_gnu,ursa,gnu,117.57142857142857,26.74571616789001,107,267,854.2448979591836,1.0313949341566848,853,856,49
