test_name,machine,compiler,core_mean,core_std,core_min,core_max,mem_mean,mem_std,mem_min,mem_max,n_hashes
rap_clm_lake_debug_gnu,hera,gnu,162.25,36.54871421320178,147,387,959.875,5.30204697524076,947,972,48
rap_clm_lake_debug_gnu,hercules,gnu,131.14285714285714,26.024027359346217,114,272,545602.2857142857,476570.82187593065,951,957720,49
rap_clm_lake_debug_gnu,ursa,gnu,121.94736842105263,36.28188988225621,107,314,23501.263157894737,139556.7911951462,861,861148,38
