test_name,machine,compiler,core_mean,core_std,core_min,core_max,mem_mean,mem_std,mem_min,mem_max,n_hashes
rap_decomp_intel,acorn,intel,237.02173913043478,5.280947433662021,224,252,1016.0869565217391,2.1063511045989887,1011,1020,46
rap_decomp_intel,derecho,intel,206.26470588235293,6.031778588540571,197,231,962.6176470588235,5.1405382684928735,939,966,34
rap_decomp_intel,gaeac6,intel,152.53191489361703,3.6406584678538647,144,166,139922.46808510637,923974.1401738906,853,6339576,47
rap_decomp_intel,hera,intel,215.8,3.0550504633038975,212,224,1150.96,4.5869379764719005,1138,1162,25
rap_decomp_intel,hercules,intel,193.48936170212767,34.76309408630487,175,399,23589.27659574468,154411.2088736214,1049,1059656,47
rap_decomp_intel,orion,intel,265.54347826086956,3.5068600817326927,261,277,23466.32608695652,152156.55033770012,1028,1033008,46
rap_decomp_intel,ursa,intel,234.9591836734694,189.3656030873956,149,874,1726.3673469387754,20.379415551759383,1686,1791,49
rap_decomp_intel,wcoss2,intel,253.68085106382978,35.333262062192844,237,485,977.3191489361702,49.13738786521387,908,1023,47
