test_name,machine,compiler,core_mean,core_std,core_min,core_max,mem_mean,mem_std,mem_min,mem_max,n_hashes
rap_2threads_intel,acorn,intel,209.8409090909091,6.305933646521671,199,229,1082.25,4.70094003464229,1074,1093,44
rap_2threads_intel,derecho,intel,345.39130434782606,7.753073256943748,335,379,1040.7826086956522,3.753002018996174,1034,1053,46
rap_2threads_intel,gaeac6,intel,169.52083333333334,3.518882700658395,165,183,6338.5625,0.7117927620941792,6337,6341,48
rap_2threads_intel,hera,intel,304.1818181818182,4.26188178668019,298,310,1166.1818181818182,9.83685093734965,1150,1180,11
rap_2threads_intel,hercules,intel,270.75,7.883459657422778,261,302,25332.25,167406.58025355963,1155,1160996,48
rap_2threads_intel,orion,intel,271.8723404255319,7.188810814388516,266,305,24924.91489361702,163191.86612307534,1096,1119908,47
rap_2threads_intel,ursa,intel,122.54,3.9497352016641942,117,136,1170.92,1.6640251175498153,1168,1174,50
rap_2threads_intel,wcoss2,intel,219.5625,11.4685624875969,207,275,1010.3333333333334,43.74263869174237,976,1097,48
