test_name,machine,compiler,core_mean,core_std,core_min,core_max,mem_mean,mem_std,mem_min,mem_max,n_hashes
rap_sfcdiff_intel,acorn,intel,231.06666666666666,6.1511270216411384,222,249,1007.3333333333334,2.1950357213908234,1003,1011,45
rap_sfcdiff_intel,derecho,intel,199.97826086956522,9.940912389234438,192,258,962.9565217391304,2.2993382791010144,952,967,46
rap_sfcdiff_intel,gaeac6,intel,150.14893617021278,5.303726021697257,145,171,6338.744680851064,0.4875887926443256,6338,6340,47
rap_sfcdiff_intel,hera,intel,206.375,3.2923070504261416,203,213,1166.5,4.174754056057807,1161,1174,8
rap_sfcdiff_intel,hercules,intel,179.14893617021278,14.531792318021132,167,222,24472.617021276597,160251.13297565348,1069,1099724,47
rap_sfcdiff_intel,orion,intel,255.82608695652175,5.326263429985806,250,269,23771.91304347826,154167.4981809397,1028,1046656,46
rap_sfcdiff_intel,ursa,intel,226.34,179.4464970572634,144,796,1819.18,81.09346836980704,1745,2067,50
rap_sfcdiff_intel,wcoss2,intel,237.87755102040816,7.016743822995891,227,260,936.4897959183673,39.09929797375924,911,1015,49
