test_name,machine,compiler,core_mean,core_std,core_min,core_max,mem_mean,mem_std,mem_min,mem_max,n_hashes
rap_cires_ugwp_debug_intel,acorn,intel,350.59090909090907,8.59507209222897,339,381,1188.7727272727273,5.010981597955917,1181,1201,44
rap_cires_ugwp_debug_intel,derecho,intel,310.5777777777778,18.519631953059097,288,426,1130.7333333333333,2.7666849214440155,1120,1135,45
rap_cires_ugwp_debug_intel,gaeac6,intel,214.41666666666666,2.781652144406693,208,222,6338.9375,0.561390750251572,6338,6342,48
rap_cires_ugwp_debug_intel,hera,intel,299.8333333333333,3.0698929011029765,297,307,1339.8333333333333,7.296740658843803,1325,1348,12
rap_cires_ugwp_debug_intel,hercules,intel,271.1276595744681,43.45143066703358,244,545,27581.531914893618,180607.52110149874,1223,1239420,47
rap_cires_ugwp_debug_intel,orion,intel,307.2826086956522,7.600184335420234,296,333,27557.043478260868,178679.57263373965,1199,1213076,46
rap_cires_ugwp_debug_intel,ursa,intel,263.98,110.38143329530799,212,630,1872.28,6.414397071893724,1856,1886,50
rap_cires_ugwp_debug_intel,wcoss2,intel,350.8958333333333,5.7842029309230965,343,375,1124.4166666666667,41.83495094496218,1092,1195,48
