test_name,machine,compiler,core_mean,core_std,core_min,core_max,mem_mean,mem_std,mem_min,mem_max,n_hashes
rap_flake_debug_gnu,derecho,gnu,160.33333333333334,2.6925824035672514,156,165,964.4444444444445,2.0069324297987237,962,968,9
rap_flake_debug_gnu,hera,gnu,153.96,3.1021497922139902,149,161,951.72,3.7585458180879754,941,959,25
rap_flake_debug_gnu,hercules,gnu,121.95652173913044,7.26434793963934,115,140,945.9565217391304,3.4440760849683936,938,953,23
rap_flake_debug_gnu,ursa,gnu,112.12,10.02629875211519,106,157,854.96,2.2449944320643853,853,862,25
