test_name,machine,compiler,core_mean,core_std,core_min,core_max,mem_mean,mem_std,mem_min,mem_max,n_hashes
rap_control_debug_dyn32_phy32_intel,acorn,intel,336.02127659574467,5.60857015686177,323,347,1071.404255319149,4.307019419647567,1064,1079,47
rap_control_debug_dyn32_phy32_intel,derecho,intel,287.9230769230769,2.2898885875932353,284,293,1011.9230769230769,1.1875421719907324,1011,1015,13
rap_control_debug_dyn32_phy32_intel,gaeac6,intel,199.30434782608697,3.6384952031018236,192,208,140461.0652173913,934190.6188436275,906,6338688,46
rap_control_debug_dyn32_phy32_intel,hera,intel,291.80434782608694,4.182607189128658,284,302,1219.2826086956522,7.906855094658271,1188,1239,46
rap_control_debug_dyn32_phy32_intel,hercules,intel,257.7391304347826,14.953906635775718,237,310,1118.1304347826087,6.403501457630349,1104,1130,46
rap_control_debug_dyn32_phy32_intel,orion,intel,292.95652173913044,6.9919208034516,280,315,1091.0869565217392,5.9919430606868,1077,1107,46
rap_control_debug_dyn32_phy32_intel,ursa,intel,222.77551020408163,67.70194030519683,200,586,1751.3877551020407,6.861171931391094,1730,1764,49
rap_control_debug_dyn32_phy32_intel,wcoss2,intel,348.93617021276594,30.999582223916416,326,482,1071.9574468085107,4.403345797125717,1064,1081,47
