test_name,machine,compiler,core_mean,core_std,core_min,core_max,mem_mean,mem_std,mem_min,mem_max,n_hashes
rap_2threads_dyn32_phy32_gnu,derecho,gnu,395.3333333333333,2.5495097567963945,392,401,860.6666666666666,1.4142135623730938,859,863,9
rap_2threads_dyn32_phy32_gnu,hera,gnu,391.4791666666667,37.04797900327293,362,454,849.0208333333334,4.179430803826258,840,858,48
rap_2threads_dyn32_phy32_gnu,hercules,gnu,225.17391304347825,24.631781049716228,207,339,55618.95652173913,209689.25106695454,831,842768,46
rap_2threads_dyn32_phy32_gnu,ursa,gnu,149.42857142857142,3.0069364254447786,146,157,735.8775510204082,3.597641895865257,730,741,49
