test_name,machine,compiler,core_mean,core_std,core_min,core_max,mem_mean,mem_std,mem_min,mem_max,n_hashes
rap_decomp_gnu,derecho,gnu,263.5,9.289779329994872,256,320,954.9347826086956,1.7814123474621997,951,958,46
rap_decomp_gnu,hera,gnu,360.54545454545456,2.978712351457808,356,366,941.6363636363636,2.062654952856982,939,945,11
rap_decomp_gnu,hercules,gnu,273.0833333333333,27.861995264909588,252,400,20386.645833333332,134767.01923161326,928,934628,48
rap_decomp_gnu,ursa,gnu,240.82,104.59146763498833,205,692,851.78,8.308564550989384,847,871,50
