test_name,machine,compiler,core_mean,core_std,core_min,core_max,mem_mean,mem_std,mem_min,mem_max,n_hashes
rap_control_dyn64_phy32_intelllvm,hera,intelllvm,277.8125,24.84047507854182,245,379,1122.2916666666667,7.133851972926726,1100,1132,48
rap_control_dyn64_phy32_intelllvm,ursa,intelllvm,199.6875,97.13210049622376,157,687,39519.9375,261189.73405849855,1789,1811396,48
