test_name,machine,compiler,core_mean,core_std,core_min,core_max,mem_mean,mem_std,mem_min,mem_max,n_hashes
rap_sfcdiff_debug_intel,acorn,intel,342.55555555555554,7.494105427708904,331,358,1186.7333333333333,2.8316394223456958,1181,1194,45
rap_sfcdiff_debug_intel,derecho,intel,303.5681818181818,18.530173667621685,296,421,1129.5227272727273,1.4222261679238228,1127,1132,44
rap_sfcdiff_debug_intel,gaeac6,intel,215.95833333333334,46.801508583311275,205,533,138262.45833333334,913993.5620343812,6338,6338672,48
rap_sfcdiff_debug_intel,hera,intel,294.6666666666667,4.561745697594701,289,305,1340.2,5.307676381565476,1327,1347,15
rap_sfcdiff_debug_intel,hercules,intel,267.468085106383,31.982230843575156,243,445,27437.978723404256,179614.8749812861,1226,1232616,47
rap_sfcdiff_debug_intel,orion,intel,303.32608695652175,10.807516618489986,287,342,27660.239130434784,179385.6590563328,1196,1217864,46
rap_sfcdiff_debug_intel,ursa,intel,292.8,196.3583770683032,208,1331,1868.92,7.591187156761465,1846,1881,50
rap_sfcdiff_debug_intel,wcoss2,intel,343.5,4.1769376953263615,336,355,1128.2083333333333,44.76413759008866,1091,1194,48
