test_name,machine,compiler,core_mean,core_std,core_min,core_max,mem_mean,mem_std,mem_min,mem_max,n_hashes
rap_control_dyn64_phy32_gnu,derecho,gnu,275.8181818181818,2.5936986577612924,272,282,843.6363636363636,2.2792115291927804,839,848,22
rap_control_dyn64_phy32_gnu,hera,gnu,343.5,3.722518348798681,339,357,825.0555555555555,2.2031723159952668,822,830,36
rap_control_dyn64_phy32_gnu,hercules,gnu,281.54347826086956,29.979775791718975,259,368,819.3695652173913,2.194525467837018,816,825,46
rap_control_dyn64_phy32_gnu,ursa,gnu,284.7142857142857,285.4044644593587,215,1772,733.8775510204082,1.5630186214132171,731,738,49
