test_name,machine,compiler,core_mean,core_std,core_min,core_max,mem_mean,mem_std,mem_min,mem_max,n_hashes
rap_sfcdiff_restart_gnu,derecho,gnu,145.52631578947367,1.7754004572562587,143,149,703.3684210526316,1.116070802004831,702,706,19
rap_sfcdiff_restart_gnu,hera,gnu,184.89743589743588,1.728931397909547,181,188,680.5641025641025,4.259941139912438,669,688,39
rap_sfcdiff_restart_gnu,hercules,gnu,144.19565217391303,17.06408778070013,129,189,675.5,3.2710854467591552,670,685,46
rap_sfcdiff_restart_gnu,ursa,gnu,129.0612244897959,99.10545901615471,108,791,580.5102040816327,2.4674755062917337,575,596,49
