test_name,machine,compiler,core_mean,core_std,core_min,core_max,mem_mean,mem_std,mem_min,mem_max,n_hashes
rap_2threads_dyn32_phy32_gnu,derecho,gnu,399.3636363636364,6.699846957956783,391,419,860.2045454545455,2.194915323413545,850,864,44
rap_2threads_dyn32_phy32_gnu,hera,gnu,443.2142857142857,4.154304004071177,437,454,844.9285714285714,2.3026501693044374,840,849,14
rap_2threads_dyn32_phy32_gnu,hercules,gnu,251.6888888888889,28.422000299241763,209,315,834.4444444444445,2.607293577252066,828,840,45
rap_2threads_dyn32_phy32_gnu,ursa,gnu,150.42,4.194700251994356,146,165,732.12,1.2394863979133244,730,735,50
