test_name,machine,compiler,core_mean,core_std,core_min,core_max,mem_mean,mem_std,mem_min,mem_max,n_hashes
rap_sfcdiff_gnu,hera,gnu,509.3265306122449,167.72092243703304,351,813,946.7142857142857,3.9633739835314086,937,957,49
rap_sfcdiff_gnu,hercules,gnu,388.6530612244898,171.46070383380464,246,1181,443428.5714285714,475339.8829240943,938,949644,49
rap_sfcdiff_gnu,ursa,gnu,298.86046511627904,167.02446091107632,202,1194,20677.883720930233,129998.1143143841,852,853308,43
