test_name,machine,compiler,core_mean,core_std,core_min,core_max,mem_mean,mem_std,mem_min,mem_max,n_hashes
rap_unified_ugwp_debug_intel,acorn,intel,350.0833333333333,4.980102251933799,340,362,1194.0416666666667,3.9997783626538967,1184,1200,48
rap_unified_ugwp_debug_intel,derecho,intel,287.4375,3.3260336739125154,282,293,371038.25,566575.4171070844,1180,1185948,16
rap_unified_ugwp_debug_intel,gaeac6,intel,207.12765957446808,2.3830654470805857,202,213,89925.68085106384,294582.05124903924,1027,1049000,47
rap_unified_ugwp_debug_intel,hera,intel,306.5208333333333,27.60973431741086,291,442,1345.8333333333333,5.751348901292367,1320,1359,48
rap_unified_ugwp_debug_intel,hercules,intel,279.625,50.73067182513739,244,517,467108.375,607811.1005784338,1225,1255980,48
rap_unified_ugwp_debug_intel,orion,intel,306.3541666666667,20.155237515117022,291,413,51806.416666666664,245185.34183650182,1202,1218812,48
rap_unified_ugwp_debug_intel,ursa,intel,227.3673469387755,30.476557847488163,215,414,40205.95918367347,268325.46434010245,1864,1880152,49
rap_unified_ugwp_debug_intel,wcoss2,intel,361.0416666666667,44.48473720245666,340,653,1198.2916666666667,6.529664985487042,1180,1206,48
