test_name,machine,compiler,core_mean,core_std,core_min,core_max,mem_mean,mem_std,mem_min,mem_max,n_hashes
rap_control_debug_dyn32_phy32_intel,acorn,intel,334.60869565217394,6.5742874928502655,323,347,1070.4782608695652,3.5636381561843473,1064,1076,46
rap_control_debug_dyn32_phy32_intel,derecho,intel,290.7,5.858866425297119,284,305,1012.7,1.5593520921742596,1011,1015,20
rap_control_debug_dyn32_phy32_intel,gaeac6,intel,200.2391304347826,3.426593920166187,192,208,141285.21739130435,934066.8436221114,906,6338688,46
rap_control_debug_dyn32_phy32_intel,hera,intel,292.10526315789474,4.416122021939619,284,302,1220.5,7.897142829205115,1188,1239,38
rap_control_debug_dyn32_phy32_intel,hercules,intel,259.2173913043478,14.40819680826511,237,310,1118.5,6.417857032443867,1104,1130,46
rap_control_debug_dyn32_phy32_intel,orion,intel,294.53333333333336,6.63530502141934,280,315,1090.4222222222222,5.750450136091681,1077,1107,45
rap_control_debug_dyn32_phy32_intel,ursa,intel,222.3673469387755,67.7866425748069,200,586,1750.7551020408164,7.013471003020135,1730,1764,49
rap_control_debug_dyn32_phy32_intel,wcoss2,intel,346.4782608695652,31.864811055063228,326,482,1057.3695652173913,35.17281696338947,970,1081,46
