test_name,machine,compiler,core_mean,core_std,core_min,core_max,mem_mean,mem_std,mem_min,mem_max,n_hashes
rap_restart_dyn32_phy32_gnu,derecho,gnu,136.5,3.275785284595014,133,146,673.9285714285714,1.2066664642907652,671,675,14
rap_restart_dyn32_phy32_gnu,hera,gnu,160.13636363636363,2.3584672702188287,157,169,650.4318181818181,3.8903442023405836,641,664,44
rap_restart_dyn32_phy32_gnu,hercules,gnu,132.19565217391303,15.68101409024782,122,205,644.6739130434783,2.171065768245669,641,650,46
rap_restart_dyn32_phy32_gnu,ursa,gnu,134.42857142857142,92.78694232846917,101,527,552.6734693877551,1.2972367283004822,548,555,49
