test_name,machine,compiler,core_mean,core_std,core_min,core_max,mem_mean,mem_std,mem_min,mem_max,n_hashes
rap_decomp_gnu,derecho,gnu,263.5,9.502753578905194,256,320,954.9545454545455,1.7908624069638932,951,958,44
rap_decomp_gnu,hera,gnu,360.5,2.6238550616631637,356,366,941.4285714285714,2.0272863906932574,939,945,14
rap_decomp_gnu,hercules,gnu,272.95652173913044,28.430778722081495,252,400,21232.804347826088,137665.50271608343,932,934628,46
rap_decomp_gnu,ursa,gnu,230.78,81.97567832433407,205,679,850.54,7.065899714509711,847,871,50
