test_name,machine,compiler,core_mean,core_std,core_min,core_max,mem_mean,mem_std,mem_min,mem_max,n_hashes
rap_progcld_thompson_debug_gnu,derecho,gnu,160.2888888888889,3.116103497976438,155,169,963.4,4.260815116212568,939,970,45
rap_progcld_thompson_debug_gnu,hera,gnu,152.83333333333334,2.4058010698889443,148,156,947.75,2.4908925016036503,942,950,12
rap_progcld_thompson_debug_gnu,hercules,gnu,129.95744680851064,21.830331359201672,116,266,21001.574468085106,137499.15869272177,934,943592,47
rap_progcld_thompson_debug_gnu,ursa,gnu,135.6,106.08333266535205,107,815,857.58,7.754103587712612,853,877,50
