test_name,machine,compiler,core_mean,core_std,core_min,core_max,mem_mean,mem_std,mem_min,mem_max,n_hashes
rap_clm_lake_debug_intel,acorn,intel,343.45652173913044,5.062746385726188,333,362,1193.8260869565217,4.483571730098278,1187,1201,46
rap_clm_lake_debug_intel,derecho,intel,299.9230769230769,3.121472367904232,295,304,1133.2307692307693,1.832750490103478,1130,1135,13
rap_clm_lake_debug_intel,gaeac6,intel,205.42222222222222,4.25060898786003,197,216,143642.77777777778,944512.5468601369,1025,6338804,45
rap_clm_lake_debug_intel,hera,intel,294.9111111111111,3.7223051400382965,286,304,1345.6222222222223,6.154410424790248,1329,1359,45
rap_clm_lake_debug_intel,hercules,intel,286.7391304347826,63.23621844854021,243,561,1239.7826086956522,6.768925874016049,1228,1256,46
rap_clm_lake_debug_intel,orion,intel,299.8222222222222,7.670157308120435,288,325,1214.2444444444445,5.908989898126483,1202,1231,45
rap_clm_lake_debug_intel,ursa,intel,247.85714285714286,169.0505348507757,210,1335,1874.4285714285713,6.925195544772263,1853,1890,49
rap_clm_lake_debug_intel,wcoss2,intel,356.4782608695652,30.107761369553693,337,492,1197.2391304347825,4.566470957405825,1186,1205,46
