test_name,machine,compiler,core_mean,core_std,core_min,core_max,mem_mean,mem_std,mem_min,mem_max,n_hashes
rap_lndp_debug_intel,acorn,intel,348.30434782608694,5.257247125920105,340,363,1194.2173913043478,3.476352133284114,1188,1202,46
rap_lndp_debug_intel,derecho,intel,311.40909090909093,24.153594016131514,299,418,1134.0454545454545,1.396501503836091,1132,1136,22
rap_lndp_debug_intel,gaeac6,intel,209.2826086956522,3.6555166436999484,201,215,141593.9347826087,934137.0801010218,1027,6339464,46
rap_lndp_debug_intel,hera,intel,298.6111111111111,4.593646405807374,288,308,1344.3333333333333,5.00285632699685,1333,1354,36
rap_lndp_debug_intel,hercules,intel,269.8695652173913,22.3135322126902,242,327,1239.7826086956522,7.899122436429243,1225,1260,46
rap_lndp_debug_intel,orion,intel,303.02222222222224,5.986685563849503,288,321,1214.0,6.193838580689388,1204,1233,45
rap_lndp_debug_intel,ursa,intel,236.53061224489795,81.95631510160774,212,677,1872.061224489796,7.069323881111633,1860,1894,49
rap_lndp_debug_intel,wcoss2,intel,352.39130434782606,15.841546306215854,340,438,1183.5434782608695,39.29246833214803,1102,1209,46
