test_name,machine,compiler,core_mean,core_std,core_min,core_max,mem_mean,mem_std,mem_min,mem_max,n_hashes
rap_decomp_gnu,hera,gnu,560.5,166.01807130550577,354,819,947.2291666666666,15.865444295544807,844,961,48
rap_decomp_gnu,hercules,gnu,459.7551020408163,198.66077982877468,248,1480,581340.612244898,467061.0682797458,940,1076976,49
rap_decomp_gnu,ursa,gnu,321.52777777777777,233.94474147433206,202,1574,24546.166666666668,142148.88577715168,853,853748,36
