test_name,machine,compiler,core_mean,core_std,core_min,core_max,mem_mean,mem_std,mem_min,mem_max,n_hashes
rap_control_debug_dyn32_phy32_gnu,derecho,gnu,161.23076923076923,11.648704120729814,152,198,818.8461538461538,2.154303980645629,816,823,13
rap_control_debug_dyn32_phy32_gnu,hera,gnu,149.04444444444445,2.2457591908827483,144,155,805.6222222222223,2.639635726322227,799,811,45
rap_control_debug_dyn32_phy32_gnu,hercules,gnu,125.6304347826087,19.959245917231968,113,219,799.0,3.0840089349921596,793,806,46
rap_control_debug_dyn32_phy32_gnu,ursa,gnu,123.26530612244898,55.25085802885934,105,448,715.0,2.309401076758532,704,718,49
