test_name,machine,compiler,core_mean,core_std,core_min,core_max,mem_mean,mem_std,mem_min,mem_max,n_hashes
rap_control_dyn64_phy32_gnu,derecho,gnu,276.0,1.4142135623730951,275,277,843.5,0.7071067811865476,843,844,2
rap_control_dyn64_phy32_gnu,hera,gnu,343.25,4.097222723083673,337,355,826.3333333333334,2.4086133852730205,822,831,48
rap_control_dyn64_phy32_gnu,hercules,gnu,277.5869565217391,31.538037765323278,258,375,161833.71739130435,330078.63935490436,816,829280,46
rap_control_dyn64_phy32_gnu,ursa,gnu,281.48979591836735,282.90031536810653,211,1772,15757.734693877552,105156.08037634176,731,736828,49
