test_name,machine,compiler,core_mean,core_std,core_min,core_max,mem_mean,mem_std,mem_min,mem_max,n_hashes
rap_noah_debug_intel,acorn,intel,334.0208333333333,6.682748776190356,313,346,1193.5833333333333,2.9160840350186774,1184,1199,48
rap_noah_debug_intel,derecho,intel,276.2903225806452,3.0132324657206797,270,283,191604.1935483871,441397.558395937,1177,1183260,31
rap_noah_debug_intel,gaeac6,intel,197.4255319148936,4.184571459286167,191,219,89738.5744680851,293950.1928813602,1034,1048728,47
rap_noah_debug_intel,hera,intel,303.3673469387755,30.81104636703032,281,446,1299.469387755102,56.92908675156607,1198,1353,49
rap_noah_debug_intel,hercules,intel,259.86,23.691047133584334,234,362,846653.42,585853.9998911789,1228,1254960,50
rap_noah_debug_intel,orion,intel,304.2448979591837,32.235804764943246,281,448,75510.0,293935.6798353171,1206,1224464,49
rap_noah_debug_intel,ursa,intel,226.4375,65.05528046307258,205,573,60104.96875,329410.4898406599,1864,1865300,32
rap_noah_debug_intel,wcoss2,intel,339.1041666666667,8.949597835570026,326,371,1194.4375,4.680908486108174,1185,1203,48
