test_name,machine,compiler,core_mean,core_std,core_min,core_max,mem_mean,mem_std,mem_min,mem_max,n_hashes
rap_restart_gnu,hera,gnu,316.6326530612245,79.90194351973732,184,549,663.5918367346939,45.39590582096715,563,701,49
rap_restart_gnu,hercules,gnu,243.3,90.02272955612207,128,562,552953.64,321877.7035490191,671,878460,50
rap_restart_gnu,ursa,gnu,216.0,213.49455713419468,108,1111,21444.071428571428,110386.21820073992,580,584692,28
