test_name,machine,compiler,core_mean,core_std,core_min,core_max,mem_mean,mem_std,mem_min,mem_max,n_hashes
rap_unified_drag_suite_debug_intel,acorn,intel,343.1666666666667,5.316907329087018,332,356,1194.3125,3.8710944628651704,1183,1207,48
rap_unified_drag_suite_debug_intel,derecho,intel,283.6470588235294,3.2966114509938107,278,290,350793.5294117647,558283.7615391162,1179,1190656,17
rap_unified_drag_suite_debug_intel,gaeac6,intel,202.6595744680851,2.4607934010827166,197,209,90040.85106382979,294955.30693110975,1028,1049160,47
rap_unified_drag_suite_debug_intel,hera,intel,300.5833333333333,25.870243592708967,285,433,1339.8333333333333,7.633446374089507,1325,1355,48
rap_unified_drag_suite_debug_intel,hercules,intel,266.3333333333333,23.660122959099688,239,331,468061.1458333333,609055.6232159924,1225,1260352,48
rap_unified_drag_suite_debug_intel,orion,intel,300.0833333333333,12.038649343434855,287,350,52115.583333333336,246683.3200307576,1202,1224268,48
rap_unified_drag_suite_debug_intel,ursa,intel,218.79166666666666,11.817690189645338,210,268,40979.416666666664,270916.41771978413,1863,1878840,48
rap_unified_drag_suite_debug_intel,wcoss2,intel,348.7708333333333,10.112641306028676,327,368,1197.2708333333333,4.992503245114844,1187,1205,48
