test_name,machine,compiler,core_mean,core_std,core_min,core_max,mem_mean,mem_std,mem_min,mem_max,n_hashes
rap_restart_dyn32_phy32_intel,acorn,intel,178.29166666666666,79.17579641272104,108,288,734.5833333333334,9.307588606817653,725,750,48
rap_restart_dyn32_phy32_intel,derecho,intel,220.83333333333334,45.82222681830548,95,241,215206.66666666666,355790.49207776925,766,779160,18
rap_restart_dyn32_phy32_intel,gaeac6,intel,114.48936170212765,53.49192232413736,68,198,55031.574468085106,180275.28266524055,627,641700,47
rap_restart_dyn32_phy32_intel,hera,intel,184.375,98.4705647778034,99,413,1092.9166666666667,40.99654024496128,1038,1154,48
rap_restart_dyn32_phy32_intel,hercules,intel,162.02083333333334,76.16485188799732,85,315,427192.3958333333,533126.2993438554,966,1121832,48
rap_restart_dyn32_phy32_intel,orion,intel,210.77083333333334,112.6659984925002,123,589,39666.354166666664,187934.4933965918,883,967860,48
rap_restart_dyn32_phy32_intel,ursa,intel,140.5744680851064,146.70907987087486,70,1035,39798.14893617021,261188.8063596223,1623,1792320,47
rap_restart_dyn32_phy32_intel,wcoss2,intel,187.5625,76.43796156416724,115,300,737.3541666666666,10.491109880504675,716,757,48
