test_name,machine,compiler,core_mean,core_std,core_min,core_max,mem_mean,mem_std,mem_min,mem_max,n_hashes
rap_progcld_thompson_debug_gnu,derecho,gnu,160.4,2.190890230020667,157,163,964.6,2.701851217221256,961,968,5
rap_progcld_thompson_debug_gnu,hera,gnu,153.22916666666666,2.8823718316495053,148,162,954.75,4.512394278834567,945,962,48
rap_progcld_thompson_debug_gnu,hercules,gnu,127.26086956521739,25.618079364740915,116,247,124877.47826086957,323521.29622519884,940,953000,46
rap_progcld_thompson_debug_gnu,ursa,gnu,115.6734693877551,19.711870107355406,107,246,18411.61224489796,122874.55659343806,853,860980,49
