test_name,machine,compiler,core_mean,core_std,core_min,core_max,mem_mean,mem_std,mem_min,mem_max,n_hashes
rap_control_dyn32_phy32_intel,acorn,intel,193.12765957446808,5.954965123384155,186,212,888.3617021276596,3.2398707161195617,882,897,47
rap_control_dyn32_phy32_intel,derecho,intel,172.80769230769232,3.346869949899227,168,180,845.0769230769231,1.0926326710501613,843,847,26
rap_control_dyn32_phy32_intel,gaeac6,intel,129.17021276595744,5.757109589308841,121,149,138945.6595744681,924122.1826055368,737,6339584,47
rap_control_dyn32_phy32_intel,hera,intel,185.9090909090909,8.307991771344462,181,211,1109.4242424242425,9.480342501164946,1076,1129,33
rap_control_dyn32_phy32_intel,hercules,intel,161.5744680851064,16.539471471565886,149,211,1046.7021276595744,13.617308189623039,1016,1077,47
rap_control_dyn32_phy32_intel,orion,intel,228.52173913043478,4.951942965183948,223,245,938.3260869565217,6.011301755216607,927,955,46
rap_control_dyn32_phy32_intel,ursa,intel,199.18367346938774,186.36217801516977,125,833,1749.0204081632653,55.036537029170596,1702,1924,49
rap_control_dyn32_phy32_intel,wcoss2,intel,205.85106382978722,26.182452407310027,188,364,864.3191489361702,41.86422483456589,793,895,47
