test_name,machine,compiler,core_mean,core_std,core_min,core_max,mem_mean,mem_std,mem_min,mem_max,n_hashes
rap_sfcdiff_intel,acorn,intel,232.2608695652174,6.887782363992025,221,247,1008.5,3.834057902536152,1003,1018,46
rap_sfcdiff_intel,derecho,intel,199.54545454545453,13.602266172283386,192,258,963.4545454545455,1.4384936806479254,961,965,22
rap_sfcdiff_intel,gaeac6,intel,147.84782608695653,5.046307302503919,141,160,141512.23913043478,934130.3497160506,855,6339336,46
rap_sfcdiff_intel,hera,intel,212.08333333333334,17.51631892183482,199,254,1168.25,7.780470055575882,1155,1181,36
rap_sfcdiff_intel,hercules,intel,182.7391304347826,22.794185206474328,167,269,1094.9347826086957,12.598769206047312,1069,1129,46
rap_sfcdiff_intel,orion,intel,254.75555555555556,6.729026525419399,246,272,1039.5777777777778,5.4376168279566,1026,1054,45
rap_sfcdiff_intel,ursa,intel,224.0408163265306,180.78647156056707,144,779,1800.2448979591836,47.41902335044666,1754,1949,49
rap_sfcdiff_intel,wcoss2,intel,251.3913043478261,39.94800969085781,228,437,996.304347826087,38.66199372063107,917,1022,46
