test_name,machine,compiler,core_mean,core_std,core_min,core_max,mem_mean,mem_std,mem_min,mem_max,n_hashes
rap_lndp_debug_intel,acorn,intel,348.8863636363636,7.907064574813767,335,376,1194.1818181818182,3.9253068449025688,1188,1205,44
rap_lndp_debug_intel,derecho,intel,308.72727272727275,17.303533227536157,299,418,1133.2272727272727,1.6262903479955046,1129,1136,44
rap_lndp_debug_intel,gaeac6,intel,213.19148936170214,2.2519392403605494,209,218,6338.723404255319,0.682136275419079,6338,6342,47
rap_lndp_debug_intel,hera,intel,299.15384615384613,3.23641143465397,294,305,1345.3076923076924,5.935551299649387,1333,1354,13
rap_lndp_debug_intel,hercules,intel,265.3478260869565,14.273857052986147,244,308,28023.630434782608,181663.4079135683,1226,1233340,46
rap_lndp_debug_intel,orion,intel,306.4,6.49965034024558,295,322,28170.755555555555,180839.9514004222,1203,1214324,45
rap_lndp_debug_intel,ursa,intel,262.34,114.38274630844123,212,677,1871.6,6.931148268976119,1860,1894,50
rap_lndp_debug_intel,wcoss2,intel,349.9166666666667,7.502718183554808,341,382,1131.5,45.20638252809669,1097,1204,48
