test_name,machine,compiler,core_mean,core_std,core_min,core_max,mem_mean,mem_std,mem_min,mem_max,n_hashes
rap_clm_lake_debug_intel,acorn,intel,341.54347826086956,6.520758380362865,328,362,1190.4347826086957,3.618791535017483,1184,1201,46
rap_clm_lake_debug_intel,derecho,intel,301.06666666666666,3.6571454228233993,295,310,1132.8333333333333,1.6626388110746777,1130,1136,30
rap_clm_lake_debug_intel,gaeac6,intel,208.48936170212767,3.7234412579104923,200,220,139491.02127659574,923923.8488614152,1025,6338804,47
rap_clm_lake_debug_intel,hera,intel,295.48275862068965,3.408190655875642,289,304,1344.2758620689656,6.578626385739809,1329,1359,29
rap_clm_lake_debug_intel,hercules,intel,270.8085106382979,39.411231183328375,244,488,1239.212765957447,6.695021415080097,1228,1256,47
rap_clm_lake_debug_intel,orion,intel,301.17391304347825,7.555143495441681,288,325,1212.195652173913,5.340077257940452,1201,1227,46
rap_clm_lake_debug_intel,ursa,intel,260.57142857142856,180.96535119556268,209,1335,1871.265306122449,7.21911672287568,1853,1888,49
rap_clm_lake_debug_intel,wcoss2,intel,351.5531914893617,22.510682015664486,337,448,1161.787234042553,46.823877302733294,1095,1203,47
