test_name,machine,compiler,core_mean,core_std,core_min,core_max,mem_mean,mem_std,mem_min,mem_max,n_hashes
rap_sfcdiff_gnu,derecho,gnu,261.2903225806452,10.988459244095132,256,318,955.6451612903226,1.8716906278687306,952,959,31
rap_sfcdiff_gnu,hera,gnu,356.75,3.3733706629467135,353,367,939.9642857142857,3.4154566188642868,932,946,28
rap_sfcdiff_gnu,hercules,gnu,271.0851063829787,31.02371448286817,246,364,935.4042553191489,2.8411538873591113,930,942,47
rap_sfcdiff_gnu,ursa,gnu,312.42857142857144,288.3532989233867,205,1487,847.6122448979592,3.930735334782633,842,871,49
