test_name,machine,compiler,core_mean,core_std,core_min,core_max,mem_mean,mem_std,mem_min,mem_max,n_hashes
rap_control_dyn32_phy32_intelllvm,hera,intelllvm,317.8125,119.56706588639223,205,582,1129.8541666666667,26.058844688988295,1089,1171,48
rap_control_dyn32_phy32_intelllvm,ursa,intelllvm,201.22448979591837,125.51647722280039,126,949,39741.204081632655,265745.5003422745,1712,1861996,49
