test_name,machine,compiler,core_mean,core_std,core_min,core_max,mem_mean,mem_std,mem_min,mem_max,n_hashes
rap_control_dyn32_phy32_intelllvm,hera,intelllvm,211.59375,10.342082447691023,205,248,1106.65625,7.810701405867027,1089,1129,32
rap_control_dyn32_phy32_intelllvm,ursa,intelllvm,218.9591836734694,216.57051961425034,126,791,1751.6326530612246,50.93733645272353,1712,1903,49
