test_name,machine,compiler,core_mean,core_std,core_min,core_max,mem_mean,mem_std,mem_min,mem_max,n_hashes
rap_control_dyn64_phy32_intel,acorn,intel,253.375,6.612769722609052,240,268,918.1458333333334,2.306231921069266,913,922,48
rap_control_dyn64_phy32_intel,derecho,intel,219.72727272727272,2.1489955370316296,217,223,414208.45454545453,474843.42497445695,908,911400,11
rap_control_dyn64_phy32_intel,gaeac6,intel,161.87234042553192,7.747698175072764,153,202,169277.27659574468,933475.5318821837,772,6339320,47
rap_control_dyn64_phy32_intel,hera,intel,244.77083333333334,14.393023699197967,224,264,1114.6666666666667,8.241909852345144,1093,1132,48
rap_control_dyn64_phy32_intel,hercules,intel,228.95833333333334,26.276725672289135,196,314,301788.1458333333,498591.47488137276,1091,1117808,48
rap_control_dyn64_phy32_intel,orion,intel,282.3125,50.20644878897531,262,588,43070.625,203846.06173773395,999,1011824,48
rap_control_dyn64_phy32_intel,ursa,intel,212.75510204081633,125.27960904383791,158,721,39019.142857142855,260412.37673167852,1785,1824704,49
rap_control_dyn64_phy32_intel,wcoss2,intel,276.0833333333333,46.70679632232375,242,493,918.3333333333334,4.254326125268454,904,924,48
