test_name,machine,compiler,core_mean,core_std,core_min,core_max,mem_mean,mem_std,mem_min,mem_max,n_hashes
rap_control_dyn64_phy32_debug_intel,acorn,intel,340.3404255319149,4.765257398698986,332,353,1104.787234042553,4.117492748140511,1097,1112,47
rap_control_dyn64_phy32_debug_intel,derecho,intel,295.1,5.8204619900638335,285,302,1060.8,18.57597014065932,1051,1096,10
rap_control_dyn64_phy32_debug_intel,gaeac6,intel,202.2173913043478,5.282730958208211,194,218,139912.08695652173,934347.2991976289,943,6339184,46
rap_control_dyn64_phy32_debug_intel,hera,intel,299.8125,6.683279389959337,288,334,1286.0625,7.831758178736756,1271,1302,48
rap_control_dyn64_phy32_debug_intel,hercules,intel,261.5652173913044,17.83212104778345,240,307,107000.36956521739,346572.95369189885,1196,1220556,46
rap_control_dyn64_phy32_debug_intel,orion,intel,298.54347826086956,7.1638181059454675,287,318,26704.108695652172,173139.30351665497,1161,1175464,46
rap_control_dyn64_phy32_debug_intel,ursa,intel,245.53061224489795,91.99458816528654,204,596,1859.8775510204082,8.702568234581737,1842,1877,49
rap_control_dyn64_phy32_debug_intel,wcoss2,intel,345.27659574468083,12.629678862073744,332,393,1105.0,5.183586134848277,1090,1111,47
