test_name,machine,compiler,core_mean,core_std,core_min,core_max,mem_mean,mem_std,mem_min,mem_max,n_hashes
rap_control_dyn64_phy32_debug_gnu,derecho,gnu,161.9047619047619,9.28926671974038,155,201,847.8095238095239,1.0779168622415862,846,850,21
rap_control_dyn64_phy32_debug_gnu,hera,gnu,154.43243243243242,3.6020097826733464,150,166,831.6756756756756,3.5123121069085728,819,837,37
rap_control_dyn64_phy32_debug_gnu,hercules,gnu,123.97826086956522,5.7907555846837395,115,140,825.3695652173913,2.4707956042283907,820,831,46
rap_control_dyn64_phy32_debug_gnu,ursa,gnu,140.73469387755102,69.04007758487218,108,392,741.6122448979592,1.705583069053441,739,745,49
