test_name,machine,compiler,core_mean,core_std,core_min,core_max,mem_mean,mem_std,mem_min,mem_max,n_hashes
rap_control_debug_intel,acorn,intel,343.9166666666667,5.4415006274018065,335,362,1193.4791666666667,4.453015155109155,1185,1211,48
rap_control_debug_intel,derecho,intel,282.14285714285717,2.9050921568102637,278,289,424332.0,589144.2635811837,1178,1188144,14
rap_control_debug_intel,gaeac6,intel,203.63829787234042,3.0030819814990135,198,209,67715.0425531915,258096.6187797118,1027,1047780,47
rap_control_debug_intel,hera,intel,296.3125,16.01217123501915,281,396,1339.0416666666667,5.664215155988791,1325,1351,48
rap_control_debug_intel,hercules,intel,266.8125,35.608782236134196,240,462,415034.4583333333,591398.1545077286,1225,1253920,48
rap_control_debug_intel,orion,intel,301.7291666666667,16.630834709074808,290,374,52002.458333333336,246139.31825997974,1201,1228044,48
rap_control_debug_intel,ursa,intel,219.30612244897958,10.79969922735631,209,259,40063.5918367347,267327.1429563503,1857,1873164,49
rap_control_debug_intel,wcoss2,intel,350.7916666666667,16.46137753514601,335,415,1197.625,5.479652885419037,1187,1206,48
