test_name,machine,compiler,core_mean,core_std,core_min,core_max,mem_mean,mem_std,mem_min,mem_max,n_hashes
rap_2threads_intel,acorn,intel,215.6595744680851,8.765735157901133,199,235,1086.5744680851064,6.816682480283595,1074,1102,47
rap_2threads_intel,derecho,intel,342.3333333333333,12.047884260380123,335,379,1039.8333333333333,4.19595765065148,1034,1051,12
rap_2threads_intel,gaeac6,intel,173.19565217391303,9.954607119246386,161,188,140367.76086956522,934255.7686317716,926,6339028,46
rap_2threads_intel,hera,intel,278.4468085106383,25.863192336868256,234,310,1177.5531914893618,10.890379700807081,1150,1200,47
rap_2threads_intel,hercules,intel,258.4130434782609,44.25209403053099,217,521,1163.9130434782608,7.2719433042543775,1149,1184,46
rap_2threads_intel,orion,intel,286.0,25.427893695266583,262,322,1123.0869565217392,11.248360052235784,1105,1152,46
rap_2threads_intel,ursa,intel,129.0204081632653,13.05036684656535,117,162,1175.3265306122448,6.520441431573821,1161,1187,49
rap_2threads_intel,wcoss2,intel,241.4468085106383,44.8910800235406,213,416,1095.6808510638298,44.73259019268725,1078,1393,47
