test_name,machine,compiler,core_mean,core_std,core_min,core_max,mem_mean,mem_std,mem_min,mem_max,n_hashes
rap_control_dyn64_phy32_debug_intel,acorn,intel,336.14285714285717,6.284902544988217,323,348,1107.061224489796,3.023575169021231,1100,1112,49
rap_control_dyn64_phy32_debug_intel,derecho,intel,280.22727272727275,4.230634514853343,274,289,250308.04545454544,470329.76752157917,1095,1100708,22
rap_control_dyn64_phy32_debug_intel,gaeac6,intel,199.45833333333334,7.025662180749524,194,238,80952.47916666667,268120.82115289307,946,964676,48
rap_control_dyn64_phy32_debug_intel,hera,intel,303.8979591836735,24.565596622410098,288,421,1270.7142857142858,31.487431354960304,1185,1298,49
rap_control_dyn64_phy32_debug_intel,hercules,intel,257.0408163265306,27.448405527214042,236,426,569885.1428571428,610904.9262318768,1196,1222320,49
rap_control_dyn64_phy32_debug_intel,orion,intel,306.18367346938777,33.34708474851272,287,499,73023.51020408163,284248.65522982413,1163,1178448,49
rap_control_dyn64_phy32_debug_intel,ursa,intel,247.53488372093022,93.26086017117312,206,639,45163.46511627907,283967.7730873823,1846,1863960,43
rap_control_dyn64_phy32_debug_intel,wcoss2,intel,344.0612244897959,13.696727351307466,325,393,1104.7142857142858,6.474308199851695,1090,1111,49
