test_name,machine,compiler,core_mean,core_std,core_min,core_max,mem_mean,mem_std,mem_min,mem_max,n_hashes
rap_sfcdiff_debug_intel,acorn,intel,344.9574468085106,5.237645699160569,334,356,1191.3617021276596,3.9310665214797065,1183,1197,47
rap_sfcdiff_debug_intel,derecho,intel,291.3,10.893933072025808,281,308,119434.6,374022.0452350666,1131,1183920,10
rap_sfcdiff_debug_intel,gaeac6,intel,204.43478260869566,2.5703624812512627,199,211,139504.41304347827,934330.6305875421,1027,6338672,46
rap_sfcdiff_debug_intel,hera,intel,295.0208333333333,4.189600007990055,286,305,1339.3541666666667,5.733401883970838,1327,1353,48
rap_sfcdiff_debug_intel,hercules,intel,262.3478260869565,19.185894577127172,241,329,190751.80434782608,452269.3678911874,1227,1250776,46
rap_sfcdiff_debug_intel,orion,intel,300.6304347826087,10.740077996100343,288,344,54435.17391304348,252382.18407515783,1196,1226584,46
rap_sfcdiff_debug_intel,ursa,intel,235.71428571428572,60.876925020897694,210,468,40162.32653061225,268037.8274509797,1856,1878136,49
rap_sfcdiff_debug_intel,wcoss2,intel,354.468085106383,25.73176945522689,336,480,1195.723404255319,5.335289111026844,1187,1205,47
