test_name,machine,compiler,core_mean,core_std,core_min,core_max,mem_mean,mem_std,mem_min,mem_max,n_hashes
rap_2threads_dyn32_phy32_intel,acorn,intel,176.17391304347825,4.672873718844808,167,189,939.0217391304348,5.044200764507392,933,952,46
rap_2threads_dyn32_phy32_intel,derecho,intel,295.7,3.8787662453680904,291,313,896.7666666666667,5.256741703121201,884,909,30
rap_2threads_dyn32_phy32_intel,gaeac6,intel,146.9787234042553,4.09394760964615,143,171,139421.68085106384,923951.173102616,782,6338916,47
rap_2threads_dyn32_phy32_intel,hera,intel,243.27586206896552,25.240127563244734,209,268,1025.3793103448277,9.053072852839406,1004,1045,29
rap_2threads_dyn32_phy32_intel,hercules,intel,222.08510638297872,22.890884636574384,193,349,1082.6808510638298,6.5178897057611005,1066,1093,47
rap_2threads_dyn32_phy32_intel,orion,intel,241.7173913043478,5.175425021637295,237,262,978.1086956521739,12.829182464417359,954,1007,46
rap_2threads_dyn32_phy32_intel,ursa,intel,101.63265306122449,2.078600065258471,100,112,1065.9183673469388,5.407697964837826,1052,1076,49
rap_2threads_dyn32_phy32_intel,wcoss2,intel,184.74468085106383,27.406337005300497,170,361,904.8723404255319,46.64137788873567,838,952,47
