test_name,machine,compiler,core_mean,core_std,core_min,core_max,mem_mean,mem_std,mem_min,mem_max,n_hashes
rap_lndp_debug_intel,acorn,intel,344.83673469387753,4.620366772848908,337,354,1200.0,4.495367986420378,1192,1217,49
rap_lndp_debug_intel,derecho,intel,282.95454545454544,4.336745243539139,278,294,270462.7727272727,508205.19034716976,1181,1188576,22
rap_lndp_debug_intel,gaeac6,intel,203.39583333333334,3.8189871851797816,197,223,88176.9375,292047.397800018,1029,1050784,48
rap_lndp_debug_intel,hera,intel,304.6938775510204,28.115242071422646,288,439,1330.2244897959183,34.06627444294086,1213,1356,49
rap_lndp_debug_intel,hercules,intel,269.7142857142857,50.33843793100192,242,538,560568.7959183673,626059.7846588807,1225,1256400,49
rap_lndp_debug_intel,orion,intel,311.2040816326531,38.79270742884368,287,449,75603.87755102041,294289.581599813,1210,1225700,49
rap_lndp_debug_intel,ursa,intel,231.38636363636363,54.810122944279364,210,572,44470.11363636364,282536.61519380606,1865,1876012,44
rap_lndp_debug_intel,wcoss2,intel,352.40816326530614,39.28470777931434,334,618,1200.9591836734694,4.3825372392098245,1189,1207,49
