test_name,machine,compiler,core_mean,core_std,core_min,core_max,mem_mean,mem_std,mem_min,mem_max,n_hashes
rap_diag_debug_gnu,hera,gnu,174.79591836734693,28.565698830238052,160,335,1024.5510204081634,42.63608664445819,923,1054,49
rap_diag_debug_gnu,hercules,gnu,133.76,11.090646914386552,123,187,804519.36,487629.0215250733,1035,1264332,50
rap_diag_debug_gnu,ursa,gnu,142.48275862068965,78.59826456174605,116,537,33558.793103448275,175618.14957689538,946,946680,29
