test_name,machine,compiler,core_mean,core_std,core_min,core_max,mem_mean,mem_std,mem_min,mem_max,n_hashes
rap_restart_intel,acorn,intel,188.47916666666666,50.730824732249175,125,245,769.6666666666666,5.416025603090687,761,779,48
rap_restart_intel,derecho,intel,189.17391304347825,25.048411624316337,110,200,189930.21739130435,366781.08343805856,861,871628,23
rap_restart_intel,gaeac6,intel,119.23404255319149,32.19250031887487,77,157,63542.04255319149,208151.63849253886,726,740856,47
rap_restart_intel,hera,intel,194.08333333333334,67.83234442619987,109,389,1184.0625,39.97361164142634,1100,1237,48
rap_restart_intel,hercules,intel,173.59183673469389,60.00170774213673,93,413,588688.2857142857,582115.116508038,1072,1204272,49
rap_restart_intel,orion,intel,246.18367346938774,145.4992373217966,137,686,64328.32653061225,250517.0246401586,998,1052892,49
rap_restart_intel,ursa,intel,140.09756097560975,80.76626922114478,78,468,47187.170731707316,290621.29697270144,1747,1862684,41
rap_restart_intel,wcoss2,intel,203.14583333333334,47.43460877807549,140,296,770.1666666666666,5.919076025268428,757,781,48
