test_name,machine,compiler,core_mean,core_std,core_min,core_max,mem_mean,mem_std,mem_min,mem_max,n_hashes
rap_2threads_dyn32_phy32_intel,acorn,intel,500.74468085106383,306.9418205802063,183,827,935.531914893617,6.064332874273207,927,953,47
rap_2threads_dyn32_phy32_intel,derecho,intel,557.6923076923077,73.60313538472079,308,589,179616.07692307694,373458.0983161482,920,939372,26
rap_2threads_dyn32_phy32_intel,gaeac6,intel,238.7173913043478,66.11359350675782,159,297,70568.08695652174,228584.32097740952,788,809332,46
rap_2threads_dyn32_phy32_intel,hera,intel,369.6666666666667,113.5201422437246,238,577,1027.1041666666667,19.45233080530108,982,1053,48
rap_2threads_dyn32_phy32_intel,hercules,intel,363.7551020408163,198.96718014665183,218,1540,661300.7959183673,554086.8321838938,1062,1140452,49
rap_2threads_dyn32_phy32_intel,orion,intel,480.6041666666667,232.96897241892339,273,1306,62642.3125,241353.28997102243,965,997948,48
rap_2threads_dyn32_phy32_intel,ursa,intel,279.5135135135135,250.28179913645133,115,814,30752.08108108108,179743.04362128524,1068,1094536,37
rap_2threads_dyn32_phy32_intel,wcoss2,intel,524.7872340425532,304.6603908395888,187,841,936.9574468085107,7.052466256283855,920,957,47
