test_name,machine,compiler,core_mean,core_std,core_min,core_max,mem_mean,mem_std,mem_min,mem_max,n_hashes
rap_sfcdiff_intel,acorn,intel,229.69565217391303,4.848227924681527,221,242,1006.8913043478261,2.9000249873985777,1003,1018,46
rap_sfcdiff_intel,derecho,intel,199.0,11.310856902594413,192,258,963.1875,2.5200806438709105,952,965,32
rap_sfcdiff_intel,gaeac6,intel,147.31914893617022,4.359429474931446,141,169,139684.48936170212,923974.2058010551,855,6339336,47
rap_sfcdiff_intel,hera,intel,205.03703703703704,3.8278481752051796,200,217,1165.037037037037,5.807697024582517,1155,1180,27
rap_sfcdiff_intel,hercules,intel,177.40425531914894,14.63863199605768,167,222,1095.2978723404256,13.488988896934043,1069,1129,47
rap_sfcdiff_intel,orion,intel,253.34782608695653,4.11078468478192,249,267,1038.0869565217392,4.5009929124658346,1026,1047,46
rap_sfcdiff_intel,ursa,intel,228.9591836734694,187.9737303436832,144,796,1804.2448979591836,54.08424393644482,1745,1962,49
rap_sfcdiff_intel,wcoss2,intel,243.36170212765958,26.651066975879626,228,415,975.0425531914893,47.686000792689285,913,1021,47
