test_name,machine,compiler,core_mean,core_std,core_min,core_max,mem_mean,mem_std,mem_min,mem_max,n_hashes
rap_diag_debug_gnu,hera,gnu,173.22916666666666,29.077475075005882,160,335,1043.1041666666667,5.095845547499578,1031,1054,48
rap_diag_debug_gnu,hercules,gnu,133.22448979591837,10.679546857822908,123,187,594031.9591836735,518870.8784327577,1034,1043548,49
rap_diag_debug_gnu,ursa,gnu,139.26315789473685,68.73359625847496,116,537,25835.07894736842,153418.08989382337,946,946680,38
