test_name,machine,compiler,core_mean,core_std,core_min,core_max,mem_mean,mem_std,mem_min,mem_max,n_hashes
rap_noah_debug_intel,acorn,intel,338.5531914893617,4.122095871711152,333,348,1190.8936170212767,4.087276347042897,1185,1201,47
rap_noah_debug_intel,derecho,intel,302.84615384615387,32.29511354639211,290,410,1127.8461538461538,1.7722938923963294,1125,1130,13
rap_noah_debug_intel,gaeac6,intel,202.6086956521739,4.919251347148801,196,226,140541.9347826087,934195.7607246137,1024,6338804,46
rap_noah_debug_intel,hera,intel,291.5217391304348,4.96538744346986,282,303,1337.7608695652175,5.534476920415138,1322,1346,46
rap_noah_debug_intel,hercules,intel,269.04347826086956,53.17014890236361,237,576,1236.5434782608695,7.166919442795243,1223,1257,46
rap_noah_debug_intel,orion,intel,291.69565217391306,7.1207663920158,278,311,1212.9347826086957,7.953761301458479,1196,1235,46
rap_noah_debug_intel,ursa,intel,233.42857142857142,78.71308658666612,205,573,1870.1224489795918,5.797386814552867,1855,1886,49
rap_noah_debug_intel,wcoss2,intel,346.8085106382979,22.837458072470337,331,488,1195.6170212765958,4.21463904013944,1189,1204,47
