test_name,machine,compiler,core_mean,core_std,core_min,core_max,mem_mean,mem_std,mem_min,mem_max,n_hashes
rap_progcld_thompson_debug_gnu,hera,gnu,157.16666666666666,25.83444289541216,148,331,956.0416666666666,3.8424190814073205,945,962,48
rap_progcld_thompson_debug_gnu,hercules,gnu,127.35416666666667,24.924984972643916,116,247,318022.9791666667,453157.3295127501,942,954744,48
rap_progcld_thompson_debug_gnu,ursa,gnu,115.3265306122449,19.8309393741846,105,246,18412.836734693876,122874.37800848793,853,860980,49
