test_name,machine,compiler,core_mean,core_std,core_min,core_max,mem_mean,mem_std,mem_min,mem_max,n_hashes
rap_control_dyn64_phy32_debug_intel,acorn,intel,340.0416666666667,4.833211052500632,332,353,1105.8541666666667,3.758618936797942,1098,1112,48
rap_control_dyn64_phy32_debug_intel,derecho,intel,280.7,4.498147766951783,274,286,549354.4,577916.3070084341,1095,1100708,10
rap_control_dyn64_phy32_debug_intel,gaeac6,intel,201.58695652173913,7.172713997292553,194,238,138976.78260869565,934486.2432686244,943,6339184,46
rap_control_dyn64_phy32_debug_intel,hera,intel,299.0,6.875797826047581,288,334,1284.4791666666667,7.900954920291962,1271,1302,48
rap_control_dyn64_phy32_debug_intel,hercules,intel,260.32608695652175,18.640522581880692,236,307,290790.47826086957,522256.76899849175,1196,1220556,46
rap_control_dyn64_phy32_debug_intel,orion,intel,299.9782608695652,14.175862318171978,287,380,52297.69565217391,242427.72086338728,1161,1178448,46
rap_control_dyn64_phy32_debug_intel,ursa,intel,246.91836734693877,95.407642237291,206,639,39861.32653061225,266014.3900119556,1842,1863960,49
rap_control_dyn64_phy32_debug_intel,wcoss2,intel,345.8333333333333,12.381065387996468,327,393,1105.2708333333333,5.286432185153535,1090,1111,48
