test_name,machine,compiler,core_mean,core_std,core_min,core_max,mem_mean,mem_std,mem_min,mem_max,n_hashes
rap_lndp_debug_intel,acorn,intel,347.40425531914894,5.182158247999369,338,362,1198.0,5.3160953307120415,1189,1217,47
rap_lndp_debug_intel,derecho,intel,287.2,11.858424103658233,278,310,356898.8,572778.7602833518,1136,1188576,10
rap_lndp_debug_intel,gaeac6,intel,205.82608695652175,4.672873718844801,197,223,139293.21739130435,934481.3096684621,1027,6339464,46
rap_lndp_debug_intel,hera,intel,298.25,4.710784367990341,288,308,1342.2916666666667,5.044307233009567,1331,1353,48
rap_lndp_debug_intel,hercules,intel,269.39130434782606,26.27079346673755,242,362,244951.08695652173,499603.13427865814,1225,1253852,46
rap_lndp_debug_intel,orion,intel,302.9130434782609,11.000658741803754,288,356,54094.913043478264,250757.76843611235,1206,1225700,46
rap_lndp_debug_intel,ursa,intel,228.6326530612245,51.17197063072021,210,572,40122.102040816324,267733.9435345318,1864,1876012,49
rap_lndp_debug_intel,wcoss2,intel,357.468085106383,41.582213517753914,340,618,1202.0,3.6055512754641055,1189,1209,47
