test_name,machine,compiler,core_mean,core_std,core_min,core_max,mem_mean,mem_std,mem_min,mem_max,n_hashes
rap_sfcdiff_gnu,hera,gnu,414.9791666666667,126.28833769429646,351,684,944.1458333333334,3.3261669418149795,937,951,48
rap_sfcdiff_gnu,hercules,gnu,319.2340425531915,113.72472729586953,246,825,241485.68085106384,415255.38080361154,930,949644,47
rap_sfcdiff_gnu,ursa,gnu,316.3469387755102,265.4058645907879,202,1487,18248.571428571428,121779.5000458479,842,853308,49
