test_name,machine,compiler,core_mean,core_std,core_min,core_max,mem_mean,mem_std,mem_min,mem_max,n_hashes
rap_noah_debug_intel,acorn,intel,337.2083333333333,4.972085196944399,327,348,1192.625,3.949818202118515,1184,1201,48
rap_noah_debug_intel,derecho,intel,276.0,2.7988092706244427,273,282,455257.07692307694,597818.173304038,1177,1183260,13
rap_noah_debug_intel,gaeac6,intel,199.80851063829786,4.15272722265187,194,219,45264.1914893617,212050.4975401561,1024,1040556,47
rap_noah_debug_intel,hera,intel,293.1041666666667,15.775337044426292,281,394,1337.625,6.104149268970398,1327,1353,48
rap_noah_debug_intel,hercules,intel,268.1458333333333,52.239216369987346,237,576,389082.4166666667,581367.0111631003,1224,1254960,48
rap_noah_debug_intel,orion,intel,292.4375,14.929488526388774,278,382,51930.083333333336,245797.41254336707,1201,1224464,48
rap_noah_debug_intel,ursa,intel,226.9591836734694,65.5289246515338,205,573,39900.65306122449,266204.0714843714,1857,1865300,49
rap_noah_debug_intel,wcoss2,intel,345.2291666666667,23.15924481858973,326,488,1197.25,4.204860409553414,1189,1204,48
