test_name,machine,compiler,core_mean,core_std,core_min,core_max,mem_mean,mem_std,mem_min,mem_max,n_hashes
rap_2threads_intel,acorn,intel,234.17021276595744,54.21908822743718,199,412,1087.3829787234042,6.809689999614013,1074,1102,47
rap_2threads_intel,derecho,intel,483.3,178.39098756507977,335,695,108055.9,338346.87981762475,1034,1071008,10
rap_2threads_intel,gaeac6,intel,190.2173913043478,49.5526265896407,161,348,139431.19565217392,934395.3840897359,926,6339028,46
rap_2threads_intel,hera,intel,295.5625,74.17314598361311,234,529,1179.3125,10.00458671406009,1150,1200,48
rap_2threads_intel,hercules,intel,278.6521739130435,83.861318693107,217,562,180833.19565217392,428862.82202461484,1149,1216000,46
rap_2threads_intel,orion,intel,342.10869565217394,173.7474832125787,262,1120,49998.217391304344,231778.48056844785,1105,1127380,46
rap_2threads_intel,ursa,intel,141.48979591836735,36.0168493260328,117,257,25265.428571428572,168616.95848097547,1161,1181496,49
rap_2threads_intel,wcoss2,intel,258.40425531914894,64.51951493606852,213,417,1097.1489361702127,44.45807928893302,1080,1393,47
