test_name,machine,compiler,core_mean,core_std,core_min,core_max,mem_mean,mem_std,mem_min,mem_max,n_hashes
rap_diag_debug_intel,acorn,intel,360.8222222222222,8.28824164071909,348,384,1273.4666666666667,2.51901856790587,1269,1279,45
rap_diag_debug_intel,derecho,intel,318.8695652173913,15.979999576765636,309,421,1217.3260869565217,2.3002835363986365,1212,1222,46
rap_diag_debug_intel,gaeac6,intel,219.39583333333334,2.6716763669892867,213,226,6338.854166666667,0.6184945116918705,6338,6342,48
rap_diag_debug_intel,hera,intel,312.7,3.0930028559098774,310,319,1427.1,5.425249610232975,1415,1433,10
rap_diag_debug_intel,hercules,intel,275.8125,23.476249881755777,253,404,28772.0,190166.50162076612,1309,1318836,48
rap_diag_debug_intel,orion,intel,318.8510638297872,8.587095281025045,303,342,29104.36170212766,190617.54738542793,1290,1308108,47
rap_diag_debug_intel,ursa,intel,286.88,134.4161433453465,220,691,1954.6,7.92052358607375,1939,1978,50
rap_diag_debug_intel,wcoss2,intel,361.6530612244898,7.177949511084168,352,394,1205.0204081632653,40.99160981017873,1178,1279,49
