test_name,machine,compiler,core_mean,core_std,core_min,core_max,mem_mean,mem_std,mem_min,mem_max,n_hashes
rap_decomp_intel,acorn,intel,250.19148936170214,32.81412626470783,229,463,1012.936170212766,3.0531826254435925,1006,1019,47
rap_decomp_intel,derecho,intel,225.1,57.904998824703284,199,388,974.0,19.350567031599983,961,1002,10
rap_decomp_intel,gaeac6,intel,160.1086956521739,22.43135529750916,144,300,139734.30434782608,934433.0587008448,853,6339576,46
rap_decomp_intel,hera,intel,240.70833333333334,43.12078944395041,210,489,1160.1666666666667,9.352058217729521,1144,1181,48
rap_decomp_intel,hercules,intel,213.80434782608697,49.897058281233086,177,469,94258.32608695653,305319.5781977416,1049,1084432,46
rap_decomp_intel,orion,intel,278.60869565217394,40.07852196258382,258,526,23553.847826086956,152733.57266094553,1027,1036924,46
rap_decomp_intel,ursa,intel,185.44897959183675,104.3505832168037,149,874,39126.795918367345,261828.7592692168,1700,1834524,49
rap_decomp_intel,wcoss2,intel,278.9148936170213,54.27619775668906,240,485,1016.7446808510638,5.75767195218462,994,1023,47
