test_name,machine,compiler,core_mean,core_std,core_min,core_max,mem_mean,mem_std,mem_min,mem_max,n_hashes
rap_control_debug_dyn32_phy32_gnu,derecho,gnu,159.5,8.139979069952163,152,198,818.1071428571429,1.7070504280838208,816,823,28
rap_control_debug_dyn32_phy32_gnu,hera,gnu,148.74193548387098,2.1129401621986963,144,153,805.0967741935484,2.736845370247478,799,811,31
rap_control_debug_dyn32_phy32_gnu,hercules,gnu,123.80851063829788,14.013407086371343,113,208,798.1063829787234,2.647673651185558,793,803,47
rap_control_debug_dyn32_phy32_gnu,ursa,gnu,122.22448979591837,55.81713644651108,104,448,714.1020408163265,1.9391245657854417,704,718,49
