test_name,machine,compiler,core_mean,core_std,core_min,core_max,mem_mean,mem_std,mem_min,mem_max,n_hashes
rap_control_debug_dyn32_phy32_intel,acorn,intel,334.375,5.30204697524073,323,344,1074.125,4.4080439044809445,1064,1081,48
rap_control_debug_dyn32_phy32_intel,derecho,intel,274.1,2.424412872795762,269,278,532347.3,560024.4134874935,1060,1064412,10
rap_control_debug_dyn32_phy32_intel,gaeac6,intel,198.93478260869566,8.509869234960973,192,250,158895.04347826086,941307.5851845657,906,6338688,46
rap_control_debug_dyn32_phy32_intel,hera,intel,292.0208333333333,4.445842348126749,284,302,1217.5833333333333,7.843776048245867,1188,1232,48
rap_control_debug_dyn32_phy32_intel,hercules,intel,267.1489361702128,54.99761999728172,237,515,286747.3191489362,493089.11888015195,1107,1128028,47
rap_control_debug_dyn32_phy32_intel,orion,intel,296.6170212765957,19.22357383355968,280,375,47797.14893617021,223934.74851655558,1077,1098748,47
rap_control_debug_dyn32_phy32_intel,ursa,intel,211.22448979591837,9.566141041285599,202,240,37481.04081632653,250104.0149317012,1740,1752480,49
rap_control_debug_dyn32_phy32_intel,wcoss2,intel,349.9791666666667,30.268647906692003,329,482,1073.9166666666667,4.752752095604206,1064,1082,48
