test_name,machine,compiler,core_mean,core_std,core_min,core_max,mem_mean,mem_std,mem_min,mem_max,n_hashes
rap_control_dyn64_phy32_gnu,derecho,gnu,279.82608695652175,10.969258757143049,272,346,843.2608695652174,2.5336384255646367,839,848,46
rap_control_dyn64_phy32_gnu,hera,gnu,344.1818181818182,4.976307502921861,339,357,824.3636363636364,2.110579412044346,822,828,11
rap_control_dyn64_phy32_gnu,hercules,gnu,297.2083333333333,39.49681287079192,262,439,17777.395833333332,117490.91803647102,815,814820,48
rap_control_dyn64_phy32_gnu,ursa,gnu,299.92,190.1944053770633,215,995,735.24,4.8045896424827,731,747,50
