test_name,machine,compiler,core_mean,core_std,core_min,core_max,mem_mean,mem_std,mem_min,mem_max,n_hashes
rap_restart_intel,acorn,intel,132.93478260869566,5.717039536578513,125,144,764.0434782608696,1.837347384309243,761,769,46
rap_restart_intel,derecho,intel,116.85714285714286,1.875228923753983,114,120,825.2142857142857,0.4258153136263433,825,826,14
rap_restart_intel,gaeac6,intel,83.55555555555556,4.688261722621505,77,101,143582.77777777778,944618.5602351232,713,6339436,45
rap_restart_intel,hera,intel,119.02272727272727,11.339350369735058,109,141,1174.409090909091,6.043709710211986,1160,1185,44
rap_restart_intel,hercules,intel,106.67391304347827,20.301126786271524,93,220,1096.2608695652175,10.188086250580913,1072,1117,46
rap_restart_intel,orion,intel,142.75555555555556,4.973363392548708,137,152,1004.0222222222222,4.031066229857173,995,1013,45
rap_restart_intel,ursa,intel,109.65306122448979,94.54706742772974,78,515,1766.795918367347,26.38574393480686,1735,1860,49
rap_restart_intel,wcoss2,intel,152.7608695652174,33.303443120366666,130,296,767.3478260869565,15.242072462328089,669,777,46
