test_name,machine,compiler,core_mean,core_std,core_min,core_max,mem_mean,mem_std,mem_min,mem_max,n_hashes
rap_sfcdiff_restart_gnu,derecho,gnu,145.8,2.1175954586076635,143,151,703.4,1.095445115010328,702,706,20
rap_sfcdiff_restart_gnu,hera,gnu,184.97368421052633,1.6843772143687086,181,188,680.5,4.298019657117903,669,688,38
rap_sfcdiff_restart_gnu,hercules,gnu,144.30434782608697,16.99394606613046,129,189,675.3695652173913,3.2887599530803673,670,685,46
rap_sfcdiff_restart_gnu,ursa,gnu,129.0,99.11777506246462,108,791,580.530612244898,2.4673031905328573,575,596,49
