test_name,machine,compiler,core_mean,core_std,core_min,core_max,mem_mean,mem_std,mem_min,mem_max,n_hashes
rap_sfcdiff_restart_gnu,derecho,gnu,145.3846153846154,1.3867504905630732,143,148,703.3846153846154,1.192927878405447,702,706,13
rap_sfcdiff_restart_gnu,hera,gnu,184.67391304347825,1.8019045211613316,181,188,681.1739130434783,4.207423850640187,669,688,46
rap_sfcdiff_restart_gnu,hercules,gnu,143.6304347826087,17.058538032515067,129,189,676.304347826087,3.325788562915175,670,685,46
rap_sfcdiff_restart_gnu,ursa,gnu,125.79591836734694,97.11483314265915,108,791,580.5102040816327,2.4674755062917386,575,596,49
