test_name,machine,compiler,core_mean,core_std,core_min,core_max,mem_mean,mem_std,mem_min,mem_max,n_hashes
rap_sfcdiff_debug_intel,acorn,intel,340.2916666666667,7.830541225644937,321,352,1194.1041666666667,1.8707102227733112,1190,1197,48
rap_sfcdiff_debug_intel,derecho,intel,283.8125,3.3160168488618282,278,293,185800.84375,435869.9410506429,1180,1184936,32
rap_sfcdiff_debug_intel,gaeac6,intel,202.08510638297872,3.0704042166551946,196,216,89859.21276595745,294348.13967565505,1032,1048052,47
rap_sfcdiff_debug_intel,hera,intel,305.7755102040816,30.258790255975264,286,448,2772112.1836734693,19395700.452470146,1191,135771201,49
rap_sfcdiff_debug_intel,hercules,intel,264.64,25.476487759725195,236,387,871086.3,575244.284846979,1227,1254484,50
rap_sfcdiff_debug_intel,orion,intel,309.81632653061223,31.995229767750626,286,439,75978.63265306123,295774.9603465934,1211,1226584,49
rap_sfcdiff_debug_intel,ursa,intel,248.2258064516129,75.26828002880514,210,468,62398.8064516129,336986.56131725485,1865,1878136,31
rap_sfcdiff_debug_intel,wcoss2,intel,346.8541666666667,15.197969605899448,331,426,1195.0833333333333,4.954402011421669,1187,1202,48
