test_name,machine,compiler,core_mean,core_std,core_min,core_max,mem_mean,mem_std,mem_min,mem_max,n_hashes
rap_sfcdiff_debug_intel,acorn,intel,342.7959183673469,6.031098545030082,330,356,1193.9183673469388,2.531770910959004,1183,1197,49
rap_sfcdiff_debug_intel,derecho,intel,284.04545454545456,3.4153333899492426,280,293,269714.7272727273,506798.3709854848,1180,1184936,22
rap_sfcdiff_debug_intel,gaeac6,intel,202.8125,2.885445870630811,198,216,88006.875,291482.5908150251,1029,1048052,48
rap_sfcdiff_debug_intel,hera,intel,301.8979591836735,29.997392176903755,286,448,2772143.1224489794,19395695.940503042,1229,135771201,49
rap_sfcdiff_debug_intel,hercules,intel,260.6326530612245,24.95804302353504,236,387,559537.4489795918,624915.0724484508,1227,1254484,49
rap_sfcdiff_debug_intel,orion,intel,307.83673469387753,30.61953824682827,286,439,75979.14285714286,295774.8287089916,1210,1226584,49
rap_sfcdiff_debug_intel,ursa,intel,240.4090909090909,64.37293891279639,210,468,44515.795454545456,282857.21988019417,1864,1878136,44
rap_sfcdiff_debug_intel,wcoss2,intel,349.2040816326531,17.89201357197851,332,426,1197.6734693877552,4.731929465089761,1187,1205,49
