test_name,machine,compiler,core_mean,core_std,core_min,core_max,mem_mean,mem_std,mem_min,mem_max,n_hashes
rap_sfcdiff_restart_gnu,derecho,gnu,145.83333333333334,0.40824829046386313,145,146,703.8333333333334,1.3291601358251286,703,706,6
rap_sfcdiff_restart_gnu,hera,gnu,198.27083333333334,64.67882667896332,181,508,682.7083333333334,3.85899520233328,676,691,48
rap_sfcdiff_restart_gnu,hercules,gnu,153.47826086956522,63.32236365716644,129,505,74531.17391304347,213823.80604302374,670,682820,46
rap_sfcdiff_restart_gnu,ursa,gnu,133.6734693877551,103.33509160233315,108,791,12621.040816326531,84282.76492803832,575,590560,49
