test_name,machine,compiler,core_mean,core_std,core_min,core_max,mem_mean,mem_std,mem_min,mem_max,n_hashes
rap_sfcdiff_gnu,hera,gnu,435.3541666666667,140.75638976211792,351,684,944.4375,3.2282414025582504,937,951,48
rap_sfcdiff_gnu,hercules,gnu,331.2708333333333,117.51934916888375,246,825,295531.7708333333,441578.218427188,930,949644,48
rap_sfcdiff_gnu,ursa,gnu,326.7551020408163,264.3046325275253,202,1487,18248.938775510203,121779.44647110476,842,853308,49
