test_name,machine,compiler,core_mean,core_std,core_min,core_max,mem_mean,mem_std,mem_min,mem_max,n_hashes
rap_sfcdiff_restart_intel,acorn,intel,158.10638297872342,62.92377515781304,126,342,766.4042553191489,7.109881594036605,760,791,47
rap_sfcdiff_restart_intel,derecho,intel,197.2,86.46232320111073,112,280,173599.3,364189.8590323612,824,865896,10
rap_sfcdiff_restart_intel,gaeac6,intel,105.5,49.742336093110865,76,226,139122.0652173913,934408.6818103478,718,6338808,46
rap_sfcdiff_restart_intel,hera,intel,145.45833333333334,71.50627359274547,108,353,1179.6875,23.069881120058167,1158,1252,48
rap_sfcdiff_restart_intel,hercules,intel,133.6304347826087,69.28984491753212,93,351,201101.76086956522,441583.18533019774,1071,1223092,46
rap_sfcdiff_restart_intel,orion,intel,177.02173913043478,104.65275685288091,135,682,46443.086956521736,215601.80565568618,997,1083912,46
rap_sfcdiff_restart_intel,ursa,intel,103.36734693877551,46.49493425702015,79,266,40657.95918367347,272236.1347786267,1733,1907420,49
rap_sfcdiff_restart_intel,wcoss2,intel,174.48936170212767,63.620776050248665,127,355,770.6170212765958,6.709996408634322,756,787,47
