test_name,machine,compiler,core_mean,core_std,core_min,core_max,mem_mean,mem_std,mem_min,mem_max,n_hashes
rap_control_dyn32_phy32_gnu,derecho,gnu,240.0,1.4142135623730951,239,241,810.5,2.1213203435596424,809,812,2
rap_control_dyn32_phy32_gnu,hera,gnu,341.125,90.64112659156014,302,591,796.7916666666666,3.134966376916534,790,803,48
rap_control_dyn32_phy32_gnu,hercules,gnu,281.2391304347826,71.07028908297872,232,454,156074.41304347827,318330.1633075373,787,797420,46
rap_control_dyn32_phy32_gnu,ursa,gnu,214.51020408163265,52.436915451243095,189,370,15210.34693877551,101515.40775492141,704,711316,49
