test_name,machine,compiler,core_mean,core_std,core_min,core_max,mem_mean,mem_std,mem_min,mem_max,n_hashes
rap_restart_dyn32_phy32_gnu,derecho,gnu,137.2439024390244,4.537513018190024,133,156,673.780487804878,1.1939890100405226,671,675,41
rap_restart_dyn32_phy32_gnu,hera,gnu,160.6315789473684,2.773095468881693,157,169,650.6842105263158,4.308294733275799,645,664,19
rap_restart_dyn32_phy32_gnu,hercules,gnu,146.83333333333334,18.518918829400626,122,179,14078.0625,93068.16629198975,641,645440,48
rap_restart_dyn32_phy32_gnu,ursa,gnu,123.16,66.27843556095877,101,383,552.8,2.373321103690872,547,565,50
