test_name,machine,compiler,core_mean,core_std,core_min,core_max,mem_mean,mem_std,mem_min,mem_max,n_hashes
rap_sfcdiff_restart_gnu,hera,gnu,373.2083333333333,171.64039081424062,181,708,687.125,3.955201261791415,681,699,48
rap_sfcdiff_restart_gnu,hercules,gnu,293.3673469387755,187.5736182006893,129,1239,390623.48979591834,341205.42614513054,677,689028,49
rap_sfcdiff_restart_gnu,ursa,gnu,212.26315789473685,186.8214473784233,108,1190,16109.21052631579,95706.82416776147,579,590560,38
