test_name,machine,compiler,core_mean,core_std,core_min,core_max,mem_mean,mem_std,mem_min,mem_max,n_hashes
rap_sfcdiff_gnu,derecho,gnu,261.41379310344826,11.356298571338257,256,318,955.7241379310345,1.9066903210263522,952,959,29
rap_sfcdiff_gnu,hera,gnu,356.53333333333336,3.360350282781302,353,367,940.3666666666667,3.6717310897453035,932,948,30
rap_sfcdiff_gnu,hercules,gnu,270.6170212765957,31.243471103360058,246,364,935.6170212765958,2.9967605081180215,930,942,47
rap_sfcdiff_gnu,ursa,gnu,312.3265306122449,288.3903162205623,205,1487,847.8571428571429,4.102844541697062,842,871,49
