test_name,machine,compiler,core_mean,core_std,core_min,core_max,mem_mean,mem_std,mem_min,mem_max,n_hashes
rap_clm_lake_debug_gnu,derecho,gnu,161.5909090909091,3.4595212857311757,153,170,964.7272727272727,2.4718285893348075,955,971,44
rap_clm_lake_debug_gnu,hera,gnu,153.46153846153845,4.033513452218891,148,165,951.2307692307693,3.0318818730794304,946,957,13
rap_clm_lake_debug_gnu,hercules,gnu,126.34782608695652,9.477968350758037,114,162,21438.565217391304,138981.31080698938,933,943564,46
rap_clm_lake_debug_gnu,ursa,gnu,138.82,91.16696725441372,106,654,858.34,7.574419894268756,851,878,50
