test_name,machine,compiler,core_mean,core_std,core_min,core_max,mem_mean,mem_std,mem_min,mem_max,n_hashes
rap_clm_lake_debug_gnu,hera,gnu,161.73469387755102,36.20300143531155,147,387,960.3061224489796,4.861430180652666,947,972,49
rap_clm_lake_debug_gnu,hercules,gnu,130.08163265306123,26.18272071320278,114,272,448131.2244897959,480377.583726648,949,957720,49
rap_clm_lake_debug_gnu,ursa,gnu,120.6046511627907,34.27906450832478,107,314,20868.79069767442,131192.36329410813,861,861148,43
