test_name,machine,compiler,core_mean,core_std,core_min,core_max,mem_mean,mem_std,mem_min,mem_max,n_hashes
rap_2threads_dyn32_phy32_gnu,derecho,gnu,400.0,6.73630297550353,391,419,860.0869565217391,2.158457133710926,850,864,46
rap_2threads_dyn32_phy32_gnu,hera,gnu,442.77777777777777,2.7284509239574812,440,448,844.0,1.999999999999997,840,847,9
rap_2threads_dyn32_phy32_gnu,hercules,gnu,255.14893617021278,27.576753539896327,209,315,834.1489361702128,2.6455764836080196,828,840,47
rap_2threads_dyn32_phy32_gnu,ursa,gnu,151.06,4.259012053689129,146,165,732.12,1.2558434843334694,730,735,50
