test_name,machine,compiler,core_mean,core_std,core_min,core_max,mem_mean,mem_std,mem_min,mem_max,n_hashes
rap_unified_ugwp_debug_intel,acorn,intel,352.45652173913044,5.810743007526396,342,375,1191.2608695652175,4.649658446756743,1184,1200,46
rap_unified_ugwp_debug_intel,derecho,intel,309.0769230769231,16.829842237632228,300,364,1130.5384615384614,1.8081014266989348,1127,1133,13
rap_unified_ugwp_debug_intel,gaeac6,intel,209.62222222222223,3.903896007888003,204,221,143639.66666666666,944495.336629062,1027,6338688,45
rap_unified_ugwp_debug_intel,hera,intel,300.0888888888889,3.456365814908003,293,308,1344.2444444444445,5.486162574876968,1332,1353,45
rap_unified_ugwp_debug_intel,hercules,intel,280.69565217391306,50.141076336990245,244,517,1240.7608695652175,6.55637021057874,1225,1255,46
rap_unified_ugwp_debug_intel,orion,intel,303.55555555555554,4.882973924099379,296,316,1213.8444444444444,7.618624176544904,1202,1235,45
rap_unified_ugwp_debug_intel,ursa,intel,224.26530612244898,28.584505935765904,215,414,1871.8163265306123,6.283820060904272,1856,1887,49
rap_unified_ugwp_debug_intel,wcoss2,intel,364.1521739130435,46.18608130465491,345,653,1195.304347826087,6.50766920287949,1180,1206,46
