test_name,machine,compiler,core_mean,core_std,core_min,core_max,mem_mean,mem_std,mem_min,mem_max,n_hashes
rap_control_dyn32_phy32_intelllvm,hera,intelllvm,322.9375,120.5968148639057,205,582,1131.0625,26.55336357264885,1089,1171,48
rap_control_dyn32_phy32_intelllvm,ursa,intelllvm,202.45833333333334,126.54407327990319,126,949,40532.875,268499.30094355094,1712,1861996,48
