test_name,machine,compiler,core_mean,core_std,core_min,core_max,mem_mean,mem_std,mem_min,mem_max,n_hashes
rap_control_dyn32_phy32_intel,acorn,intel,211.70212765957447,41.20833331384671,187,374,890.8085106382979,4.20475040810379,882,897,47
rap_control_dyn32_phy32_intel,derecho,intel,213.9,64.52467228381197,171,309,861.4,16.741166825125,845,881,10
rap_control_dyn32_phy32_intel,gaeac6,intel,138.6304347826087,27.835515839103557,121,241,139397.10869565216,934484.7204539393,735,6339584,46
rap_control_dyn32_phy32_intel,hera,intel,208.89583333333334,48.215491279160275,181,390,1113.0,15.624585100874391,1076,1167,48
rap_control_dyn32_phy32_intel,hercules,intel,187.30434782608697,45.897891292746465,150,329,141226.8260869565,366250.65621494816,1023,1141568,46
rap_control_dyn32_phy32_intel,orion,intel,257.5869565217391,103.51415922191653,223,862,21577.152173913044,139944.91712638107,931,950096,46
rap_control_dyn32_phy32_intel,ursa,intel,197.91836734693877,152.65140526903855,126,833,40203.04081632653,269141.395156892,1713,1885744,49
rap_control_dyn32_phy32_intel,wcoss2,intel,232.4468085106383,53.139197237738074,195,422,890.5531914893617,3.5619273644322336,880,896,47
