test_name,machine,compiler,core_mean,core_std,core_min,core_max,mem_mean,mem_std,mem_min,mem_max,n_hashes
rap_decomp_intel,acorn,intel,404.5208333333333,88.07491723583561,251,465,1013.125,3.9980048215568806,1005,1020,48
rap_decomp_intel,derecho,intel,374.8285714285714,41.97021753176728,207,389,143822.0,354938.19241946895,996,1003164,35
rap_decomp_intel,gaeac6,intel,266.8936170212766,57.343827249227694,163,305,75398.0,246983.06592549325,871,879344,47
rap_decomp_intel,hera,intel,442.734693877551,106.79259015926696,258,613,1117.7142857142858,58.956198430133995,1033,1181,49
rap_decomp_intel,hercules,intel,396.68,123.06750097372726,221,913,860743.44,488374.8475092468,1062,1158308,50
rap_decomp_intel,orion,intel,550.6122448979592,213.77839151858194,277,1111,64423.42857142857,250779.37894600042,1027,1036924,49
rap_decomp_intel,ursa,intel,256.75,74.21222071669669,169,335,67245.42857142857,346354.049776133,1712,1834524,28
rap_decomp_intel,wcoss2,intel,416.5,81.72918434970512,256,487,1012.5416666666666,5.697921731362883,994,1021,48
