test_name,machine,compiler,core_mean,core_std,core_min,core_max,mem_mean,mem_std,mem_min,mem_max,n_hashes
rap_control_dyn64_phy32_debug_intel,acorn,intel,336.9782608695652,7.443085174053321,321,353,1100.304347826087,2.0856074544616456,1096,1104,46
rap_control_dyn64_phy32_debug_intel,derecho,intel,297.6764705882353,4.183087074016717,289,309,1051.5294117647059,2.8734447083559793,1037,1055,34
rap_control_dyn64_phy32_debug_intel,gaeac6,intel,206.82978723404256,4.846868773782537,200,225,139933.46808510637,923913.9877602443,943,6339184,47
rap_control_dyn64_phy32_debug_intel,hera,intel,301.36,8.164353413875885,294,334,1292.12,6.057502235520312,1271,1302,25
rap_control_dyn64_phy32_debug_intel,hercules,intel,278.0,47.79075770208222,240,570,26993.510638297874,176728.41612791477,1198,1212804,47
rap_control_dyn64_phy32_debug_intel,orion,intel,302.5,6.149074004361229,290,318,26803.152173913044,173820.09214868207,1161,1180080,46
rap_control_dyn64_phy32_debug_intel,ursa,intel,289.7959183673469,149.2979375264771,204,660,1860.6734693877552,10.745905722456222,1842,1890,49
rap_control_dyn64_phy32_debug_intel,wcoss2,intel,339.51063829787233,10.97798655100986,332,406,1061.4893617021276,48.81057990285798,1004,1108,47
