test_name,machine,compiler,core_mean,core_std,core_min,core_max,mem_mean,mem_std,mem_min,mem_max,n_hashes
rap_diag_debug_gnu,derecho,gnu,172.6315789473684,3.8472288196367113,167,179,1051.4736842105262,2.0914753180106738,1048,1054,19
rap_diag_debug_gnu,hera,gnu,165.5897435897436,3.353850487189066,161,175,1040.3589743589744,4.928366759929449,1031,1051,39
rap_diag_debug_gnu,hercules,gnu,132.52173913043478,6.843453093398527,123,158,1033.4782608695652,3.2299922974437547,1028,1042,46
rap_diag_debug_gnu,ursa,gnu,135.14285714285714,51.95069778164678,119,443,942.9183673469388,3.108032166110633,938,949,49
