test_name,machine,compiler,core_mean,core_std,core_min,core_max,mem_mean,mem_std,mem_min,mem_max,n_hashes
rap_2threads_dyn32_phy32_intel,acorn,intel,596.9791666666666,290.96658355939593,183,827,935.25,5.59064568265026,927,951,48
rap_2threads_dyn32_phy32_intel,derecho,intel,561.4117647058823,64.42854517335526,308,589,137574.26470588235,334033.3894646325,920,939372,34
rap_2threads_dyn32_phy32_intel,gaeac6,intel,259.6808510638298,58.32856947201128,159,297,69084.48936170213,226314.72529190622,794,809332,47
rap_2threads_dyn32_phy32_intel,hera,intel,402.0,101.2789053390027,238,577,1020.0204081632653,23.704333109439425,975,1053,49
rap_2threads_dyn32_phy32_intel,hercules,intel,391.76,188.60990516547807,219,1540,827996.6,495278.55010698934,1062,1140452,50
rap_2threads_dyn32_phy32_intel,orion,intel,523.8163265306123,216.2143683042931,273,1306,61384.816326530614,238988.12314986435,967,997948,49
rap_2threads_dyn32_phy32_intel,ursa,intel,324.2068965517241,266.3857808450992,115,814,38939.206896551725,203020.22714997412,1068,1094536,29
rap_2threads_dyn32_phy32_intel,wcoss2,intel,610.7291666666666,293.32798718733926,187,848,936.4375,7.477359444036314,920,957,48
