test_name,machine,compiler,core_mean,core_std,core_min,core_max,mem_mean,mem_std,mem_min,mem_max,n_hashes
rap_decomp_intel,acorn,intel,244.0212765957447,8.258037880708896,229,260,1013.4468085106383,3.0274721169741907,1006,1019,47
rap_decomp_intel,derecho,intel,205.41666666666666,8.575422950961594,199,231,962.5,1.243163121016174,961,964,12
rap_decomp_intel,gaeac6,intel,155.8913043478261,7.665878976548703,144,173,140328.41304347827,934344.3883503097,853,6339576,46
rap_decomp_intel,hera,intel,231.27659574468086,21.997729257969763,210,264,1158.7446808510638,9.920264909476417,1138,1181,47
rap_decomp_intel,hercules,intel,203.2391304347826,32.41891408326571,175,363,1065.6304347826087,8.343616843371093,1049,1088,46
rap_decomp_intel,orion,intel,269.4347826086956,8.15584909105946,258,284,1034.5434782608695,4.102609043789533,1028,1046,46
rap_decomp_intel,ursa,intel,197.57142857142858,128.29507005337348,149,874,1724.6530612244899,16.68276433479595,1700,1791,49
rap_decomp_intel,wcoss2,intel,273.0851063829787,47.19102244542872,240,485,1017.6595744680851,5.188937211048402,994,1023,47
