test_name,machine,compiler,core_mean,core_std,core_min,core_max,mem_mean,mem_std,mem_min,mem_max,n_hashes
rap_control_dyn32_phy32_intel,acorn,intel,194.24444444444444,6.954905252460811,186,213,887.2888888888889,2.5192190548788482,880,891,45
rap_control_dyn32_phy32_intel,derecho,intel,173.1086956521739,3.0856532596270965,168,181,845.3260869565217,1.5783866281193775,841,848,46
rap_control_dyn32_phy32_intel,gaeac6,intel,130.8913043478261,4.542286555222875,127,149,6338.804347826087,0.40108548367844465,6338,6339,46
rap_control_dyn32_phy32_intel,hera,intel,183.0,1.1547005383792455,181,184,1111.4285714285713,2.9920529661723627,1106,1115,7
rap_control_dyn32_phy32_intel,hercules,intel,162.38297872340425,29.483638197636033,149,337,23114.63829787234,151257.40545973214,1016,1038020,47
rap_control_dyn32_phy32_intel,orion,intel,228.8913043478261,5.073803135801545,224,245,21425.108695652172,138900.74663509885,927,943016,46
rap_control_dyn32_phy32_intel,ursa,intel,237.14,210.73409204734864,125,755,1781.08,92.9157705029844,1702,2033,50
rap_control_dyn32_phy32_intel,wcoss2,intel,197.26530612244898,6.3566746751088425,188,214,814.204081632653,35.89276830124041,793,892,49
