test_name,machine,compiler,core_mean,core_std,core_min,core_max,mem_mean,mem_std,mem_min,mem_max,n_hashes
rap_control_debug_gnu,hera,gnu,158.125,16.608924798996565,148,247,958.1458333333334,4.8902403166521395,944,973,48
rap_control_debug_gnu,hercules,gnu,130.6326530612245,30.38824737018067,115,273,505679.1836734694,479639.6377607652,946,956880,49
rap_control_debug_gnu,ursa,gnu,131.725,65.0136031130685,107,380,22386.775,136142.90082125104,859,861904,40
