test_name,machine,compiler,core_mean,core_std,core_min,core_max,mem_mean,mem_std,mem_min,mem_max,n_hashes
rap_sfcdiff_debug_intel,acorn,intel,343.6458333333333,6.0300297565806735,330,356,1193.1458333333333,3.4455619517170497,1183,1197,48
rap_sfcdiff_debug_intel,derecho,intel,284.3529411764706,3.6218292420852083,281,293,348692.17647058825,554931.0791580604,1180,1184936,17
rap_sfcdiff_debug_intel,gaeac6,intel,203.40425531914894,2.9315345029678053,199,216,89856.10638297872,294349.0974095093,1027,1048052,47
rap_sfcdiff_debug_intel,hera,intel,301.2083333333333,30.354612207529566,286,448,2829878.9583333335,19596691.421409085,1327,135771201,48
rap_sfcdiff_debug_intel,hercules,intel,261.3333333333333,19.88299105600894,236,329,467281.4583333333,608033.4185318518,1227,1251804,48
rap_sfcdiff_debug_intel,orion,intel,303.1875,21.480972530382864,286,391,52221.270833333336,247186.9652428884,1200,1226584,48
rap_sfcdiff_debug_intel,ursa,intel,238.58333333333334,61.901718029756346,210,468,40961.520833333336,270815.28007905575,1860,1878136,48
rap_sfcdiff_debug_intel,wcoss2,intel,351.3125,17.9029965992859,333,426,1197.625,4.536495038467693,1187,1205,48
