test_name,machine,compiler,core_mean,core_std,core_min,core_max,mem_mean,mem_std,mem_min,mem_max,n_hashes
rap_2threads_intel,acorn,intel,210.61702127659575,6.405002092418484,199,227,1084.2978723404256,6.0394172394398415,1074,1102,47
rap_2threads_intel,derecho,intel,343.12,8.982946806774107,335,379,1040.52,3.489508083765801,1034,1051,25
rap_2threads_intel,gaeac6,intel,168.40425531914894,6.559624772102917,161,188,138893.21276595743,924046.925843665,926,6339028,47
rap_2threads_intel,hera,intel,278.0882352941176,30.504214956703603,234,310,1175.2941176470588,10.944846336019184,1150,1196,34
rap_2threads_intel,hercules,intel,254.68085106382978,20.342829505833866,217,302,1164.8510638297873,6.244923933133096,1155,1179,47
rap_2threads_intel,orion,intel,272.0869565217391,14.906860593485918,262,322,1121.108695652174,11.983745029311006,1096,1150,46
rap_2threads_intel,ursa,intel,123.16326530612245,6.734076708476539,117,143,1172.265306122449,5.0570722351808115,1161,1184,49
rap_2threads_intel,wcoss2,intel,227.7659574468085,30.118759693526734,207,416,1062.7021276595744,45.5621481407622,983,1107,47
