test_name,machine,compiler,core_mean,core_std,core_min,core_max,mem_mean,mem_std,mem_min,mem_max,n_hashes
rap_progcld_thompson_debug_intel,acorn,intel,339.0833333333333,7.376885502453672,321,355,1196.4166666666667,3.729316481399758,1189,1211,48
rap_progcld_thompson_debug_intel,derecho,intel,283.27272727272725,4.460049938570794,276,294,180977.33333333334,432056.7509514568,1178,1190436,33
rap_progcld_thompson_debug_intel,gaeac6,intel,201.31914893617022,2.4326259114713644,197,208,90002.12765957447,294814.3196008675,1035,1050200,47
rap_progcld_thompson_debug_intel,hera,intel,306.55102040816325,29.706944491488976,287,451,1296.3673469387754,59.92728019495499,1197,1353,49
rap_progcld_thompson_debug_intel,hercules,intel,267.92,48.86542953951835,239,573,895842.94,563561.6888590726,1232,1257812,50
rap_progcld_thompson_debug_intel,orion,intel,309.0204081632653,30.840645391484035,287,443,75655.22448979592,294506.0841978527,1206,1220772,49
rap_progcld_thompson_debug_intel,ursa,intel,244.0,72.38689155479406,211,455,64516.566666666666,343088.77016775054,1866,1881052,30
rap_progcld_thompson_debug_intel,wcoss2,intel,347.2916666666667,20.04883222930615,333,467,1197.875,7.439472070036302,1184,1218,48
