test_name,machine,compiler,core_mean,core_std,core_min,core_max,mem_mean,mem_std,mem_min,mem_max,n_hashes
rap_sfcdiff_restart_gnu,derecho,gnu,145.42857142857142,1.1338934190276877,143,146,703.5714285714286,1.397276262011549,702,706,7
rap_sfcdiff_restart_gnu,hera,gnu,191.66666666666666,46.68788777882576,181,508,682.4375,3.7183057798331665,676,688,48
rap_sfcdiff_restart_gnu,hercules,gnu,149.34782608695653,56.21673036514006,129,505,59701.84782608696,193376.55383387412,670,680020,46
rap_sfcdiff_restart_gnu,ursa,gnu,130.08163265306123,100.96159268394548,108,791,12620.857142857143,84282.79170274519,575,590560,49
