test_name,machine,compiler,core_mean,core_std,core_min,core_max,mem_mean,mem_std,mem_min,mem_max,n_hashes
rap_control_intel,acorn,intel,352.4166666666667,97.8198155388607,231,452,1013.4166666666666,2.7431410271868053,1008,1020,48
rap_control_intel,derecho,intel,356.28,46.49419318581622,202,374,201019.28,408281.30251759023,996,1002120,25
rap_control_intel,gaeac6,intel,230.06382978723406,65.21383030672825,141,293,75469.70212765958,247228.64515498647,856,877960,47
rap_control_intel,hera,intel,376.875,117.5341733917996,200,581,1180.3333333333333,44.36278550303904,1081,1236,48
rap_control_intel,hercules,intel,351.6734693877551,172.5129690481151,176,1330,658196.4081632653,599994.8653160125,1081,1253088,49
rap_control_intel,orion,intel,472.3265306122449,251.9510855102552,254,1364,64990.30612244898,252980.7864276459,1038,1048984,49
rap_control_intel,ursa,intel,230.82051282051282,70.76420139964907,147,332,51075.92307692308,307451.79040806624,1765,1921880,39
rap_control_intel,wcoss2,intel,383.7708333333333,105.23595364568284,231,651,1015.5833333333334,5.3308948326066234,1003,1020,48
