test_name,machine,compiler,core_mean,core_std,core_min,core_max,mem_mean,mem_std,mem_min,mem_max,n_hashes
rap_decomp_gnu,hera,gnu,582.3125,160.71067650455956,355,819,940.3333333333334,30.90984373490609,836,961,48
rap_decomp_gnu,hercules,gnu,467.7755102040816,196.3013484104353,248,1480,647955.8775510204,456808.14143524895,940,1095232,49
rap_decomp_gnu,ursa,gnu,331.72727272727275,242.01578883505627,202,1574,26699.242424242424,148469.7937403915,853,853748,33
