test_name,machine,compiler,core_mean,core_std,core_min,core_max,mem_mean,mem_std,mem_min,mem_max,n_hashes
rap_control_debug_dyn32_phy32_gnu,hera,gnu,153.9375,16.95100103740817,144,258,808.0,5.061326039349349,796,818,48
rap_control_debug_dyn32_phy32_gnu,hercules,gnu,140.26530612244898,88.3807519368622,113,722,459348.387755102,401232.88637859764,798,809164,49
rap_control_debug_dyn32_phy32_gnu,ursa,gnu,117.52631578947368,27.09316942151632,105,253,19577.28947368421,116262.63253302213,715,717408,38
