test_name,machine,compiler,core_mean,core_std,core_min,core_max,mem_mean,mem_std,mem_min,mem_max,n_hashes
rap_progcld_thompson_debug_intel,acorn,intel,342.97872340425533,6.048677044366737,333,360,1188.1489361702127,3.816319211219616,1181,1199,47
rap_progcld_thompson_debug_intel,derecho,intel,306.84615384615387,25.859145086707425,295,432,1129.9615384615386,1.4554935721127333,1128,1132,26
rap_progcld_thompson_debug_intel,gaeac6,intel,207.68085106382978,3.284392492159423,201,215,139054.1489361702,924086.528990115,1025,6339456,47
rap_progcld_thompson_debug_intel,hera,intel,295.5151515151515,4.294773074048935,287,304,1342.6666666666667,5.5490239381955115,1330,1360,33
rap_progcld_thompson_debug_intel,hercules,intel,264.4468085106383,19.77570810103437,242,315,1238.1063829787233,5.430325647025927,1227,1250,47
rap_progcld_thompson_debug_intel,orion,intel,302.89130434782606,28.669169085249884,290,490,1210.8695652173913,7.887003925311245,1194,1235,46
rap_progcld_thompson_debug_intel,ursa,intel,221.9591836734694,48.698031780758114,208,553,1868.1632653061224,6.47220640757952,1857,1884,49
rap_progcld_thompson_debug_intel,wcoss2,intel,349.1914893617021,17.092635456945033,337,435,1168.0,44.27728831883864,1093,1204,47
