test_name,machine,compiler,core_mean,core_std,core_min,core_max,mem_mean,mem_std,mem_min,mem_max,n_hashes
rap_control_debug_dyn32_phy32_intel,acorn,intel,334.04545454545456,8.23761803869141,323,354,1070.0681818181818,2.960183269567886,1065,1077,44
rap_control_debug_dyn32_phy32_intel,derecho,intel,292.1304347826087,4.485079935629424,284,305,1012.3478260869565,2.089310266883398,1001,1015,46
rap_control_debug_dyn32_phy32_intel,gaeac6,intel,203.39583333333334,2.8113719171851934,199,215,6338.770833333333,0.4721874552630748,6338,6340,48
rap_control_debug_dyn32_phy32_intel,hera,intel,292.09090909090907,4.9689947767037586,287,301,1223.7272727272727,5.442258889301565,1219,1239,11
rap_control_debug_dyn32_phy32_intel,hercules,intel,265.2291666666667,16.30851439720899,238,310,24345.041666666668,160901.61763966843,1104,1115880,48
rap_control_debug_dyn32_phy32_intel,orion,intel,297.97872340425533,5.693204804288233,288,312,24212.787234042553,158513.94386942967,1074,1087808,47
rap_control_debug_dyn32_phy32_intel,ursa,intel,267.8,140.63892107965341,200,684,1751.16,7.833366623174301,1730,1768,50
rap_control_debug_dyn32_phy32_intel,wcoss2,intel,333.9166666666667,5.712373033491327,326,354,1000.8333333333334,40.01985322914453,970,1071,48
