test_name,machine,compiler,core_mean,core_std,core_min,core_max,mem_mean,mem_std,mem_min,mem_max,n_hashes
rap_control_dyn64_phy32_debug_intel,acorn,intel,337.72340425531917,7.100833165014709,321,353,1101.3191489361702,3.0935162417877784,1096,1110,47
rap_control_dyn64_phy32_debug_intel,derecho,intel,297.2307692307692,4.042847435238607,289,309,1051.1538461538462,3.1583832280748667,1037,1055,26
rap_control_dyn64_phy32_debug_intel,gaeac6,intel,205.12765957446808,5.1144170532558855,196,224,139016.02127659574,924051.7899991481,943,6339184,47
rap_control_dyn64_phy32_debug_intel,hera,intel,300.06060606060606,7.611419849227351,293,334,1289.878787878788,6.918081271916924,1271,1302,33
rap_control_dyn64_phy32_debug_intel,hercules,intel,270.63829787234044,20.337826753116403,240,311,1215.276595744681,6.536526559531408,1196,1227,47
rap_control_dyn64_phy32_debug_intel,orion,intel,301.80434782608694,6.266736046486134,290,318,1175.3260869565217,5.081794730325019,1161,1184,46
rap_control_dyn64_phy32_debug_intel,ursa,intel,257.2857142857143,123.74587535213716,204,660,1859.3265306122448,9.397224224698045,1842,1884,49
rap_control_dyn64_phy32_debug_intel,wcoss2,intel,340.1489361702128,7.846291628656444,332,369,1078.2978723404256,44.51424534744959,1004,1109,47
