test_name,machine,compiler,core_mean,core_std,core_min,core_max,mem_mean,mem_std,mem_min,mem_max,n_hashes
rap_control_dyn64_phy32_debug_intel,acorn,intel,340.36170212765956,4.7704959723687725,332,353,1104.5744680851064,4.307448961826696,1096,1112,47
rap_control_dyn64_phy32_debug_intel,derecho,intel,296.0,4.666666666666679,285,302,1056.5,13.914420976494537,1051,1096,10
rap_control_dyn64_phy32_debug_intel,gaeac6,intel,202.43478260869566,5.268995999294342,194,218,140029.08695652173,934329.8492262264,943,6339184,46
rap_control_dyn64_phy32_debug_intel,hera,intel,299.8541666666667,6.677971355017912,288,334,1286.1875,7.846007929229334,1271,1302,48
rap_control_dyn64_phy32_debug_intel,hercules,intel,261.89130434782606,17.639889469129113,240,307,80584.97826086957,303812.0813102504,1196,1220556,46
rap_control_dyn64_phy32_debug_intel,orion,intel,298.60869565217394,7.163110003869549,287,318,26703.956521739132,173139.32645075265,1161,1175464,46
rap_control_dyn64_phy32_debug_intel,ursa,intel,245.44897959183675,92.02763652487084,204,596,1859.8367346938776,8.759154589093944,1842,1877,49
rap_control_dyn64_phy32_debug_intel,wcoss2,intel,345.29787234042556,12.616267782746075,332,393,1104.8297872340424,5.147051283042431,1090,1111,47
