test_name,machine,compiler,core_mean,core_std,core_min,core_max,mem_mean,mem_std,mem_min,mem_max,n_hashes
rap_sfcdiff_gnu,derecho,gnu,261.3,11.176175399112347,256,318,955.6666666666666,1.8997882519635676,952,959,30
rap_sfcdiff_gnu,hera,gnu,356.6551724137931,3.3517145086929987,353,367,940.1034482758621,3.4366182254632456,932,946,29
rap_sfcdiff_gnu,hercules,gnu,270.82978723404256,31.14085751027877,246,364,935.5744680851063,2.932165551194422,930,942,47
rap_sfcdiff_gnu,ursa,gnu,312.40816326530614,288.3607346108449,205,1487,847.7142857142857,4.005204946899284,842,871,49
