test_name,machine,compiler,core_mean,core_std,core_min,core_max,mem_mean,mem_std,mem_min,mem_max,n_hashes
rap_progcld_thompson_debug_gnu,hera,gnu,153.25,3.000000000000001,148,162,955.8333333333334,3.991124905861042,945,962,48
rap_progcld_thompson_debug_gnu,hercules,gnu,127.75,25.03996805109783,116,247,258560.375,427170.9582269079,940,954692,48
rap_progcld_thompson_debug_gnu,ursa,gnu,115.34693877551021,19.772193248356142,105,246,18412.48979591837,122874.42860839042,853,860980,49
