test_name,machine,compiler,core_mean,core_std,core_min,core_max,mem_mean,mem_std,mem_min,mem_max,n_hashes
rap_2threads_dyn32_phy32_intel,acorn,intel,422.0,297.57001977125765,172,827,936.3061224489796,6.2323219376644765,928,953,49
rap_2threads_dyn32_phy32_intel,derecho,intel,554.5454545454545,79.88606605524865,308,589,212103.22727272726,398559.87444224994,920,939372,22
rap_2threads_dyn32_phy32_intel,gaeac6,intel,219.58333333333334,68.96710080109067,143,297,67660.29166666667,224111.4963970331,786,809332,48
rap_2threads_dyn32_phy32_intel,hera,intel,337.2448979591837,119.2047486841172,209,577,1031.4897959183672,14.968191898405179,989,1053,49
rap_2threads_dyn32_phy32_intel,hercules,intel,313.38775510204084,105.80442183704852,193,503,500824.55102040817,559472.0540762836,1062,1140452,49
rap_2threads_dyn32_phy32_intel,orion,intel,433.59183673469386,237.06116636564383,237,1306,61382.93877551021,238988.60762164727,964,997948,49
rap_2threads_dyn32_phy32_intel,ursa,intel,251.8181818181818,237.91333899349976,101,814,26030.386363636364,164829.52878094863,1068,1094536,44
rap_2threads_dyn32_phy32_intel,wcoss2,intel,445.44897959183675,298.4543558921873,180,841,938.5918367346939,5.747892249000713,929,957,49
