test_name,machine,compiler,core_mean,core_std,core_min,core_max,mem_mean,mem_std,mem_min,mem_max,n_hashes
rap_unified_ugwp_debug_intel,acorn,intel,344.4791666666667,7.92515409161774,328,359,1197.6041666666667,3.955817602948983,1189,1205,48
rap_unified_ugwp_debug_intel,derecho,intel,286.9714285714286,2.716893925982751,282,293,170264.48571428572,420196.1319894606,1180,1185948,35
rap_unified_ugwp_debug_intel,gaeac6,intel,206.0212765957447,2.307731444911153,202,211,89930.25531914894,294580.64090805926,1040,1049000,47
rap_unified_ugwp_debug_intel,hera,intel,312.9183673469388,27.644948856507437,291,442,1293.0816326530612,65.07586493684828,1197,1359,49
rap_unified_ugwp_debug_intel,hercules,intel,268.04,24.889929116583932,244,374,946380.86,536538.2530400091,1234,1255980,50
rap_unified_ugwp_debug_intel,orion,intel,314.7959183673469,33.14549968939771,291,456,75564.38775510204,294141.6072313793,1210,1218812,49
rap_unified_ugwp_debug_intel,ursa,intel,224.89285714285714,17.11473111573831,215,288,68954.35714285714,354961.37323869107,1864,1880152,28
rap_unified_ugwp_debug_intel,wcoss2,intel,349.9583333333333,7.03776540131679,338,368,1196.6458333333333,6.449441946280175,1180,1205,48
