test_name,machine,compiler,core_mean,core_std,core_min,core_max,mem_mean,mem_std,mem_min,mem_max,n_hashes
rap_control_dyn64_phy32_intel,acorn,intel,256.17021276595744,4.774566444857106,238,268,917.5744680851063,2.6271548575785135,911,922,47
rap_control_dyn64_phy32_intel,derecho,intel,219.03571428571428,2.2191446943818627,216,225,163281.07142857142,354627.2067619354,907,911400,28
rap_control_dyn64_phy32_intel,gaeac6,intel,185.1086956521739,139.9755896593513,161,1113,69395.60869565218,224778.6762761666,772,791984,46
rap_control_dyn64_phy32_intel,hera,intel,264.1041666666667,28.38357300115785,250,377,1088.9166666666667,48.14995783711879,985,1130,48
rap_control_dyn64_phy32_intel,hercules,intel,255.6122448979592,115.81393416570725,220,1037,702794.224489796,540258.9929659996,1097,1121500,49
rap_control_dyn64_phy32_intel,orion,intel,322.0208333333333,116.32428801531302,270,847,64099.208333333336,246931.42177475174,1004,1011824,48
rap_control_dyn64_phy32_intel,ursa,intel,206.68571428571428,100.23935220806466,171,721,53898.8,308124.26119570655,1791,1824704,35
rap_control_dyn64_phy32_intel,wcoss2,intel,271.93617021276594,44.00168191218189,250,493,915.8297872340426,6.098179161371138,899,924,47
