test_name,machine,compiler,core_mean,core_std,core_min,core_max,mem_mean,mem_std,mem_min,mem_max,n_hashes
rap_control_dyn64_phy32_gnu,derecho,gnu,275.53846153846155,2.3315011121372966,272,280,842.5384615384615,1.9414506867882901,839,845,13
rap_control_dyn64_phy32_gnu,hera,gnu,343.1521739130435,3.8641796099522883,338,357,825.5434782608696,2.27748908268268,822,831,46
rap_control_dyn64_phy32_gnu,hercules,gnu,286.7173913043478,36.12180815178815,259,375,819.6086956521739,2.165161126871168,816,825,46
rap_control_dyn64_phy32_gnu,ursa,gnu,278.9183673469388,283.2203085890539,215,1772,734.7551020408164,2.126525062992839,731,738,49
