test_name,machine,compiler,core_mean,core_std,core_min,core_max,mem_mean,mem_std,mem_min,mem_max,n_hashes
rap_control_dyn64_phy32_intel,acorn,intel,255.52083333333334,6.122819484495363,236,268,917.4166666666666,2.632314193667693,911,922,48
rap_control_dyn64_phy32_intel,derecho,intel,218.7741935483871,2.2614107310755447,216,225,147568.51612903227,339949.2212386894,907,911400,31
rap_control_dyn64_phy32_intel,gaeac6,intel,184.61702127659575,138.48662675845029,161,1113,67936.36170212766,222546.9742647826,773,791984,47
rap_control_dyn64_phy32_intel,hera,intel,264.44897959183675,28.038709272844102,250,377,1081.7142857142858,51.791247651831426,985,1128,49
rap_control_dyn64_phy32_intel,hercules,intel,253.3,114.70712484321065,220,1037,755807.14,523012.9819223482,1097,1121500,50
rap_control_dyn64_phy32_intel,orion,intel,323.2857142857143,114.99492742435787,270,847,62811.4693877551,244511.8958685942,1000,1011824,49
rap_control_dyn64_phy32_intel,ursa,intel,209.75,104.43673806694902,171,721,58781.59375,322244.0549445214,1791,1824704,32
rap_control_dyn64_phy32_intel,wcoss2,intel,267.9791666666667,34.637017206926274,250,493,916.0,6.126329642911554,899,924,48
