test_name,machine,compiler,core_mean,core_std,core_min,core_max,mem_mean,mem_std,mem_min,mem_max,n_hashes
rap_unified_drag_suite_debug_intel,acorn,intel,342.6734693877551,5.308749676642487,332,356,1194.9795918367347,3.97643996936103,1183,1207,49
rap_unified_drag_suite_debug_intel,derecho,intel,283.5,3.6920968225885455,278,290,298353.1,528082.8606510137,1179,1190656,20
rap_unified_drag_suite_debug_intel,gaeac6,intel,202.16666666666666,2.390881021033369,197,207,88187.4375,292083.0106594157,1030,1049160,48
rap_unified_drag_suite_debug_intel,hera,intel,300.9795918367347,25.60313278025299,285,433,1333.2244897959183,26.59986317800211,1229,1355,49
rap_unified_drag_suite_debug_intel,hercules,intel,264.2857142857143,22.559181427229724,239,331,509184.7755102041,617998.41755337,1225,1260352,49
rap_unified_drag_suite_debug_intel,orion,intel,300.57142857142856,15.23838355382005,287,375,51077.204081632655,244208.37404168287,1206,1224268,49
rap_unified_drag_suite_debug_intel,ursa,intel,218.8695652173913,12.063919937201495,210,268,42679.891304347824,276743.1946940644,1863,1878840,46
rap_unified_drag_suite_debug_intel,wcoss2,intel,348.46938775510205,10.190072866962883,327,368,1197.4285714285713,4.851975542669899,1187,1205,49
