test_name,machine,compiler,core_mean,core_std,core_min,core_max,mem_mean,mem_std,mem_min,mem_max,n_hashes
rap_cires_ugwp_debug_intel,acorn,intel,344.75,6.951197661998293,325,358,1196.0625,2.747581141233082,1189,1201,48
rap_cires_ugwp_debug_intel,derecho,intel,288.24242424242425,3.881287665117594,281,295,180416.9393939394,430709.0618478688,1180,1185084,33
rap_cires_ugwp_debug_intel,gaeac6,intel,205.9787234042553,2.583302248825764,200,212,90037.87234042553,294931.7381302072,1041,1047428,47
rap_cires_ugwp_debug_intel,hera,intel,311.0,27.353397107732956,291,451,1298.061224489796,62.156190414171505,1196,1353,49
rap_cires_ugwp_debug_intel,hercules,intel,271.28,35.49765154635053,244,423,895075.12,563072.3709804056,1239,1250208,50
rap_cires_ugwp_debug_intel,orion,intel,315.6734693877551,35.935351532939244,288,466,75657.4693877551,294517.0480227688,1205,1220296,49
rap_cires_ugwp_debug_intel,ursa,intel,225.33333333333334,16.89997619531752,212,275,64339.03333333333,342133.3783318897,1867,1875816,30
rap_cires_ugwp_debug_intel,wcoss2,intel,351.5833333333333,11.046966144281797,337,406,1196.9375,4.507234137968464,1185,1203,48
