test_name,machine,compiler,core_mean,core_std,core_min,core_max,mem_mean,mem_std,mem_min,mem_max,n_hashes
rap_flake_debug_intel,acorn,intel,339.6666666666667,6.932296703737709,320,350,1196.2083333333333,3.114539229152348,1190,1204,48
rap_flake_debug_intel,derecho,intel,281.6875,3.8641236539354216,277,291,186697.5625,437983.32646772964,1179,1192720,32
rap_flake_debug_intel,gaeac6,intel,200.80851063829786,2.7712679398516404,195,209,89954.91489361702,294663.8402495312,1033,1048556,47
rap_flake_debug_intel,hera,intel,305.14285714285717,28.50584735336477,288,447,2755132.551020408,19276843.31555814,1201,134939201,49
rap_flake_debug_intel,hercules,intel,266.02,34.74894800932973,240,462,871620.2,575597.3514199959,1233,1256276,50
rap_flake_debug_intel,orion,intel,315.42857142857144,48.39851926109588,283,562,75575.26530612246,294194.99459059007,1205,1222356,49
rap_flake_debug_intel,ursa,intel,226.29032258064515,52.31519444571026,209,497,61980.06451612903,334643.41259306006,1866,1865092,31
rap_flake_debug_intel,wcoss2,intel,351.5416666666667,37.943383541929,332,603,1195.5833333333333,5.398318624500654,1183,1204,48
