test_name,machine,compiler,core_mean,core_std,core_min,core_max,mem_mean,mem_std,mem_min,mem_max,n_hashes
rap_control_debug_dyn32_phy32_gnu,derecho,gnu,159.0,4.6475800154489,152,166,818.8333333333334,2.483277404291881,816,823,6
rap_control_debug_dyn32_phy32_gnu,hera,gnu,149.54166666666666,3.338736755206589,144,161,806.2291666666666,2.603104393271505,801,814,48
rap_control_debug_dyn32_phy32_gnu,hercules,gnu,127.30434782608695,19.739266636402558,113,219,88038.08695652174,252575.0318217738,793,809164,46
rap_control_debug_dyn32_phy32_gnu,ursa,gnu,124.48979591836735,55.96804238766515,105,448,15341.877551020409,102384.6428856302,704,717408,49
