test_name,machine,compiler,core_mean,core_std,core_min,core_max,mem_mean,mem_std,mem_min,mem_max,n_hashes
rap_sfcdiff_intel,acorn,intel,315.5208333333333,95.33903435440916,228,446,1011.7916666666666,2.689287917562205,1006,1018,48
rap_sfcdiff_intel,derecho,intel,349.72222222222223,53.82084174867525,202,373,278704.8888888889,460768.85539598705,996,1003148,18
rap_sfcdiff_intel,gaeac6,intel,204.19148936170214,65.01927416505796,141,291,75120.9574468085,246084.10436721743,857,877344,47
rap_sfcdiff_intel,hera,intel,327.25,123.64611478783984,199,606,1190.75,25.149341178291806,1106,1227,48
rap_sfcdiff_intel,hercules,intel,285.2916666666667,103.878603111503,167,481,468242.6666666667,583911.5240928177,1075,1234628,48
rap_sfcdiff_intel,orion,intel,386.5416666666667,191.25842585620347,246,1138,44587.520833333336,211032.35907219068,1030,1051308,48
rap_sfcdiff_intel,ursa,intel,247.82978723404256,128.40295255120418,144,779,42924.31914893617,281694.0391759568,1765,1933032,47
rap_sfcdiff_intel,wcoss2,intel,336.2916666666667,90.22641928830295,231,455,1015.0625,5.067234127423693,1005,1022,48
