test_name,machine,compiler,core_mean,core_std,core_min,core_max,mem_mean,mem_std,mem_min,mem_max,n_hashes
rap_noah_debug_intel,acorn,intel,337.63829787234044,4.483911005957103,331,348,1192.1702127659576,4.177159160170729,1184,1201,47
rap_noah_debug_intel,derecho,intel,278.0,7.393691004272938,273,298,473267.1,609469.8323961481,1130,1181904,10
rap_noah_debug_intel,gaeac6,intel,200.7391304347826,4.424350712483498,194,219,139161.0652173913,934401.4726276307,1024,6338804,46
rap_noah_debug_intel,hera,intel,290.875,5.506765664626239,281,303,1337.7708333333333,5.657755300069168,1327,1351,48
rap_noah_debug_intel,hercules,intel,270.5652173913044,52.688878090125776,237,576,271139.95652173914,517774.7993549987,1224,1254960,46
rap_noah_debug_intel,orion,intel,293.3478260869565,15.36260595848728,278,382,54134.80434782609,250962.72318428484,1201,1224464,46
rap_noah_debug_intel,ursa,intel,227.24489795918367,65.46167155043378,205,573,39899.897959183676,266204.18160238117,1857,1865300,49
rap_noah_debug_intel,wcoss2,intel,345.63829787234044,23.216771984658063,326,488,1196.4893617021276,4.037176910887822,1189,1204,47
