test_name,machine,compiler,core_mean,core_std,core_min,core_max,mem_mean,mem_std,mem_min,mem_max,n_hashes
rap_clm_lake_debug_gnu,derecho,gnu,161.54347826086956,3.4686309930840977,153,170,964.6739130434783,2.6081440640687723,955,971,46
rap_clm_lake_debug_gnu,hera,gnu,154.0,5.5075705472861,148,165,950.8571428571429,2.7945525240230817,946,953,7
rap_clm_lake_debug_gnu,hercules,gnu,126.51063829787235,9.668128591060634,114,162,21001.63829787234,137494.97613548196,933,943564,47
rap_clm_lake_debug_gnu,ursa,gnu,159.32,163.2480821526875,106,1099,861.08,9.78929027466402,851,880,50
