test_name,machine,compiler,core_mean,core_std,core_min,core_max,mem_mean,mem_std,mem_min,mem_max,n_hashes
rap_control_dyn64_phy32_intel,acorn,intel,245.66666666666666,7.360829992726222,233,265,920.4888888888889,2.170276712795148,914,924,45
rap_control_dyn64_phy32_intel,derecho,intel,221.6304347826087,3.408216840077154,217,234,881.6086956521739,2.637155545655369,876,886,46
rap_control_dyn64_phy32_intel,gaeac6,intel,161.33333333333334,10.835978945914952,156,234,6338.833333333333,0.37662178857782824,6338,6339,48
rap_control_dyn64_phy32_intel,hera,intel,226.7,1.6363916944844756,224,230,1116.4,8.884443332777439,1098,1129,10
rap_control_dyn64_phy32_intel,hercules,intel,205.29166666666666,15.232884826645412,193,262,24201.520833333332,159968.1560469564,1087,1109404,48
rap_control_dyn64_phy32_intel,orion,intel,267.9574468085106,4.845246199194092,263,291,22517.957446808512,147457.68505235034,994,1011928,47
rap_control_dyn64_phy32_intel,ursa,intel,277.76,231.3917572130054,157,822,1841.92,62.61115503401828,1786,2038,50
rap_control_dyn64_phy32_intel,wcoss2,intel,248.89795918367346,8.827619766862364,239,288,850.8979591836735,40.34602670336075,824,923,49
