test_name,machine,compiler,core_mean,core_std,core_min,core_max,mem_mean,mem_std,mem_min,mem_max,n_hashes
rap_cires_ugwp_debug_intel,acorn,intel,351.0425531914894,3.556729364779266,344,358,1191.6382978723404,4.6877524600531615,1182,1200,47
rap_cires_ugwp_debug_intel,derecho,intel,305.2,10.228500487472365,288,316,1141.5,22.964949137520165,1129,1185,10
rap_cires_ugwp_debug_intel,gaeac6,intel,208.17391304347825,3.1923822371116586,202,214,139988.71739130435,934412.8324263593,1028,6339696,46
rap_cires_ugwp_debug_intel,hera,intel,300.625,3.510622179202199,293,310,1342.8125,6.787523754905399,1325,1356,48
rap_cires_ugwp_debug_intel,hercules,intel,270.82608695652175,25.444758768600487,244,374,109009.32608695653,353075.8952802612,1223,1248052,46
rap_cires_ugwp_debug_intel,orion,intel,304.5652173913044,9.29910909451495,293,332,27660.130434782608,179360.35480570127,1194,1217696,46
rap_cires_ugwp_debug_intel,ursa,intel,230.44897959183675,59.396640345677305,212,630,1871.6122448979593,6.17729824481889,1854,1888,49
rap_cires_ugwp_debug_intel,wcoss2,intel,357.27659574468083,11.657619504295802,343,406,1196.127659574468,5.467759342675714,1185,1205,47
