test_name,machine,compiler,core_mean,core_std,core_min,core_max,mem_mean,mem_std,mem_min,mem_max,n_hashes
rap_flake_debug_intel,acorn,intel,343.54545454545456,3.640835318739619,338,351,1190.121212121212,5.236635225490515,1183,1209,33
rap_flake_debug_intel,derecho,intel,300.6666666666667,3.464101615137744,296,305,1130.5555555555557,1.5092308563561334,1129,1132,9
rap_flake_debug_intel,gaeac6,intel,205.66666666666666,3.910456068883338,199,214,194873.48484848486,1103059.1711720445,1024,6339432,33
rap_flake_debug_intel,hera,intel,295.6764705882353,4.803537763415959,287,309,1340.735294117647,5.1892010451158,1327,1350,34
rap_flake_debug_intel,hercules,intel,272.6875,26.355433424016038,241,326,1240.3125,7.381045908926258,1224,1255,32
rap_flake_debug_intel,orion,intel,299.90625,7.212709995824784,290,327,1211.46875,6.058767973345606,1200,1222,32
rap_flake_debug_intel,ursa,intel,218.85714285714286,12.539684903497037,208,277,1869.4285714285713,8.030404408121907,1844,1887,35
rap_flake_debug_intel,wcoss2,intel,354.45454545454544,24.433699716133486,337,449,1195.4242424242425,8.101042768643598,1162,1207,33
