test_name,machine,compiler,core_mean,core_std,core_min,core_max,mem_mean,mem_std,mem_min,mem_max,n_hashes
rap_sfcdiff_gnu,hera,gnu,553.6666666666666,164.08577587338775,352,813,945.1041666666666,15.0957787298633,847,958,48
rap_sfcdiff_gnu,hercules,gnu,430.6734693877551,176.90150128380085,246,1181,580703.918367347,466543.4831128122,938,1074420,49
rap_sfcdiff_gnu,ursa,gnu,310.19444444444446,177.76755600574018,202,1194,24532.722222222223,142075.76190984686,852,853308,36
