test_name,machine,compiler,core_mean,core_std,core_min,core_max,mem_mean,mem_std,mem_min,mem_max,n_hashes
rap_flake_debug_intel,acorn,intel,343.36170212765956,3.691503357682071,338,351,1191.6808510638298,5.124987308483645,1183,1209,47
rap_flake_debug_intel,derecho,intel,298.3,8.165646194746488,277,305,1136.3,18.221172056459736,1129,1188,10
rap_flake_debug_intel,gaeac6,intel,204.7608695652174,3.813337893987323,197,214,140095.80434782608,934357.0838917496,1024,6339432,46
rap_flake_debug_intel,hera,intel,296.0416666666667,4.980636263435871,287,309,1339.0625,5.26896271434003,1327,1350,48
rap_flake_debug_intel,hercules,intel,268.2826086956522,26.982021210410334,241,338,82468.13043478261,310923.0226416256,1224,1249748,46
rap_flake_debug_intel,orion,intel,299.39130434782606,7.948384212794624,288,327,27436.17391304348,177853.76662357,1200,1207476,46
rap_flake_debug_intel,ursa,intel,223.12244897959184,41.39476247720498,208,497,1871.2857142857142,8.085480814398181,1844,1887,49
rap_flake_debug_intel,wcoss2,intel,359.468085106383,41.842276864553995,337,603,1194.8936170212767,7.687465920894908,1162,1207,47
