test_name,machine,compiler,core_mean,core_std,core_min,core_max,mem_mean,mem_std,mem_min,mem_max,n_hashes
rap_cires_ugwp_debug_intel,acorn,intel,349.1304347826087,6.9365655787994775,339,381,1186.9347826086957,3.511265513635591,1181,1197,46
rap_cires_ugwp_debug_intel,derecho,intel,312.3125,21.751436734156208,288,426,1129.625,2.4063089121401737,1120,1134,32
rap_cires_ugwp_debug_intel,gaeac6,intel,212.08510638297872,3.94433984796731,202,222,139736.7659574468,924019.8717810042,1028,6339696,47
rap_cires_ugwp_debug_intel,hera,intel,300.81481481481484,3.4866452582239007,295,310,1341.3333333333333,5.724441524658224,1325,1350,27
rap_cires_ugwp_debug_intel,hercules,intel,274.06382978723406,45.06536521027668,244,545,1236.787234042553,4.916415140662711,1223,1247,47
rap_cires_ugwp_debug_intel,orion,intel,305.10869565217394,5.948774891127916,296,328,1209.9565217391305,5.830786193374784,1194,1222,46
rap_cires_ugwp_debug_intel,ursa,intel,255.14285714285714,99.35961620967211,212,630,1871.0408163265306,6.454840508207276,1854,1887,49
rap_cires_ugwp_debug_intel,wcoss2,intel,352.8085106382979,8.565954597612725,343,387,1154.6170212765958,47.546111801661425,1092,1203,47
