test_name,machine,compiler,core_mean,core_std,core_min,core_max,mem_mean,mem_std,mem_min,mem_max,n_hashes
rap_clm_lake_debug_intel,acorn,intel,342.2826086956522,6.065065882130993,328,362,1192.1521739130435,3.9942591653763118,1187,1201,46
rap_clm_lake_debug_intel,derecho,intel,301.1904761904762,4.0201871550842965,295,310,1132.6190476190477,1.687488977036445,1130,1135,21
rap_clm_lake_debug_intel,gaeac6,intel,207.0,4.555826550205296,197,220,141463.45652173914,934057.2900250392,1025,6338804,46
rap_clm_lake_debug_intel,hera,intel,295.0810810810811,3.918463264387499,286,304,1345.6486486486488,6.680054125762914,1329,1359,37
rap_clm_lake_debug_intel,hercules,intel,282.9782608695652,60.1285619431619,244,561,1239.5652173913043,7.104465493736397,1228,1256,46
rap_clm_lake_debug_intel,orion,intel,300.2,7.21299332644032,288,325,1212.9555555555555,5.169647234120784,1202,1227,45
rap_clm_lake_debug_intel,ursa,intel,247.0612244897959,169.19200239216212,210,1335,1872.6734693877552,7.335381593976693,1853,1890,49
rap_clm_lake_debug_intel,wcoss2,intel,352.32608695652175,22.53693693850273,337,448,1180.9565217391305,37.850557912658395,1095,1205,46
