test_name,machine,compiler,core_mean,core_std,core_min,core_max,mem_mean,mem_std,mem_min,mem_max,n_hashes
rap_control_dyn64_phy32_debug_intel,acorn,intel,340.1521739130435,4.907895640040315,332,353,1103.1304347826087,3.9135587422429494,1096,1111,46
rap_control_dyn64_phy32_debug_intel,derecho,intel,296.93333333333334,3.654090988519707,289,302,1050.9333333333334,4.1311822359545705,1037,1055,15
rap_control_dyn64_phy32_debug_intel,gaeac6,intel,203.3111111111111,4.985534630865138,194,218,143836.3111111111,944541.2726596157,943,6339184,45
rap_control_dyn64_phy32_debug_intel,hera,intel,300.0,6.813851438692469,293,334,1287.5116279069769,8.02487826053102,1271,1302,43
rap_control_dyn64_phy32_debug_intel,hercules,intel,263.1521739130435,17.279361345328002,240,307,1214.7173913043478,6.923913612267624,1196,1230,46
rap_control_dyn64_phy32_debug_intel,orion,intel,299.31111111111113,7.388019239473341,287,318,1176.3111111111111,5.260583368195732,1161,1185,45
rap_control_dyn64_phy32_debug_intel,ursa,intel,250.69387755102042,103.0040865050251,204,596,1859.4897959183672,9.176787857096283,1842,1877,49
rap_control_dyn64_phy32_debug_intel,wcoss2,intel,344.3478260869565,12.87412114161904,332,393,1100.4565217391305,20.815279133622617,1004,1111,46
