test_name,machine,compiler,core_mean,core_std,core_min,core_max,mem_mean,mem_std,mem_min,mem_max,n_hashes
rap_cires_ugwp_debug_intel,acorn,intel,349.0217391304348,6.88795770549275,339,381,1187.2391304347825,3.956343893651273,1181,1198,46
rap_cires_ugwp_debug_intel,derecho,intel,312.5,22.4664500825196,288,426,1129.5,2.4318291682288002,1120,1134,30
rap_cires_ugwp_debug_intel,gaeac6,intel,211.61702127659575,4.162739438155135,202,222,139510.95744680852,924053.8135033504,1028,6339696,47
rap_cires_ugwp_debug_intel,hera,intel,300.48275862068965,3.591862724619686,295,310,1342.0689655172414,6.169805707075016,1325,1353,29
rap_cires_ugwp_debug_intel,hercules,intel,274.1063829787234,45.06528310108096,244,545,1237.0851063829787,5.3885134968586845,1223,1253,47
rap_cires_ugwp_debug_intel,orion,intel,305.17391304347825,6.916339262375041,296,332,1210.7391304347825,7.122530082955674,1194,1233,46
rap_cires_ugwp_debug_intel,ursa,intel,254.83673469387756,99.43786731312332,212,630,1870.8367346938776,6.189194006409905,1854,1887,49
rap_cires_ugwp_debug_intel,wcoss2,intel,352.0851063829787,7.920336475159423,343,387,1159.063829787234,46.857974243785456,1092,1203,47
