test_name,machine,compiler,core_mean,core_std,core_min,core_max,mem_mean,mem_std,mem_min,mem_max,n_hashes
rap_control_debug_dyn32_phy32_gnu,derecho,gnu,158.875,3.9438016467073296,152,166,818.5,2.203892660077353,816,823,8
rap_control_debug_dyn32_phy32_gnu,hera,gnu,149.4375,3.312813614218777,144,161,806.0,2.5180201611414823,799,811,48
rap_control_debug_dyn32_phy32_gnu,hercules,gnu,127.52173913043478,19.62508500243138,113,219,70464.71739130435,228235.7723177857,793,802508,46
rap_control_debug_dyn32_phy32_gnu,ursa,gnu,123.12244897959184,55.277569536635305,105,448,715.4081632653061,2.3972064240394224,704,718,49
