test_name,machine,compiler,core_mean,core_std,core_min,core_max,mem_mean,mem_std,mem_min,mem_max,n_hashes
rap_2threads_dyn32_phy32_gnu,derecho,gnu,397.0625,6.339520181293887,391,419,860.1875,2.388649233623542,850,864,32
rap_2threads_dyn32_phy32_gnu,hera,gnu,418.77777777777777,35.09803121076445,362,454,845.7777777777778,3.0170455917277654,840,854,27
rap_2threads_dyn32_phy32_gnu,hercules,gnu,237.46808510638297,28.075094226354516,209,288,834.9574468085107,2.493098707549975,831,841,47
rap_2threads_dyn32_phy32_gnu,ursa,gnu,149.6734693877551,3.7935677748769754,146,165,732.5102040816327,1.7926057497814951,730,739,49
