test_name,machine,compiler,core_mean,core_std,core_min,core_max,mem_mean,mem_std,mem_min,mem_max,n_hashes
rap_decomp_gnu,derecho,gnu,263.9047619047619,13.464415181896173,256,320,954.7619047619048,1.6704718466577637,952,958,21
rap_decomp_gnu,hera,gnu,360.1081081081081,3.2980110486286893,354,367,943.6486486486486,3.7283911947247383,939,951,37
rap_decomp_gnu,hercules,gnu,284.95652173913044,45.224357508728566,248,441,937.2173913043479,3.379106019041581,932,945,46
rap_decomp_gnu,ursa,gnu,231.30612244897958,131.54850247494784,202,1119,849.9795918367347,5.101020306102064,847,879,49
