test_name,machine,compiler,core_mean,core_std,core_min,core_max,mem_mean,mem_std,mem_min,mem_max,n_hashes
rap_decomp_intel,acorn,intel,387.93617021276594,97.31803627803986,251,465,1012.5744680851063,3.8659307943324843,1005,1020,47
rap_decomp_intel,derecho,intel,373.26666666666665,45.24868703245343,207,389,167624.26666666666,378945.13460593816,996,1003164,30
rap_decomp_intel,gaeac6,intel,254.52173913043478,63.47518819907676,163,305,77017.15217391304,249459.91396062612,860,879344,46
rap_decomp_intel,hera,intel,420.5,116.27022816459424,258,613,1129.9791666666667,54.55252771542158,1033,1181,48
rap_decomp_intel,hercules,intel,379.0816326530612,128.14897527466056,221,913,761688.5306122449,535450.2442349375,1060,1158308,49
rap_decomp_intel,orion,intel,521.4791666666666,225.80324607878498,277,1111,65744.125,253260.93689152997,1027,1036924,48
rap_decomp_intel,ursa,intel,245.1818181818182,73.97527228128943,169,335,57318.63636363636,319039.6167766452,1705,1834524,33
rap_decomp_intel,wcoss2,intel,401.468085106383,87.80087428103623,256,487,1012.2765957446809,5.531342032531618,994,1018,47
