test_name,machine,compiler,core_mean,core_std,core_min,core_max,mem_mean,mem_std,mem_min,mem_max,n_hashes
rap_sfcdiff_restart_gnu,derecho,gnu,146.34782608695653,1.9231616480778848,143,151,703.0217391304348,1.2380832934604638,701,707,46
rap_sfcdiff_restart_gnu,hera,gnu,185.625,1.0606601717798174,184,187,676.375,4.373213921133986,669,681,8
rap_sfcdiff_restart_gnu,hercules,gnu,142.48936170212767,18.135806931647117,129,234,15032.851063829787,98452.43860295508,658,675628,47
rap_sfcdiff_restart_gnu,ursa,gnu,133.26,61.21984805533552,108,367,585.1,9.042417050902298,575,601,50
