test_name,machine,compiler,core_mean,core_std,core_min,core_max,mem_mean,mem_std,mem_min,mem_max,n_hashes
rap_lndp_debug_intel,acorn,intel,344.7083333333333,4.5380581344012985,337,354,1200.6041666666667,4.379544245856959,1193,1217,48
rap_lndp_debug_intel,derecho,intel,282.65384615384613,4.156366756601807,278,294,229036.96153846153,476198.4802796818,1181,1188576,26
rap_lndp_debug_intel,gaeac6,intel,202.80851063829786,3.91006670616032,197,223,90031.91489361702,294918.7920460574,1029,1050784,47
rap_lndp_debug_intel,hera,intel,305.9791666666667,28.30794910037645,288,439,1317.3125,48.10235374875358,1205,1356,48
rap_lndp_debug_intel,hercules,intel,272.61224489795916,52.71417279636893,242,538,713231.9795918367,622996.3933816315,1238,1256400,49
rap_lndp_debug_intel,orion,intel,313.9387755102041,39.21490371618155,287,449,75603.02040816327,294289.8027589393,1209,1225700,49
rap_lndp_debug_intel,ursa,intel,223.8421052631579,16.618983472652467,210,276,51195.57894736842,304024.9703108622,1865,1876012,38
rap_lndp_debug_intel,wcoss2,intel,352.0625,39.74782544567155,334,618,1200.3333333333333,4.632601095259806,1189,1207,48
