test_name,machine,compiler,core_mean,core_std,core_min,core_max,mem_mean,mem_std,mem_min,mem_max,n_hashes
rap_progcld_thompson_debug_gnu,derecho,gnu,160.28571428571428,3.3305310349537223,155,169,963.5428571428571,4.822391749419981,939,970,35
rap_progcld_thompson_debug_gnu,hera,gnu,153.375,2.7475285336968347,148,158,949.0416666666666,2.595634573775639,942,953,24
rap_progcld_thompson_debug_gnu,hercules,gnu,128.89361702127658,21.976503304718708,116,266,21002.042553191488,137499.08890954393,940,943592,47
rap_progcld_thompson_debug_gnu,ursa,gnu,115.73469387755102,22.97895369517877,107,267,854.204081632653,1.020204061220421,853,856,49
