test_name,machine,compiler,core_mean,core_std,core_min,core_max,mem_mean,mem_std,mem_min,mem_max,n_hashes
rap_decomp_gnu,derecho,gnu,260.8,1.3038404810405309,260,263,955.4,1.5165750888103116,953,957,5
rap_decomp_gnu,hera,gnu,380.1041666666667,78.50551941114828,354,684,945.2291666666666,3.9315395897916328,939,951,48
rap_decomp_gnu,hercules,gnu,307.6304347826087,85.85630338488768,248,556,123906.17391304347,321007.9592825147,932,946244,46
rap_decomp_gnu,ursa,gnu,241.9387755102041,137.04354663197165,202,1119,18258.122448979593,121842.27391259994,847,853748,49
