test_name,machine,compiler,core_mean,core_std,core_min,core_max,mem_mean,mem_std,mem_min,mem_max,n_hashes
rap_control_debug_gnu,derecho,gnu,164.7,13.719367792707466,155,220,964.2,2.214782869243568,961,968,20
rap_control_debug_gnu,hera,gnu,153.47368421052633,2.938439023968642,149,163,952.6315789473684,5.3343408247072395,944,962,38
rap_control_debug_gnu,hercules,gnu,126.91304347826087,22.53966980627368,114,270,946.2173913043479,3.352697378253063,941,954,46
rap_control_debug_gnu,ursa,gnu,126.53061224489795,57.75887451322103,107,417,855.9795918367347,3.637133692428523,847,863,49
