test_name,machine,compiler,core_mean,core_std,core_min,core_max,mem_mean,mem_std,mem_min,mem_max,n_hashes
rap_2threads_gnu,derecho,gnu,432.1818181818182,2.227921983292142,429,436,1029.2727272727273,1.1037127426018967,1028,1031,11
rap_2threads_gnu,hera,gnu,452.5625,46.72094898937825,411,521,1014.0833333333334,6.97665814450208,998,1024,48
rap_2threads_gnu,hercules,gnu,236.6304347826087,33.82001951221738,208,348,22812.739130434784,147965.61116713492,986,1004548,46
rap_2threads_gnu,ursa,gnu,161.91836734693877,3.8396871329460733,157,174,904.0,6.211548384528114,896,912,49
