test_name,machine,compiler,core_mean,core_std,core_min,core_max,mem_mean,mem_std,mem_min,mem_max,n_hashes
rap_sfcdiff_intel,acorn,intel,229.2,4.346367344220824,221,242,1006.6888888888889,2.1513444234438,1003,1011,45
rap_sfcdiff_intel,derecho,intel,199.18421052631578,10.391928424835942,192,258,962.8421052631579,2.4552901054933614,952,965,38
rap_sfcdiff_intel,gaeac6,intel,148.4468085106383,4.267208183335574,142,169,140383.8085106383,923868.6932764011,855,6339336,47
rap_sfcdiff_intel,hera,intel,205.76190476190476,3.9611205725749086,201,217,1163.904761904762,5.430513437095642,1155,1174,21
rap_sfcdiff_intel,hercules,intel,179.10638297872342,15.5287027966212,167,222,24471.212765957447,160251.3422028762,1069,1099724,47
rap_sfcdiff_intel,orion,intel,254.47826086956522,4.755063408549191,250,269,23769.804347826088,154167.8159416073,1026,1046656,46
rap_sfcdiff_intel,ursa,intel,225.81632653061226,187.35457398888832,144,796,1804.2244897959183,53.5841492833633,1745,1962,49
rap_sfcdiff_intel,wcoss2,intel,242.08510638297872,26.678300730738858,228,415,962.1702127659574,48.549535057522164,911,1017,47
