test_name,machine,compiler,core_mean,core_std,core_min,core_max,mem_mean,mem_std,mem_min,mem_max,n_hashes
rap_control_dyn32_phy32_gnu,derecho,gnu,239.16666666666666,2.7923290367138596,235,245,810.2083333333334,1.5030162910010358,808,812,24
rap_control_dyn32_phy32_gnu,hera,gnu,307.45714285714286,2.963928803055136,302,315,794.9142857142857,2.8837417336777063,790,800,35
rap_control_dyn32_phy32_gnu,hercules,gnu,263.06382978723406,34.977883854328866,232,381,789.7446808510638,2.2113156137819026,785,794,47
rap_control_dyn32_phy32_gnu,ursa,gnu,243.3469387755102,219.15344234694788,189,1640,706.6530612244898,1.6900569567346144,704,711,49
