test_name,machine,compiler,core_mean,core_std,core_min,core_max,mem_mean,mem_std,mem_min,mem_max,n_hashes
rap_control_debug_dyn32_phy32_intel,acorn,intel,333.9583333333333,5.697921731362906,319,344,1074.3541666666667,4.392883913559864,1064,1081,48
rap_control_debug_dyn32_phy32_intel,derecho,intel,274.4166666666667,2.466441431158123,269,278,443800.0833333333,547148.1989777804,1060,1064412,12
rap_control_debug_dyn32_phy32_intel,gaeac6,intel,198.6595744680851,8.48342782376753,192,250,175102.085106383,937741.804339827,906,6338688,47
rap_control_debug_dyn32_phy32_intel,hera,intel,291.6041666666667,4.70734863863658,283,302,1217.1875,7.750514739254787,1188,1232,48
rap_control_debug_dyn32_phy32_intel,hercules,intel,267.4791666666667,54.31507356445407,237,515,327304.625,513714.35329968313,1107,1128028,48
rap_control_debug_dyn32_phy32_intel,orion,intel,296.25,19.120558168653208,280,375,46824.354166666664,221642.1503871355,1077,1098748,48
rap_control_debug_dyn32_phy32_intel,ursa,intel,211.0408163265306,9.695272008547663,201,240,37481.142857142855,250104.00005389424,1740,1752480,49
rap_control_debug_dyn32_phy32_intel,wcoss2,intel,349.8541666666667,30.32167231629446,329,482,1074.4375,4.753078509676524,1064,1082,48
