test_name,machine,compiler,core_mean,core_std,core_min,core_max,mem_mean,mem_std,mem_min,mem_max,n_hashes
rap_progcld_thompson_debug_intel,acorn,intel,344.9318181818182,10.056578842364063,331,368,1188.9772727272727,4.834414595587417,1181,1199,44
rap_progcld_thompson_debug_intel,derecho,intel,304.32608695652175,19.57215067706164,295,432,1129.9565217391305,1.534152270280191,1127,1132,46
rap_progcld_thompson_debug_intel,gaeac6,intel,209.70833333333334,2.466441431158127,204,217,6338.791666666667,0.4104140790859225,6338,6339,48
rap_progcld_thompson_debug_intel,hera,intel,294.8181818181818,4.686537780028698,287,302,1340.0,4.516635916254479,1330,1344,11
rap_progcld_thompson_debug_intel,hercules,intel,266.7083333333333,45.525283287857924,242,562,26894.270833333332,177746.6992320921,1227,1232704,48
rap_progcld_thompson_debug_intel,orion,intel,301.468085106383,6.185013668501952,290,319,27008.36170212766,176851.98915052318,1194,1213648,47
rap_progcld_thompson_debug_intel,ursa,intel,273.24,134.33654964836848,208,672,1868.16,6.668108687580572,1859,1891,50
rap_progcld_thompson_debug_intel,wcoss2,intel,344.5416666666667,5.761051667192085,338,367,1121.7083333333333,40.88695278204792,1093,1195,48
