test_name,machine,compiler,core_mean,core_std,core_min,core_max,mem_mean,mem_std,mem_min,mem_max,n_hashes
rap_decomp_gnu,hera,gnu,488.81632653061223,166.00974789017005,354,819,948.0408163265306,4.061809857653126,939,961,49
rap_decomp_gnu,hercules,gnu,375.61224489795916,121.90498628141556,248,680,366690.97959183675,464350.43865299487,935,946960,49
rap_decomp_gnu,ursa,gnu,299.06382978723406,209.37810651871342,202,1574,19000.659574468085,124407.37930096335,847,853748,47
