test_name,machine,compiler,core_mean,core_std,core_min,core_max,mem_mean,mem_std,mem_min,mem_max,n_hashes
rap_2threads_intel,acorn,intel,213.34782608695653,7.806599462575384,199,229,1085.3695652173913,6.647835723509079,1074,1102,46
rap_2threads_intel,derecho,intel,342.88235294117646,10.59411601397904,335,379,1040.7058823529412,4.027479141509508,1034,1051,17
rap_2threads_intel,gaeac6,intel,170.86666666666667,8.920354660703087,161,188,144064.86666666667,944482.788552516,926,6339028,45
rap_2threads_intel,hera,intel,278.3414634146341,27.72508769697366,234,310,1177.1463414634147,11.080525654520487,1150,1200,41
rap_2threads_intel,hercules,intel,259.54347826086956,44.30535785093624,217,521,1164.8478260869565,7.180118820757247,1154,1184,46
rap_2threads_intel,orion,intel,280.15555555555557,22.428629791929648,262,322,1122.3111111111111,11.40937059498628,1105,1152,45
rap_2threads_intel,ursa,intel,127.36734693877551,11.908844538043661,117,162,1173.8979591836735,5.856779895838694,1161,1186,49
rap_2threads_intel,wcoss2,intel,235.15217391304347,41.52641322302086,207,416,1080.4782608695652,29.826713701672606,984,1107,46
