test_name,machine,compiler,core_mean,core_std,core_min,core_max,mem_mean,mem_std,mem_min,mem_max,n_hashes
rap_restart_gnu,hera,gnu,217.04166666666666,62.999141612974604,182,356,680.375,2.8029240051637623,676,688,48
rap_restart_gnu,hercules,gnu,167.70212765957447,69.78535877762954,128,534,173646.2340425532,298611.16961674223,669,683244,47
rap_restart_gnu,ursa,gnu,155.9795918367347,128.41412334642143,108,764,12502.183673469388,83444.34822974168,580,584692,49
