test_name,machine,compiler,core_mean,core_std,core_min,core_max,mem_mean,mem_std,mem_min,mem_max,n_hashes
rap_diag_debug_intel,acorn,intel,352.125,9.106053632938774,333,370,1283.625,3.179890269751331,1277,1291,48
rap_diag_debug_intel,derecho,intel,295.61764705882354,4.664597198384097,289,306,187916.26470588235,456260.81953386666,1262,1272840,34
rap_diag_debug_intel,gaeac6,intel,209.4255319148936,3.034186953993665,202,219,97200.31914893616,318395.43306931393,1123,1132192,47
rap_diag_debug_intel,hera,intel,321.3061224489796,25.665479476033436,298,445,1379.6122448979593,65.42610855210691,1279,1443,49
rap_diag_debug_intel,hercules,intel,284.76,69.62627934559052,250,655,983176.34,587917.0895388403,1322,1340344,50
rap_diag_debug_intel,orion,intel,324.14285714285717,35.174564673923136,296,484,80885.0,314861.65574370377,1291,1309308,49
rap_diag_debug_intel,ursa,intel,231.44827586206895,18.113897992773698,218,295,69311.86206896552,362703.9545785363,1953,1955180,29
rap_diag_debug_intel,wcoss2,intel,358.6666666666667,10.577642687418376,344,410,1281.3541666666667,5.377215855311161,1268,1287,48
