test_name,machine,compiler,core_mean,core_std,core_min,core_max,mem_mean,mem_std,mem_min,mem_max,n_hashes
rap_sfcdiff_gnu,derecho,gnu,261.7027027027027,10.123857589500778,256,318,955.5405405405405,1.788770443544846,952,959,37
rap_sfcdiff_gnu,hera,gnu,357.1818181818182,3.4865232188878568,354,367,939.6363636363636,3.3316012816012464,932,945,22
rap_sfcdiff_gnu,hercules,gnu,270.02127659574467,28.674704321057852,247,364,20806.340425531915,136231.6425688688,930,934892,47
rap_sfcdiff_gnu,ursa,gnu,290.7551020408163,264.42520450121657,205,1487,847.1836734693877,3.7286808960394633,842,871,49
