test_name,machine,compiler,core_mean,core_std,core_min,core_max,mem_mean,mem_std,mem_min,mem_max,n_hashes
rap_sfcdiff_restart_gnu,derecho,gnu,146.1875,2.0703357994732836,143,151,703.125,1.0701220913160367,702,706,32
rap_sfcdiff_restart_gnu,hera,gnu,185.40740740740742,1.248360748503634,183,188,678.4814814814815,3.1789012418464515,669,683,27
rap_sfcdiff_restart_gnu,hercules,gnu,144.0212765957447,19.95700744502948,129,234,673.6170212765958,1.8004008187715044,670,679,47
rap_sfcdiff_restart_gnu,ursa,gnu,131.9795918367347,102.3717673066974,108,791,580.469387755102,2.7010957715984443,575,596,49
