test_name,machine,compiler,core_mean,core_std,core_min,core_max,mem_mean,mem_std,mem_min,mem_max,n_hashes
rap_control_dyn64_phy32_debug_intel,acorn,intel,340.27659574468083,4.8035409387675845,332,353,1104.2340425531916,4.279439042665369,1096,1112,47
rap_control_dyn64_phy32_debug_intel,derecho,intel,297.90909090909093,2.913916452287033,293,302,1052.4545454545455,1.2933395813658848,1051,1055,11
rap_control_dyn64_phy32_debug_intel,gaeac6,intel,202.56521739130434,5.2053484200303926,194,218,140262.95652173914,934294.9232537745,943,6339184,46
rap_control_dyn64_phy32_debug_intel,hera,intel,299.7291666666667,6.737445640512822,288,334,1286.7291666666667,7.978000558272684,1271,1302,48
rap_control_dyn64_phy32_debug_intel,hercules,intel,262.0652173913044,17.50733455683714,240,307,27722.0,179782.08465052597,1196,1220556,46
rap_control_dyn64_phy32_debug_intel,orion,intel,298.8478260869565,7.180118820757309,287,318,1175.9565217391305,5.561600575929872,1161,1185,46
rap_control_dyn64_phy32_debug_intel,ursa,intel,245.42857142857142,92.0364511122269,204,596,1860.2244897959183,8.844172530830825,1842,1877,49
rap_control_dyn64_phy32_debug_intel,wcoss2,intel,345.1063829787234,12.64779417536167,332,393,1104.787234042553,5.081664269546028,1090,1111,47
