test_name,machine,compiler,core_mean,core_std,core_min,core_max,mem_mean,mem_std,mem_min,mem_max,n_hashes
rap_cires_ugwp_debug_intel,acorn,intel,350.65909090909093,8.602171661497389,339,381,1188.6136363636363,4.852311408414425,1181,1201,44
rap_cires_ugwp_debug_intel,derecho,intel,310.6818181818182,18.720431230464367,288,426,1130.6818181818182,2.7767533934495825,1120,1135,44
rap_cires_ugwp_debug_intel,gaeac6,intel,214.4255319148936,2.811039424429771,208,222,6338.936170212766,0.567383595383931,6338,6342,47
rap_cires_ugwp_debug_intel,hera,intel,299.9230769230769,2.9569561619323608,297,307,1340.5384615384614,7.434327862640371,1325,1349,13
rap_cires_ugwp_debug_intel,hercules,intel,271.2826086956522,43.918441099372295,244,545,28154.304347826088,182560.08104668444,1223,1239420,46
rap_cires_ugwp_debug_intel,orion,intel,307.35555555555555,7.669762220907029,296,333,28142.31111111111,180654.01898805733,1199,1213076,45
rap_cires_ugwp_debug_intel,ursa,intel,264.08,110.33748599785356,212,630,1872.12,6.41948564281966,1856,1886,50
rap_cires_ugwp_debug_intel,wcoss2,intel,350.8958333333333,5.784202930923098,343,375,1126.2291666666667,42.761704672812165,1092,1195,48
