test_name,machine,compiler,core_mean,core_std,core_min,core_max,mem_mean,mem_std,mem_min,mem_max,n_hashes
rap_unified_ugwp_debug_intel,acorn,intel,349.531914893617,7.011949626018189,338,375,1188.212765957447,3.827453292321444,1181,1200,47
rap_unified_ugwp_debug_intel,derecho,intel,309.25,11.790218796072415,300,364,1129.9285714285713,1.5617789341495776,1127,1133,28
rap_unified_ugwp_debug_intel,gaeac6,intel,212.12765957446808,4.0141977447262285,205,227,139262.8085106383,923940.8020907824,1027,6338688,47
rap_unified_ugwp_debug_intel,hera,intel,300.4193548387097,3.3938590969414935,293,308,1343.4516129032259,5.858547656643422,1332,1353,31
rap_unified_ugwp_debug_intel,hercules,intel,278.5744680851064,47.73055929351538,244,545,1242.3617021276596,6.532279487334259,1225,1255,47
rap_unified_ugwp_debug_intel,orion,intel,304.60869565217394,4.986551963340169,297,318,1210.5869565217392,5.950074087144772,1202,1228,46
rap_unified_ugwp_debug_intel,ursa,intel,241.55102040816325,79.1286034525679,213,596,1871.5102040816328,6.3578116288140585,1856,1888,49
rap_unified_ugwp_debug_intel,wcoss2,intel,355.2340425531915,14.475185312258946,345,433,1163.404255319149,46.13291740671873,1092,1205,47
