test_name,machine,compiler,core_mean,core_std,core_min,core_max,mem_mean,mem_std,mem_min,mem_max,n_hashes
rap_restart_intel,acorn,intel,130.85106382978722,4.3136725168693175,124,144,763.5957446808511,1.7277728120087734,761,769,47
rap_restart_intel,derecho,intel,117.53571428571429,2.348871168709719,114,122,825.6071428571429,0.49734746139349423,825,826,28
rap_restart_intel,gaeac6,intel,82.34042553191489,4.197704319519964,77,101,139174.21276595743,924065.8964327385,713,6339436,47
rap_restart_intel,hera,intel,112.19354838709677,4.400146625122918,109,134,1173.4516129032259,5.726189597963714,1161,1185,31
rap_restart_intel,hercules,intel,97.85106382978724,6.811048324483233,93,122,1096.595744680851,8.965294375409153,1079,1117,47
rap_restart_intel,orion,intel,140.32608695652175,2.608144064068782,137,149,1004.1304347826087,3.7630288961726013,995,1013,46
rap_restart_intel,ursa,intel,114.79591836734694,108.35377619781659,78,515,1765.469387755102,29.359199325492735,1724,1883,49
rap_restart_intel,wcoss2,intel,143.74468085106383,25.816634412640425,128,296,738.5957446808511,47.26551255567615,668,777,47
