test_name,machine,compiler,core_mean,core_std,core_min,core_max,mem_mean,mem_std,mem_min,mem_max,n_hashes
rap_decomp_intel,acorn,intel,237.9111111111111,6.741399309228365,224,253,1015.6222222222223,2.3285665595431015,1011,1020,45
rap_decomp_intel,derecho,intel,206.52173913043478,5.265143790100589,197,231,962.8260869565217,4.468677894590732,939,966,46
rap_decomp_intel,gaeac6,intel,154.25,3.6582753755566655,149,166,6338.833333333333,0.37662178857724277,6338,6339,48
rap_decomp_intel,hera,intel,215.3,2.7100635498903856,212,221,1152.6,6.345602151621785,1138,1162,10
rap_decomp_intel,hercules,intel,193.52083333333334,34.20650030506727,175,399,23123.8125,152793.7374509855,1058,1059656,48
rap_decomp_intel,orion,intel,267.5744680851064,5.165709180872526,262,285,22992.042553191488,150528.70758371716,1028,1033008,47
rap_decomp_intel,ursa,intel,268.42,218.68307979300798,151,874,1741.58,48.64997430626251,1686,1926,50
rap_decomp_intel,wcoss2,intel,246.53061224489795,7.16793217746096,237,278,945.1632653061224,43.70037515989592,908,1022,49
