test_name,machine,compiler,core_mean,core_std,core_min,core_max,mem_mean,mem_std,mem_min,mem_max,n_hashes
rap_control_dyn64_phy32_debug_gnu,hera,gnu,168.125,35.63623842890411,151,294,825.6041666666666,31.145328247286216,718,846,48
rap_control_dyn64_phy32_debug_gnu,hercules,gnu,130.28571428571428,21.106870919205434,115,211,572800.224489796,404870.03473117074,826,996888,49
rap_control_dyn64_phy32_debug_gnu,ursa,gnu,131.84848484848484,61.2158686596668,107,385,23281.18181818182,129464.99620878576,744,744464,33
