test_name,machine,compiler,core_mean,core_std,core_min,core_max,mem_mean,mem_std,mem_min,mem_max,n_hashes
rap_sfcdiff_gnu,hera,gnu,441.9791666666667,144.3790061923062,351,684,944.5416666666666,3.195464427559957,937,951,48
rap_sfcdiff_gnu,hercules,gnu,333.6875,119.38462003122513,246,825,315130.3958333333,449038.020041176,931,949644,48
rap_sfcdiff_gnu,ursa,gnu,329.9387755102041,263.8942660867594,202,1487,18249.061224489797,121779.42861197317,842,853308,49
