test_name,machine,compiler,core_mean,core_std,core_min,core_max,mem_mean,mem_std,mem_min,mem_max,n_hashes
rap_sfcdiff_decomp_intel,acorn,intel,341.6938775510204,102.83992498085574,231,466,1011.4285714285714,2.5980762113533182,1002,1017,49
rap_sfcdiff_decomp_intel,derecho,intel,369.45454545454544,53.20913569315067,206,407,227988.18181818182,428392.4270622103,995,1001448,22
rap_sfcdiff_decomp_intel,gaeac6,intel,225.47916666666666,68.87484473731071,146,304,73859.58333333333,244640.05000554654,860,878712,48
rap_sfcdiff_decomp_intel,hera,intel,362.2040816326531,128.37931745285087,210,611,1151.9591836734694,32.82019143738196,1051,1174,49
rap_sfcdiff_decomp_intel,hercules,intel,317.38775510204084,115.05339635841023,175,565,510413.0612244898,570545.4296665534,1051,1174520,49
rap_sfcdiff_decomp_intel,orion,intel,436.8775510204082,216.05985211019092,258,1053,64248.87755102041,250091.73636159932,1029,1036364,49
rap_sfcdiff_decomp_intel,ursa,intel,274.34090909090907,173.0179373926861,147,1018,43650.568181818184,277789.6124766466,1707,1844420,44
rap_sfcdiff_decomp_intel,wcoss2,intel,366.0816326530612,93.89817994657254,243,474,1013.1836734693877,6.756704908791701,994,1020,49
