test_name,machine,compiler,core_mean,core_std,core_min,core_max,mem_mean,mem_std,mem_min,mem_max,n_hashes
rap_control_dyn32_phy32_gnu,hera,gnu,466.625,146.2250706158002,302,798,800.375,5.034455748226507,791,817,48
rap_control_dyn32_phy32_gnu,hercules,gnu,385.8775510204082,155.0829929227494,232,1220,454933.7346938776,397377.87544046034,789,799572,49
rap_control_dyn32_phy32_gnu,ursa,gnu,265.42105263157896,84.3713258511981,189,410,19409.394736842107,115275.64233294215,708,711316,38
