test_name,machine,compiler,core_mean,core_std,core_min,core_max,mem_mean,mem_std,mem_min,mem_max,n_hashes
rap_restart_dyn32_phy32_gnu,hera,gnu,316.6041666666667,141.57454086299336,157,527,652.5208333333334,3.786816904671221,647,663,48
rap_restart_dyn32_phy32_gnu,hercules,gnu,259.7551020408163,113.74231303921245,122,655,371280.8775510204,324324.40250539995,641,660864,49
rap_restart_dyn32_phy32_gnu,ursa,gnu,242.28947368421052,322.63466979925187,101,1607,15155.263157894737,90011.89641005396,550,555424,38
