test_name,machine,compiler,core_mean,core_std,core_min,core_max,mem_mean,mem_std,mem_min,mem_max,n_hashes
rap_control_debug_gnu,derecho,gnu,163.2058823529412,10.758448158243757,155,220,964.1176470588235,2.156943767721431,960,968,34
rap_control_debug_gnu,hera,gnu,153.56,3.228518752204071,149,163,949.44,3.1895663237081853,944,958,25
rap_control_debug_gnu,hercules,gnu,126.12765957446808,7.82309018582198,114,145,20975.978723404256,137326.51470895283,941,942408,47
rap_control_debug_gnu,ursa,gnu,133.79591836734693,63.867042750231235,107,417,853.9183673469388,1.6309089323375037,847,857,49
