test_name,machine,compiler,core_mean,core_std,core_min,core_max,mem_mean,mem_std,mem_min,mem_max,n_hashes
rap_control_debug_intel,acorn,intel,344.5744680851064,6.609428972411348,332,370,1190.531914893617,4.29788149951857,1182,1198,47
rap_control_debug_intel,derecho,intel,301.7692307692308,3.876292174958073,295,309,1129.5384615384614,3.2304639660422567,1120,1132,13
rap_control_debug_intel,gaeac6,intel,206.1086956521739,3.4911205515298485,198,217,140561.02173913043,934307.4242579306,1027,6339564,46
rap_control_debug_intel,hera,intel,296.80434782608694,15.879573973039005,288,396,1339.9565217391305,5.345637979757806,1325,1353,46
rap_control_debug_intel,hercules,intel,267.60869565217394,35.82269811841499,241,462,1238.5869565217392,6.13759303873911,1225,1253,46
rap_control_debug_intel,orion,intel,298.6304347826087,5.997624328393792,287,316,1214.9130434782608,7.839575064891302,1201,1231,46
rap_control_debug_intel,ursa,intel,218.6326530612245,11.17604185589092,209,259,1870.204081632653,7.593801177706086,1857,1882,49
rap_control_debug_intel,wcoss2,intel,349.9574468085106,13.091579515439133,337,409,1195.4255319148936,5.207622677387989,1187,1206,47
