test_name,machine,compiler,core_mean,core_std,core_min,core_max,mem_mean,mem_std,mem_min,mem_max,n_hashes
rap_control_dyn64_phy32_debug_intel,acorn,intel,338.06382978723406,7.007462653483327,321,353,1101.4468085106382,3.1194237946070094,1096,1110,47
rap_control_dyn64_phy32_debug_intel,derecho,intel,297.28,4.118252056394799,289,309,1051.12,3.218695387886182,1037,1055,25
rap_control_dyn64_phy32_debug_intel,gaeac6,intel,205.3404255319149,5.4344976798575715,196,224,138901.40425531915,924068.9387391778,943,6339184,47
rap_control_dyn64_phy32_debug_intel,hera,intel,300.05882352941177,7.4952153484359325,293,334,1289.735294117647,6.863645217262348,1271,1302,34
rap_control_dyn64_phy32_debug_intel,hercules,intel,269.63829787234044,19.81043371550202,240,311,1215.7446808510638,6.7870339462267415,1196,1230,47
rap_control_dyn64_phy32_debug_intel,orion,intel,301.67391304347825,6.387676843652732,290,318,1175.8260869565217,4.868512653669305,1161,1185,46
rap_control_dyn64_phy32_debug_intel,ursa,intel,257.2040816326531,123.77768706970782,204,660,1859.408163265306,9.358415035292508,1842,1884,49
rap_control_dyn64_phy32_debug_intel,wcoss2,intel,341.3191489361702,10.990324564932259,332,393,1080.404255319149,43.494457205321446,1004,1109,47
