test_name,machine,compiler,core_mean,core_std,core_min,core_max,mem_mean,mem_std,mem_min,mem_max,n_hashes
rap_sfcdiff_gnu,derecho,gnu,258.6363636363636,2.579640566928944,256,264,956.1818181818181,1.7215215257545788,954,959,11
rap_sfcdiff_gnu,hera,gnu,355.75,3.6930066168828,351,367,942.3333333333334,4.11708083597218,932,950,48
rap_sfcdiff_gnu,hercules,gnu,284.0869565217391,88.6001821134212,246,825,21326.782608695652,138284.3559671179,930,938828,46
rap_sfcdiff_gnu,ursa,gnu,302.16326530612247,287.53248707311144,202,1487,850.4285714285714,4.778423728943889,842,871,49
