test_name,machine,compiler,core_mean,core_std,core_min,core_max,mem_mean,mem_std,mem_min,mem_max,n_hashes
rap_sfcdiff_decomp_gnu,derecho,gnu,262.96,10.039422294136255,258,310,954.92,1.7540429489230456,952,959,25
rap_sfcdiff_decomp_gnu,hera,gnu,361.44117647058823,4.432600826729883,356,373,942.0588235294117,3.6426861256960112,934,949,34
rap_sfcdiff_decomp_gnu,hercules,gnu,277.6595744680851,32.50704043858584,251,364,936.531914893617,3.39341474694353,932,944,47
rap_sfcdiff_decomp_gnu,ursa,gnu,286.18367346938777,216.47273437523526,204,1179,848.469387755102,2.517456063968837,846,855,49
