test_name,machine,compiler,core_mean,core_std,core_min,core_max,mem_mean,mem_std,mem_min,mem_max,n_hashes
rap_diag_debug_gnu,derecho,gnu,172.1875,3.532681518291364,167,179,1052.09375,2.190291997031062,1048,1056,32
rap_diag_debug_gnu,hera,gnu,165.96296296296296,3.402278438855137,161,175,1038.5555555555557,4.003203845127092,1031,1051,27
rap_diag_debug_gnu,hercules,gnu,136.74468085106383,8.522267725115112,123,158,1032.1914893617022,2.490314262273807,1028,1038,47
rap_diag_debug_gnu,ursa,gnu,136.81632653061226,54.90168237760257,119,443,941.3469387755102,1.45130717527573,938,947,49
