test_name,machine,compiler,core_mean,core_std,core_min,core_max,mem_mean,mem_std,mem_min,mem_max,n_hashes
rap_sfcdiff_gnu,derecho,gnu,259.6,2.9664793948382706,256,264,956.0,1.8708286933869707,954,959,5
rap_sfcdiff_gnu,hera,gnu,375.0625,77.21134473197024,351,676,943.375,3.8183487575185167,932,951,48
rap_sfcdiff_gnu,hercules,gnu,292.7173913043478,99.75451268956388,246,825,123654.23913043478,320353.22435130086,930,945888,46
rap_sfcdiff_gnu,ursa,gnu,318.9183673469388,309.08567021234137,202,1487,18247.79591836735,121779.613153054,842,853308,49
