test_name,machine,compiler,core_mean,core_std,core_min,core_max,mem_mean,mem_std,mem_min,mem_max,n_hashes
rap_sfcdiff_decomp_gnu,derecho,gnu,260.125,1.7268882005337958,258,263,955.375,1.8468119248354102,953,959,8
rap_sfcdiff_decomp_gnu,hera,gnu,360.7916666666667,3.8755004252482386,355,373,943.2083333333334,3.718603795028073,934,951,48
rap_sfcdiff_decomp_gnu,hercules,gnu,272.2608695652174,33.34828650111406,248,364,82769.41304347826,268093.9683636298,932,944328,46
rap_sfcdiff_decomp_gnu,ursa,gnu,264.3061224489796,204.62773151115508,203,1179,851.0204081632653,3.319700011034846,846,856,49
