test_name,machine,compiler,core_mean,core_std,core_min,core_max,mem_mean,mem_std,mem_min,mem_max,n_hashes
rap_noah_debug_intel,acorn,intel,337.97872340425533,4.450155647996715,331,348,1191.9148936170213,4.179815823038546,1184,1201,47
rap_noah_debug_intel,derecho,intel,281.3,10.317730155201554,273,298,237211.4,497634.3043662127,1129,1181904,10
rap_noah_debug_intel,gaeac6,intel,201.2608695652174,4.3738352486814565,195,219,139391.28260869565,934367.324124432,1024,6338804,46
rap_noah_debug_intel,hera,intel,290.5,5.391087996613865,281,303,1337.8958333333333,5.478156171145552,1327,1351,48
rap_noah_debug_intel,hercules,intel,270.0,52.69619425431868,237,576,217346.15217391305,476213.95900787506,1224,1254960,46
rap_noah_debug_intel,orion,intel,293.5217391304348,15.276327555236547,278,382,54134.69565217391,250962.74661416886,1201,1224464,46
rap_noah_debug_intel,ursa,intel,226.73469387755102,65.22965056571412,205,573,39899.93877551021,266204.1756505089,1857,1865300,49
rap_noah_debug_intel,wcoss2,intel,346.0851063829787,23.041389778466474,332,488,1196.276595744681,4.047017837433325,1189,1204,47
