test_name,machine,compiler,core_mean,core_std,core_min,core_max,mem_mean,mem_std,mem_min,mem_max,n_hashes
rap_restart_intel,acorn,intel,195.02083333333334,49.60503130939112,135,245,770.4166666666666,5.274722270931504,761,779,48
rap_restart_intel,derecho,intel,189.69230769230768,23.543609291303202,110,200,168116.3076923077,349541.19012668816,861,871628,26
rap_restart_intel,gaeac6,intel,123.36170212765957,31.518404238403786,85,157,63542.617021276594,208151.46138303622,726,740856,47
rap_restart_intel,hera,intel,202.64583333333334,65.30989615258164,133,389,1179.2708333333333,45.18225013155453,1096,1237,48
rap_restart_intel,hercules,intel,180.16326530612244,57.302322138365206,116,413,659332.9591836735,576391.004421404,1072,1204272,49
rap_restart_intel,orion,intel,255.57142857142858,143.38192005967838,147,686,64330.93877551021,250516.35076273035,998,1052892,49
rap_restart_intel,ursa,intel,144.8684210526316,82.05112811208978,90,468,50773.02631578947,301874.8512418625,1747,1862684,38
rap_restart_intel,wcoss2,intel,208.6875,45.473937473696985,145,296,770.125,6.093683510275546,757,781,48
