test_name,machine,compiler,core_mean,core_std,core_min,core_max,mem_mean,mem_std,mem_min,mem_max,n_hashes
rap_flake_debug_gnu,derecho,gnu,165.0,,165,165,965.0,,965,965,1
rap_flake_debug_gnu,hera,gnu,153.33333333333334,2.984594012330606,148,162,955.8125,4.144497762350441,941,964,48
rap_flake_debug_gnu,hercules,gnu,124.04347826086956,11.083434128341931,114,166,207675.65217391305,396572.3936931576,938,955580,46
rap_flake_debug_gnu,ursa,gnu,116.71428571428571,26.163747183204983,106,254,18426.224489795917,122970.42563953898,853,861652,49
