test_name,machine,compiler,core_mean,core_std,core_min,core_max,mem_mean,mem_std,mem_min,mem_max,n_hashes
rap_control_dyn32_phy32_intelllvm,hera,intelllvm,209.68,4.6342924666734895,205,225,1105.56,6.595958358469712,1089,1117,25
rap_control_dyn32_phy32_intelllvm,ursa,intelllvm,238.6122448979592,229.29673427011292,126,791,1761.530612244898,66.24547218515403,1712,1968,49
