test_name,machine,compiler,core_mean,core_std,core_min,core_max,mem_mean,mem_std,mem_min,mem_max,n_hashes
rap_decomp_gnu,derecho,gnu,263.9347826086956,9.445521393556591,256,320,954.8260869565217,1.90092781821097,951,958,46
rap_decomp_gnu,hera,gnu,359.5,2.5634797778466236,356,363,942.375,1.9226098333849684,940,945,8
rap_decomp_gnu,hercules,gnu,273.5531914893617,28.00140408796168,252,400,20800.255319148935,136193.20396813971,928,934628,47
rap_decomp_gnu,ursa,gnu,241.18,104.49405607546318,205,692,853.14,9.43508433065284,847,871,50
