test_name,machine,compiler,core_mean,core_std,core_min,core_max,mem_mean,mem_std,mem_min,mem_max,n_hashes
rap_2threads_gnu,hera,gnu,577.734693877551,198.90028652466,411,944,1020.1836734693877,3.4075496412852244,1008,1024,49
rap_2threads_gnu,hercules,gnu,310.6326530612245,99.85900349107884,210,567,410645.306122449,498391.19743711385,989,1008924,49
rap_2threads_gnu,ursa,gnu,270.3478260869565,177.72815913840057,157,676,20697.565217391304,134192.23236331975,897,911048,46
