test_name,machine,compiler,core_mean,core_std,core_min,core_max,mem_mean,mem_std,mem_min,mem_max,n_hashes
rap_restart_dyn32_phy32_gnu,derecho,gnu,137.56521739130434,4.514924258811202,133,156,673.9782608695652,1.527367094560408,671,680,46
rap_restart_dyn32_phy32_gnu,hera,gnu,160.0,1.5118578920369106,157,162,652.375,5.370222128951992,648,664,8
rap_restart_dyn32_phy32_gnu,hercules,gnu,149.0212765957447,16.587697591237717,122,179,14363.787234042553,94053.05526113308,641,645440,47
rap_restart_dyn32_phy32_gnu,ursa,gnu,145.08,129.9502008227673,101,892,555.52,5.64688825272604,547,567,50
