test_name,machine,compiler,core_mean,core_std,core_min,core_max,mem_mean,mem_std,mem_min,mem_max,n_hashes
rap_progcld_thompson_debug_intel,acorn,intel,342.72340425531917,6.0422502562466,333,360,1188.0425531914893,3.8332495399012325,1181,1199,47
rap_progcld_thompson_debug_intel,derecho,intel,306.6666666666667,25.374123705975624,295,432,1129.962962962963,1.4272480642960395,1128,1132,27
rap_progcld_thompson_debug_intel,gaeac6,intel,207.7659574468085,3.291707406548122,201,215,139166.8085106383,924069.6602674315,1025,6339456,47
rap_progcld_thompson_debug_intel,hera,intel,295.53125,4.362482091653785,287,304,1342.71875,5.629612803966257,1330,1360,32
rap_progcld_thompson_debug_intel,hercules,intel,270.97872340425533,47.64747785729022,242,562,1237.9787234042553,5.383103039592964,1227,1250,47
rap_progcld_thompson_debug_intel,orion,intel,302.8695652173913,28.67256427369176,290,490,1210.8260869565217,7.874866765225121,1194,1235,46
rap_progcld_thompson_debug_intel,ursa,intel,228.16326530612244,63.97960187264618,208,553,1867.938775510204,6.091004854377825,1857,1883,49
rap_progcld_thompson_debug_intel,wcoss2,intel,348.0,15.175781621586651,337,435,1165.8085106382978,45.099232760210484,1093,1204,47
