test_name,machine,compiler,core_mean,core_std,core_min,core_max,mem_mean,mem_std,mem_min,mem_max,n_hashes
rap_control_dyn64_phy32_intelllvm,hera,intelllvm,249.26315789473685,2.7455439708564895,246,257,1110.9473684210527,3.6128425898380225,1105,1121,19
rap_control_dyn64_phy32_intelllvm,ursa,intelllvm,245.36,203.27258867373746,158,803,1823.18,34.81419485303811,1785,1931,50
