test_name,machine,compiler,core_mean,core_std,core_min,core_max,mem_mean,mem_std,mem_min,mem_max,n_hashes
rap_control_dyn32_phy32_intel,acorn,intel,192.4,4.163695910650016,186,203,887.5111111111111,2.1065074738470995,882,891,45
rap_control_dyn32_phy32_intel,derecho,intel,173.14285714285714,3.0409516207236686,168,181,845.4761904761905,1.38349319703731,843,848,42
rap_control_dyn32_phy32_intel,gaeac6,intel,130.02083333333334,4.751212984354098,121,149,137931.875,914177.7517802456,745,6339584,48
rap_control_dyn32_phy32_intel,hera,intel,184.0,2.1962534944228786,181,190,1110.8333333333333,8.521598855779589,1090,1129,18
rap_control_dyn32_phy32_intel,hercules,intel,162.52083333333334,29.5994462163071,149,337,22650.479166666668,149674.17917724664,1016,1038020,48
rap_control_dyn32_phy32_intel,orion,intel,229.10638297872342,4.983599373916803,224,245,20982.808510638297,137416.1107924835,927,943016,47
rap_control_dyn32_phy32_intel,ursa,intel,239.48,221.45237107121076,125,833,1764.62,74.64771412769309,1702,1986,50
rap_control_dyn32_phy32_intel,wcoss2,intel,201.875,24.804447953902795,188,364,833.3958333333334,45.106370538102134,793,892,48
