test_name,machine,compiler,core_mean,core_std,core_min,core_max,mem_mean,mem_std,mem_min,mem_max,n_hashes
rap_restart_intel,acorn,intel,178.81632653061226,50.62100744313395,125,245,768.7551020408164,5.383348602577179,761,779,49
rap_restart_intel,derecho,intel,188.1,26.775676314619265,110,200,218288.7,386367.20881212695,861,871628,20
rap_restart_intel,gaeac6,intel,112.27083333333333,32.38842686879776,77,157,62232.354166666664,206125.1679773249,715,740856,48
rap_restart_intel,hera,intel,180.81632653061226,68.87569523829012,109,389,1189.591836734694,31.87927642381683,1108,1237,49
rap_restart_intel,hercules,intel,157.71428571428572,51.64139166727921,93,247,470139.7346938776,571079.1444947954,1072,1204272,49
rap_restart_intel,orion,intel,225.24489795918367,135.98767263558682,137,686,42858.102040816324,204969.76765044368,996,1050576,49
rap_restart_intel,ursa,intel,133.67391304347825,78.3856716917706,78,468,42248.86956521739,274373.15379166126,1744,1862684,46
rap_restart_intel,wcoss2,intel,195.10204081632654,47.43251561339504,140,296,771.0612244897959,5.153510790654023,757,781,49
