test_name,machine,compiler,core_mean,core_std,core_min,core_max,mem_mean,mem_std,mem_min,mem_max,n_hashes
rap_2threads_intel,acorn,intel,394.5833333333333,299.4388960744237,201,967,1089.2291666666667,5.732474061454493,1078,1102,48
rap_2threads_intel,derecho,intel,649.375,112.20509495265057,362,695,337012.75,514628.88683730137,1072,1091476,16
rap_2threads_intel,gaeac6,intel,231.0,79.2058408035121,161,349,82188.40425531915,269259.0066490578,926,963916,47
rap_2threads_intel,hera,intel,352.1458333333333,133.8347646823823,234,653,1182.9791666666667,6.752429297552098,1164,1200,48
rap_2threads_intel,hercules,intel,328.875,120.77755621433309,217,562,424495.8958333333,577820.1400651082,1149,1216000,48
rap_2threads_intel,orion,intel,416.4375,196.07748210684903,262,1120,47963.145833333336,227007.78475010168,1105,1127380,48
rap_2threads_intel,ursa,intel,256.7959183673469,235.68658387003393,117,791,25345.367346938776,168605.39351096467,1165,1181496,49
rap_2threads_intel,wcoss2,intel,413.3125,294.3051793017408,213,987,1098.1875,43.7389043680697,1080,1393,48
