test_name,machine,compiler,core_mean,core_std,core_min,core_max,mem_mean,mem_std,mem_min,mem_max,n_hashes
rap_sfcdiff_intel,acorn,intel,311.25,94.5528108654269,228,446,1011.6458333333334,2.809479268274619,1006,1018,48
rap_sfcdiff_intel,derecho,intel,348.70588235294116,55.29892031708477,202,373,295039.76470588235,469546.69152512524,996,1003148,17
rap_sfcdiff_intel,gaeac6,intel,201.19148936170214,64.46017924737059,141,291,75120.46808510639,246084.25523472304,857,877344,47
rap_sfcdiff_intel,hera,intel,321.6041666666667,122.94121404122001,199,606,1191.9791666666667,22.18633812261002,1164,1227,48
rap_sfcdiff_intel,hercules,intel,280.6666666666667,103.78667428367308,167,481,443318.7083333333,577622.7967446074,1075,1234628,48
rap_sfcdiff_intel,orion,intel,381.2083333333333,191.42566562766052,246,1138,44587.208333333336,211032.42492756117,1030,1051308,48
rap_sfcdiff_intel,ursa,intel,245.77083333333334,127.82804932813244,144,779,42067.104166666664,278744.45732004876,1765,1933032,48
rap_sfcdiff_intel,wcoss2,intel,332.0833333333333,89.94911879296653,231,455,1015.1458333333334,4.946477720961801,1005,1022,48
