test_name,machine,compiler,core_mean,core_std,core_min,core_max,mem_mean,mem_std,mem_min,mem_max,n_hashes
rap_restart_intel,acorn,intel,131.0,4.752989489879922,122,144,763.9111111111112,1.9166996044601121,761,768,45
rap_restart_intel,derecho,intel,118.29268292682927,2.8830877756237694,114,127,825.9024390243902,0.6635087809811266,825,827,41
rap_restart_intel,gaeac6,intel,83.3125,3.2561316952821904,78,101,137809.9375,914174.2331085425,713,6339436,48
rap_restart_intel,hera,intel,111.84210526315789,1.9511580007420328,110,116,1172.8947368421052,6.136364620867469,1161,1180,19
rap_restart_intel,hercules,intel,98.22916666666667,6.168690965427783,93,117,23375.583333333332,154347.45767535002,1081,1070448,48
rap_restart_intel,orion,intel,141.48936170212767,2.5441522071770772,139,148,22437.893617021276,146934.87638306242,997,1008340,47
rap_restart_intel,ursa,intel,135.42,142.73267291817714,79,626,1769.58,34.308974252893584,1724,1883,50
rap_restart_intel,wcoss2,intel,139.875,23.718764454204656,128,296,712.875,49.58878776841028,668,777,48
