test_name,machine,compiler,core_mean,core_std,core_min,core_max,mem_mean,mem_std,mem_min,mem_max,n_hashes
rap_control_dyn64_phy32_debug_gnu,derecho,gnu,161.89473684210526,9.740492440449621,155,201,847.8421052631579,1.1186876187319152,846,850,19
rap_control_dyn64_phy32_debug_gnu,hera,gnu,154.33333333333334,3.5491535931923526,150,166,831.6923076923077,3.4194016570604697,819,837,39
rap_control_dyn64_phy32_debug_gnu,hercules,gnu,123.76086956521739,5.948612471674737,115,140,825.5,2.5011108643072055,820,831,46
rap_control_dyn64_phy32_debug_gnu,ursa,gnu,140.73469387755102,69.03977582711653,108,392,741.734693877551,1.7651193326524994,739,745,49
