test_name,machine,compiler,core_mean,core_std,core_min,core_max,mem_mean,mem_std,mem_min,mem_max,n_hashes
rap_2threads_dyn32_phy32_gnu,derecho,gnu,398.1081081081081,6.4755256491216695,391,419,860.1621621621622,2.2792970835753503,850,864,37
rap_2threads_dyn32_phy32_gnu,hera,gnu,430.54545454545456,27.179697031717087,369,454,845.2272727272727,2.15874342157032,840,850,22
rap_2threads_dyn32_phy32_gnu,hercules,gnu,242.45652173913044,28.422765931351726,209,288,834.5869565217391,2.472750038645871,828,840,46
rap_2threads_dyn32_phy32_gnu,ursa,gnu,149.89795918367346,4.134433143124458,146,165,732.204081632653,1.257967802925509,730,735,49
