test_name,machine,compiler,core_mean,core_std,core_min,core_max,mem_mean,mem_std,mem_min,mem_max,n_hashes
rap_control_dyn32_phy32_gnu,hera,gnu,409.7291666666667,143.7904414281398,302,798,797.6041666666666,3.1537858596022144,790,803,48
rap_control_dyn32_phy32_gnu,hercules,gnu,324.3125,94.91186421140989,232,457,298392.1458333333,388268.1818234243,787,799488,48
rap_control_dyn32_phy32_gnu,ursa,gnu,250.70833333333334,80.30472769881075,189,410,15513.208333333334,102567.3010468774,706,711316,48
