test_name,machine,compiler,core_mean,core_std,core_min,core_max,mem_mean,mem_std,mem_min,mem_max,n_hashes
rap_diag_debug_intel,acorn,intel,352.5625,8.814654746379597,333,370,1283.6041666666667,3.180656852630343,1277,1291,48
rap_diag_debug_intel,derecho,intel,295.72727272727275,4.692232459559663,289,306,193572.0,462123.1597261843,1262,1272840,33
rap_diag_debug_intel,gaeac6,intel,209.46808510638297,3.1127442375260546,202,219,97200.21276595745,318395.46586786467,1123,1132192,47
rap_diag_debug_intel,hera,intel,320.8775510204082,25.675566086798376,298,445,1382.4489795918366,64.15088373790151,1279,1443,49
rap_diag_debug_intel,hercules,intel,284.8,69.6158555714054,250,655,956622.26,601797.1855014119,1322,1340344,50
rap_diag_debug_intel,orion,intel,324.51020408163265,35.08568229407569,296,484,80885.28571428571,314861.5820222965,1291,1309308,49
rap_diag_debug_intel,ursa,intel,231.63333333333333,17.827687364927886,218,295,67067.03333333334,356607.6079525219,1953,1955180,30
rap_diag_debug_intel,wcoss2,intel,359.5833333333333,11.169550807809006,345,410,1281.3958333333333,5.405826578138393,1268,1287,48
