test_name,machine,compiler,core_mean,core_std,core_min,core_max,mem_mean,mem_std,mem_min,mem_max,n_hashes
rap_restart_dyn32_phy32_gnu,derecho,gnu,137.21052631578948,4.7085769626079435,133,156,673.8684210526316,1.0947306871475941,671,675,38
rap_restart_dyn32_phy32_gnu,hera,gnu,160.66666666666666,2.708012801545322,157,169,651.047619047619,4.248248938988755,645,664,21
rap_restart_dyn32_phy32_gnu,hercules,gnu,145.2340425531915,18.641016913338362,122,179,14363.787234042553,94053.05526182646,641,645440,47
rap_restart_dyn32_phy32_gnu,ursa,gnu,129.16326530612244,75.83352022104503,101,383,552.5714285714286,1.5811388300842029,547,554,49
