test_name,machine,compiler,core_mean,core_std,core_min,core_max,mem_mean,mem_std,mem_min,mem_max,n_hashes
rap_lndp_debug_intel,acorn,intel,347.6170212765957,5.799374746992927,335,363,1193.468085106383,3.4442836311386746,1188,1202,47
rap_lndp_debug_intel,derecho,intel,310.0,21.15419580130619,299,418,1133.6896551724137,1.4418105749332857,1132,1136,29
rap_lndp_debug_intel,gaeac6,intel,210.7872340425532,3.348823091207886,203,216,139393.31914893616,924036.8899661467,1027,6339464,47
rap_lndp_debug_intel,hera,intel,299.4,4.214916042032062,292,308,1344.7333333333333,5.3105836638335235,1333,1354,30
rap_lndp_debug_intel,hercules,intel,269.51063829787233,22.030485143788237,244,327,1238.8510638297873,7.512247169743269,1225,1260,47
rap_lndp_debug_intel,orion,intel,304.0,5.23662316977478,295,321,1213.1521739130435,5.761818352277189,1204,1233,46
rap_lndp_debug_intel,ursa,intel,243.12244897959184,90.93097946910545,212,677,1871.6326530612246,7.040637629596658,1860,1894,49
rap_lndp_debug_intel,wcoss2,intel,352.3191489361702,15.694233755522681,340,438,1168.7659574468084,47.23264013552556,1099,1209,47
