test_name,machine,compiler,core_mean,core_std,core_min,core_max,mem_mean,mem_std,mem_min,mem_max,n_hashes
rap_sfcdiff_intel,acorn,intel,229.15217391304347,4.310026508319347,221,242,1006.7826086956521,2.2202406624133624,1003,1011,46
rap_sfcdiff_intel,derecho,intel,199.15384615384616,10.256034068674584,192,258,962.8205128205128,2.426517917465004,952,965,39
rap_sfcdiff_intel,gaeac6,intel,148.47916666666666,4.227516666214393,142,169,137591.20833333334,914192.2181169176,855,6339336,48
rap_sfcdiff_intel,hera,intel,205.76190476190476,3.9611205725749086,201,217,1163.904761904762,5.430513437095642,1155,1174,21
rap_sfcdiff_intel,hercules,intel,179.0625,15.365623762705543,167,222,23984.479166666668,158573.23505949415,1069,1099724,48
rap_sfcdiff_intel,orion,intel,254.5531914893617,4.731065284204406,250,269,23286.36170212766,152518.88635387816,1026,1046656,47
rap_sfcdiff_intel,ursa,intel,224.34,185.72655014448372,144,796,1804.2,53.03483645257162,1745,1962,50
rap_sfcdiff_intel,wcoss2,intel,241.89583333333334,26.425519245151776,228,415,961.3333333333334,48.37897087263259,911,1017,48
