test_name,machine,compiler,core_mean,core_std,core_min,core_max,mem_mean,mem_std,mem_min,mem_max,n_hashes
rap_control_debug_intel,acorn,intel,345.0425531914894,6.202935654253136,337,370,1191.127659574468,5.181979734478636,1182,1211,47
rap_control_debug_intel,derecho,intel,302.0,4.1952353926805905,295,309,1129.6363636363637,3.5006492904239033,1120,1132,11
rap_control_debug_intel,gaeac6,intel,205.91304347826087,3.450127771911066,198,217,140331.19565217392,934341.8098191695,1027,6339564,46
rap_control_debug_intel,hera,intel,296.7708333333333,15.544362846770436,288,396,1339.625,5.487413063335111,1325,1353,48
rap_control_debug_intel,hercules,intel,267.4782608695652,35.92630675296602,240,462,28247.369565217392,183180.88054711372,1225,1243632,46
rap_control_debug_intel,orion,intel,298.8478260869565,7.070965331879207,287,329,1215.304347826087,7.450188857315087,1201,1231,46
rap_control_debug_intel,ursa,intel,218.73469387755102,11.11638338632834,209,259,1870.6938775510205,7.430803236171359,1857,1882,49
rap_control_debug_intel,wcoss2,intel,351.27659574468083,16.195412833724347,337,415,1195.595744680851,5.248849043478174,1187,1206,47
