test_name,machine,compiler,core_mean,core_std,core_min,core_max,mem_mean,mem_std,mem_min,mem_max,n_hashes
rap_control_dyn64_phy32_debug_gnu,hera,gnu,163.0625,34.25772548373795,150,294,833.3125,2.983331352271631,819,838,48
rap_control_dyn64_phy32_debug_gnu,hercules,gnu,127.45833333333333,18.456341046445125,115,211,276999.7083333333,394703.29374612623,820,833856,48
rap_control_dyn64_phy32_debug_gnu,ursa,gnu,123.81632653061224,48.30703600813402,107,385,15921.510204081633,106245.77977228916,740,744464,49
