test_name,machine,compiler,core_mean,core_std,core_min,core_max,mem_mean,mem_std,mem_min,mem_max,n_hashes
rap_noah_sfcdiff_cires_ugwp_debug_gnu,derecho,gnu,243.63888888888889,4.882345910246587,234,253,961.9444444444445,1.6551986405511965,959,965,36
rap_noah_sfcdiff_cires_ugwp_debug_gnu,hera,gnu,243.1304347826087,2.865220090326032,238,248,945.1739130434783,2.44302669789755,939,950,23
rap_noah_sfcdiff_cires_ugwp_debug_gnu,hercules,gnu,201.85106382978722,17.60185109263061,181,255,20930.36170212766,137042.3952515402,905,940456,47
rap_noah_sfcdiff_cires_ugwp_debug_gnu,ursa,gnu,212.6734693877551,233.17566587545656,166,1780,852.7551020408164,3.8758365346770636,848,878,49
