test_name,machine,compiler,core_mean,core_std,core_min,core_max,mem_mean,mem_std,mem_min,mem_max,n_hashes
rap_cires_ugwp_debug_intel,acorn,intel,351.15555555555557,8.913614600852188,339,381,1189.2,5.294079025408731,1181,1201,45
rap_cires_ugwp_debug_intel,derecho,intel,310.4347826086956,18.29468917948357,288,426,1130.9565217391305,2.9810998845627306,1120,1137,46
rap_cires_ugwp_debug_intel,gaeac6,intel,214.4375,2.759172324247555,208,222,6338.916666666667,0.5773502691895,6338,6342,48
rap_cires_ugwp_debug_intel,hera,intel,300.3,3.1640339933558086,298,307,1339.0,7.760297817881872,1325,1348,10
rap_cires_ugwp_debug_intel,hercules,intel,271.0833333333333,42.97195192776645,244,545,27032.916666666668,178716.2576460636,1223,1239420,48
rap_cires_ugwp_debug_intel,orion,intel,307.1063829787234,7.160380250266006,296,333,26996.872340425532,176768.45288234582,1199,1213076,47
rap_cires_ugwp_debug_intel,ursa,intel,264.0,110.37302243588627,212,630,1872.1,6.609362561502265,1856,1886,50
rap_cires_ugwp_debug_intel,wcoss2,intel,351.0612244897959,5.6657162068051345,344,375,1122.0816326530612,40.398451256769434,1092,1195,49
