test_name,machine,compiler,core_mean,core_std,core_min,core_max,mem_mean,mem_std,mem_min,mem_max,n_hashes
rap_unified_drag_suite_debug_intel,acorn,intel,340.3191489361702,6.477742437457002,323,356,1196.4468085106382,3.302229224908376,1190,1207,47
rap_unified_drag_suite_debug_intel,derecho,intel,282.43333333333334,3.729503372072342,277,290,199298.96666666667,450565.23605841823,1179,1190656,30
rap_unified_drag_suite_debug_intel,gaeac6,intel,201.3913043478261,2.687239482935482,197,209,91978.47826086957,297911.9977258563,1035,1049160,46
rap_unified_drag_suite_debug_intel,hera,intel,304.5833333333333,26.405055393893996,286,433,1302.8125,56.031775274620145,1201,1355,48
rap_unified_drag_suite_debug_intel,hercules,intel,271.48979591836735,49.67944010058369,240,585,838749.3673469388,589229.763753838,1233,1260352,49
rap_unified_drag_suite_debug_intel,orion,intel,308.8125,33.94279057347662,287,491,77417.25,298246.8075208924,1206,1224268,48
rap_unified_drag_suite_debug_intel,ursa,intel,219.3030303030303,13.142214540567469,210,268,58754.0,326737.43907809595,1863,1878840,33
rap_unified_drag_suite_debug_intel,wcoss2,intel,346.25531914893617,9.28876854548448,327,368,1196.063829787234,4.320850637463321,1187,1202,47
