test_name,machine,compiler,core_mean,core_std,core_min,core_max,mem_mean,mem_std,mem_min,mem_max,n_hashes
rap_control_dyn64_phy32_intelllvm,hera,intelllvm,285.3541666666667,22.435239741743427,246,379,1108.3958333333333,38.59651598394988,1007,1132,48
rap_control_dyn64_phy32_intelllvm,ursa,intelllvm,190.70731707317074,68.68633193818076,157,601,45954.78048780488,282608.4871276438,1789,1811396,41
