test_name,machine,compiler,core_mean,core_std,core_min,core_max,mem_mean,mem_std,mem_min,mem_max,n_hashes
rap_2threads_dyn32_phy32_gnu,derecho,gnu,395.6666666666667,0.5773502691896216,395,396,862.0,1.0,861,863,3
rap_2threads_dyn32_phy32_gnu,hera,gnu,416.25,101.54435148814993,362,705,850.2083333333334,3.8479523890833467,843,858,48
rap_2threads_dyn32_phy32_gnu,hercules,gnu,245.58695652173913,60.22977340040999,207,413,146984.30434782608,322037.2802306431,833,844456,46
rap_2threads_dyn32_phy32_gnu,ursa,gnu,162.12244897959184,37.404117784154245,146,274,15795.142857142857,105410.20839360547,730,738608,49
