test_name,machine,compiler,core_mean,core_std,core_min,core_max,mem_mean,mem_std,mem_min,mem_max,n_hashes
rap_flake_debug_gnu,hera,gnu,162.27083333333334,37.767902382242646,148,390,957.8333333333334,4.34341435128522,947,968,48
rap_flake_debug_gnu,hercules,gnu,125.36734693877551,11.434038870755996,114,166,486849.1836734694,481017.2711917713,945,957920,49
rap_flake_debug_gnu,ursa,gnu,120.97560975609755,33.06318784152403,106,254,21855.975609756097,134432.9569587547,859,861652,41
