test_name,machine,compiler,core_mean,core_std,core_min,core_max,mem_mean,mem_std,mem_min,mem_max,n_hashes
rap_control_dyn64_phy32_gnu,hera,gnu,343.3333333333333,4.142839674350903,337,355,826.7083333333334,2.576145341919717,822,833,48
rap_control_dyn64_phy32_gnu,hercules,gnu,277.3191489361702,31.27376062464779,258,375,210859.04255319148,362589.57443907735,816,829280,47
rap_control_dyn64_phy32_gnu,ursa,gnu,281.42857142857144,282.926521674209,211,1772,15757.938775510203,105156.05061197703,731,736828,49
