test_name,machine,compiler,core_mean,core_std,core_min,core_max,mem_mean,mem_std,mem_min,mem_max,n_hashes
rap_cires_ugwp_debug_intel,acorn,intel,351.44444444444446,9.116806547040552,339,381,1189.2444444444445,5.334942938927919,1181,1201,45
rap_cires_ugwp_debug_intel,derecho,intel,310.32608695652175,18.306106264578712,288,426,1131.0652173913043,3.1084270685636337,1120,1137,46
rap_cires_ugwp_debug_intel,gaeac6,intel,214.47916666666666,2.7053106427467615,208,222,6338.895833333333,0.5921322211937899,6338,6342,48
rap_cires_ugwp_debug_intel,hera,intel,300.44444444444446,3.320809807528544,298,307,1338.888888888889,8.222597589029334,1325,1348,9
rap_cires_ugwp_debug_intel,hercules,intel,271.0,42.98787557915035,244,545,27032.9375,178716.2545755328,1223,1239420,48
rap_cires_ugwp_debug_intel,orion,intel,307.63829787234044,7.245464944168141,297,333,26997.0,176768.43386119345,1199,1213076,47
rap_cires_ugwp_debug_intel,ursa,intel,263.98,110.381433295308,212,630,1871.86,6.791381092447776,1856,1886,50
rap_cires_ugwp_debug_intel,wcoss2,intel,351.2040816326531,5.6494084935089095,344,375,1120.204081632653,39.152468840757976,1092,1195,49
