test_name,machine,compiler,core_mean,core_std,core_min,core_max,mem_mean,mem_std,mem_min,mem_max,n_hashes
rap_lndp_debug_intel,acorn,intel,346.9791666666667,5.498508824288646,337,362,1198.5416666666667,5.238800956420643,1189,1217,48
rap_lndp_debug_intel,derecho,intel,282.6666666666667,3.938927711338649,278,291,494857.5,610097.1452692819,1183,1188576,12
rap_lndp_debug_intel,gaeac6,intel,204.85106382978722,4.273165629347538,197,223,180406.89361702127,942375.2081317722,1027,6339464,47
rap_lndp_debug_intel,hera,intel,297.4375,4.898572306121231,288,308,1341.8125,5.479774222713441,1331,1356,48
rap_lndp_debug_intel,hercules,intel,268.0,25.813570569216388,242,362,364374.8125,571892.040326414,1225,1253852,48
rap_lndp_debug_intel,orion,intel,301.7291666666667,10.82695529652302,287,356,51891.979166666664,245596.6789927668,1206,1225700,48
rap_lndp_debug_intel,ursa,intel,228.12244897959184,51.21874357964622,210,572,40122.36734693877,267733.9048451134,1864,1876012,49
rap_lndp_debug_intel,wcoss2,intel,357.0416666666667,41.27693618708767,334,618,1202.2083333333333,3.5307664970567063,1189,1209,48
