test_name,machine,compiler,core_mean,core_std,core_min,core_max,mem_mean,mem_std,mem_min,mem_max,n_hashes
rap_control_debug_dyn32_phy32_intel,acorn,intel,334.3333333333333,8.151965741742636,323,354,1069.8666666666666,2.8572077914699547,1065,1076,45
rap_control_debug_dyn32_phy32_intel,derecho,intel,292.0,4.539234645046527,284,305,1012.3181818181819,2.121569485652661,1001,1015,44
rap_control_debug_dyn32_phy32_intel,gaeac6,intel,202.9375,2.263552564612971,199,211,138262.70833333334,913995.8837194185,6338,6338688,48
rap_control_debug_dyn32_phy32_intel,hera,intel,292.0,4.582575694955852,286,301,1224.0666666666666,4.69751707465409,1219,1239,15
rap_control_debug_dyn32_phy32_intel,hercules,intel,263.3829787234043,16.142777617101373,238,310,24838.531914893618,162604.42314253098,1104,1115880,47
rap_control_debug_dyn32_phy32_intel,orion,intel,297.9130434782609,5.679695167706408,288,312,24714.652173913044,160227.7753616488,1074,1087808,46
rap_control_debug_dyn32_phy32_intel,ursa,intel,261.06,135.44852324399696,200,684,1750.74,7.742830785405831,1730,1768,50
rap_control_debug_dyn32_phy32_intel,wcoss2,intel,334.5416666666667,5.896116043393571,326,354,1008.5208333333334,43.483912204025266,970,1071,48
