test_name,machine,compiler,core_mean,core_std,core_min,core_max,mem_mean,mem_std,mem_min,mem_max,n_hashes
rap_unified_ugwp_debug_intel,acorn,intel,352.27659574468083,4.3273755861329795,344,362,1191.936170212766,4.6597455394194425,1184,1200,47
rap_unified_ugwp_debug_intel,derecho,intel,303.0,7.571877794400366,284,313,1136.0,16.918103387266015,1129,1184,10
rap_unified_ugwp_debug_intel,gaeac6,intel,209.2608695652174,3.4476064650949168,204,216,140079.63043478262,934247.3875231062,1027,6338688,46
rap_unified_ugwp_debug_intel,hera,intel,300.0416666666667,3.4822243645151,293,308,1344.5,5.398975474125821,1332,1353,48
rap_unified_ugwp_debug_intel,hercules,intel,281.0869565217391,50.22165362424482,244,517,82175.0,309800.8859130866,1225,1245884,46
rap_unified_ugwp_debug_intel,orion,intel,304.10869565217394,6.893566278686774,296,337,27684.108695652172,179524.94262546586,1202,1218812,46
rap_unified_ugwp_debug_intel,ursa,intel,224.59183673469389,28.338664964546037,215,414,1871.530612244898,6.10362611081979,1856,1887,49
rap_unified_ugwp_debug_intel,wcoss2,intel,364.06382978723406,45.74047976750683,345,653,1195.595744680851,6.7362083725002755,1180,1206,47
