test_name,machine,compiler,core_mean,core_std,core_min,core_max,mem_mean,mem_std,mem_min,mem_max,n_hashes
rap_sfcdiff_gnu,hera,gnu,459.2083333333333,158.01130559246536,351,813,944.8333333333334,3.0896762436831255,937,951,48
rap_sfcdiff_gnu,hercules,gnu,338.4375,122.61128792053326,246,825,334649.8958333333,455408.0988599613,931,949644,48
rap_sfcdiff_gnu,ursa,gnu,312.6938775510204,204.05924426515946,202,1194,18249.408163265307,121779.37800467256,846,853308,49
