test_name,machine,compiler,core_mean,core_std,core_min,core_max,mem_mean,mem_std,mem_min,mem_max,n_hashes
rap_noah_debug_intel,acorn,intel,338.4347826086956,4.49024708012596,327,348,1189.9130434782608,3.758404430703736,1185,1201,46
rap_noah_debug_intel,derecho,intel,302.2631578947368,27.503216186198937,290,410,1125.842105263158,6.93832478896696,1098,1130,19
rap_noah_debug_intel,gaeac6,intel,203.65217391304347,4.615035289641633,196,226,141232.36956521738,934092.1052077933,1024,6338804,46
rap_noah_debug_intel,hera,intel,291.20512820512823,5.207178684427102,282,303,1338.974358974359,4.765485447670229,1322,1346,39
rap_noah_debug_intel,hercules,intel,272.5652173913044,52.675801812771276,240,576,1235.6304347826087,6.929353651603083,1223,1257,46
rap_noah_debug_intel,orion,intel,292.24444444444447,7.286836062241281,278,311,1211.2666666666667,7.572077894235074,1196,1235,45
rap_noah_debug_intel,ursa,intel,232.79591836734693,78.88572420275544,205,573,1869.530612244898,5.926993479048184,1855,1886,49
rap_noah_debug_intel,wcoss2,intel,345.7826086956522,23.497435362163117,329,488,1183.5,33.63777638310828,1092,1204,46
