test_name,machine,compiler,core_mean,core_std,core_min,core_max,mem_mean,mem_std,mem_min,mem_max,n_hashes
rap_restart_intel,acorn,intel,151.2127659574468,37.66727109505521,125,245,765.9148936170212,4.257115716957573,761,776,47
rap_restart_intel,derecho,intel,170.9,41.15944606041242,110,199,348888.5,449302.74165378866,825,871628,10
rap_restart_intel,gaeac6,intel,94.76086956521739,24.752270183299427,77,157,138894.69565217392,934536.9846386529,713,6339436,46
rap_restart_intel,hera,intel,140.85416666666666,43.72447076834242,109,245,1182.4583333333333,19.357727945336624,1160,1237,48
rap_restart_intel,hercules,intel,129.8695652173913,46.03506330114143,93,247,248007.02173913043,474062.7874973473,1072,1185808,46
rap_restart_intel,orion,intel,168.3695652173913,60.87304044599791,137,447,45575.086956521736,211400.55765613675,995,1050576,46
rap_restart_intel,ursa,intel,122.59183673469387,94.61389044588603,78,515,39755.26530612245,265843.7763533763,1740,1862684,49
rap_restart_intel,wcoss2,intel,172.0,44.7505161495616,132,296,770.2127659574468,4.368544530343998,757,778,47
