test_name,machine,compiler,core_mean,core_std,core_min,core_max,mem_mean,mem_std,mem_min,mem_max,n_hashes
rap_unified_ugwp_debug_intel,acorn,intel,352.48936170212767,5.7516437742142825,342,375,1191.340425531915,4.631069909927625,1184,1200,47
rap_unified_ugwp_debug_intel,derecho,intel,309.0769230769231,16.829842237632228,300,364,1130.5384615384614,1.8081014266989348,1127,1133,13
rap_unified_ugwp_debug_intel,gaeac6,intel,209.65217391304347,3.8656170489434127,204,221,140539.80434782608,934178.5974053144,1027,6338688,46
rap_unified_ugwp_debug_intel,hera,intel,300.0869565217391,3.4177711187687616,293,308,1344.3260869565217,5.453049494757173,1332,1353,46
rap_unified_ugwp_debug_intel,hercules,intel,280.5652173913044,50.21184108860425,244,517,1240.6739130434783,6.538957945612823,1225,1255,46
rap_unified_ugwp_debug_intel,orion,intel,303.5217391304348,4.833858042483185,296,316,1213.804347826087,7.5384040905143985,1202,1235,46
rap_unified_ugwp_debug_intel,ursa,intel,224.51020408163265,28.56361500302118,215,414,1871.7551020408164,6.2667462724716065,1856,1887,49
rap_unified_ugwp_debug_intel,wcoss2,intel,363.7659574468085,45.75797044657307,345,653,1195.4255319148936,6.489940982015642,1180,1206,47
