test_name,machine,compiler,core_mean,core_std,core_min,core_max,mem_mean,mem_std,mem_min,mem_max,n_hashes
rap_progcld_thompson_debug_gnu,hera,gnu,157.04166666666666,25.84483843553418,148,331,955.9583333333334,3.908301766117274,945,962,48
rap_progcld_thompson_debug_gnu,hercules,gnu,127.14583333333333,24.95271236979918,116,247,298152.125,445490.32950139407,942,954692,48
rap_progcld_thompson_debug_gnu,ursa,gnu,115.06122448979592,19.826758185241843,105,246,18412.73469387755,122874.3928918158,853,860980,49
