test_name,machine,compiler,core_mean,core_std,core_min,core_max,mem_mean,mem_std,mem_min,mem_max,n_hashes
rap_control_dyn32_phy32_intelllvm,hera,intelllvm,380.25,124.50249933405163,210,582,1120.5416666666667,41.741839989077484,1038,1171,48
rap_control_dyn32_phy32_intelllvm,ursa,intelllvm,219.64102564102564,134.86669581859576,137,949,49486.282051282054,297871.5767610306,1713,1861996,39
