test_name,machine,compiler,core_mean,core_std,core_min,core_max,mem_mean,mem_std,mem_min,mem_max,n_hashes
rap_2threads_gnu,hera,gnu,706.0,217.5728805098037,413,1055,1008.3877551020408,34.327962561233456,905,1024,49
rap_2threads_gnu,hercules,gnu,371.88,116.49536033504437,210,673,660861.02,478504.117483553,991,1018220,50
rap_2threads_gnu,ursa,gnu,316.96875,196.13959551151152,157,676,29355.5625,160890.5037226405,908,911048,32
