test_name,machine,compiler,core_mean,core_std,core_min,core_max,mem_mean,mem_std,mem_min,mem_max,n_hashes
rap_unified_ugwp_debug_intel,acorn,intel,351.3125,4.439456790615804,343,362,1193.25,4.12826273285626,1184,1200,48
rap_unified_ugwp_debug_intel,derecho,intel,286.8,3.5213633723318023,282,293,592951.9,623778.6051509782,1182,1185948,10
rap_unified_ugwp_debug_intel,gaeac6,intel,207.8913043478261,2.900024987398607,202,214,139044.10869565216,934401.3192906692,1027,6338688,46
rap_unified_ugwp_debug_intel,hera,intel,299.6875,3.9202488522834793,291,308,1345.7291666666667,4.306055030892864,1336,1353,48
rap_unified_ugwp_debug_intel,hercules,intel,281.5,50.3299115834709,244,517,298169.95652173914,535514.5478580787,1225,1255980,46
rap_unified_ugwp_debug_intel,orion,intel,305.7173913043478,17.62279211510953,291,413,54004.30434782609,250338.07967243635,1202,1218812,46
rap_unified_ugwp_debug_intel,ursa,intel,226.51020408163265,29.683133853657527,215,414,40204.67346938775,268325.65184983925,1863,1880152,49
rap_unified_ugwp_debug_intel,wcoss2,intel,363.0416666666667,45.52948931366484,342,653,1196.9791666666667,6.733497031224093,1180,1206,48
