test_name,machine,compiler,core_mean,core_std,core_min,core_max,mem_mean,mem_std,mem_min,mem_max,n_hashes
rap_sfcdiff_intel,acorn,intel,229.9111111111111,5.354786398516531,221,246,1007.1777777777778,2.239002303065219,1003,1011,45
rap_sfcdiff_intel,derecho,intel,199.0909090909091,9.675714460293088,192,258,962.8181818181819,2.295321097998593,952,965,44
rap_sfcdiff_intel,gaeac6,intel,149.5625,5.027186726488147,144,171,138276.16666666666,914089.4206050627,6338,6339336,48
rap_sfcdiff_intel,hera,intel,205.6,2.8982753492378848,202,213,1164.2666666666667,5.133457017681285,1155,1174,15
rap_sfcdiff_intel,hercules,intel,179.46808510638297,15.377639135572915,167,222,24471.68085106383,160251.27245470608,1069,1099724,47
rap_sfcdiff_intel,orion,intel,255.1304347826087,4.688561474018668,250,269,23770.695652173912,154167.68161566727,1028,1046656,46
rap_sfcdiff_intel,ursa,intel,222.22,179.25529508588173,144,796,1809.18,64.04930817386722,1745,2064,50
rap_sfcdiff_intel,wcoss2,intel,237.77083333333334,6.873444375904456,228,260,949.1875,46.05762175011425,911,1017,48
