test_name,machine,compiler,core_mean,core_std,core_min,core_max,mem_mean,mem_std,mem_min,mem_max,n_hashes
rap_clm_lake_debug_intel,acorn,intel,341.7659574468085,6.304631720297726,328,362,1190.6808510638298,3.683726745865651,1184,1201,47
rap_clm_lake_debug_intel,derecho,intel,301.2857142857143,3.690399384761435,295,310,1132.7857142857142,1.6634890342878028,1130,1136,28
rap_clm_lake_debug_intel,gaeac6,intel,208.12765957446808,4.121085870393418,197,220,139265.44680851063,923957.6969718201,1025,6338804,47
rap_clm_lake_debug_intel,hera,intel,295.51612903225805,3.453220407503076,289,304,1344.6774193548388,6.544142911918416,1329,1359,31
rap_clm_lake_debug_intel,hercules,intel,271.06382978723406,39.3122418455997,244,488,1239.3191489361702,6.827394891104172,1228,1256,47
rap_clm_lake_debug_intel,orion,intel,300.95652173913044,7.450448224366205,288,325,1212.2826086956522,5.336095299324994,1201,1227,46
rap_clm_lake_debug_intel,ursa,intel,254.6122448979592,177.52392049225026,209,1335,1871.5714285714287,7.678432999859623,1853,1890,49
rap_clm_lake_debug_intel,wcoss2,intel,350.2340425531915,20.16692596475015,337,448,1166.1063829787233,45.79929467966167,1095,1205,47
