test_name,machine,compiler,core_mean,core_std,core_min,core_max,mem_mean,mem_std,mem_min,mem_max,n_hashes
rap_control_dyn64_phy32_intel,acorn,intel,244.04444444444445,4.889485730326934,233,255,920.1111111111111,2.4883567252143366,913,924,45
rap_control_dyn64_phy32_intel,derecho,intel,221.6341463414634,3.5829882609420856,217,234,882.2926829268292,2.293947497644836,876,886,41
rap_control_dyn64_phy32_intel,gaeac6,intel,160.70833333333334,11.0028203992244,153,234,137812.5,914156.7278088193,777,6339320,48
rap_control_dyn64_phy32_intel,hera,intel,226.78947368421052,2.2255822551119078,224,234,1112.7368421052631,7.737657593176382,1098,1129,19
rap_control_dyn64_phy32_intel,hercules,intel,204.45833333333334,14.776286829994524,193,262,24199.3125,159968.48157898954,1087,1109404,48
rap_control_dyn64_phy32_intel,orion,intel,268.06382978723406,5.0277674850216805,263,291,22518.72340425532,147457.57088539682,994,1011928,47
rap_control_dyn64_phy32_intel,ursa,intel,265.64,219.1792445111758,157,822,1828.52,42.882487743856984,1786,1961,50
rap_control_dyn64_phy32_intel,wcoss2,intel,252.64583333333334,19.046962770482374,239,366,866.3541666666666,46.49753577699931,824,923,48
