test_name,machine,compiler,core_mean,core_std,core_min,core_max,mem_mean,mem_std,mem_min,mem_max,n_hashes
rap_noah_sfcdiff_cires_ugwp_debug_intel,acorn,intel,543.125,6.692723899242348,526,557,1191.9166666666667,3.6718210064688543,1184,1198,48
rap_noah_sfcdiff_cires_ugwp_debug_intel,derecho,intel,454.1666666666667,4.9970579579682814,447,461,329269.8333333333,544362.1758009415,1178,1184320,18
rap_noah_sfcdiff_cires_ugwp_debug_intel,gaeac6,intel,329.5744680851064,39.51155289546232,316,593,89701.70212765958,293844.5699848901,1025,1046032,47
rap_noah_sfcdiff_cires_ugwp_debug_intel,hera,intel,491.125,30.667485727575787,474,652,2779290.0416666665,19246240.63104766,1235,133343201,48
rap_noah_sfcdiff_cires_ugwp_debug_intel,hercules,intel,450.7916666666667,97.33140542635508,392,956,492795.8125,613720.5421966892,1228,1248868,48
rap_noah_sfcdiff_cires_ugwp_debug_intel,orion,intel,489.3125,35.03806820308811,465,632,51658.645833333336,244472.44180188086,1201,1211872,48
rap_noah_sfcdiff_cires_ugwp_debug_intel,ursa,intel,364.3829787234043,98.41119439493997,334,844,41917.21276595745,274539.5750788499,1840,1884020,47
rap_noah_sfcdiff_cires_ugwp_debug_intel,wcoss2,intel,547.0833333333334,21.581940177935138,509,630,1193.8125,5.722877754000489,1177,1200,48
