test_name,machine,compiler,core_mean,core_std,core_min,core_max,mem_mean,mem_std,mem_min,mem_max,n_hashes
rap_control_dyn64_phy32_gnu,derecho,gnu,278.25,4.8924326705533066,272,292,843.475,2.611488425184333,839,848,40
rap_control_dyn64_phy32_gnu,hera,gnu,344.2,4.431941477857977,339,357,824.2,1.7651599003161822,822,828,20
rap_control_dyn64_phy32_gnu,hercules,gnu,297.2291666666667,40.01235957100903,259,439,17776.833333333332,117491.00090868589,815,814820,48
rap_control_dyn64_phy32_gnu,ursa,gnu,275.62,156.57089285622632,215,995,733.06,0.8668497975016116,731,735,50
