test_name,machine,compiler,core_mean,core_std,core_min,core_max,mem_mean,mem_std,mem_min,mem_max,n_hashes
rap_control_dyn32_phy32_intelllvm,hera,intelllvm,297.5,107.3522735590536,205,521,1126.4166666666667,25.006240355910922,1089,1171,48
rap_control_dyn32_phy32_intelllvm,ursa,intelllvm,216.40816326530611,165.49797561291436,126,949,39738.34693877551,265745.9169019622,1712,1861996,49
