test_name,machine,compiler,core_mean,core_std,core_min,core_max,mem_mean,mem_std,mem_min,mem_max,n_hashes
rap_sfcdiff_intel,acorn,intel,229.7173913043478,4.851863529629094,221,242,1006.6304347826087,2.3697978877924384,1003,1016,46
rap_sfcdiff_intel,derecho,intel,199.0,11.132722039106161,192,258,963.1212121212121,2.509451829553323,952,965,33
rap_sfcdiff_intel,gaeac6,intel,147.5531914893617,4.362929364136859,141,169,139801.0,923956.6653323323,855,6339336,47
rap_sfcdiff_intel,hera,intel,205.19230769230768,3.8159583935806265,200,217,1164.4615384615386,5.077249406761655,1155,1174,26
rap_sfcdiff_intel,hercules,intel,177.51063829787233,14.638947961168721,167,222,1094.787234042553,13.529253602942392,1069,1129,47
rap_sfcdiff_intel,orion,intel,253.43478260869566,4.058747337749785,249,267,1038.108695652174,4.5079103849397155,1026,1047,46
rap_sfcdiff_intel,ursa,intel,229.0408163265306,187.9369308198535,144,796,1804.204081632653,54.11214419758164,1745,1962,49
rap_sfcdiff_intel,wcoss2,intel,242.95744680851064,26.583713097217117,228,415,972.8297872340426,47.91946103208926,913,1020,47
