test_name,machine,compiler,core_mean,core_std,core_min,core_max,mem_mean,mem_std,mem_min,mem_max,n_hashes
rap_sfcdiff_decomp_intel,acorn,intel,281.0208333333333,79.02611730505338,230,461,1011.125,2.411188459501751,1006,1017,48
rap_sfcdiff_decomp_intel,derecho,intel,349.9,76.2575315041807,206,407,500370.6,526385.1044792207,998,1001448,10
rap_sfcdiff_decomp_intel,gaeac6,intel,183.65217391304347,55.364737028908536,146,301,138906.5,934577.0400230791,857,6339716,46
rap_sfcdiff_decomp_intel,hera,intel,280.0208333333333,95.47027822742896,210,490,1157.9375,10.265426896223167,1136,1174,48
rap_sfcdiff_decomp_intel,hercules,intel,251.8695652173913,103.00347538811,175,565,269052.6304347826,483722.5127534889,1051,1157524,46
rap_sfcdiff_decomp_intel,orion,intel,334.8478260869565,160.26297380538915,258,1053,45947.891304347824,212986.034536459,1030,1036364,46
rap_sfcdiff_decomp_intel,ursa,intel,245.6734693877551,164.4674977712291,147,822,39352.93877551021,263238.9503133202,1693,1844420,49
rap_sfcdiff_decomp_intel,wcoss2,intel,311.3541666666667,82.03514804146083,239,474,1014.875,5.381706602690917,999,1020,48
