test_name,machine,compiler,core_mean,core_std,core_min,core_max,mem_mean,mem_std,mem_min,mem_max,n_hashes
rap_restart_intel,acorn,intel,134.0212765957447,5.932553382753748,125,144,764.1063829787234,1.8793389512317935,761,769,47
rap_restart_intel,derecho,intel,116.54545454545455,1.809068067466582,114,120,825.0,0.0,825,825,11
rap_restart_intel,gaeac6,intel,83.95652173913044,4.834857330948659,77,101,140112.10869565216,934355.9111504739,713,6339436,46
rap_restart_intel,hera,intel,120.41666666666667,11.815664563536565,109,141,1174.375,5.97379027190994,1160,1185,48
rap_restart_intel,hercules,intel,107.54347826086956,20.44146822487088,93,220,24814.043478260868,160871.73654546536,1072,1092180,46
rap_restart_intel,orion,intel,143.69565217391303,5.749858221314431,137,161,1003.9565217391304,4.049452757206864,995,1013,46
rap_restart_intel,ursa,intel,110.42857142857143,94.35129393212722,78,515,1766.795918367347,26.088774399343905,1735,1860,49
rap_restart_intel,wcoss2,intel,155.31914893617022,33.123029150871915,130,296,769.3404255319149,3.583031238834584,757,777,47
