test_name,machine,compiler,core_mean,core_std,core_min,core_max,mem_mean,mem_std,mem_min,mem_max,n_hashes
rap_sfcdiff_decomp_gnu,hera,gnu,508.9795918367347,168.35286476573523,355,788,947.469387755102,4.68642561383555,937,960,49
rap_sfcdiff_decomp_gnu,hercules,gnu,366.83673469387753,124.00610652618006,248,801,424023.8775510204,473560.0459762042,935,948940,49
rap_sfcdiff_decomp_gnu,ursa,gnu,294.1818181818182,161.9420327997491,203,1179,20235.409090909092,128564.19191609323,849,853652,44
