test_name,machine,compiler,core_mean,core_std,core_min,core_max,mem_mean,mem_std,mem_min,mem_max,n_hashes
rap_control_intel,acorn,intel,383.4166666666667,87.6739203643634,241,452,1014.0,3.135249150233933,1008,1020,48
rap_control_intel,derecho,intel,358.969696969697,40.55512055253075,202,374,152531.69696969696,364138.4745320526,996,1002120,33
rap_control_intel,gaeac6,intel,252.27659574468086,58.05982751238422,158,293,75471.68085106384,247228.03508406234,859,877960,47
rap_control_intel,hera,intel,417.46938775510205,104.8477272923326,247,581,1165.3673469387754,55.05326734080323,1081,1236,49
rap_control_intel,hercules,intel,377.58,163.41484582722188,213,1330,862668.8,543569.3466347965,1081,1253088,50
rap_control_intel,orion,intel,537.3673469387755,254.76449041856534,270,1364,64990.857142857145,252980.64425168975,1039,1048984,49
rap_control_intel,ursa,intel,250.06666666666666,69.81845094209713,165,332,65861.66666666667,350545.90729262435,1765,1921880,30
rap_control_intel,wcoss2,intel,410.7083333333333,94.72692181376978,247,651,1014.6666666666666,5.166723861499846,1003,1020,48
