test_name,machine,compiler,core_mean,core_std,core_min,core_max,mem_mean,mem_std,mem_min,mem_max,n_hashes
rap_control_intel,acorn,intel,328.48979591836735,99.82633304247673,225,452,1013.2244897959183,2.584128690378172,1008,1019,49
rap_control_intel,derecho,intel,354.1904761904762,50.64742742491374,202,374,239116.61904761905,436471.63293076406,996,1002120,21
rap_control_intel,gaeac6,intel,213.27083333333334,66.66484594144929,141,293,73913.33333333333,244821.9847803734,855,877960,48
rap_control_intel,hera,intel,345.2448979591837,123.2985081371366,200,581,1188.0408163265306,33.26156389367562,1102,1236,49
rap_control_intel,hercules,intel,304.7142857142857,105.40793771501906,171,476,511084.97959183675,595662.3303880763,1081,1253088,49
rap_control_intel,orion,intel,420.85714285714283,222.97972628320565,249,1259,43603.102040816324,208436.7363488505,1038,1045696,49
rap_control_intel,ursa,intel,219.95555555555555,71.50872659891225,144,332,44504.02222222222,286223.2111784349,1765,1921880,45
rap_control_intel,wcoss2,intel,362.0816326530612,109.68930302121038,231,651,1016.6530612244898,4.5256262016440285,1004,1022,49
