test_name,machine,compiler,core_mean,core_std,core_min,core_max,mem_mean,mem_std,mem_min,mem_max,n_hashes
rap_lndp_debug_intel,acorn,intel,341.4166666666667,7.95688737746034,323,354,1201.25,4.107595455437618,1194,1217,48
rap_lndp_debug_intel,derecho,intel,283.0857142857143,4.075547083964733,278,294,170448.42857142858,420650.77219738,1181,1188576,35
rap_lndp_debug_intel,gaeac6,intel,202.4468085106383,4.031444398822279,197,223,90033.65957446808,294918.2541408556,1041,1050784,47
rap_lndp_debug_intel,hera,intel,310.14285714285717,28.409945441693484,289,439,1290.9183673469388,62.72919201306712,1192,1356,49
rap_lndp_debug_intel,hercules,intel,272.82,50.14822519088705,244,538,948364.3,537650.604206071,1240,1256400,50
rap_lndp_debug_intel,orion,intel,316.3673469387755,38.7877202848783,287,449,75602.6530612245,294289.8975347658,1209,1225700,49
rap_lndp_debug_intel,ursa,intel,223.92857142857142,17.443938927060184,210,276,68809.57142857143,354178.3848688794,1865,1876012,28
rap_lndp_debug_intel,wcoss2,intel,346.0208333333333,7.030297906382234,334,362,1199.3125,4.458586027172985,1189,1207,48
