test_name,machine,compiler,core_mean,core_std,core_min,core_max,mem_mean,mem_std,mem_min,mem_max,n_hashes
rap_clm_lake_debug_intel,acorn,intel,341.3673469387755,5.622476758329852,333,362,1198.591836734694,4.041031053182916,1189,1215,49
rap_clm_lake_debug_intel,derecho,intel,283.6666666666667,3.953901027255659,278,295,282597.7619047619,515835.601345807,1181,1185488,21
rap_clm_lake_debug_intel,gaeac6,intel,201.77083333333334,2.5115866252005983,196,206,88133.79166666667,291904.37837954256,1028,1047812,48
rap_clm_lake_debug_intel,hera,intel,300.1224489795918,28.527495985643103,286,446,2754404.3673469387,19271466.175619707,1235,134901601,49
rap_clm_lake_debug_intel,hercules,intel,279.8979591836735,62.558387693004846,239,561,535424.7346938775,623221.6845756938,1228,1257056,49
rap_clm_lake_debug_intel,orion,intel,309.83673469387753,41.81324896627441,283,497,50671.71428571428,242225.62887557264,1202,1220508,49
rap_clm_lake_debug_intel,ursa,intel,226.84444444444443,36.259767057590246,210,440,43428.28888888889,278729.4884265536,1866,1871652,45
rap_clm_lake_debug_intel,wcoss2,intel,353.0408163265306,27.006140647139162,332,492,1199.0204081632653,5.19009391340192,1186,1205,49
