test_name,machine,compiler,core_mean,core_std,core_min,core_max,mem_mean,mem_std,mem_min,mem_max,n_hashes
rap_control_debug_gnu,hera,gnu,159.9795918367347,16.244857899140428,148,247,939.469387755102,42.9549677185384,838,973,49
rap_control_debug_gnu,hercules,gnu,129.56,22.618540345188922,115,273,727109.88,437594.574012859,946,1096276,50
rap_control_debug_gnu,ursa,gnu,133.79310344827587,71.01477678742283,107,380,30551.689655172413,159891.7572882407,859,861904,29
