test_name,machine,compiler,core_mean,core_std,core_min,core_max,mem_mean,mem_std,mem_min,mem_max,n_hashes
rap_control_debug_dyn32_phy32_gnu,hera,gnu,150.16666666666666,5.53262406801819,144,180,806.8958333333334,2.3268971517043666,803,814,48
rap_control_debug_dyn32_phy32_gnu,hercules,gnu,126.10416666666667,19.441389915434844,113,219,251246.45833333334,375405.2021513502,794,809164,48
rap_control_debug_dyn32_phy32_gnu,ursa,gnu,114.83673469387755,23.38388595697857,105,253,15342.673469387755,102384.52679714104,713,717408,49
