test_name,machine,compiler,core_mean,core_std,core_min,core_max,mem_mean,mem_std,mem_min,mem_max,n_hashes
rap_control_dyn64_phy32_debug_intel,acorn,intel,334.36170212765956,7.408648095637649,314,348,1106.9148936170213,3.1884969011174857,1100,1112,47
rap_control_dyn64_phy32_debug_intel,derecho,intel,279.48275862068965,4.111140697241129,274,289,190156.93103448275,421527.0293646602,1095,1100708,29
rap_control_dyn64_phy32_debug_intel,gaeac6,intel,199.06521739130434,6.584163403916133,194,238,84432.71739130435,273471.5384303304,947,964676,46
rap_control_dyn64_phy32_debug_intel,hera,intel,306.5833333333333,24.802911062274962,288,421,1250.9375,49.92735414068501,1151,1298,48
rap_control_dyn64_phy32_debug_intel,hercules,intel,257.7551020408163,27.204879014192855,236,426,793287.5306122449,583330.1135074984,1198,1228416,49
rap_control_dyn64_phy32_debug_intel,orion,intel,315.8541666666667,52.74264679346442,287,508,74519.64583333333,287061.6190372307,1163,1178448,48
rap_control_dyn64_phy32_debug_intel,ursa,intel,256.29411764705884,103.31286094710886,206,639,56626.470588235294,319347.7233693169,1846,1863960,34
rap_control_dyn64_phy32_debug_intel,wcoss2,intel,339.97872340425533,11.454046867340065,325,384,1103.8936170212767,6.597871997365339,1090,1111,47
