test_name,machine,compiler,core_mean,core_std,core_min,core_max,mem_mean,mem_std,mem_min,mem_max,n_hashes
rap_progcld_thompson_debug_intel,acorn,intel,340.51063829787233,5.867642813976892,324,355,1196.0425531914893,3.810497210558476,1189,1211,47
rap_progcld_thompson_debug_intel,derecho,intel,283.58620689655174,4.49219355723514,276,294,205775.58620689655,456164.5053133258,1178,1190436,29
rap_progcld_thompson_debug_intel,gaeac6,intel,201.2826086956522,2.2965001727581593,197,207,91935.56521739131,297770.615432577,1030,1050200,46
rap_progcld_thompson_debug_intel,hera,intel,305.3125,30.21142256153277,286,451,1306.8541666666667,53.87297494178339,1197,1353,48
rap_progcld_thompson_debug_intel,hercules,intel,275.0,65.4993638645954,239,573,812668.5102040817,597566.4724397516,1232,1257812,49
rap_progcld_thompson_debug_intel,orion,intel,307.4791666666667,30.946068105749294,287,443,77205.85416666667,297420.42534210795,1206,1220772,48
rap_progcld_thompson_debug_intel,ursa,intel,240.91176470588235,68.41954693544857,211,455,57147.91176470588,322275.6667122266,1866,1881052,34
rap_progcld_thompson_debug_intel,wcoss2,intel,347.8936170212766,20.361124555252026,333,467,1198.2340425531916,7.51292441746207,1184,1218,47
