test_name,machine,compiler,core_mean,core_std,core_min,core_max,mem_mean,mem_std,mem_min,mem_max,n_hashes
rap_diag_debug_gnu,derecho,gnu,172.17391304347825,3.1784297159033095,167,179,1051.7173913043478,2.0511573261969844,1048,1056,46
rap_diag_debug_gnu,hera,gnu,166.55555555555554,3.5039660069381044,163,175,1035.5555555555557,2.6509956200978135,1031,1038,9
rap_diag_debug_gnu,hercules,gnu,135.60416666666666,7.16296498496862,124,152,22461.3125,148471.4966025833,1020,1029672,48
rap_diag_debug_gnu,ursa,gnu,137.3,46.427142835164155,119,341,945.88,9.153208425999914,938,964,50
