test_name,machine,compiler,core_mean,core_std,core_min,core_max,mem_mean,mem_std,mem_min,mem_max,n_hashes
rap_control_dyn64_phy32_gnu,hera,gnu,346.55102040816325,17.365028582961646,337,454,828.0816326530612,3.121409501957688,823,840,49
rap_control_dyn64_phy32_gnu,hercules,gnu,281.9795918367347,38.57000658754501,257,416,336824.44897959183,408796.7829710269,817,829280,49
rap_control_dyn64_phy32_gnu,ursa,gnu,309.4782608695652,329.9415934259635,211,1772,16738.304347826088,108530.79852790781,731,736828,46
