test_name,machine,compiler,core_mean,core_std,core_min,core_max,mem_mean,mem_std,mem_min,mem_max,n_hashes
rap_control_dyn64_phy32_debug_intel,acorn,intel,340.21276595744683,4.894256483980971,332,353,1105.340425531915,4.076851917118932,1097,1112,47
rap_control_dyn64_phy32_debug_intel,derecho,intel,289.0,9.74109279746831,274,300,1074.1,23.960383970212042,1051,1099,10
rap_control_dyn64_phy32_debug_intel,gaeac6,intel,202.41304347826087,7.332048635822572,194,238,139561.4347826087,934399.5045627647,943,6339184,46
rap_control_dyn64_phy32_debug_intel,hera,intel,299.5,6.5752598848404125,288,334,1285.6875,8.098216903817649,1271,1302,48
rap_control_dyn64_phy32_debug_intel,hercules,intel,262.30434782608694,19.158832677520227,240,307,159754.60869565216,413873.88023011596,1196,1220556,46
rap_control_dyn64_phy32_debug_intel,orion,intel,300.54347826086956,14.386268949922933,287,380,26704.130434782608,173139.30024021553,1161,1175464,46
rap_control_dyn64_phy32_debug_intel,ursa,intel,238.0204081632653,76.46009029659373,206,500,39861.489795918365,266014.36621004157,1842,1863960,49
rap_control_dyn64_phy32_debug_intel,wcoss2,intel,345.36170212765956,12.80697081231951,327,393,1105.0851063829787,5.241265144459197,1090,1111,47
