test_name,machine,compiler,core_mean,core_std,core_min,core_max,mem_mean,mem_std,mem_min,mem_max,n_hashes
rap_control_dyn64_phy32_debug_intel,acorn,intel,337.9583333333333,6.195256707656187,323,353,1106.5625,3.247953529171859,1100,1112,48
rap_control_dyn64_phy32_debug_intel,derecho,intel,280.9375,4.567548576643713,274,289,343758.5,524917.5573633127,1095,1100708,16
rap_control_dyn64_phy32_debug_intel,gaeac6,intel,200.51063829787233,7.150166736959875,194,238,82652.91489361702,270757.7625827535,946,964676,47
rap_control_dyn64_phy32_debug_intel,hera,intel,302.8958333333333,24.55583267657027,288,421,1283.5416666666667,7.663004058831834,1269,1301,48
rap_control_dyn64_phy32_debug_intel,hercules,intel,253.6875,12.512387479035795,236,306,455498.2916666667,592702.0202890142,1196,1222320,48
rap_control_dyn64_phy32_debug_intel,orion,intel,299.375,14.431975432823346,287,380,50168.354166666664,237437.99339872363,1161,1178448,48
rap_control_dyn64_phy32_debug_intel,ursa,intel,243.20408163265307,88.0231928697954,206,639,39861.36734693877,266014.38404817303,1846,1863960,49
rap_control_dyn64_phy32_debug_intel,wcoss2,intel,345.1666666666667,13.095936243709016,325,393,1105.4791666666667,5.664332539723248,1090,1111,48
