test_name,machine,compiler,core_mean,core_std,core_min,core_max,mem_mean,mem_std,mem_min,mem_max,n_hashes
rap_progcld_thompson_debug_intel,acorn,intel,342.44897959183675,4.143575471386377,334,355,1194.4285714285713,4.632314036562417,1182,1211,49
rap_progcld_thompson_debug_intel,derecho,intel,283.8,4.685925174054953,276,294,297838.25,527167.6294475556,1178,1190436,20
rap_progcld_thompson_debug_intel,gaeac6,intel,202.20833333333334,2.6734178724186344,198,211,88146.70833333333,291944.27743131365,1030,1050200,48
rap_progcld_thompson_debug_intel,hera,intel,301.7755102040816,30.07301206101194,286,451,1334.7142857142858,26.64582518894844,1234,1353,49
rap_progcld_thompson_debug_intel,hercules,intel,274.53061224489795,65.59188912028182,239,573,508610.612244898,617293.2705923639,1232,1257812,49
rap_progcld_thompson_debug_intel,orion,intel,306.53061224489795,35.69086136581762,287,490,50819.02040816326,242946.36487603336,1205,1220772,49
rap_progcld_thompson_debug_intel,ursa,intel,234.7173913043478,59.698748560670396,209,455,42728.934782608696,277069.19216088345,1866,1881052,46
rap_progcld_thompson_debug_intel,wcoss2,intel,349.55102040816325,21.607349467725296,333,467,1199.2857142857142,7.231297716638905,1184,1218,49
