test_name,machine,compiler,core_mean,core_std,core_min,core_max,mem_mean,mem_std,mem_min,mem_max,n_hashes
rap_2threads_gnu,hera,gnu,629.6875,200.48273191941584,413,944,1020.1666666666666,3.5390426240771804,1002,1024,48
rap_2threads_gnu,hercules,gnu,347.3265306122449,117.55395707133492,210,673,532513.1020408163,505098.1499309996,991,1008924,49
rap_2threads_gnu,ursa,gnu,289.6666666666667,186.77925802419867,157,676,24250.05128205128,145738.19523503684,908,911048,39
