test_name,machine,compiler,core_mean,core_std,core_min,core_max,mem_mean,mem_std,mem_min,mem_max,n_hashes
rap_cires_ugwp_debug_intel,acorn,intel,349.21276595744683,6.823667795486786,339,381,1187.6170212765958,4.152281674963088,1181,1198,47
rap_cires_ugwp_debug_intel,derecho,intel,313.10714285714283,23.160213786696843,288,426,1129.357142857143,2.3603873774083177,1120,1132,28
rap_cires_ugwp_debug_intel,gaeac6,intel,211.29787234042553,4.252441209966127,202,222,139285.40425531915,924087.6584485831,1028,6339696,47
rap_cires_ugwp_debug_intel,hera,intel,300.48387096774195,3.585814344905361,295,310,1342.774193548387,6.601563842097733,1325,1356,31
rap_cires_ugwp_debug_intel,hercules,intel,274.3404255319149,44.98612181925362,244,545,1237.2978723404256,5.652682678305092,1223,1253,47
rap_cires_ugwp_debug_intel,orion,intel,305.1304347826087,6.92373918133892,296,332,1211.0217391304348,7.227998433360131,1194,1233,46
rap_cires_ugwp_debug_intel,ursa,intel,254.83673469387756,99.43786731312329,212,630,1870.8979591836735,6.27576322702134,1854,1887,49
rap_cires_ugwp_debug_intel,wcoss2,intel,352.59574468085106,8.44588805140543,343,387,1163.531914893617,45.793416587706126,1092,1203,47
