test_name,machine,compiler,core_mean,core_std,core_min,core_max,mem_mean,mem_std,mem_min,mem_max,n_hashes
rap_control_debug_dyn32_phy32_intel,acorn,intel,333.8085106382979,6.542962691094801,323,347,1070.0212765957447,3.4671712671491526,1064,1076,47
rap_control_debug_dyn32_phy32_intel,derecho,intel,291.0,5.453359554878322,284,305,1012.75,1.4218787326755116,1011,1015,24
rap_control_debug_dyn32_phy32_intel,gaeac6,intel,200.85106382978722,3.2569572583615147,192,208,138760.1914893617,924016.1689084246,906,6338688,47
rap_control_debug_dyn32_phy32_intel,hera,intel,291.9714285714286,4.540573391399935,284,302,1220.9142857142858,8.00871374181399,1188,1239,35
rap_control_debug_dyn32_phy32_intel,hercules,intel,259.0425531914894,14.57507915827338,237,310,1119.0212765957447,6.3262371593029005,1104,1130,47
rap_control_debug_dyn32_phy32_intel,orion,intel,295.30434782608694,6.785178504873324,280,315,1089.9347826086957,5.615067720628739,1077,1107,46
rap_control_debug_dyn32_phy32_intel,ursa,intel,222.16326530612244,67.81511229646614,200,586,1750.5510204081634,6.958391889443608,1730,1764,49
rap_control_debug_dyn32_phy32_intel,wcoss2,intel,343.27659574468083,27.125875764391434,326,482,1049.5531914893618,40.50003140666436,970,1081,47
