test_name,machine,compiler,core_mean,core_std,core_min,core_max,mem_mean,mem_std,mem_min,mem_max,n_hashes
rap_sfcdiff_restart_intel,acorn,intel,130.0,4.671426144361291,121,142,762.7173913043479,1.9397943015606485,760,770,46
rap_sfcdiff_restart_intel,derecho,intel,117.46875,3.6631061647450975,114,130,824.59375,0.9791166196316085,822,826,32
rap_sfcdiff_restart_intel,gaeac6,intel,81.85106382978724,3.994445727475871,77,98,139638.4255319149,923902.5381391401,720,6338808,47
rap_sfcdiff_restart_intel,hera,intel,110.51851851851852,1.8681617943926805,109,117,1170.7037037037037,4.639419847806074,1159,1178,27
rap_sfcdiff_restart_intel,hercules,intel,97.17021276595744,6.7544482893036495,92,118,1095.6382978723404,11.069789542626316,1071,1117,47
rap_sfcdiff_restart_intel,orion,intel,138.80434782608697,2.2471667615258033,135,148,1004.1521739130435,3.7651465446135557,997,1012,46
rap_sfcdiff_restart_intel,ursa,intel,109.44897959183673,107.4482552255755,79,590,1762.6734693877552,25.556626468737694,1734,1865,49
rap_sfcdiff_restart_intel,wcoss2,intel,141.12765957446808,17.74286999635849,126,245,729.8723404255319,50.89871315588511,666,776,47
