test_name,machine,compiler,core_mean,core_std,core_min,core_max,mem_mean,mem_std,mem_min,mem_max,n_hashes
rap_2threads_dyn32_phy32_gnu,derecho,gnu,397.55882352941177,6.467593700206009,391,419,860.2352941176471,2.3362599420728363,850,864,34
rap_2threads_dyn32_phy32_gnu,hera,gnu,422.8,33.27160951922826,362,454,845.16,2.1150256105620366,840,850,25
rap_2threads_dyn32_phy32_gnu,hercules,gnu,239.1086956521739,28.260084344349707,209,288,834.6739130434783,2.23163465574343,831,840,46
rap_2threads_dyn32_phy32_gnu,ursa,gnu,149.81632653061226,3.9193614987422523,146,165,732.2244897959183,1.2460822960123326,730,735,49
