test_name,machine,compiler,core_mean,core_std,core_min,core_max,mem_mean,mem_std,mem_min,mem_max,n_hashes
rap_decomp_gnu,derecho,gnu,263.5869565217391,9.28457762326925,256,320,954.8913043478261,1.8526648778876187,951,958,46
rap_decomp_gnu,hera,gnu,359.77777777777777,2.53859103528797,356,363,942.0,2.1213203435596433,939,945,9
rap_decomp_gnu,hercules,gnu,273.2916666666667,27.76110729085179,252,400,20386.4375,134767.04994330602,928,934628,48
rap_decomp_gnu,ursa,gnu,241.0,104.53902698640977,205,692,852.7,9.09193407950814,847,871,50
