test_name,machine,compiler,core_mean,core_std,core_min,core_max,mem_mean,mem_std,mem_min,mem_max,n_hashes
rap_2threads_intel,acorn,intel,209.86666666666667,5.848853811567775,199,229,1082.5555555555557,4.505327934565843,1075,1093,45
rap_2threads_intel,derecho,intel,345.0681818181818,7.75616102376932,335,379,1040.840909090909,3.815166684268578,1034,1053,44
rap_2threads_intel,gaeac6,intel,168.75,3.251840722591806,163,183,138156.97916666666,914061.9206137314,935,6339028,48
rap_2threads_intel,hera,intel,303.875,4.047633053197055,298,310,1168.9375,9.426690829766303,1150,1183,16
rap_2threads_intel,hercules,intel,270.1875,8.049464763493493,261,302,25330.729166666668,167406.80433497467,1155,1160996,48
rap_2threads_intel,orion,intel,271.2340425531915,6.65684598889662,266,305,24924.31914893617,163191.9549114806,1096,1119908,47
rap_2threads_intel,ursa,intel,122.12,3.9930551957014533,117,136,1170.76,2.317282010970465,1161,1174,50
rap_2threads_intel,wcoss2,intel,220.10416666666666,11.409662913575424,207,275,1021.625,48.82170122638386,977,1100,48
