test_name,machine,compiler,core_mean,core_std,core_min,core_max,mem_mean,mem_std,mem_min,mem_max,n_hashes
rap_unified_drag_suite_debug_intel,acorn,intel,341.5416666666667,5.535027084188021,332,356,1196.0208333333333,3.316557965359462,1190,1207,48
rap_unified_drag_suite_debug_intel,derecho,intel,282.72,3.942503434790315,277,290,238920.52,485274.055006646,1179,1190656,25
rap_unified_drag_suite_debug_intel,gaeac6,intel,201.61702127659575,2.308332651498109,197,206,90043.31914893616,294954.54598898767,1032,1049160,47
rap_unified_drag_suite_debug_intel,hera,intel,301.9375,25.72225317717402,286,433,1318.2083333333333,45.10175650366977,1201,1355,48
rap_unified_drag_suite_debug_intel,hercules,intel,269.59183673469386,49.797890838596665,240,585,686673.4897959183,625147.4720817921,1233,1260352,49
rap_unified_drag_suite_debug_intel,orion,intel,306.0612244897959,31.415500528710133,287,491,75862.5306122449,295324.31245758606,1206,1224268,49
rap_unified_drag_suite_debug_intel,ursa,intel,218.46153846153845,12.24711814403732,210,268,50003.92307692308,300554.6747815116,1863,1878840,39
rap_unified_drag_suite_debug_intel,wcoss2,intel,346.875,9.994945531127843,327,368,1196.7708333333333,4.799111546026647,1187,1205,48
