test_name,machine,compiler,core_mean,core_std,core_min,core_max,mem_mean,mem_std,mem_min,mem_max,n_hashes
rap_control_dyn64_phy32_intelllvm,hera,intelllvm,260.6875,15.795442717388394,245,289,1117.3125,8.742550019934846,1100,1132,48
rap_control_dyn64_phy32_intelllvm,ursa,intelllvm,191.79591836734693,109.66710605126708,157,732,1817.4489795918366,21.329812103104466,1792,1908,49
