test_name,machine,compiler,core_mean,core_std,core_min,core_max,mem_mean,mem_std,mem_min,mem_max,n_hashes
rap_lndp_debug_intel,acorn,intel,348.0,4.94755099716672,338,362,1197.5744680851064,5.527577820234114,1188,1217,47
rap_lndp_debug_intel,derecho,intel,295.9,13.568345514468598,278,311,1154.7,25.020214050065707,1134,1185,10
rap_lndp_debug_intel,gaeac6,intel,206.04347826086956,4.195005081385532,197,215,139753.28260869565,934412.9491594569,1027,6339464,46
rap_lndp_debug_intel,hera,intel,298.5833333333333,4.761697057273609,288,308,1342.625,5.139024661167243,1331,1354,48
rap_lndp_debug_intel,hercules,intel,269.69565217391306,26.874084637821113,242,362,136603.5,391900.4692288733,1225,1252392,46
rap_lndp_debug_intel,orion,intel,302.69565217391306,6.908511868114867,288,328,27475.369565217392,178083.5828220194,1204,1209040,46
rap_lndp_debug_intel,ursa,intel,228.10204081632654,51.166087767338304,210,572,40121.30612244898,267734.0596125818,1864,1876012,49
rap_lndp_debug_intel,wcoss2,intel,358.27659574468083,41.67561174411324,340,618,1201.8510638297873,3.6414206699908065,1189,1209,47
