test_name,machine,compiler,core_mean,core_std,core_min,core_max,mem_mean,mem_std,mem_min,mem_max,n_hashes
rap_control_debug_dyn32_phy32_gnu,hera,gnu,152.91666666666666,16.908808397354314,144,258,806.9375,2.770715016404195,797,814,48
rap_control_debug_dyn32_phy32_gnu,hercules,gnu,125.6875,19.539546642098006,113,219,301315.3958333333,392070.8109742824,794,809164,48
rap_control_debug_dyn32_phy32_gnu,ursa,gnu,115.77551020408163,24.065245779375882,105,253,15342.938775510203,102384.48810334344,713,717408,49
