test_name,machine,compiler,core_mean,core_std,core_min,core_max,mem_mean,mem_std,mem_min,mem_max,n_hashes
rap_control_gnu,derecho,gnu,262.60869565217394,8.965311572622722,255,317,955.2826086956521,1.9512166401533813,952,960,46
rap_control_gnu,hera,gnu,357.85714285714283,2.115700942049818,355,362,940.5714285714286,4.157609203101494,936,948,7
rap_control_gnu,hercules,gnu,269.78723404255317,28.341808240778796,248,387,20801.787234042553,136200.12940617235,928,934676,47
rap_control_gnu,ursa,gnu,286.32,226.37916901354973,206,1543,852.3,9.687462968987731,844,871,50
