test_name,machine,compiler,core_mean,core_std,core_min,core_max,mem_mean,mem_std,mem_min,mem_max,n_hashes
rap_diag_debug_gnu,derecho,gnu,172.17241379310346,3.6651736025658885,167,179,1052.1379310344828,2.2316575827179173,1048,1056,29
rap_diag_debug_gnu,hera,gnu,165.66666666666666,3.3869255037299046,161,175,1039.1666666666667,4.291799183312798,1031,1051,30
rap_diag_debug_gnu,hercules,gnu,135.9787234042553,8.575722460888032,123,158,1032.3829787234042,2.5838393365161854,1028,1038,47
rap_diag_debug_gnu,ursa,gnu,136.71428571428572,54.90370357878117,119,443,941.734693877551,1.9766924204766392,938,948,49
