test_name,machine,compiler,core_mean,core_std,core_min,core_max,mem_mean,mem_std,mem_min,mem_max,n_hashes
rap_unified_drag_suite_debug_intel,acorn,intel,343.24444444444447,7.049034606872684,332,368,1188.5555555555557,4.33566370905073,1180,1200,45
rap_unified_drag_suite_debug_intel,derecho,intel,305.93023255813955,19.717523447355397,295,428,1129.906976744186,1.5401600641672826,1127,1133,43
rap_unified_drag_suite_debug_intel,gaeac6,intel,210.02083333333334,2.9281435795901407,205,219,138044.22916666666,914048.1763221455,1024,6338820,48
rap_unified_drag_suite_debug_intel,hera,intel,295.47058823529414,4.638394752751528,289,305,1343.1176470588234,4.648687354258957,1331,1349,17
rap_unified_drag_suite_debug_intel,hercules,intel,267.2916666666667,30.011315832768553,245,447,26979.291666666668,178332.0556408875,1226,1236760,48
rap_unified_drag_suite_debug_intel,orion,intel,300.8723404255319,7.677230652408886,289,322,26994.44680851064,176759.87220481134,1199,1213016,47
rap_unified_drag_suite_debug_intel,ursa,intel,245.6,97.79424464514406,209,636,1867.66,6.0393606905880235,1857,1882,50
rap_unified_drag_suite_debug_intel,wcoss2,intel,347.0833333333333,16.634792215616564,338,456,1133.2291666666667,46.06020093235659,1092,1196,48
