test_name,machine,compiler,core_mean,core_std,core_min,core_max,mem_mean,mem_std,mem_min,mem_max,n_hashes
rap_lndp_debug_intel,acorn,intel,351.02222222222224,10.31655529386202,335,379,1194.8222222222223,4.386388496292093,1188,1205,45
rap_lndp_debug_intel,derecho,intel,308.0,17.03590978557419,299,418,1133.1521739130435,1.5771618856435143,1129,1136,46
rap_lndp_debug_intel,gaeac6,intel,213.38297872340425,2.270349441494404,209,218,6338.723404255319,0.6821362754189456,6338,6342,47
rap_lndp_debug_intel,hera,intel,299.25,2.8157719063467077,295,304,1346.0,6.458659745975635,1333,1354,8
rap_lndp_debug_intel,hercules,intel,265.6808510638298,14.269313963855268,244,308,27454.63829787234,179720.29418327488,1226,1233340,47
rap_lndp_debug_intel,orion,intel,306.54347826086956,6.101753925404017,295,322,27585.369565217392,178863.39996872336,1203,1214324,46
rap_lndp_debug_intel,ursa,intel,262.3,114.37857834259643,212,677,1871.02,7.53898710243044,1856,1894,50
rap_lndp_debug_intel,wcoss2,intel,349.59183673469386,5.660235446173818,341,367,1122.7142857142858,40.31283914586029,1097,1204,49
