test_name,machine,compiler,core_mean,core_std,core_min,core_max,mem_mean,mem_std,mem_min,mem_max,n_hashes
rap_control_dyn32_phy32_intel,acorn,intel,192.7111111111111,4.560812438701042,186,205,887.3555555555556,2.385139175999756,880,891,45
rap_control_dyn32_phy32_intel,derecho,intel,173.11627906976744,3.0095823339838517,168,181,845.4883720930233,1.3692558462668754,843,848,43
rap_control_dyn32_phy32_intel,gaeac6,intel,130.20833333333334,4.766721221728178,121,149,138048.41666666666,914160.2471503987,745,6339584,48
rap_control_dyn32_phy32_intel,hera,intel,183.94117647058823,2.249182858153547,181,190,1110.5882352941176,8.71821959698062,1090,1129,17
rap_control_dyn32_phy32_intel,hercules,intel,163.5,30.18453880679185,149,337,22651.354166666668,149674.05031821356,1016,1038020,48
rap_control_dyn32_phy32_intel,orion,intel,229.10638297872342,4.983599373916814,224,245,20982.702127659573,137416.12664504384,927,943016,47
rap_control_dyn32_phy32_intel,ursa,intel,239.5,221.4421424412697,125,833,1764.44,74.73877227806632,1702,1986,50
rap_control_dyn32_phy32_intel,wcoss2,intel,201.5625,24.768636868839312,188,364,831.4375,44.67942848545884,793,892,48
