test_name,machine,compiler,core_mean,core_std,core_min,core_max,mem_mean,mem_std,mem_min,mem_max,n_hashes
rap_flake_debug_intel,acorn,intel,342.93617021276594,3.8301109946406706,338,351,1193.0851063829787,4.754081940515211,1185,1209,47
rap_flake_debug_intel,derecho,intel,282.7,7.543208866258448,277,300,476296.9,613377.065639517,1132,1192720,10
rap_flake_debug_intel,gaeac6,intel,203.5,3.410767264609736,197,214,139175.4347826087,934493.9575607193,1024,6339432,46
rap_flake_debug_intel,hera,intel,296.125,5.076541794937255,287,309,1339.1875,4.9793456376037355,1331,1350,48
rap_flake_debug_intel,hercules,intel,268.2173913043478,26.184739443235717,241,338,271297.97826086957,518063.8901907537,1229,1253424,46
rap_flake_debug_intel,orion,intel,301.0,14.67726889520739,283,370,53876.04347826087,249738.72933296213,1201,1217408,46
rap_flake_debug_intel,ursa,intel,222.81632653061226,41.28492131385449,209,497,39897.69387755102,266174.16971836035,1858,1865092,49
rap_flake_debug_intel,wcoss2,intel,358.2340425531915,42.22878307812125,337,603,1195.9574468085107,7.796201546707971,1162,1207,47
