test_name,machine,compiler,core_mean,core_std,core_min,core_max,mem_mean,mem_std,mem_min,mem_max,n_hashes
rap_progcld_thompson_debug_intel,acorn,intel,340.3829787234043,5.987498539491031,324,355,1196.2553191489362,3.7443759862445103,1189,1211,47
rap_progcld_thompson_debug_intel,derecho,intel,283.43333333333334,4.492778368811915,276,294,198956.1,449784.21096491866,1178,1190436,30
rap_progcld_thompson_debug_intel,gaeac6,intel,201.2173913043478,2.2599217634271294,197,207,91935.76086956522,297770.5543827838,1030,1050200,46
rap_progcld_thompson_debug_intel,hera,intel,306.0,30.137980561750076,287,451,1303.8541666666667,55.90226638093322,1197,1353,48
rap_progcld_thompson_debug_intel,hercules,intel,268.9183673469388,49.39206951133191,239,573,838160.693877551,588809.7602144872,1232,1257812,49
rap_progcld_thompson_debug_intel,orion,intel,308.3333333333333,31.159393470002566,287,443,77205.97916666667,297420.39272379805,1206,1220772,48
rap_progcld_thompson_debug_intel,ursa,intel,241.66666666666666,69.33643823175997,211,455,58822.42424242424,327122.24863392336,1866,1881052,33
rap_progcld_thompson_debug_intel,wcoss2,intel,347.70212765957444,20.35437661901159,333,467,1198.1914893617022,7.514155620567264,1184,1218,47
