test_name,machine,compiler,core_mean,core_std,core_min,core_max,mem_mean,mem_std,mem_min,mem_max,n_hashes
rap_control_dyn64_phy32_debug_gnu,derecho,gnu,164.14634146341464,15.785374521388075,155,253,848.7560975609756,2.0344592377935746,845,853,41
rap_control_dyn64_phy32_debug_gnu,hera,gnu,153.8421052631579,4.298102396468273,150,166,831.1052631578947,2.806633745691824,827,837,19
rap_control_dyn64_phy32_debug_gnu,hercules,gnu,133.22916666666666,32.503511812446426,115,305,17957.145833333332,118696.16739353654,821,823176,48
rap_control_dyn64_phy32_debug_gnu,ursa,gnu,196.22,183.8582295450181,108,1243,740.6,2.5555062599997633,729,753,50
