test_name,machine,compiler,core_mean,core_std,core_min,core_max,mem_mean,mem_std,mem_min,mem_max,n_hashes
rap_sfcdiff_decomp_intel,acorn,intel,373.0425531914894,98.67821164881875,248,466,1011.5531914893617,2.7251526533891153,1002,1015,47
rap_sfcdiff_decomp_intel,derecho,intel,371.81481481481484,48.08808987123928,206,407,185954.96296296295,395348.7424246211,995,1001448,27
rap_sfcdiff_decomp_intel,gaeac6,intel,247.69565217391303,64.64462496009925,162,304,77034.47826086957,249522.3512407246,861,878712,46
rap_sfcdiff_decomp_intel,hera,intel,407.0,122.6319523806127,258,611,1134.3125,49.649476117310755,1030,1174,48
rap_sfcdiff_decomp_intel,hercules,intel,375.0408163265306,184.45290265897074,224,1418,698600.3265306122,561348.3797119437,1051,1174520,49
rap_sfcdiff_decomp_intel,orion,intel,481.6875,206.4268616293133,276,1053,65565.875,252566.51005842088,1029,1036364,48
rap_sfcdiff_decomp_intel,ursa,intel,300.30555555555554,181.5071536479949,168,1018,52966.13888888889,307106.3819906388,1707,1844420,36
rap_sfcdiff_decomp_intel,wcoss2,intel,394.0851063829787,88.19736508615551,251,474,1011.4893617021277,7.1501667369598465,994,1019,47
