test_name,machine,compiler,core_mean,core_std,core_min,core_max,mem_mean,mem_std,mem_min,mem_max,n_hashes
rap_progcld_thompson_debug_gnu,hera,gnu,162.58333333333334,28.90839039899996,148,331,948.1041666666666,31.743814665278407,841,973,48
rap_progcld_thompson_debug_gnu,hercules,gnu,129.3469387755102,22.999593311991553,115,239,653388.2448979592,460514.8386459953,949,1092276,49
rap_progcld_thompson_debug_gnu,ursa,gnu,118.96969696969697,29.451745330800062,105,246,26924.666666666668,149727.59728413183,859,860980,33
