test_name,machine,compiler,core_mean,core_std,core_min,core_max,mem_mean,mem_std,mem_min,mem_max,n_hashes
rap_2threads_gnu,derecho,gnu,435.02941176470586,10.50969334419175,427,488,1028.5,1.619015787820553,1026,1033,34
rap_2threads_gnu,hera,gnu,487.12,40.929125733801506,416,521,1007.92,3.200520790954699,998,1012,25
rap_2threads_gnu,hercules,gnu,229.10638297872342,27.06211377276614,208,343,22096.40425531915,144701.3471980884,985,993012,47
rap_2threads_gnu,ursa,gnu,162.69387755102042,3.4168947990869127,159,172,898.0816326530612,1.1517511068997883,894,900,49
