test_name,machine,compiler,core_mean,core_std,core_min,core_max,mem_mean,mem_std,mem_min,mem_max,n_hashes
rap_2threads_intel,acorn,intel,699.7291666666666,334.6407244349596,221,967,1089.9166666666667,4.236785882001714,1084,1102,48
rap_2threads_intel,derecho,intel,668.5,77.8694517455434,362,695,159170.9411764706,386456.4351441174,1072,1091476,34
rap_2threads_intel,gaeac6,intel,303.5744680851064,69.85069315296766,184,349,82193.78723404255,269257.34705021314,944,963916,47
rap_2threads_intel,hera,intel,472.0204081632653,121.09732480459651,277,682,1162.5102040816328,27.686581022355824,1109,1200,49
rap_2threads_intel,hercules,intel,443.96,141.1228962172145,254,1105,888394.14,531370.9274632011,1149,1218300,50
rap_2threads_intel,orion,intel,610.4897959183673,230.84691197568029,318,1273,69752.04081632652,271521.0844770284,1112,1127380,49
rap_2threads_intel,ursa,intel,365.7586206896552,282.13948616805203,136,791,42029.96551724138,219150.55351833272,1178,1181496,29
rap_2threads_intel,wcoss2,intel,714.8958333333334,333.46895224282736,229,987,1094.1458333333333,44.695180178691245,1071,1393,48
