test_name,machine,compiler,core_mean,core_std,core_min,core_max,mem_mean,mem_std,mem_min,mem_max,n_hashes
rap_control_dyn64_phy32_intelllvm,hera,intelllvm,257.219512195122,14.358816446911558,245,285,1116.2682926829268,8.737918488529964,1100,1132,41
rap_control_dyn64_phy32_intelllvm,ursa,intelllvm,210.9387755102041,148.7088049628178,157,762,1820.530612244898,27.063276194270088,1792,1931,49
