test_name,machine,compiler,core_mean,core_std,core_min,core_max,mem_mean,mem_std,mem_min,mem_max,n_hashes
rap_diag_debug_intel,acorn,intel,357.3265306122449,6.758906947817229,345,371,1283.469387755102,4.2676205353819725,1270,1291,49
rap_diag_debug_intel,derecho,intel,297.55,4.740364187652561,291,306,318565.85,563852.2994891366,1262,1272840,20
rap_diag_debug_intel,gaeac6,intel,211.27083333333334,3.1470322617885045,204,219,95195.22916666667,315296.2114845671,1110,1132192,48
rap_diag_debug_intel,hera,intel,316.6734693877551,25.3092438276858,298,445,1423.4285714285713,27.459819130261366,1318,1443,49
rap_diag_debug_intel,hercules,intel,289.7551020408163,72.84759507934038,250,571,543154.918367347,659218.7254940767,1319,1340344,49
rap_diag_debug_intel,orion,intel,318.42857142857144,29.610668122598426,296,484,54541.42857142857,260754.59043186886,1292,1309308,49
rap_diag_debug_intel,ursa,intel,243.67391304347825,62.89146006249395,218,556,44421.413043478264,287986.561271226,1944,1955180,46
rap_diag_debug_intel,wcoss2,intel,363.6734693877551,11.635770557319558,348,410,1282.2244897959183,5.76001051113936,1268,1289,49
