test_name,machine,compiler,core_mean,core_std,core_min,core_max,mem_mean,mem_std,mem_min,mem_max,n_hashes
rap_control_dyn32_phy32_intel,acorn,intel,192.3913043478261,4.469542660519407,186,204,887.9130434782609,2.9576724103518517,882,897,46
rap_control_dyn32_phy32_intel,derecho,intel,172.9,3.516954011249135,168,181,845.0666666666667,1.0482607379429418,843,847,30
rap_control_dyn32_phy32_intel,gaeac6,intel,129.12765957446808,5.62841015963384,121,149,139422.06382978722,924050.7323804251,737,6339584,47
rap_control_dyn32_phy32_intel,hera,intel,183.41379310344828,2.163285222910981,181,190,1108.896551724138,9.889911264899538,1076,1129,29
rap_control_dyn32_phy32_intel,hercules,intel,163.82978723404256,30.331013794132133,149,337,1046.1914893617022,13.548043814951313,1016,1077,47
rap_control_dyn32_phy32_intel,orion,intel,228.2391304347826,4.881642631595301,223,245,938.2173913043479,5.947597249602397,927,955,46
rap_control_dyn32_phy32_intel,ursa,intel,219.40816326530611,206.81593249063963,125,833,1757.408163265306,64.85237028800711,1702,1941,49
rap_control_dyn32_phy32_intel,wcoss2,intel,204.06382978723406,25.490325748271754,188,364,856.2765957446809,44.766399534578866,793,895,47
