test_name,machine,compiler,core_mean,core_std,core_min,core_max,mem_mean,mem_std,mem_min,mem_max,n_hashes
rap_2threads_gnu,hera,gnu,519.4166666666666,167.35728544914858,411,812,1018.375,5.109961069094321,1006,1024,48
rap_2threads_gnu,hercules,gnu,284.0208333333333,90.02564400221853,210,567,314909.375,470532.75746977667,986,1008924,48
rap_2threads_gnu,ursa,gnu,225.9387755102041,135.6997924591979,157,614,19483.326530612245,130019.84840198242,896,911048,49
