test_name,machine,compiler,core_mean,core_std,core_min,core_max,mem_mean,mem_std,mem_min,mem_max,n_hashes
rap_sfcdiff_gnu,derecho,gnu,261.57142857142856,11.532333198217481,256,318,955.75,1.9364916731037085,952,959,28
rap_sfcdiff_gnu,hera,gnu,356.4193548387097,3.3642650861506604,353,367,940.6129032258065,3.8615836074063163,932,948,31
rap_sfcdiff_gnu,hercules,gnu,270.6808510638298,31.199293737114072,246,364,935.8510638297872,3.057270190476531,930,942,47
rap_sfcdiff_gnu,ursa,gnu,312.44897959183675,288.3468008336843,205,1487,848.0204081632653,4.185738663995316,842,871,49
