test_name,machine,compiler,core_mean,core_std,core_min,core_max,mem_mean,mem_std,mem_min,mem_max,n_hashes
rap_2threads_intel,acorn,intel,209.37777777777777,4.9602460023712975,199,220,1082.5555555555557,4.515405728048033,1074,1093,45
rap_2threads_intel,derecho,intel,344.92857142857144,7.887603293414647,335,379,1040.8333333333333,3.9069460761925754,1034,1053,42
rap_2threads_intel,gaeac6,intel,168.58333333333334,3.2277607898219633,163,183,137931.89583333334,914095.7211150132,935,6339028,48
rap_2threads_intel,hera,intel,303.72222222222223,3.831841141794332,298,310,1168.5555555555557,9.121546709801192,1150,1183,18
rap_2threads_intel,hercules,intel,269.8541666666667,8.08199886623098,261,302,25330.6875,167406.81047613884,1155,1160996,48
rap_2threads_intel,orion,intel,271.0,6.688731601341329,266,305,24923.978723404256,163192.00564478978,1096,1119908,47
rap_2threads_intel,ursa,intel,122.04,3.9895782601520127,117,136,1170.82,2.3184266304578784,1161,1174,50
rap_2threads_intel,wcoss2,intel,224.5625,30.391702570049993,207,416,1026.1458333333333,49.90287996777362,977,1100,48
