test_name,machine,compiler,core_mean,core_std,core_min,core_max,mem_mean,mem_std,mem_min,mem_max,n_hashes
rap_2threads_dyn32_phy32_intel,acorn,intel,212.7659574468085,101.62446058810959,172,818,937.7021276595744,6.060976006986152,928,953,47
rap_2threads_dyn32_phy32_intel,derecho,intel,467.0,142.51003863276128,294,579,281191.7,451284.90263051493,898,939372,10
rap_2threads_dyn32_phy32_intel,gaeac6,intel,171.19565217391303,48.43030252743163,143,295,139061.54347826086,934433.749263007,782,6338916,46
rap_2threads_dyn32_phy32_intel,hera,intel,263.1458333333333,72.28754331445853,209,450,1028.3125,10.619444730445148,1004,1047,48
rap_2threads_dyn32_phy32_intel,hercules,intel,247.30434782608697,77.7808515610701,193,503,216544.23913043478,441774.21835982054,1062,1129936,46
rap_2threads_dyn32_phy32_intel,orion,intel,303.10869565217394,118.88187008041402,237,846,43941.434782608696,203756.52042198167,964,997948,46
rap_2threads_dyn32_phy32_intel,ursa,intel,122.87755102040816,34.60709985746014,101,217,23389.20408163265,156208.90797742346,1056,1094536,49
rap_2threads_dyn32_phy32_intel,wcoss2,intel,239.14893617021278,129.82278535245555,175,837,939.4468085106383,5.456581628751686,929,957,47
