test_name,machine,compiler,core_mean,core_std,core_min,core_max,mem_mean,mem_std,mem_min,mem_max,n_hashes
rap_sfcdiff_restart_gnu,derecho,gnu,145.25,1.1649647450214338,143,146,703.75,1.3887301496588271,702,706,8
rap_sfcdiff_restart_gnu,hera,gnu,184.9375,2.3192648321617155,181,192,682.2708333333334,3.6886230108690747,676,688,48
rap_sfcdiff_restart_gnu,hercules,gnu,141.7826086956522,17.095695421139403,129,189,59701.717391304344,193376.59453220785,670,680020,46
rap_sfcdiff_restart_gnu,ursa,gnu,125.81632653061224,97.11240769279254,108,791,580.469387755102,2.467303190532816,575,596,49
