test_name,machine,compiler,core_mean,core_std,core_min,core_max,mem_mean,mem_std,mem_min,mem_max,n_hashes
rap_control_intel,acorn,intel,230.15555555555557,5.389196075801505,219,241,1012.4,1.9586637374403018,1009,1016,45
rap_control_intel,derecho,intel,199.225,7.02919734995507,193,235,963.65,3.5049415665051282,952,967,40
rap_control_intel,gaeac6,intel,148.47916666666666,4.505266815407738,142,172,137705.0,914170.4575928329,858,6339304,48
rap_control_intel,hera,intel,205.15,4.987088592714086,201,224,1165.65,5.9229704496450335,1150,1176,20
rap_control_intel,hercules,intel,184.83333333333334,36.71936895886949,168,413,23926.416666666668,158168.4604430639,1071,1096920,48
rap_control_intel,orion,intel,257.4468085106383,5.5199579024792875,253,281,23128.021276595744,151427.09955539796,1034,1039172,47
rap_control_intel,ursa,intel,291.96,246.72077582662104,145,800,1825.46,69.86436129810275,1762,1983,50
rap_control_intel,wcoss2,intel,245.25,24.935235259503933,230,399,958.5833333333334,47.41300357287457,914,1015,48
