test_name,machine,compiler,core_mean,core_std,core_min,core_max,mem_mean,mem_std,mem_min,mem_max,n_hashes
rap_progcld_thompson_debug_intel,acorn,intel,343.7659574468085,4.145257981993439,336,355,1192.7446808510638,4.820554203689892,1182,1211,47
rap_progcld_thompson_debug_intel,derecho,intel,285.7,7.986794656737375,276,300,357184.4,573236.2021891732,1132,1189212,10
rap_progcld_thompson_debug_intel,gaeac6,intel,203.52173913043478,3.1036833346116053,198,211,139293.19565217392,934480.1070105621,1025,6339456,46
rap_progcld_thompson_debug_intel,hera,intel,294.4583333333333,4.703816166138172,286,304,1340.0208333333333,6.90201815485363,1328,1360,48
rap_progcld_thompson_debug_intel,hercules,intel,279.5652173913044,67.22653317913266,239,573,244231.28260869565,498133.5229548472,1228,1252084,46
rap_progcld_thompson_debug_intel,orion,intel,303.6521739130435,32.102071509002066,289,490,54051.565217391304,250566.02594159154,1198,1220772,46
rap_progcld_thompson_debug_intel,ursa,intel,232.46938775510205,57.85041848048593,209,455,40224.26530612245,268454.04474856704,1857,1881052,49
rap_progcld_thompson_debug_intel,wcoss2,intel,353.1276595744681,24.916920234421983,336,467,1198.1702127659576,6.972988720260214,1184,1218,47
