test_name,machine,compiler,core_mean,core_std,core_min,core_max,mem_mean,mem_std,mem_min,mem_max,n_hashes
rap_noah_sfcdiff_cires_ugwp_debug_gnu,derecho,gnu,243.0,5.099019513592786,234,253,961.9615384615385,1.777206104665835,960,965,26
rap_noah_sfcdiff_cires_ugwp_debug_gnu,hera,gnu,242.9090909090909,2.8544224061493204,238,248,947.1818181818181,3.948532523724337,939,955,33
rap_noah_sfcdiff_cires_ugwp_debug_gnu,hercules,gnu,199.53191489361703,17.111972752165677,181,255,940.6170212765958,6.998612258370641,905,962,47
rap_noah_sfcdiff_cires_ugwp_debug_gnu,ursa,gnu,180.40816326530611,46.09813733011479,166,417,854.4897959183673,6.158065338033008,848,884,49
