test_name,machine,compiler,core_mean,core_std,core_min,core_max,mem_mean,mem_std,mem_min,mem_max,n_hashes
rap_sfcdiff_restart_gnu,hera,gnu,387.1041666666667,168.98183706796794,182,708,685.2916666666666,15.491876159792728,584,699,48
rap_sfcdiff_restart_gnu,hercules,gnu,303.14285714285717,186.20396522809781,129,1239,422405.5918367347,340172.4928707076,677,873200,49
rap_sfcdiff_restart_gnu,ursa,gnu,217.58333333333334,190.63673383090227,108,1190,16971.944444444445,98329.3810475629,579,590560,36
