test_name,machine,compiler,core_mean,core_std,core_min,core_max,mem_mean,mem_std,mem_min,mem_max,n_hashes
rap_2threads_gnu,derecho,gnu,435.4864864864865,10.183378673171363,427,488,1028.5945945945946,1.5891902106185007,1026,1033,37
rap_2threads_gnu,hera,gnu,496.6818181818182,33.4099876193822,425,521,1007.7727272727273,3.3513581920770137,998,1012,22
rap_2threads_gnu,hercules,gnu,229.4255319148936,27.006234932963057,208,343,22096.489361702126,144701.33451427403,985,993012,47
rap_2threads_gnu,ursa,gnu,162.77551020408163,3.447615759009219,159,172,898.0612244897959,1.1798333792197375,894,900,49
