test_name,machine,compiler,core_mean,core_std,core_min,core_max,mem_mean,mem_std,mem_min,mem_max,n_hashes
rap_progcld_thompson_debug_intel,acorn,intel,339.9791666666667,6.550912177293338,321,355,1196.3125,3.725451564804218,1189,1211,48
rap_progcld_thompson_debug_intel,derecho,intel,283.5483870967742,4.463471815208558,276,294,192576.51612903227,443648.48737890605,1178,1190436,31
rap_progcld_thompson_debug_intel,gaeac6,intel,201.19148936170214,2.2422649445161684,197,207,90001.85106382979,294814.40488278447,1030,1050200,47
rap_progcld_thompson_debug_intel,hera,intel,306.0204081632653,29.82273307668607,287,451,1301.6734693877552,57.384444667487294,1197,1353,49
rap_progcld_thompson_debug_intel,hercules,intel,268.58,48.943987143989595,239,573,846253.16,585573.1265127985,1232,1257812,50
rap_progcld_thompson_debug_intel,orion,intel,308.3265306122449,30.833144878997516,287,443,75655.14285714286,294506.10526071157,1206,1220772,49
rap_progcld_thompson_debug_intel,ursa,intel,242.15625,70.38791564860293,211,455,60601.75,332194.2495026745,1866,1881052,32
rap_progcld_thompson_debug_intel,wcoss2,intel,347.75,20.13940775397456,333,467,1198.125,7.44804700947302,1184,1218,48
