test_name,machine,compiler,core_mean,core_std,core_min,core_max,mem_mean,mem_std,mem_min,mem_max,n_hashes
rap_decomp_intel,acorn,intel,287.0208333333333,84.37214665519465,229,465,1012.0625,3.041599872967199,1005,1018,48
rap_decomp_intel,derecho,intel,350.2,75.50246500758914,207,389,500865.1,526903.0314225969,1002,1003164,10
rap_decomp_intel,gaeac6,intel,185.54347826086956,57.29716166006408,144,305,157881.5652173913,940648.9387756295,853,6339576,46
rap_decomp_intel,hera,intel,285.8958333333333,100.19815252540111,210,492,1162.2916666666667,8.984521757204178,1144,1181,48
rap_decomp_intel,hercules,intel,256.0851063829787,98.87823644727496,177,515,285261.08510638296,490847.74652807385,1049,1149600,47
rap_decomp_intel,orion,intel,343.6808510638298,170.85069840971101,258,1111,45080.31914893617,211182.37715529473,1027,1036924,47
rap_decomp_intel,ursa,intel,196.69387755102042,61.3236645735942,149,334,39144.77551020408,261826.14046540702,1703,1834524,49
rap_decomp_intel,wcoss2,intel,313.6875,85.02694347688427,240,485,1016.0208333333334,5.373257593222201,994,1023,48
