test_name,machine,compiler,core_mean,core_std,core_min,core_max,mem_mean,mem_std,mem_min,mem_max,n_hashes
rap_control_debug_gnu,derecho,gnu,163.875,12.650184738297048,155,220,964.25,2.211629342323443,961,968,24
rap_control_debug_gnu,hera,gnu,153.54285714285714,3.0131365048133234,149,163,952.2,5.312582179295089,944,962,35
rap_control_debug_gnu,hercules,gnu,127.55319148936171,22.400318816285413,114,270,946.0425531914893,3.3294303391089155,941,954,47
rap_control_debug_gnu,ursa,gnu,126.38775510204081,57.7944692879181,107,417,855.4081632653061,3.246269444473515,847,863,49
