test_name,machine,compiler,core_mean,core_std,core_min,core_max,mem_mean,mem_std,mem_min,mem_max,n_hashes
rap_noah_sfcdiff_cires_ugwp_debug_intel,acorn,intel,541.25,6.951197661998311,526,554,1192.4166666666667,2.9952681358559228,1185,1198,48
rap_noah_sfcdiff_cires_ugwp_debug_intel,derecho,intel,453.4347826086956,5.007504250046054,447,461,257948.08695652173,498123.7236894713,1178,1184320,23
rap_noah_sfcdiff_cires_ugwp_debug_intel,gaeac6,intel,328.6808510638298,39.63590071320319,315,593,89703.27659574468,293844.084578784,1025,1046032,47
rap_noah_sfcdiff_cires_ugwp_debug_intel,hera,intel,492.8541666666667,30.671901052663777,474,652,2779277.3125,19246242.507463545,1233,133343201,48
rap_noah_sfcdiff_cires_ugwp_debug_intel,hercules,intel,444.42857142857144,94.87952887741376,392,956,634959.8367346938,627356.4451413815,1228,1248868,49
rap_noah_sfcdiff_cires_ugwp_debug_intel,orion,intel,496.0204081632653,48.85799567621045,465,713,75387.89795918367,293447.46651120286,1201,1214372,49
rap_noah_sfcdiff_cires_ugwp_debug_intel,ursa,intel,367.7317073170732,105.09686588815195,334,844,47778.53658536585,293942.05561786296,1840,1884020,41
rap_noah_sfcdiff_cires_ugwp_debug_intel,wcoss2,intel,545.6041666666666,21.065995169520676,526,630,1192.9791666666667,5.99818973873319,1177,1200,48
