test_name,machine,compiler,core_mean,core_std,core_min,core_max,mem_mean,mem_std,mem_min,mem_max,n_hashes
rap_clm_lake_debug_gnu,derecho,gnu,160.92307692307693,3.7515125154857394,153,168,965.0769230769231,2.18948536278417,962,971,26
rap_clm_lake_debug_gnu,hera,gnu,153.4848484848485,3.1337000107820985,148,165,953.8181818181819,4.626381857446283,946,966,33
rap_clm_lake_debug_gnu,hercules,gnu,124.72340425531915,9.681228200154147,114,162,948.4042553191489,3.5549082692750718,944,958,47
rap_clm_lake_debug_gnu,ursa,gnu,118.40816326530613,38.03721772123704,106,330,856.530612244898,2.6068982272706247,854,863,49
