test_name,machine,compiler,core_mean,core_std,core_min,core_max,mem_mean,mem_std,mem_min,mem_max,n_hashes
rap_2threads_gnu,derecho,gnu,435.5,15.330964142494805,427,488,1029.0,1.1094003924504434,1028,1031,14
rap_2threads_gnu,hera,gnu,456.04545454545456,47.29568274975346,411,521,1013.5,6.993352325186031,998,1024,44
rap_2threads_gnu,hercules,gnu,238.67391304347825,34.072507227855574,208,348,995.2391304347826,7.030678116839624,985,1006,46
rap_2threads_gnu,ursa,gnu,162.0408163265306,3.824042274835348,157,174,902.9591836734694,6.062037555123553,896,912,49
