test_name,machine,compiler,core_mean,core_std,core_min,core_max,mem_mean,mem_std,mem_min,mem_max,n_hashes
rap_restart_gnu,derecho,gnu,145.9142857142857,2.214543221676247,142,151,704.6571428571428,1.0831016774511282,703,707,35
rap_restart_gnu,hera,gnu,186.29166666666666,2.1964233112765066,184,192,680.875,1.8489127239731067,677,684,24
rap_restart_gnu,hercules,gnu,141.5531914893617,15.874245631700996,130,197,15042.765957446809,98502.82536958958,672,675976,47
rap_restart_gnu,ursa,gnu,149.0,107.65802338887706,108,729,580.1428571428571,2.3717082451263107,572,582,49
