test_name,machine,compiler,core_mean,core_std,core_min,core_max,mem_mean,mem_std,mem_min,mem_max,n_hashes
rap_unified_drag_suite_debug_intel,acorn,intel,341.8333333333333,5.419952631234223,332,356,1195.8958333333333,3.2566761761514202,1190,1207,48
rap_unified_drag_suite_debug_intel,derecho,intel,283.1304347826087,3.841216045923803,277,290,259592.65217391305,501312.93083195854,1179,1190656,23
rap_unified_drag_suite_debug_intel,gaeac6,intel,201.7872340425532,2.3306667287613485,197,206,90042.85106382979,294954.6903060948,1032,1049160,47
rap_unified_drag_suite_debug_intel,hera,intel,301.9166666666667,25.70771333321374,286,433,1323.9583333333333,38.18262851831134,1228,1355,48
rap_unified_drag_suite_debug_intel,hercules,intel,268.7755102040816,49.80431093545117,240,585,636034.2857142857,628427.637075894,1233,1260352,49
rap_unified_drag_suite_debug_intel,orion,intel,306.0408163265306,31.397292335269835,287,491,75862.48979591837,295324.32298887684,1206,1224268,49
rap_unified_drag_suite_debug_intel,ursa,intel,218.2439024390244,11.976603207514389,210,268,47656.19512195122,293132.43515493296,1863,1878840,41
rap_unified_drag_suite_debug_intel,wcoss2,intel,347.5,10.214716125860509,327,368,1197.0625,4.839580824120169,1187,1205,48
