test_name,machine,compiler,core_mean,core_std,core_min,core_max,mem_mean,mem_std,mem_min,mem_max,n_hashes
rap_control_dyn64_phy32_gnu,derecho,gnu,277.74285714285713,4.822391749419985,272,292,843.8285714285714,2.583724105259869,839,848,35
rap_control_dyn64_phy32_gnu,hera,gnu,344.0833333333333,4.2109243709631095,339,357,824.0416666666666,1.6805580508625368,822,828,24
rap_control_dyn64_phy32_gnu,hercules,gnu,292.2340425531915,39.245721320905155,259,439,18137.808510638297,118734.30286488553,815,814820,47
rap_control_dyn64_phy32_gnu,ursa,gnu,293.6530612244898,228.7655778867318,215,1489,733.0204081632653,0.8536635734284606,731,735,49
