test_name,machine,compiler,core_mean,core_std,core_min,core_max,mem_mean,mem_std,mem_min,mem_max,n_hashes
rap_noah_sfcdiff_cires_ugwp_debug_intel,acorn,intel,541.6739130434783,8.443417811989823,524,562,1185.2173913043478,3.2243038420254386,1179,1191,46
rap_noah_sfcdiff_cires_ugwp_debug_intel,derecho,intel,475.20588235294116,7.0572524989704535,466,497,1126.8823529411766,3.5993661553310377,1113,1130,34
rap_noah_sfcdiff_cires_ugwp_debug_intel,gaeac6,intel,332.5531914893617,4.332930079199362,324,344,139956.06382978722,923949.8867210749,1023,6339448,47
rap_noah_sfcdiff_cires_ugwp_debug_intel,hera,intel,488.28,23.15080992103732,474,595,1339.52,2.501999200639365,1335,1344,25
rap_noah_sfcdiff_cires_ugwp_debug_intel,hercules,intel,430.0425531914894,35.29315578852948,396,510,27463.382978723403,179804.2394614999,1224,1233912,47
rap_noah_sfcdiff_cires_ugwp_debug_intel,orion,intel,488.04347826086956,12.486359707455216,471,535,27492.58695652174,178262.4527430866,1199,1210244,46
rap_noah_sfcdiff_cires_ugwp_debug_intel,ursa,intel,382.55102040816325,131.28072040867391,335,920,1865.7551020408164,7.723154073533557,1847,1881,49
rap_noah_sfcdiff_cires_ugwp_debug_intel,wcoss2,intel,549.9574468085107,23.349850988080984,537,677,1148.7659574468084,49.49361520788294,1084,1196,47
