test_name,machine,compiler,core_mean,core_std,core_min,core_max,mem_mean,mem_std,mem_min,mem_max,n_hashes
rap_sfcdiff_gnu,derecho,gnu,261.3636363636364,10.644300651693205,256,318,955.6060606060606,1.836086087636444,952,959,33
rap_sfcdiff_gnu,hera,gnu,357.03846153846155,3.328432294408512,353,367,939.6538461538462,3.297784804286748,932,945,26
rap_sfcdiff_gnu,hercules,gnu,270.5744680851064,29.601516324888745,247,364,935.0851063829788,2.5437885750438505,930,941,47
rap_sfcdiff_gnu,ursa,gnu,308.16326530612247,288.2898098368763,205,1487,847.3877551020408,3.8287091304305494,842,871,49
