test_name,machine,compiler,core_mean,core_std,core_min,core_max,mem_mean,mem_std,mem_min,mem_max,n_hashes
rap_noah_sfcdiff_cires_ugwp_debug_gnu,hera,gnu,252.73469387755102,29.793578384027153,237,423,937.9591836734694,40.39851440321034,837,991,49
rap_noah_sfcdiff_cires_ugwp_debug_gnu,hercules,gnu,206.42,37.0328535883742,181,351,702713.86,444668.91129252786,943,1095272,50
rap_noah_sfcdiff_cires_ugwp_debug_gnu,ursa,gnu,188.76666666666668,74.58236980049288,165,567,29493.266666666666,156835.01562226718,858,859880,30
