test_name,machine,compiler,core_mean,core_std,core_min,core_max,mem_mean,mem_std,mem_min,mem_max,n_hashes
rap_control_intel,acorn,intel,233.15217391304347,7.994351870899141,219,253,1013.0,2.347575581554514,1009,1019,46
rap_control_intel,derecho,intel,199.7,9.504015771739526,193,235,964.3,2.992974229231204,953,967,20
rap_control_intel,gaeac6,intel,148.93478260869566,6.468392120021595,141,172,141272.97826086957,934161.6046868381,853,6339304,46
rap_control_intel,hera,intel,214.57894736842104,20.15833484509286,200,261,1169.1842105263158,8.100234441578555,1150,1183,38
rap_control_intel,hercules,intel,194.69565217391303,55.984866830328905,168,469,1097.0,13.30997954752579,1075,1128,46
rap_control_intel,orion,intel,258.15555555555557,7.582742234705037,249,275,1040.8,3.9519845417438577,1035,1053,45
rap_control_intel,ursa,intel,227.40816326530611,189.26997014486864,144,800,1808.3877551020407,54.441412058641305,1764,1983,49
rap_control_intel,wcoss2,intel,264.39130434782606,66.0230526275548,230,604,999.1086956521739,35.747402865022245,914,1022,46
