test_name,machine,compiler,core_mean,core_std,core_min,core_max,mem_mean,mem_std,mem_min,mem_max,n_hashes
rap_noah_sfcdiff_cires_ugwp_debug_gnu,derecho,gnu,243.28,4.99599839871872,234,253,962.0,1.802775637731977,960,965,25
rap_noah_sfcdiff_cires_ugwp_debug_gnu,hera,gnu,242.94117647058823,2.81706032541111,238,248,947.4117647058823,4.112933385537372,939,955,34
rap_noah_sfcdiff_cires_ugwp_debug_gnu,hercules,gnu,198.3404255319149,15.697239574198036,181,255,940.6595744680851,7.01326877749746,905,962,47
rap_noah_sfcdiff_cires_ugwp_debug_gnu,ursa,gnu,179.91836734693877,46.09990814103914,166,417,854.6122448979592,6.207577112323491,848,884,49
