test_name,machine,compiler,core_mean,core_std,core_min,core_max,mem_mean,mem_std,mem_min,mem_max,n_hashes
rap_control_gnu,derecho,gnu,262.8695652173913,12.252288646416185,255,317,955.8695652173913,1.5463842820676685,953,958,23
rap_control_gnu,hera,gnu,356.9142857142857,3.415978273207419,350,366,941.7714285714286,3.9637008426150575,936,951,35
rap_control_gnu,hercules,gnu,284.1521739130435,50.91560223276003,247,487,936.9782608695652,3.574534191470273,932,945,46
rap_control_gnu,ursa,gnu,256.734693877551,205.18820380224554,203,1455,848.2857142857143,2.8136571693557015,846,855,49
