test_name,machine,compiler,core_mean,core_std,core_min,core_max,mem_mean,mem_std,mem_min,mem_max,n_hashes
regional_netcdf_parallel_intel,derecho,intel,277.88461538461536,15.031505375249479,258,302,168439.73076923078,350217.6524419702,857,877676,26
regional_netcdf_parallel_intel,gaeac6,intel,197.87234042553192,2.8712746849393747,194,210,74231.51063829787,243150.2800443516,848,865844,47
regional_netcdf_parallel_intel,hera,intel,324.3333333333333,22.794487326594332,314,438,1197.25,47.472500438383705,1067,1230,48
regional_netcdf_parallel_intel,hercules,intel,314.8979591836735,58.59011751778879,265,477,660474.0408163265,601287.2658576263,1190,1206732,49
regional_netcdf_parallel_intel,orion,intel,423.0,82.5156550803139,376,787,67211.02040816327,261627.01421015454,1072,1084388,49
regional_netcdf_parallel_intel,ursa,intel,216.05263157894737,5.642250693440023,212,243,46528.52631578947,276196.31518577866,1712,1704312,38
regional_netcdf_parallel_intel,wcoss2,intel,350.7291666666667,46.3464013537159,316,569,873.2083333333334,2.1234088744814974,870,879,48
