test_name,machine,compiler,core_mean,core_std,core_min,core_max,mem_mean,mem_std,mem_min,mem_max,n_hashes
regional_spp_sppt_shum_skeb_intel,acorn,intel,258.8125,5.5721810925040405,249,270,1200.375,9.32081861074804,1176,1218,48
regional_spp_sppt_shum_skeb_intel,derecho,intel,224.625,7.623428799868641,214,238,381281.3125,582221.6414323923,1213,1226368,16
regional_spp_sppt_shum_skeb_intel,gaeac6,intel,184.27659574468086,141.91297120719713,156,1136,104925.36170212766,343723.7140930025,1177,1220988,47
regional_spp_sppt_shum_skeb_intel,hera,intel,250.8125,27.338427673507027,224,381,1323.0625,6.047353034460944,1311,1341,48
regional_spp_sppt_shum_skeb_intel,hercules,intel,220.39583333333334,48.156544188998346,185,504,542735.7916666666,706239.1167556995,1413,1480492,48
regional_spp_sppt_shum_skeb_intel,orion,intel,322.8958333333333,74.1657831248671,300,803,57798.729166666664,273550.3715310901,1339,1357296,48
regional_spp_sppt_shum_skeb_intel,ursa,intel,170.26530612244898,8.594512566661546,155,201,34464.97959183674,229962.69075869405,1593,1611352,49
regional_spp_sppt_shum_skeb_intel,wcoss2,intel,285.2708333333333,47.02861943645902,252,499,1201.8958333333333,10.02600784626329,1165,1216,48
