test_name,machine,compiler,core_mean,core_std,core_min,core_max,mem_mean,mem_std,mem_min,mem_max,n_hashes
regional_noquilt_intel,acorn,intel,299.8085106382979,6.8766722800075115,286,316,1168.6382978723404,3.4289403352036762,1160,1176,47
regional_noquilt_intel,derecho,intel,267.5,3.9115214431215874,262,280,1140.1538461538462,2.1107782013714105,1136,1144,26
regional_noquilt_intel,gaeac6,intel,191.08510638297872,3.450455466053611,185,199,139094.4255319149,924037.4392555451,1147,6339168,47
regional_noquilt_intel,hera,intel,296.6666666666667,10.12628592657084,283,331,1500.4242424242425,3.799920254346604,1491,1508,33
regional_noquilt_intel,hercules,intel,281.59574468085106,43.70536708384216,245,399,1501.9574468085107,3.5198656521329634,1497,1515,47
regional_noquilt_intel,orion,intel,374.10869565217394,21.744197960088943,357,449,1362.7391304347825,3.4924348883372662,1355,1371,46
regional_noquilt_intel,ursa,intel,207.3265306122449,5.88567383250082,200,238,1988.857142857143,3.5059473279937694,1982,1998,49
regional_noquilt_intel,wcoss2,intel,330.78723404255317,37.046349447692634,309,551,1179.3829787234042,5.581620426587042,1171,1188,47
