test_name,machine,compiler,core_mean,core_std,core_min,core_max,mem_mean,mem_std,mem_min,mem_max,n_hashes
regional_spp_sppt_shum_skeb_intel,acorn,intel,257.48936170212767,5.543787515634182,249,270,1196.595744680851,12.209510858820552,1172,1218,47
regional_spp_sppt_shum_skeb_intel,derecho,intel,232.1,23.144233743106632,220,296,1168.0,36.06167556346273,1143,1228,10
regional_spp_sppt_shum_skeb_intel,gaeac6,intel,162.7826086956522,3.9152865283442315,156,172,139983.63043478262,934283.0386574713,1171,6338832,46
regional_spp_sppt_shum_skeb_intel,hera,intel,239.97916666666666,11.49928690357713,224,259,1320.1041666666667,6.93200896039164,1306,1341,48
regional_spp_sppt_shum_skeb_intel,hercules,intel,214.08695652173913,47.69291868562484,185,504,126831.86956521739,410814.21569234424,1413,1445776,46
regional_spp_sppt_shum_skeb_intel,orion,intel,312.5869565217391,10.1293327343173,304,371,30831.91304347826,199922.60338917002,1339,1357296,46
regional_spp_sppt_shum_skeb_intel,ursa,intel,166.0408163265306,6.984981459273489,155,184,34464.244897959186,229962.7978805784,1590,1611352,49
regional_spp_sppt_shum_skeb_intel,wcoss2,intel,284.72340425531917,41.75378250382236,252,470,1199.659574468085,9.311695768003554,1182,1216,47
