test_name,machine,compiler,core_mean,core_std,core_min,core_max,mem_mean,mem_std,mem_min,mem_max,n_hashes
regional_debug_intel,acorn,intel,1103.3125,12.559909624962867,1086,1148,936.9375,8.501329683230685,924,960,48
regional_debug_intel,derecho,intel,958.7857142857143,15.69996850280315,936,982,331280.64285714284,459987.6090596366,918,943560,14
regional_debug_intel,gaeac6,intel,676.4893617021277,10.81639725526566,656,700,58566.085106382976,223235.26768556258,881,905224,47
regional_debug_intel,hera,intel,1054.4166666666667,23.01787772657289,1011,1102,1226.8125,8.89574665279076,1188,1244,48
regional_debug_intel,hercules,intel,970.7916666666666,100.49853567967477,849,1232,387452.7708333333,552098.8937420556,1142,1171272,48
regional_debug_intel,orion,intel,1073.8333333333333,54.85467583527319,1000,1281,46835.770833333336,221692.14965335396,1066,1104168,48
regional_debug_intel,ursa,intel,819.5714285714286,313.01124846667517,702,1765,35222.551020408166,235109.79479694352,1611,1647404,49
regional_debug_intel,wcoss2,intel,1140.625,34.153361879316975,1099,1257,935.25,9.411400962933541,920,951,48
