test_name,machine,compiler,core_mean,core_std,core_min,core_max,mem_mean,mem_std,mem_min,mem_max,n_hashes
regional_wofs_intel,acorn,intel,412.8666666666667,21.043893521529107,388,476,1607.7777777777778,2.7126713510091447,1601,1616,45
regional_wofs_intel,derecho,intel,364.0,11.105554165971801,353,397,1576.3783783783783,2.0996210154235913,1571,1580,37
regional_wofs_intel,gaeac6,intel,256.8085106382979,7.091447077051576,250,278,140372.2340425532,923845.113564503,1584,6339168,47
regional_wofs_intel,hera,intel,373.72727272727275,4.107853317057319,367,386,2039.0454545454545,3.933703849303601,2029,2045,22
regional_wofs_intel,hercules,intel,359.1489361702128,44.824769318936106,321,476,46554.82978723404,304862.78858731064,2065,2092120,47
regional_wofs_intel,orion,intel,461.4347826086956,7.416654453661961,454,486,43163.0,279846.9231975065,1892,1899916,46
regional_wofs_intel,ursa,intel,266.7551020408163,17.639362484045098,254,329,2634.061224489796,12.149088037217181,2614,2671,49
regional_wofs_intel,wcoss2,intel,422.9148936170213,33.24731423427739,393,601,1623.8085106382978,17.277326556819272,1600,1648,47
