test_name,machine,compiler,core_mean,core_std,core_min,core_max,mem_mean,mem_std,mem_min,mem_max,n_hashes
regional_control_intel,acorn,intel,305.6808510638298,6.984785898118379,289,317,876.3617021276596,3.673793986762092,870,886,47
regional_control_intel,derecho,intel,263.8,4.516635916254484,257,269,853.9,14.61696122850285,842,878,10
regional_control_intel,gaeac6,intel,194.2608695652174,4.181625322546757,184,201,139610.9347826087,934449.6269392279,846,6339564,46
regional_control_intel,hera,intel,305.7708333333333,13.756607052200561,282,325,1220.0833333333333,6.674286425587363,1199,1230,48
regional_control_intel,hercules,intel,295.89130434782606,60.09186606479915,242,479,131193.97826086957,376378.2570980357,1169,1199636,46
regional_control_intel,orion,intel,397.60869565217394,89.3590704867775,359,937,24630.956521739132,159720.1097930664,1065,1084356,46
regional_control_intel,ursa,intel,241.9795918367347,114.07097384887153,203,683,36832.204081632655,245807.88702188915,1698,1722372,49
regional_control_intel,wcoss2,intel,357.0425531914894,63.28814623773606,308,635,873.4893617021277,2.030981133917158,869,879,47
