test_name,machine,compiler,core_mean,core_std,core_min,core_max,mem_mean,mem_std,mem_min,mem_max,n_hashes
regional_debug_intel,acorn,intel,1113.1914893617022,13.10764512706449,1091,1162,937.6595744680851,9.734020563812548,926,960,47
regional_debug_intel,derecho,intel,979.6071428571429,10.521017010812237,963,1008,887.4285714285714,6.2682537672788,879,900,28
regional_debug_intel,gaeac6,intel,690.3404255319149,8.164814744682644,666,707,139229.55319148937,924037.7444827062,884,6339304,47
regional_debug_intel,hera,intel,1062.032258064516,18.6984560342429,1028,1109,1221.8709677419354,10.528507129008815,1200,1238,31
regional_debug_intel,hercules,intel,982.8723404255319,106.69921498861153,853,1232,1153.7659574468084,8.156653101869392,1133,1166,47
regional_debug_intel,orion,intel,1068.4565217391305,44.87845636171801,1014,1281,1092.0217391304348,10.750688102907208,1059,1124,46
regional_debug_intel,ursa,intel,724.0,8.093207028119327,706,744,1630.795918367347,9.217238360441625,1614,1649,49
regional_debug_intel,wcoss2,intel,1135.4468085106382,22.802372598366002,1104,1219,946.7021276595744,19.929129754355912,928,995,47
