test_name,machine,compiler,core_mean,core_std,core_min,core_max,mem_mean,mem_std,mem_min,mem_max,n_hashes
regional_wofs_intel,acorn,intel,414.46666666666664,22.777181564012704,388,476,1607.6222222222223,2.690799888584198,1601,1616,45
regional_wofs_intel,derecho,intel,364.85,11.102205833030405,353,397,1576.35,2.0197740416905012,1571,1580,40
regional_wofs_intel,gaeac6,intel,257.7083333333333,7.304788092615252,250,278,137777.75,914139.3010407647,1584,6339168,48
regional_wofs_intel,hera,intel,374.05,4.019361038510311,369,386,2038.7,3.9349981609037368,2029,2045,20
regional_wofs_intel,hercules,intel,359.4166666666667,44.194845821239376,321,476,45628.395833333336,301670.42017398117,2065,2092120,48
regional_wofs_intel,orion,intel,462.7659574468085,8.670822552519533,454,486,42285.085106382976,276853.82452901104,1892,1899916,47
regional_wofs_intel,ursa,intel,267.28,17.415732976307403,254,329,2634.68,12.680436482540934,2614,2671,50
regional_wofs_intel,wcoss2,intel,424.5,33.141861425143354,393,601,1625.3125,17.057046026464754,1600,1648,48
