test_name,machine,compiler,core_mean,core_std,core_min,core_max,mem_mean,mem_std,mem_min,mem_max,n_hashes
regional_spp_sppt_shum_skeb_dyn32_phy32_intel,acorn,intel,240.2340425531915,5.176085334444767,228,251,1033.0212765957447,9.49024524744321,1013,1054,47
regional_spp_sppt_shum_skeb_dyn32_phy32_intel,derecho,intel,212.46153846153845,11.723305738395524,205,251,1040.6923076923076,4.661627315730999,1035,1051,13
regional_spp_sppt_shum_skeb_dyn32_phy32_intel,gaeac6,intel,152.7826086956522,3.2992459978894244,146,160,140575.28260869565,934290.7740639937,1053,6339468,46
regional_spp_sppt_shum_skeb_dyn32_phy32_intel,hera,intel,225.8695652173913,9.387009216411005,214,244,1184.108695652174,6.630663653292305,1169,1202,46
regional_spp_sppt_shum_skeb_dyn32_phy32_intel,hercules,intel,204.7826086956522,61.82517036629384,175,588,1307.7608695652175,7.4092578204078405,1291,1321,46
regional_spp_sppt_shum_skeb_dyn32_phy32_intel,orion,intel,297.9347826086956,5.3183212635945285,289,309,1240.5217391304348,6.99122984073548,1229,1256,46
regional_spp_sppt_shum_skeb_dyn32_phy32_intel,ursa,intel,156.0612244897959,9.963282932985548,147,195,1484.2857142857142,7.900421929660886,1472,1504,49
regional_spp_sppt_shum_skeb_dyn32_phy32_intel,wcoss2,intel,266.72340425531917,57.62310154475696,232,527,1037.6170212765958,6.98306395779584,1028,1055,47
