test_name,machine,compiler,core_mean,core_std,core_min,core_max,mem_mean,mem_std,mem_min,mem_max,n_hashes
regional_noquilt_intel,acorn,intel,305.5744680851064,8.093864237672404,290,322,1168.7021276595744,3.7988264413072086,1160,1180,47
regional_noquilt_intel,derecho,intel,264.5,6.450667493454534,259,280,1151.2,11.390054140930776,1140,1167,10
regional_noquilt_intel,gaeac6,intel,193.04347826086956,4.168434407619744,185,200,139732.28260869565,934371.1893759152,1147,6339168,46
regional_noquilt_intel,hera,intel,309.4791666666667,25.614980310592788,283,455,1503.25,4.7602073975916195,1494,1513,48
regional_noquilt_intel,hercules,intel,303.82608695652175,72.67348724804853,245,517,197535.39130434784,511751.21890732454,1496,1506672,46
regional_noquilt_intel,orion,intel,387.5652173913044,44.779286964653664,357,598,30877.41304347826,200171.36412879132,1355,1358992,46
regional_noquilt_intel,ursa,intel,230.6734693877551,88.8440552679952,200,673,42612.897959183676,284345.70241171255,1984,1992412,49
regional_noquilt_intel,wcoss2,intel,356.06382978723406,62.95768221775056,310,586,1177.6382978723404,3.852867548219907,1171,1186,47
