test_name,machine,compiler,core_mean,core_std,core_min,core_max,mem_mean,mem_std,mem_min,mem_max,n_hashes
regional_control_faster_intel,acorn,intel,296.97872340425533,4.29605158307488,285,304,876.6170212765958,3.3463360332405565,871,882,47
regional_control_faster_intel,derecho,intel,265.0,14.892719813663167,246,292,145020.86666666667,327843.52767006704,849,869816,30
regional_control_faster_intel,gaeac6,intel,189.19565217391303,3.0008855375808423,184,200,75608.80434782608,244884.64137327278,839,863408,46
regional_control_faster_intel,hera,intel,300.2291666666667,22.620118688980092,285,411,1187.625,50.38516541222234,1102,1227,48
regional_control_faster_intel,hercules,intel,269.2448979591837,59.73885203263342,240,633,805340.3265306122,565747.5479526473,1189,1204388,49
regional_control_faster_intel,orion,intel,439.875,118.19342693319608,362,802,68436.4375,263634.501484327,1066,1080272,48
regional_control_faster_intel,ursa,intel,207.15151515151516,9.209781526050207,200,244,54015.15151515151,300410.6198479759,1706,1727448,33
regional_control_faster_intel,wcoss2,intel,338.8936170212766,28.857396039801724,305,430,871.7234042553191,1.8498193526322249,868,876,47
