test_name,machine,compiler,core_mean,core_std,core_min,core_max,mem_mean,mem_std,mem_min,mem_max,n_hashes
regional_2dwrtdecomp_intel,acorn,intel,306.44444444444446,8.648582531142328,291,331,880.0,4.12861411922387,871,890,45
regional_2dwrtdecomp_intel,derecho,intel,274.19565217391306,12.328142268299786,265,308,851.1739130434783,6.194278176317557,832,859,46
regional_2dwrtdecomp_intel,gaeac6,intel,196.22916666666666,4.288726356258374,187,207,6339.104166666667,0.8052905735210549,6338,6342,48
regional_2dwrtdecomp_intel,hera,intel,293.7,3.9171985454460194,287,301,1218.2,4.802776974487399,1211,1225,10
regional_2dwrtdecomp_intel,hercules,intel,286.8333333333333,36.250507455484566,251,390,26205.458333333332,173247.90919274554,1179,1201496,48
regional_2dwrtdecomp_intel,orion,intel,396.82978723404256,39.2341461467787,365,499,24165.255319148935,158231.30188367586,1072,1085864,47
regional_2dwrtdecomp_intel,ursa,intel,209.0,6.788345354580973,202,238,1714.28,7.8038190545870565,1693,1729,50
regional_2dwrtdecomp_intel,wcoss2,intel,321.81632653061223,8.146250337291573,307,342,902.9591836734694,16.242894835990914,873,919,49
