test_name,machine,compiler,core_mean,core_std,core_min,core_max,mem_mean,mem_std,mem_min,mem_max,n_hashes
regional_netcdf_parallel_intel,derecho,intel,267.0,2.0548046676563296,264,270,843.8,3.645392830531296,842,854,10
regional_netcdf_parallel_intel,gaeac6,intel,193.8695652173913,4.187859148921765,183,202,140074.63043478262,934300.3524974743,844,6339032,46
regional_netcdf_parallel_intel,hera,intel,303.1458333333333,13.113237721710812,280,323,1218.0,5.668126637123374,1210,1236,48
regional_netcdf_parallel_intel,hercules,intel,291.1521739130435,61.71942514001186,249,477,53114.260869565216,246212.5701888454,1178,1195456,46
regional_netcdf_parallel_intel,orion,intel,385.60869565217394,42.114910666925205,359,597,24631.32608695652,159724.87711284528,1067,1084388,46
regional_netcdf_parallel_intel,ursa,intel,210.3469387755102,6.587712742953598,200,225,1715.857142857143,9.800085033644816,1693,1738,49
regional_netcdf_parallel_intel,wcoss2,intel,352.21276595744683,56.6564537059194,308,569,873.4255319148937,1.9308106075480782,870,879,47
