test_name,machine,compiler,core_mean,core_std,core_min,core_max,mem_mean,mem_std,mem_min,mem_max,n_hashes
regional_atmaq_debug_intel,acorn,intel,2432.9574468085107,11.253902601954545,2416,2456,1941.0212765957447,46.70512929735551,1862,1988,47
regional_atmaq_debug_intel,derecho,intel,2055.2,8.011103405759929,2044,2069,2938.2,1.0327955589886983,2937,2939,10
regional_atmaq_debug_intel,gaeac6,intel,1552.9347826086957,18.775163468929538,1520,1618,141615.08695652173,934153.6260834625,2980,6339612,46
regional_atmaq_debug_intel,hera,intel,2378.0416666666665,25.7846716244389,2325,2441,2936.7708333333335,14.685699489760184,2851,2949,48
regional_atmaq_debug_intel,hercules,intel,1942.608695652174,141.3346663869318,1858,2680,131386.10869565216,609039.6284142666,2952,2957264,46
regional_atmaq_debug_intel,orion,intel,2390.6304347826085,21.271116248881473,2350,2441,66361.97826086957,430215.85447305086,2922,2920796,46
regional_atmaq_debug_intel,ursa,intel,1631.1632653061224,15.491055132419024,1605,1678,2889.7551020408164,1.8203778481963182,2887,2896,49
regional_atmaq_debug_intel,wcoss2,intel,2462.2340425531916,20.73980919575714,2428,2534,1909.6382978723404,58.5808343535794,1782,1962,47
