test_name,machine,compiler,core_mean,core_std,core_min,core_max,mem_mean,mem_std,mem_min,mem_max,n_hashes
regional_spp_sppt_shum_skeb_dyn32_phy32_intel,acorn,intel,241.70833333333334,4.703816166138165,232,251,1039.2708333333333,7.805452495049876,1024,1054,48
regional_spp_sppt_shum_skeb_dyn32_phy32_intel,derecho,intel,212.84615384615384,6.718707140590782,206,230,409008.76923076925,537087.6750491416,1056,1062756,13
regional_spp_sppt_shum_skeb_dyn32_phy32_intel,gaeac6,intel,153.4468085106383,3.7463519103853313,146,162,46518.87234042553,217933.20936267098,1053,1070140,47
regional_spp_sppt_shum_skeb_dyn32_phy32_intel,hera,intel,234.25,17.493463824976015,214,338,1181.9166666666667,7.295680253040869,1163,1202,48
regional_spp_sppt_shum_skeb_dyn32_phy32_intel,hercules,intel,211.22916666666666,63.49844681743759,176,588,408658.0416666667,610618.1750578482,1294,1332328,48
regional_spp_sppt_shum_skeb_dyn32_phy32_intel,orion,intel,309.1458333333333,63.703097751369725,282,643,52624.895833333336,249063.2110978921,1222,1235384,48
regional_spp_sppt_shum_skeb_dyn32_phy32_intel,ursa,intel,159.73469387755102,8.760173871476717,147,191,31759.61224489796,211939.0567975671,1441,1485056,49
regional_spp_sppt_shum_skeb_dyn32_phy32_intel,wcoss2,intel,269.6458333333333,56.025636071026625,235,527,1041.9166666666667,6.594108696673518,1028,1055,48
