test_name,machine,compiler,core_mean,core_std,core_min,core_max,mem_mean,mem_std,mem_min,mem_max,n_hashes
regional_noquilt_intel,acorn,intel,307.25,7.76380034162913,290,324,1170.0208333333333,4.488707264658954,1163,1181,48
regional_noquilt_intel,derecho,intel,272.75,16.846364592991552,259,303,364489.5,556575.9098517769,1155,1165792,16
regional_noquilt_intel,gaeac6,intel,195.80851063829786,8.679406656419143,185,244,100585.91489361702,329500.5952411216,1150,1173992,47
regional_noquilt_intel,hera,intel,320.1458333333333,33.83564127613627,283,455,1505.7291666666667,5.1889390681027985,1494,1525,48
regional_noquilt_intel,hercules,intel,314.0625,70.59847694397173,245,517,564904.1041666666,735049.0000487373,1496,1507716,48
regional_noquilt_intel,orion,intel,391.3958333333333,44.4482676029989,357,598,58133.8125,275138.9637142886,1355,1368664,48
regional_noquilt_intel,ursa,intel,312.7755102040816,425.9383398894201,200,2932,42615.42857142857,284345.33335467865,1986,1992412,49
regional_noquilt_intel,wcoss2,intel,356.5208333333333,53.64183409660995,313,586,1179.2916666666667,3.512641809560094,1171,1186,48
