test_name,machine,compiler,core_mean,core_std,core_min,core_max,mem_mean,mem_std,mem_min,mem_max,n_hashes
regional_spp_sppt_shum_skeb_intel,acorn,intel,254.65217391304347,5.421018318870235,244,269,1191.1304347826087,11.269642004867485,1172,1217,46
regional_spp_sppt_shum_skeb_intel,derecho,intel,227.26315789473685,16.91758488563226,219,296,1147.1052631578948,3.3148610971754455,1143,1159,19
regional_spp_sppt_shum_skeb_intel,gaeac6,intel,162.32608695652175,3.8416104714680084,156,172,141318.0652173913,934083.1819564729,1171,6338832,46
regional_spp_sppt_shum_skeb_intel,hera,intel,234.51282051282053,9.689581477224817,224,253,1318.128205128205,7.927897070271195,1306,1341,39
regional_spp_sppt_shum_skeb_intel,hercules,intel,209.6086956521739,48.777717253712176,185,504,1435.7826086956522,11.67506943777259,1413,1484,46
regional_spp_sppt_shum_skeb_intel,orion,intel,314.46666666666664,5.833290043129375,304,329,1354.0444444444445,5.338349913407784,1339,1370,45
regional_spp_sppt_shum_skeb_intel,ursa,intel,163.24489795918367,6.34274721054456,155,184,1611.7551020408164,11.065205624397759,1590,1640,49
regional_spp_sppt_shum_skeb_intel,wcoss2,intel,277.5869565217391,41.693898347603465,247,470,1179.7826086956522,41.69567685742783,1072,1216,46
