test_name,machine,compiler,core_mean,core_std,core_min,core_max,mem_mean,mem_std,mem_min,mem_max,n_hashes
regional_debug_intel,acorn,intel,1115.4,11.374612880525564,1100,1162,939.0444444444445,10.455436940470795,926,960,45
regional_debug_intel,derecho,intel,979.2926829268292,10.675307729613728,963,1013,888.560975609756,6.168665903126078,879,900,41
regional_debug_intel,gaeac6,intel,694.1666666666666,7.847843811026685,681,714,137822.1875,914152.8852890668,893,6339304,48
regional_debug_intel,hera,intel,1066.2105263157894,18.332057371865844,1041,1109,1218.9473684210527,10.824220188542691,1200,1237,19
regional_debug_intel,hercules,intel,978.9791666666666,88.40874357051067,865,1161,25406.8125,168012.93620555205,1133,1165184,48
regional_debug_intel,orion,intel,1073.404255319149,39.186654546440806,1014,1168,24238.659574468085,158678.79695558856,1059,1088940,47
regional_debug_intel,ursa,intel,729.58,11.628764477162054,710,780,1628.1,8.202164970547795,1614,1643,50
regional_debug_intel,wcoss2,intel,1131.0833333333333,14.899426425249315,1116,1213,957.75,23.04066710027137,928,995,48
