test_name,machine,compiler,core_mean,core_std,core_min,core_max,mem_mean,mem_std,mem_min,mem_max,n_hashes
regional_2dwrtdecomp_intel,acorn,intel,309.17021276595744,5.81721264844468,300,319,877.6170212765958,2.489571217572122,871,884,47
regional_2dwrtdecomp_intel,derecho,intel,277.7241379310345,15.25005047233835,259,305,150104.58620689655,332740.4850485175,860,869512,29
regional_2dwrtdecomp_intel,gaeac6,intel,198.30434782608697,3.068619416084853,194,215,75778.91304347826,245436.15034689446,855,867252,46
regional_2dwrtdecomp_intel,hera,intel,328.1875,28.441546064748163,313,454,1190.3541666666667,50.044018744068865,1096,1226,48
regional_2dwrtdecomp_intel,hercules,intel,316.0612244897959,95.27797230631391,264,799,758614.8979591837,583143.4816928725,1185,1206440,49
regional_2dwrtdecomp_intel,orion,intel,439.8541666666667,101.6546070338461,377,859,68641.58333333333,264426.63080822374,1070,1082708,48
regional_2dwrtdecomp_intel,ursa,intel,230.44117647058823,81.44646547252934,212,690,52357.617647058825,295260.03512322926,1698,1723368,34
regional_2dwrtdecomp_intel,wcoss2,intel,349.1489361702128,44.38026330006156,313,556,873.2978723404256,2.21570377098115,870,880,47
