test_name,machine,compiler,core_mean,core_std,core_min,core_max,mem_mean,mem_std,mem_min,mem_max,n_hashes
regional_debug_intel,acorn,intel,1111.8260869565217,14.805861223517075,1086,1162,936.0869565217391,8.70970362286038,926,960,46
regional_debug_intel,derecho,intel,976.625,11.1347803450869,963,1006,886.25,6.038763670377183,879,896,16
regional_debug_intel,gaeac6,intel,685.1555555555556,10.987504381125424,656,704,143926.06666666668,944546.0335337964,881,6339304,45
regional_debug_intel,hera,intel,1061.7619047619048,22.616429948169642,1021,1109,1223.2142857142858,10.196928553068073,1200,1244,42
regional_debug_intel,hercules,intel,977.1521739130435,109.11216805375697,853,1232,1154.2826086956522,7.295852835620653,1133,1166,46
regional_debug_intel,orion,intel,1066.9333333333334,43.28888162943544,1000,1281,1091.9333333333334,10.333968699919124,1059,1124,45
regional_debug_intel,ursa,intel,742.204081632653,147.9497352132131,706,1755,1632.4897959183672,9.213039782873823,1614,1649,49
regional_debug_intel,wcoss2,intel,1144.5217391304348,31.885725911576944,1104,1257,936.9130434782609,13.541419730190015,922,995,46
