test_name,machine,compiler,core_mean,core_std,core_min,core_max,mem_mean,mem_std,mem_min,mem_max,n_hashes
regional_atmaq_intel,acorn,intel,923.0909090909091,47.319703444105194,876,1016,2399.931818181818,5.358747368697534,2389,2411,44
regional_atmaq_intel,derecho,intel,917.4318181818181,103.44539009303926,788,1195,2918.568181818182,22.624742298183058,2836,2926,44
regional_atmaq_intel,gaeac6,intel,777.0212765957447,23.73722939191602,746,840,6338.68085106383,0.5558535535443663,6338,6340,47
regional_atmaq_intel,hera,intel,785.7692307692307,8.747893519336008,777,808,2925.153846153846,4.70542512861758,2917,2933,13
regional_atmaq_intel,hercules,intel,761.3695652173913,122.51337499693693,689,1513,66980.0,434307.8569449198,2940,2948564,46
regional_atmaq_intel,orion,intel,1106.4666666666667,36.541134977646095,1046,1193,65722.6,421334.5749675773,2832,2829312,45
regional_atmaq_intel,ursa,intel,671.92,50.619363883794506,615,804,2876.78,1.6449055552566896,2872,2880,50
regional_atmaq_intel,wcoss2,intel,989.3125,74.07734780246132,911,1269,2340.9166666666665,27.94206265199874,2297,2391,48
