test_name,machine,compiler,core_mean,core_std,core_min,core_max,mem_mean,mem_std,mem_min,mem_max,n_hashes
regional_noquilt_intel,acorn,intel,299.36170212765956,6.472099088008112,286,311,1168.7021276595744,3.3874120788655695,1160,1176,47
regional_noquilt_intel,derecho,intel,267.4074074074074,3.8656202533383843,262,280,1140.037037037037,2.1569472994076446,1136,1144,27
regional_noquilt_intel,gaeac6,intel,190.9787234042553,3.30670834426103,185,199,139204.6170212766,924020.9416421949,1147,6339168,47
regional_noquilt_intel,hera,intel,296.03125,9.596653902742986,283,331,1500.1875,3.604992058512088,1491,1507,32
regional_noquilt_intel,hercules,intel,278.48936170212767,40.229705842727896,245,396,1501.936170212766,3.5226241164861887,1497,1515,47
regional_noquilt_intel,orion,intel,373.9130434782609,21.767280325149102,357,449,1362.5869565217392,3.630586649604951,1355,1371,46
regional_noquilt_intel,ursa,intel,207.10204081632654,5.8745386271291675,200,238,1988.7755102040817,3.5015788470015075,1982,1998,49
regional_noquilt_intel,wcoss2,intel,329.8936170212766,36.80750989212437,309,551,1179.6170212765958,5.8330139553996965,1171,1191,47
