test_name,machine,compiler,core_mean,core_std,core_min,core_max,mem_mean,mem_std,mem_min,mem_max,n_hashes
regional_spp_sppt_shum_skeb_dyn32_phy32_intel,acorn,intel,245.52083333333334,7.339747758821173,234,260,1041.9166666666667,6.470336021177751,1030,1054,48
regional_spp_sppt_shum_skeb_dyn32_phy32_intel,derecho,intel,213.5151515151515,7.454533906125571,202,230,161750.27272727274,386205.1609116159,1018,1062756,33
regional_spp_sppt_shum_skeb_dyn32_phy32_intel,gaeac6,intel,156.68085106382978,1.8190583203921658,152,162,91993.68085106384,301344.8623992052,1053,1070700,47
regional_spp_sppt_shum_skeb_dyn32_phy32_intel,hera,intel,246.87755102040816,28.504848018262056,231,368,1174.204081632653,10.678989480588884,1150,1200,49
regional_spp_sppt_shum_skeb_dyn32_phy32_intel,hercules,intel,231.42,128.94692627557419,188,1096,937790.2,589982.84621127,1294,1332328,50
regional_spp_sppt_shum_skeb_dyn32_phy32_intel,orion,intel,351.18367346938777,127.9986447632337,282,900,76441.38775510204,297570.3970770906,1214,1235384,49
regional_spp_sppt_shum_skeb_dyn32_phy32_intel,ursa,intel,165.36666666666667,12.872004729144814,157,221,50932.86666666667,270862.6176157145,1441,1485056,30
regional_spp_sppt_shum_skeb_dyn32_phy32_intel,wcoss2,intel,263.3541666666667,39.98696041894281,236,527,1040.0208333333333,6.537907737851055,1027,1055,48
