test_name,machine,compiler,core_mean,core_std,core_min,core_max,mem_mean,mem_std,mem_min,mem_max,n_hashes
regional_netcdf_parallel_intel,derecho,intel,266.6666666666667,2.294421019798233,263,273,848.2333333333333,6.218345124866748,836,856,30
regional_netcdf_parallel_intel,gaeac6,intel,192.85106382978722,3.8106185929655485,183,203,139443.29787234042,923965.1591593163,844,6339032,47
regional_netcdf_parallel_intel,hera,intel,293.7241379310345,5.063148030652035,281,302,1216.4827586206898,5.054140379468087,1210,1236,29
regional_netcdf_parallel_intel,hercules,intel,279.27659574468083,35.73495556214778,249,374,1195.8510638297873,7.0278289164184,1175,1212,47
regional_netcdf_parallel_intel,orion,intel,381.5652173913044,40.85728667442486,359,597,1081.6304347826087,6.219534443642209,1067,1093,46
regional_netcdf_parallel_intel,ursa,intel,206.10204081632654,4.229090219140835,200,225,1712.9591836734694,8.796209372208423,1693,1731,49
regional_netcdf_parallel_intel,wcoss2,intel,329.97872340425533,35.42136996939543,308,546,888.3829787234042,18.936453448182696,872,921,47
