test_name,machine,compiler,core_mean,core_std,core_min,core_max,mem_mean,mem_std,mem_min,mem_max,n_hashes
regional_spp_sppt_shum_skeb_intel,acorn,intel,255.1086956521739,5.38816918347583,246,269,1191.695652173913,11.750876213603608,1172,1217,46
regional_spp_sppt_shum_skeb_intel,derecho,intel,227.11111111111111,17.394687792504147,219,296,1147.1666666666667,3.3998269852173815,1143,1159,18
regional_spp_sppt_shum_skeb_intel,gaeac6,intel,162.33333333333334,3.884701930767536,156,172,144317.6,944414.0603399016,1171,6338832,45
regional_spp_sppt_shum_skeb_intel,hera,intel,234.9,9.873040214489286,224,253,1318.275,7.880477338139012,1306,1341,40
regional_spp_sppt_shum_skeb_intel,hercules,intel,210.04347826086956,48.706356656436135,185,504,1435.8478260869565,11.67326935315485,1413,1484,46
regional_spp_sppt_shum_skeb_intel,orion,intel,314.22222222222223,5.9539478457150645,304,329,1354.088888888889,5.329259807985608,1339,1370,45
regional_spp_sppt_shum_skeb_intel,ursa,intel,163.6734693877551,6.681403779340464,155,184,1612.0408163265306,11.12047507916786,1590,1640,49
regional_spp_sppt_shum_skeb_intel,wcoss2,intel,278.2391304347826,41.502977019116074,247,470,1182.8260869565217,38.892618178675754,1072,1216,46
