test_name,machine,compiler,core_mean,core_std,core_min,core_max,mem_mean,mem_std,mem_min,mem_max,n_hashes
regional_2dwrtdecomp_intel,acorn,intel,306.1136363636364,8.45567350223038,291,331,879.9318181818181,4.150638657905421,871,890,44
regional_2dwrtdecomp_intel,derecho,intel,273.45652173913044,11.75245888548743,265,308,850.9130434782609,6.3239442226668245,832,859,46
regional_2dwrtdecomp_intel,gaeac6,intel,196.1875,4.280864150185141,187,207,6339.104166666667,0.8052905735207997,6338,6342,48
regional_2dwrtdecomp_intel,hera,intel,294.0,3.847076812334265,287,301,1217.8181818181818,4.729020655869032,1211,1225,11
regional_2dwrtdecomp_intel,hercules,intel,286.6875,36.3582389913647,251,390,26204.979166666668,173247.97981340237,1179,1201496,48
regional_2dwrtdecomp_intel,orion,intel,394.3404255319149,37.176007103544784,365,499,24165.08510638298,158231.32725343583,1072,1085864,47
regional_2dwrtdecomp_intel,ursa,intel,208.52,6.322102466097544,202,238,1714.6,7.827215732458666,1693,1729,50
regional_2dwrtdecomp_intel,wcoss2,intel,321.5625,8.034251808828218,307,342,902.7708333333334,16.360616415757235,873,919,48
