test_name,machine,compiler,core_mean,core_std,core_min,core_max,mem_mean,mem_std,mem_min,mem_max,n_hashes
regional_spp_sppt_shum_skeb_intel,acorn,intel,259.0,5.383188962339635,249,270,1200.125,9.463535842289467,1176,1218,48
regional_spp_sppt_shum_skeb_intel,derecho,intel,224.625,7.623428799868641,214,238,381281.3125,582221.6414323923,1213,1226368,16
regional_spp_sppt_shum_skeb_intel,gaeac6,intel,184.17021276595744,141.93114055290826,156,1136,104924.3829787234,343724.0158668474,1175,1220988,47
regional_spp_sppt_shum_skeb_intel,hera,intel,250.45833333333334,27.432670639945286,224,381,1322.8125,6.373670074044207,1309,1341,48
regional_spp_sppt_shum_skeb_intel,hercules,intel,220.22916666666666,48.23534485113382,185,504,512624.5833333333,697633.4707397707,1413,1480492,48
regional_spp_sppt_shum_skeb_intel,orion,intel,323.25,74.09955924869638,300,803,57798.604166666664,273550.39787016413,1339,1357296,48
regional_spp_sppt_shum_skeb_intel,ursa,intel,169.87755102040816,8.666584902806356,155,201,34465.06122448979,229962.67884878337,1593,1611352,49
regional_spp_sppt_shum_skeb_intel,wcoss2,intel,285.3125,47.00572905327378,252,499,1202.4791666666667,8.537749923654816,1182,1216,48
