test_name,machine,compiler,core_mean,core_std,core_min,core_max,mem_mean,mem_std,mem_min,mem_max,n_hashes
regional_wofs_intel,acorn,intel,405.95652173913044,11.159363824438369,388,434,1608.5869565217392,2.2956585785301438,1605,1616,46
regional_wofs_intel,derecho,intel,361.1304347826087,9.186473988850453,354,385,1576.8695652173913,2.436546509566532,1571,1580,23
regional_wofs_intel,gaeac6,intel,253.15217391304347,5.185309982395126,240,268,141943.5652173913,934039.0070836005,1584,6339168,46
regional_wofs_intel,hera,intel,376.2857142857143,13.059977994241947,357,408,2040.8857142857144,4.522957313212501,2029,2049,35
regional_wofs_intel,hercules,intel,357.7608695652174,45.663106811423795,320,476,2087.3478260869565,9.520077943902095,2072,2109,46
regional_wofs_intel,orion,intel,458.97777777777776,5.894870223295424,444,471,1903.6888888888889,2.9758285494222014,1898,1909,45
regional_wofs_intel,ursa,intel,260.0816326530612,6.791038011888297,250,283,2635.6326530612246,11.311303118177474,2621,2670,49
regional_wofs_intel,wcoss2,intel,424.2608695652174,54.900894460476565,382,722,1614.6521739130435,13.579751906266589,1600,1643,46
