test_name,machine,compiler,core_mean,core_std,core_min,core_max,mem_mean,mem_std,mem_min,mem_max,n_hashes
regional_control_intel,acorn,intel,302.97777777777776,5.898724395574817,294,320,877.4,4.266145801540305,870,888,45
regional_control_intel,derecho,intel,268.7894736842105,5.251295308607927,257,289,850.7368421052631,5.750131422828607,842,856,38
regional_control_intel,gaeac6,intel,194.4255319148936,3.774886585402925,187,201,140388.70212765958,923901.9446354052,854,6339564,47
regional_control_intel,hera,intel,295.14285714285717,3.102993945945021,289,301,1215.4761904761904,7.047120316973741,1199,1227,21
regional_control_intel,hercules,intel,298.468085106383,50.928701681361595,253,448,26698.510638297874,174828.35651486894,1188,1199760,47
regional_control_intel,orion,intel,390.10869565217394,33.86130420856994,365,467,24632.217391304348,159729.56577247306,1063,1084420,46
regional_control_intel,ursa,intel,209.0408163265306,6.461292387729247,201,236,1713.1020408163265,7.605493896846283,1692,1728,49
regional_control_intel,wcoss2,intel,327.1914893617021,32.072362677756985,309,530,894.5744680851063,18.46823910634617,873,917,47
