test_name,machine,compiler,core_mean,core_std,core_min,core_max,mem_mean,mem_std,mem_min,mem_max,n_hashes
regional_decomp_intel,acorn,intel,323.2888888888889,7.60568633631868,308,336,882.3333333333334,4.847679857416326,873,892,45
regional_decomp_intel,derecho,intel,284.3095238095238,9.295915954129999,276,321,857.1666666666666,6.385641922643925,839,864,42
regional_decomp_intel,gaeac6,intel,205.9375,8.902321595361187,198,262,137922.10416666666,914061.8155207648,855,6338788,48
regional_decomp_intel,hera,intel,310.1111111111111,2.138963159732491,306,313,1212.111111111111,3.7556058317398517,1208,1220,18
regional_decomp_intel,hercules,intel,304.4166666666667,41.41940820299735,266,379,25959.541666666668,171632.59374221167,1170,1190292,48
regional_decomp_intel,orion,intel,398.6808510638298,25.37124903351849,384,486,24014.63829787234,157237.92013357193,1064,1079048,47
regional_decomp_intel,ursa,intel,217.46,6.0515135566675085,210,241,1716.34,5.121423590354173,1699,1724,50
regional_decomp_intel,wcoss2,intel,344.0416666666667,31.47167475773631,321,542,900.1875,18.55945735862998,874,924,48
