test_name,machine,compiler,core_mean,core_std,core_min,core_max,mem_mean,mem_std,mem_min,mem_max,n_hashes
regional_atmaq_intel,acorn,intel,919.7777777777778,44.912485047382006,876,1000,2399.8444444444444,5.481189135892996,2389,2411,45
regional_atmaq_intel,derecho,intel,917.4318181818181,103.44539009303926,788,1195,2918.568181818182,22.624742298183058,2836,2926,44
regional_atmaq_intel,gaeac6,intel,776.1666666666666,23.500414965402122,746,840,138265.60416666666,914016.6836842177,6338,6338832,48
regional_atmaq_intel,hera,intel,784.7333333333333,8.556256413264146,777,808,2925.6666666666665,4.56174569759465,2917,2933,15
regional_atmaq_intel,hercules,intel,759.6382978723404,121.47954301425744,689,1513,65617.74468085106,429662.69040206645,2940,2948564,47
regional_atmaq_intel,orion,intel,1104.804347826087,36.031849840086544,1046,1193,64357.086956521736,416729.7028119905,2832,2829312,46
regional_atmaq_intel,ursa,intel,667.62,47.61447644726272,615,804,2876.74,1.6264397075972783,2872,2880,50
regional_atmaq_intel,wcoss2,intel,985.7083333333334,74.28895806767075,911,1269,2343.0833333333335,28.907654388924655,2297,2391,48
