test_name,machine,compiler,core_mean,core_std,core_min,core_max,mem_mean,mem_std,mem_min,mem_max,n_hashes
regional_wofs_intel,acorn,intel,411.9583333333333,8.12130985487348,388,427,1610.0208333333333,2.10864061618534,1606,1614,48
regional_wofs_intel,derecho,intel,344.875,4.426329326241785,339,361,335736.7083333333,665350.5451427043,1596,1608492,24
regional_wofs_intel,gaeac6,intel,262.0851063829787,39.68343745368602,240,527,137419.31914893616,450143.24336400465,1585,1598796,47
regional_wofs_intel,hera,intel,409.7708333333333,25.576950713511923,357,519,2023.8958333333333,42.32460155941379,1909,2052,48
regional_wofs_intel,hercules,intel,378.0204081632653,93.85216428775949,320,797,1068427.0204081633,1055632.2440696873,2078,2105176,49
regional_wofs_intel,orion,intel,500.6938775510204,83.18759024078065,444,880,118366.63265306123,460764.1971290149,1899,1905480,49
regional_wofs_intel,ursa,intel,282.075,60.88677491027388,250,651,68094.125,413946.66629014857,2629,2620672,40
regional_wofs_intel,wcoss2,intel,437.8958333333333,57.81932224458096,382,722,1605.8333333333333,3.3979551631502987,1600,1613,48
