test_name,machine,compiler,core_mean,core_std,core_min,core_max,mem_mean,mem_std,mem_min,mem_max,n_hashes
regional_2threads_intel,acorn,intel,248.89583333333334,105.65263025661898,183,460,992.9375,4.817548816124719,987,1007,48
regional_2threads_intel,gaeac6,intel,153.70212765957447,4.042786886472708,145,169,85949.82978723405,281548.7539551712,974,1001224,47
regional_2threads_intel,hera,intel,244.70833333333334,31.41212554421736,219,374,1083.3958333333333,6.6930881570479,1075,1101,48
regional_2threads_intel,hercules,intel,240.04166666666666,49.319176855192524,199,492,388159.6875,528232.2659090515,1073,1103716,48
regional_2threads_intel,orion,intel,284.8958333333333,83.1538537082006,241,790,44109.270833333336,208782.21193537352,1011,1038608,48
regional_2threads_intel,ursa,intel,302.8775510204082,391.99142383545103,124,1211,33595.5918367347,224218.2262595898,1548,1571092,49
regional_2threads_intel,wcoss2,intel,295.9166666666667,110.97111629826144,204,515,993.9166666666666,5.584299164901592,986,1009,48
