test_name,machine,compiler,core_mean,core_std,core_min,core_max,mem_mean,mem_std,mem_min,mem_max,n_hashes
regional_debug_gnu,derecho,gnu,465.625,14.393174130068102,449,523,782.9,8.702490065109705,766,796,40
regional_debug_gnu,hera,gnu,502.15,6.547598997463047,492,516,875.35,6.217758946420251,860,890,20
regional_debug_gnu,hercules,gnu,433.0833333333333,43.65085523927988,383,583,19076.1875,126044.92140497123,858,874148,48
regional_debug_gnu,ursa,gnu,367.76,139.9923554764214,334,1257,769.7,9.664261957525488,740,783,50
