test_name,machine,compiler,core_mean,core_std,core_min,core_max,mem_mean,mem_std,mem_min,mem_max,n_hashes
regional_control_intel,acorn,intel,305.531914893617,6.915172555392985,289,317,876.0851063829788,3.374004118667368,870,886,47
regional_control_intel,derecho,intel,266.0,4.294699575575046,257,270,848.7,10.296169730104078,842,867,10
regional_control_intel,gaeac6,intel,194.04347826086956,4.054936753797119,184,201,139848.89130434784,934414.1912518765,846,6339564,46
regional_control_intel,hera,intel,304.875,13.76184209589469,282,325,1219.9791666666667,6.660424826183952,1199,1230,48
regional_control_intel,hercules,intel,294.5,59.83337975857069,242,479,105141.08695652174,340549.6640124169,1169,1198412,46
regional_control_intel,orion,intel,392.9782608695652,85.31835522987089,359,937,24630.82608695652,159720.12945486925,1065,1084356,46
regional_control_intel,ursa,intel,241.20408163265307,114.25792816982053,203,683,1716.5714285714287,7.610300037887189,1698,1731,49
regional_control_intel,wcoss2,intel,356.8085106382979,63.39477358031023,308,635,873.6170212765958,2.059476416041937,869,879,47
