test_name,machine,compiler,core_mean,core_std,core_min,core_max,mem_mean,mem_std,mem_min,mem_max,n_hashes
regional_spp_sppt_shum_skeb_dyn32_phy32_intel,acorn,intel,240.74468085106383,4.793419788156979,232,251,1034.5744680851064,10.053648874372746,1013,1054,47
regional_spp_sppt_shum_skeb_dyn32_phy32_intel,derecho,intel,209.5,1.2692955176439829,207,211,1044.6,9.912954487269063,1035,1062,10
regional_spp_sppt_shum_skeb_dyn32_phy32_intel,gaeac6,intel,153.2608695652174,3.797278455880953,146,162,140002.45652173914,934376.3734503876,1053,6339468,46
regional_spp_sppt_shum_skeb_dyn32_phy32_intel,hera,intel,227.6875,9.567578786181341,214,244,1184.1875,6.625727579477369,1169,1202,48
regional_spp_sppt_shum_skeb_dyn32_phy32_intel,hercules,intel,204.95652173913044,61.668993297276366,175,588,114840.13043478261,371953.0296323035,1291,1310832,46
regional_spp_sppt_shum_skeb_dyn32_phy32_intel,orion,intel,298.67391304347825,12.136362896182119,289,371,28033.695652173912,181728.2070537537,1229,1233780,46
regional_spp_sppt_shum_skeb_dyn32_phy32_intel,ursa,intel,156.08163265306123,8.090212025172452,147,179,1484.2448979591836,8.04034258247356,1466,1504,49
regional_spp_sppt_shum_skeb_dyn32_phy32_intel,wcoss2,intel,268.4468085106383,57.10433186592624,235,527,1038.659574468085,6.702616606982962,1028,1055,47
