test_name,machine,compiler,core_mean,core_std,core_min,core_max,mem_mean,mem_std,mem_min,mem_max,n_hashes
regional_wofs_intel,acorn,intel,410.9387755102041,8.945222568651985,388,424,1609.9795918367347,2.0965228744912703,1606,1614,49
regional_wofs_intel,derecho,intel,345.5,4.594046490610967,339,361,402561.3,712521.0200417063,1596,1608492,20
regional_wofs_intel,gaeac6,intel,260.8541666666667,39.5479722606492,240,527,134588.45833333334,445760.4138430532,1585,1598796,48
regional_wofs_intel,hera,intel,404.1020408163265,28.70848081575025,357,519,2035.2857142857142,29.11686223937364,1909,2052,49
regional_wofs_intel,hercules,intel,372.6326530612245,93.37841780392635,320,797,854911.8571428572,1037589.1440195632,2074,2105176,49
regional_wofs_intel,orion,intel,496.0816326530612,83.1614485841381,444,880,79557.38775510204,380334.01769397693,1898,1905480,49
regional_wofs_intel,ursa,intel,279.04347826086956,57.26273037373499,250,651,59556.282608695656,386007.37616047723,2622,2620672,46
regional_wofs_intel,wcoss2,intel,437.6734693877551,57.365199872942,382,722,1606.3469387755101,3.388405601017547,1600,1613,49
