test_name,machine,compiler,core_mean,core_std,core_min,core_max,mem_mean,mem_std,mem_min,mem_max,n_hashes
regional_wofs_intel,acorn,intel,412.97872340425533,6.509155297171922,400,427,1609.9574468085107,2.0425628276060954,1606,1614,47
regional_wofs_intel,derecho,intel,344.65384615384613,4.316872086984376,339,361,310034.8846153846,644608.5053685423,1596,1608492,26
regional_wofs_intel,gaeac6,intel,262.8478260869565,39.87311396657282,254,527,140372.6739130435,454656.73493453907,1585,1598796,46
regional_wofs_intel,hera,intel,414.5208333333333,27.03739694078063,398,519,2016.4166666666667,48.18971079961328,1909,2052,48
regional_wofs_intel,hercules,intel,384.3469387755102,95.29986687215435,338,797,1195841.0408163266,1044547.9037949456,2078,2105176,49
regional_wofs_intel,orion,intel,508.6458333333333,86.76465835647778,467,880,120792.72916666667,465323.75451286207,1899,1905480,48
regional_wofs_intel,ursa,intel,284.1081081081081,62.87632648646412,265,651,73401.4054054054,430401.1703413366,2629,2620672,37
regional_wofs_intel,wcoss2,intel,439.0,57.697110168006894,405,722,1605.659574468085,3.285518923639753,1600,1613,47
