test_name,machine,compiler,core_mean,core_std,core_min,core_max,mem_mean,mem_std,mem_min,mem_max,n_hashes
regional_spp_sppt_shum_skeb_dyn32_phy32_intel,acorn,intel,236.6,4.59446307081588,225,247,1028.3777777777777,6.68202775731248,1013,1044,45
regional_spp_sppt_shum_skeb_dyn32_phy32_intel,derecho,intel,212.125,6.96212279740553,205,251,1040.25,3.946761086881625,1035,1051,40
regional_spp_sppt_shum_skeb_dyn32_phy32_intel,gaeac6,intel,154.64583333333334,2.748226378403055,148,164,137730.375,914190.7738537184,1070,6339468,48
regional_spp_sppt_shum_skeb_dyn32_phy32_intel,hera,intel,219.4,4.4176678772497375,215,233,1185.5,7.000000000000012,1169,1202,20
regional_spp_sppt_shum_skeb_dyn32_phy32_intel,hercules,intel,192.89583333333334,34.58338032979803,175,408,28728.0,189973.10166150788,1291,1317480,48
regional_spp_sppt_shum_skeb_dyn32_phy32_intel,orion,intel,303.1489361702128,4.293466843858875,297,317,27710.82978723404,181512.27534226692,1176,1245620,47
regional_spp_sppt_shum_skeb_dyn32_phy32_intel,ursa,intel,152.44,7.467371200969004,148,195,1486.28,9.874808187235525,1463,1510,50
regional_spp_sppt_shum_skeb_dyn32_phy32_intel,wcoss2,intel,244.79166666666666,34.228244112654416,228,466,979.0833333333334,48.34311468646436,933,1044,48
