test_name,machine,compiler,core_mean,core_std,core_min,core_max,mem_mean,mem_std,mem_min,mem_max,n_hashes
regional_2threads_intel,acorn,intel,211.02083333333334,63.47909341994764,183,458,992.3333333333334,4.224212545694861,987,1007,48
regional_2threads_intel,gaeac6,intel,153.6304347826087,4.143850574591351,145,169,139011.6739130435,934459.2712996004,974,6339040,46
regional_2threads_intel,hera,intel,246.75,27.1743777943606,219,374,1082.9583333333333,6.700137608410149,1075,1101,48
regional_2threads_intel,hercules,intel,242.95652173913044,49.55309454256072,199,492,262507.4130434783,471470.32819946844,1073,1103716,46
regional_2threads_intel,orion,intel,285.2608695652174,85.19870494128124,241,790,45981.15217391304,213169.84449556936,1011,1038608,46
regional_2threads_intel,ursa,intel,152.40816326530611,151.310651526276,124,1189,33596.02040816326,224218.16375012693,1550,1571092,49
regional_2threads_intel,wcoss2,intel,261.7083333333333,84.27991818890831,193,515,994.0416666666666,5.797865833817655,986,1011,48
