test_name,machine,compiler,core_mean,core_std,core_min,core_max,mem_mean,mem_std,mem_min,mem_max,n_hashes
regional_2dwrtdecomp_intel,acorn,intel,308.6875,6.556323080845344,289,317,876.9375,3.0625135692274332,870,884,48
regional_2dwrtdecomp_intel,derecho,intel,273.26666666666665,17.974055376198958,259,305,289384.93333333335,422348.8181468804,865,869512,15
regional_2dwrtdecomp_intel,gaeac6,intel,196.14893617021278,5.262577990351585,185,215,74181.5744680851,243000.58030551075,845,867252,47
regional_2dwrtdecomp_intel,hera,intel,316.2291666666667,28.353572766980925,281,454,1221.0416666666667,4.1306242551930135,1210,1229,48
regional_2dwrtdecomp_intel,hercules,intel,309.9375,98.69669986291228,245,799,424871.8541666667,578184.840078017,1180,1206440,48
regional_2dwrtdecomp_intel,orion,intel,397.7916666666667,67.63008216899044,358,801,46133.9375,218347.8396263784,1062,1082708,48
regional_2dwrtdecomp_intel,ursa,intel,235.3469387755102,109.25878130620443,202,820,36854.69387755102,245949.85729625906,1698,1723368,49
regional_2dwrtdecomp_intel,wcoss2,intel,352.5208333333333,43.206081911976206,309,556,873.4791666666666,2.062735050006367,870,880,48
