test_name,machine,compiler,core_mean,core_std,core_min,core_max,mem_mean,mem_std,mem_min,mem_max,n_hashes
regional_wofs_intel,acorn,intel,408.60869565217394,11.859320311926384,388,434,1609.0217391304348,2.1652726842366126,1606,1616,46
regional_wofs_intel,derecho,intel,359.57142857142856,8.679899731025657,354,385,1577.5,2.794224813377148,1571,1580,14
regional_wofs_intel,gaeac6,intel,253.17777777777778,4.539167369027097,240,263,144113.35555555555,944495.7160436836,1584,6339168,45
regional_wofs_intel,hera,intel,382.79545454545456,17.58511466917741,357,420,2040.8863636363637,4.394583923956074,2029,2049,44
regional_wofs_intel,hercules,intel,353.0652173913044,40.5607375420084,320,476,2088.7391304347825,10.144368514618785,2072,2109,46
regional_wofs_intel,orion,intel,461.35555555555555,7.746423091147962,444,482,1904.7333333333333,3.003028774118174,1898,1909,45
regional_wofs_intel,ursa,intel,271.3061224489796,56.24840889661998,250,651,2636.3061224489797,10.222940056625793,2621,2665,49
regional_wofs_intel,wcoss2,intel,433.1521739130435,59.280863463236265,382,722,1607.5652173913043,5.487975436910678,1600,1636,46
