test_name,machine,compiler,core_mean,core_std,core_min,core_max,mem_mean,mem_std,mem_min,mem_max,n_hashes
regional_atmaq_debug_intel,acorn,intel,2425.1458333333335,9.671167025297589,2407,2454,1939.0416666666667,46.48905537331932,1846,1976,48
regional_atmaq_debug_intel,derecho,intel,2050.8888888888887,65.42520551240075,2017,2301,826538.9444444445,1366460.2884919802,2963,2968428,18
regional_atmaq_debug_intel,gaeac6,intel,1545.7446808510638,16.876106192543826,1520,1618,257472.1914893617,843397.5880724458,2980,2997084,47
regional_atmaq_debug_intel,hera,intel,2381.0208333333335,35.66898025571057,2325,2534,2939.9791666666665,4.957219464850721,2917,2949,48
regional_atmaq_debug_intel,hercules,intel,1961.25,167.25296168226552,1858,2680,1171865.3333333333,1459401.0725777028,2952,2959648,48
regional_atmaq_debug_intel,orion,intel,2386.5625,18.626115559908456,2350,2441,124747.16666666667,590400.6687868963,2920,2932312,48
regional_atmaq_debug_intel,ursa,intel,1629.7446808510638,24.653660179008217,1605,1771,64279.382978723406,420865.15101749694,2886,2888196,47
regional_atmaq_debug_intel,wcoss2,intel,2460.5208333333335,23.510965828404522,2422,2534,1884.375,64.97843341071433,1728,1962,48
