test_name,machine,compiler,core_mean,core_std,core_min,core_max,mem_mean,mem_std,mem_min,mem_max,n_hashes
regional_restart_intel,acorn,intel,170.0,3.8617409905715903,162,178,881.1276595744681,3.5911547208965415,876,893,47
regional_restart_intel,derecho,intel,152.8148148148148,2.572592781268271,149,158,864.6666666666666,3.0508510792387575,858,868,27
regional_restart_intel,gaeac6,intel,108.29787234042553,3.8948957323601663,101,124,139103.085106383,924035.8551322287,862,6339164,47
regional_restart_intel,hera,intel,161.9375,4.957480499530561,156,179,1235.75,3.3408517360967513,1226,1243,32
regional_restart_intel,hercules,intel,167.5531914893617,91.31498484358562,134,757,1187.0,7.890555719669981,1173,1211,47
regional_restart_intel,orion,intel,208.7608695652174,27.71616839208053,192,328,1099.4565217391305,3.793014173680268,1087,1110,46
regional_restart_intel,ursa,intel,131.73469387755102,52.53244057651587,115,382,1683.8775510204082,9.82690323605987,1654,1702,49
regional_restart_intel,wcoss2,intel,196.72340425531914,32.373971111842565,170,381,890.4042553191489,13.190344911711689,877,918,47
