test_name,machine,compiler,core_mean,core_std,core_min,core_max,mem_mean,mem_std,mem_min,mem_max,n_hashes
regional_atmaq_canopy_intel,acorn,intel,1084.4468085106382,28.8593353976311,1027,1141,2445.9148936170213,6.473456798590688,2435,2462,47
regional_atmaq_canopy_intel,derecho,intel,1049.8461538461538,62.57508310534651,955,1144,2924.230769230769,1.0127393670836968,2923,2925,13
regional_atmaq_canopy_intel,gaeac6,intel,863.0,11.669523459755244,834,888,141831.21739130435,934178.4973497638,2966,6339992,46
regional_atmaq_canopy_intel,hera,intel,1019.5869565217391,73.62293606598311,944,1142,2926.3478260869565,2.92284025719538,2918,2933,46
regional_atmaq_canopy_intel,hercules,intel,919.695652173913,95.06392459000472,827,1365,2944.804347826087,2.4186273905060744,2939,2950,46
regional_atmaq_canopy_intel,orion,intel,1310.2173913043478,30.717286514619918,1260,1366,2914.4565217391305,5.023086796600692,2906,2924,46
regional_atmaq_canopy_intel,ursa,intel,761.530612244898,22.384985705468093,724,797,2876.0204081632655,1.520550831091113,2873,2880,49
regional_atmaq_canopy_intel,wcoss2,intel,1173.7446808510638,95.29826589167904,1080,1542,2432.0,11.086615510527169,2405,2450,47
