test_name,machine,compiler,core_mean,core_std,core_min,core_max,mem_mean,mem_std,mem_min,mem_max,n_hashes
regional_control_faster_intel,acorn,intel,296.4791666666667,4.950777215292686,283,304,876.3333333333334,3.4291201857366227,871,882,48
regional_control_faster_intel,derecho,intel,265.1875,14.443298479493581,246,292,136011.9375,319067.0455729346,849,869816,32
regional_control_faster_intel,gaeac6,intel,189.19148936170214,2.9973778241217013,184,200,74018.74468085106,242453.4066962744,839,863408,47
regional_control_faster_intel,hera,intel,300.734693877551,22.439525684050675,285,411,1183.7551020408164,51.94208738755942,1102,1227,49
regional_control_faster_intel,hercules,intel,268.58,59.27662236652552,240,633,837189.18,552853.4313467771,1194,1204388,50
regional_control_faster_intel,orion,intel,438.85714285714283,117.14378629132092,362,802,67061.73469387754,261051.27591128016,1066,1080272,49
regional_control_faster_intel,ursa,intel,207.41935483870967,9.443778175950513,200,244,57389.6129032258,309949.71911292075,1706,1727448,31
regional_control_faster_intel,wcoss2,intel,338.4166666666667,29.010514112611208,305,430,871.75,1.839287558649886,868,876,48
