test_name,machine,compiler,core_mean,core_std,core_min,core_max,mem_mean,mem_std,mem_min,mem_max,n_hashes
regional_wofs_intel,acorn,intel,424.8888888888889,28.832764051132557,388,482,1607.1555555555556,2.4675674031095993,1601,1616,45
regional_wofs_intel,derecho,intel,366.69565217391306,11.121290023528708,353,397,1576.3478260869565,1.8644914862812365,1571,1580,46
regional_wofs_intel,gaeac6,intel,260.5625,8.007725657935966,251,278,6338.770833333333,0.424744395393896,6338,6339,48
regional_wofs_intel,hera,intel,372.7,2.869378562220976,369,378,2038.9,4.148627617792553,2031,2045,10
regional_wofs_intel,hercules,intel,363.125,42.29965293353921,324,476,45629.4375,301670.2666681174,2065,2092120,48
regional_wofs_intel,orion,intel,465.2340425531915,9.498770551926754,454,486,42285.02127659575,276853.83404114546,1892,1899916,47
regional_wofs_intel,ursa,intel,271.86,22.132264747583797,254,370,2633.42,13.77825853158759,2609,2671,50
regional_wofs_intel,wcoss2,intel,428.2857142857143,24.199690080660165,393,479,1631.4897959183672,15.263139761338469,1600,1648,49
