test_name,machine,compiler,core_mean,core_std,core_min,core_max,mem_mean,mem_std,mem_min,mem_max,n_hashes
regional_noquilt_intel,acorn,intel,299.19565217391306,6.188230999126537,286,311,1168.7608695652175,3.400554089548075,1160,1176,46
regional_noquilt_intel,derecho,intel,268.0,4.0293044210691065,262,280,1139.4571428571428,2.5592146904729938,1132,1144,35
regional_noquilt_intel,gaeac6,intel,192.7659574468085,5.201223793942302,185,218,140086.17021276595,923888.4633244501,1147,6339168,47
regional_noquilt_intel,hera,intel,296.3333333333333,7.899733989284025,290,331,1499.5,2.978181528616293,1491,1504,24
regional_noquilt_intel,hercules,intel,290.8723404255319,70.92973161525444,248,685,33449.95744680851,219023.5653278231,1497,1503052,47
regional_noquilt_intel,orion,intel,380.9130434782609,27.36569311054062,364,454,30995.82608695652,200986.08577459108,1355,1364516,46
regional_noquilt_intel,ursa,intel,206.57142857142858,3.403429642777027,201,215,1987.9795918367347,2.6020008000124224,1982,1995,49
regional_noquilt_intel,wcoss2,intel,325.468085106383,35.08985426502119,309,551,1180.3191489361702,6.231429394883852,1171,1191,47
