test_name,machine,compiler,core_mean,core_std,core_min,core_max,mem_mean,mem_std,mem_min,mem_max,n_hashes
regional_netcdf_parallel_intel,derecho,intel,266.61538461538464,2.022311447266117,264,270,845.5384615384615,5.440823844103442,842,856,13
regional_netcdf_parallel_intel,gaeac6,intel,193.37777777777777,3.9386712623842155,183,202,143532.82222222222,944564.2997809838,844,6339032,45
regional_netcdf_parallel_intel,hera,intel,301.64444444444445,12.875550395217955,280,323,1217.3555555555556,5.600955906870472,1210,1236,45
regional_netcdf_parallel_intel,hercules,intel,290.3478260869565,61.863368227913504,249,477,1195.2608695652175,4.4643515523095365,1178,1208,46
regional_netcdf_parallel_intel,orion,intel,379.6,36.20610194679646,359,597,1081.7333333333333,6.520596737889949,1067,1096,45
regional_netcdf_parallel_intel,ursa,intel,209.6122448979592,6.645224872451064,200,225,1715.265306122449,9.46435309949056,1693,1738,49
regional_netcdf_parallel_intel,wcoss2,intel,349.10869565217394,55.83874730402797,308,569,873.6304347826087,1.8898406241112,870,879,46
