test_name,machine,compiler,core_mean,core_std,core_min,core_max,mem_mean,mem_std,mem_min,mem_max,n_hashes
regional_control_intel,acorn,intel,302.0425531914894,5.778360858328744,289,317,877.5744680851063,4.057974868946679,870,888,47
regional_control_intel,derecho,intel,266.92857142857144,2.6933191890246175,257,272,849.7142857142857,5.974372075216097,842,856,28
regional_control_intel,gaeac6,intel,192.2127659574468,3.3162063855947466,184,201,139222.02127659574,924077.6672816849,846,6339564,47
regional_control_intel,hera,intel,294.35483870967744,6.23189851809101,282,315,1216.9354838709678,6.567269771987788,1199,1227,31
regional_control_intel,hercules,intel,283.9148936170213,41.85577191885509,242,416,1195.8936170212767,6.427637481164284,1169,1206,47
regional_control_intel,orion,intel,391.67391304347825,86.06510567854394,359,937,1082.2391304347825,6.367224347682433,1065,1095,46
regional_control_intel,ursa,intel,209.16326530612244,6.786466123762766,201,236,1712.0204081632653,6.851063773599863,1692,1726,49
regional_control_intel,wcoss2,intel,330.468085106383,32.65821094159391,308,530,886.7659574468086,17.499332615792884,873,913,47
