test_name,machine,compiler,core_mean,core_std,core_min,core_max,mem_mean,mem_std,mem_min,mem_max,n_hashes
regional_atmaq_canopy_intel,acorn,intel,1153.6,87.00350045204546,1055,1278,2449.822222222222,6.630812677770267,2435,2472,45
regional_atmaq_canopy_intel,derecho,intel,1141.1363636363637,132.42682769532047,950,1504,2916.5227272727275,25.128033669786706,2834,2927,44
regional_atmaq_canopy_intel,gaeac6,intel,913.9791666666666,48.05869176964687,852,1002,138289.72916666666,914184.1214043598,6338,6339992,48
regional_atmaq_canopy_intel,hera,intel,966.4,8.270429251254138,956,985,2926.266666666667,3.6147844564602325,2918,2933,15
regional_atmaq_canopy_intel,hercules,intel,945.8723404255319,88.22171107654238,845,1291,65507.55319148936,428907.1065716763,2939,2943384,47
regional_atmaq_canopy_intel,orion,intel,1359.2391304347825,75.2120512750771,1260,1638,66300.39130434782,429890.5418273859,2902,2918576,46
regional_atmaq_canopy_intel,ursa,intel,831.12,95.49647712275653,731,1111,2876.84,1.7066496597792038,2873,2881,50
regional_atmaq_canopy_intel,wcoss2,intel,1220.375,104.06598254667203,1080,1484,2393.6458333333335,27.41291013088511,2346,2438,48
