test_name,machine,compiler,core_mean,core_std,core_min,core_max,mem_mean,mem_std,mem_min,mem_max,n_hashes
regional_control_faster_intel,acorn,intel,298.531914893617,3.89453945387859,290,307,877.3191489361702,3.1698743835948355,869,882,47
regional_control_faster_intel,derecho,intel,257.61538461538464,16.9191137550526,246,292,333520.8461538461,437969.6088042423,861,869816,13
regional_control_faster_intel,gaeac6,intel,189.8695652173913,2.872155177269997,184,200,38186.95652173913,177029.34606492743,839,863408,46
regional_control_faster_intel,hera,intel,291.531914893617,3.826969875421295,282,304,1219.0425531914893,5.5831946862631945,1198,1227,47
regional_control_faster_intel,hercules,intel,265.70212765957444,30.716738740512717,240,359,381673.97872340423,561736.4726232357,1175,1198788,47
regional_control_faster_intel,orion,intel,397.6595744680851,79.1477090760617,358,787,46949.72340425532,219931.5272990073,1070,1080272,47
regional_control_faster_intel,ursa,intel,206.5625,5.974791904147985,200,224,37671.375,249087.5718342485,1702,1727448,48
regional_control_faster_intel,wcoss2,intel,350.7659574468085,38.40811325406757,308,518,871.2127659574468,1.7186467150027882,869,878,47
