test_name,machine,compiler,core_mean,core_std,core_min,core_max,mem_mean,mem_std,mem_min,mem_max,n_hashes
regional_spp_sppt_shum_skeb_dyn32_phy32_intel,acorn,intel,244.54166666666666,5.914131411679156,236,260,1042.1875,6.420234800505102,1030,1054,48
regional_spp_sppt_shum_skeb_dyn32_phy32_intel,derecho,intel,214.34782608695653,7.56552404993848,205,230,231630.65217391305,447330.549111424,1018,1062756,23
regional_spp_sppt_shum_skeb_dyn32_phy32_intel,gaeac6,intel,155.40425531914894,2.818105858382048,146,162,91992.12765957447,301345.34126737143,1053,1070700,47
regional_spp_sppt_shum_skeb_dyn32_phy32_intel,hera,intel,243.77083333333334,29.4396169489226,214,368,1178.9583333333333,6.049295135071962,1163,1200,48
regional_spp_sppt_shum_skeb_dyn32_phy32_intel,hercules,intel,236.9795918367347,140.43733623279553,178,1096,665382.4489795918,657438.8532352605,1294,1332328,49
regional_spp_sppt_shum_skeb_dyn32_phy32_intel,orion,intel,339.3061224489796,128.0218412488068,282,900,76443.10204081633,297569.95472761284,1222,1235384,49
regional_spp_sppt_shum_skeb_dyn32_phy32_intel,ursa,intel,163.6341463414634,12.061832567153667,150,221,37666.170731707316,231695.42266927747,1441,1485056,41
regional_spp_sppt_shum_skeb_dyn32_phy32_intel,wcoss2,intel,267.0,47.47989496125613,235,527,1041.8541666666667,6.597838405963348,1027,1055,48
