test_name,machine,compiler,core_mean,core_std,core_min,core_max,mem_mean,mem_std,mem_min,mem_max,n_hashes
regional_wofs_intel,acorn,intel,411.0833333333333,9.54682376351587,388,427,1609.75,2.078256224860219,1606,1614,48
regional_wofs_intel,derecho,intel,346.4,4.7928518203078925,342,361,536212.0,782591.2680279352,1596,1608492,15
regional_wofs_intel,gaeac6,intel,260.1489361702128,40.08685067038505,240,527,137416.72340425532,450144.0436186342,1584,1598796,47
regional_wofs_intel,hera,intel,397.4791666666667,24.275887330306958,357,516,2042.4166666666667,4.165886451774481,2031,2051,48
regional_wofs_intel,hercules,intel,371.6875,94.83561505562521,320,797,741900.9166666666,1009612.2813590232,2072,2105176,48
regional_wofs_intel,orion,intel,481.9791666666667,65.45373210214444,444,880,81174.91666666667,384188.4662885969,1898,1905480,48
regional_wofs_intel,ursa,intel,276.7142857142857,55.58926754929109,250,651,56070.73469387755,374004.3513434913,2622,2620672,49
regional_wofs_intel,wcoss2,intel,438.6458333333333,57.820150203052435,382,722,1606.75,3.316624790355456,1600,1613,48
