test_name,machine,compiler,core_mean,core_std,core_min,core_max,mem_mean,mem_std,mem_min,mem_max,n_hashes
regional_atmaq_debug_intel,acorn,intel,2444.8863636363635,26.92471494447877,2411,2525,1935.2727272727273,49.59293068355973,1862,1988,44
regional_atmaq_debug_intel,derecho,intel,2067.659090909091,20.728525656652966,2044,2118,2934.75,13.770756004309705,2847,2939,44
regional_atmaq_debug_intel,gaeac6,intel,1568.4255319148936,23.057343148777687,1536,1682,6338.744680851064,0.7061249152449316,6338,6340,47
regional_atmaq_debug_intel,hera,intel,2383.3846153846152,30.923395839661776,2344,2440,2938.5384615384614,3.152125859780673,2934,2945,13
regional_atmaq_debug_intel,hercules,intel,1918.7173913043478,26.93668547083297,1872,1982,67142.5,435329.35120010003,2951,2955504,46
regional_atmaq_debug_intel,orion,intel,2415.5333333333333,33.39270470136745,2342,2528,67952.42222222222,436185.65044211753,2920,2928952,45
regional_atmaq_debug_intel,ursa,intel,1653.1,23.31352414722545,1619,1744,2890.88,1.8254437537100843,2887,2896,50
regional_atmaq_debug_intel,wcoss2,intel,2463.1666666666665,26.97858357347936,2428,2559,1877.25,57.11448003604016,1770,1962,48
