test_name,machine,compiler,core_mean,core_std,core_min,core_max,mem_mean,mem_std,mem_min,mem_max,n_hashes
regional_noquilt_intel,acorn,intel,308.93617021276594,6.211504947235259,298,324,1172.0425531914893,4.772919290841978,1163,1183,47
regional_noquilt_intel,derecho,intel,276.2413793103448,14.662038380052337,258,303,201627.62068965516,446948.12842443015,1155,1165792,29
regional_noquilt_intel,gaeac6,intel,197.2608695652174,7.781558777316468,192,244,102752.02173913043,332803.0931853107,1153,1173992,46
regional_noquilt_intel,hera,intel,327.9791666666667,29.751802794176132,315,455,1479.5833333333333,44.034238773903574,1402,1525,48
regional_noquilt_intel,hercules,intel,316.0612244897959,64.97608796167033,262,517,956468.7142857143,735260.1343542751,1496,1528916,49
regional_noquilt_intel,orion,intel,428.7916666666667,91.72808065222905,376,871,86815.625,334442.73793069535,1360,1377908,48
regional_noquilt_intel,ursa,intel,357.9117647058824,506.9490063200762,211,2932,60537.55882352941,341353.5434459447,1992,1992412,34
regional_noquilt_intel,wcoss2,intel,354.7659574468085,54.46227763761267,315,586,1178.063829787234,3.673668083508537,1171,1186,47
