test_name,machine,compiler,core_mean,core_std,core_min,core_max,mem_mean,mem_std,mem_min,mem_max,n_hashes
regional_restart_intel,acorn,intel,170.7391304347826,3.6602051102739286,164,178,881.304347826087,4.19983896631708,876,893,46
regional_restart_intel,derecho,intel,153.53846153846155,2.918598743144001,149,162,863.6410256410256,3.1076067918914005,858,868,39
regional_restart_intel,gaeac6,intel,109.89583333333333,3.568416916614444,101,124,137589.14583333334,914167.1607022099,862,6339164,48
regional_restart_intel,hera,intel,161.85714285714286,3.244776021325886,159,172,1234.952380952381,2.108937895628766,1232,1240,21
regional_restart_intel,hercules,intel,177.35416666666666,91.20341762524484,139,757,25954.166666666668,171598.59755494123,1178,1190056,48
regional_restart_intel,orion,intel,214.85106382978722,32.22878724222388,197,328,24398.27659574468,159734.6245079091,1087,1096184,47
regional_restart_intel,ursa,intel,120.32,6.0218649223357,115,139,1683.44,9.14767730082342,1654,1698,50
regional_restart_intel,wcoss2,intel,190.79166666666666,28.932760150546954,170,381,896.4166666666666,14.197442582610542,877,918,48
