test_name,machine,compiler,core_mean,core_std,core_min,core_max,mem_mean,mem_std,mem_min,mem_max,n_hashes
regional_2dwrtdecomp_intel,acorn,intel,308.14285714285717,6.773108592072035,289,317,877.0612244897959,3.0714285714285876,870,884,49
regional_2dwrtdecomp_intel,derecho,intel,277.42857142857144,16.605936976188456,259,305,206953.14285714287,377758.97363481467,860,869512,21
regional_2dwrtdecomp_intel,gaeac6,intel,197.0,4.907657932555893,185,215,72655.875,240633.8433894265,854,867252,48
regional_2dwrtdecomp_intel,hera,intel,321.40816326530614,31.359420678738992,281,454,1213.9183673469388,28.327575445354334,1119,1229,49
regional_2dwrtdecomp_intel,hercules,intel,315.3469387755102,96.99152691094724,245,799,514125.3469387755,598423.4181080717,1185,1206440,49
regional_2dwrtdecomp_intel,orion,intel,420.9591836734694,97.8853409146967,358,859,45215.795918367345,216156.97952095867,1070,1082708,49
regional_2dwrtdecomp_intel,ursa,intel,238.57777777777778,113.69826273736528,202,820,39979.08888888889,256648.0936207665,1698,1723368,45
regional_2dwrtdecomp_intel,wcoss2,intel,351.40816326530614,43.122846983620995,313,556,873.3061224489796,2.113489232216205,870,880,49
