test_name,machine,compiler,core_mean,core_std,core_min,core_max,mem_mean,mem_std,mem_min,mem_max,n_hashes
regional_debug_intel,acorn,intel,1107.936170212766,13.963312574648885,1086,1148,936.6808510638298,8.799966361049162,925,960,47
regional_debug_intel,derecho,intel,963.0,12.970050972229139,941,979,896.9,19.745322934248886,879,923,10
regional_debug_intel,gaeac6,intel,679.9565217391304,12.020272730755213,656,704,139635.71739130435,934406.6726183858,881,6339304,46
regional_debug_intel,hera,intel,1058.1875,24.343863091398745,1011,1109,1225.3958333333333,8.746402502605829,1200,1244,48
regional_debug_intel,hercules,intel,974.2173913043479,107.25937680708142,849,1232,127153.63043478261,364800.2316134961,1140,1169204,46
regional_debug_intel,orion,intel,1067.6521739130435,46.85638454839273,1000,1281,24843.239130434784,161082.56218503945,1059,1093608,46
regional_debug_intel,ursa,intel,801.7551020408164,284.0102353358241,703,1765,35220.489795918365,235110.09541392894,1611,1647404,49
regional_debug_intel,wcoss2,intel,1141.5106382978724,33.67289733303489,1099,1257,933.7021276595744,8.536150475470235,920,951,47
