test_name,machine,compiler,core_mean,core_std,core_min,core_max,mem_mean,mem_std,mem_min,mem_max,n_hashes
regional_debug_intel,acorn,intel,1112.1489361702127,13.956420874503326,1087,1162,937.1914893617021,9.590843227815617,926,960,47
regional_debug_intel,derecho,intel,978.2,9.358596760910974,963,1006,887.32,5.949229642006862,879,896,25
regional_debug_intel,gaeac6,intel,689.2553191489362,8.85749028422049,666,707,138881.7659574468,924089.8281858141,881,6339304,47
regional_debug_intel,hera,intel,1058.9117647058824,20.649114218376592,1021,1109,1222.5588235294117,10.623562081582902,1200,1242,34
regional_debug_intel,hercules,intel,977.9574468085107,103.80813351873661,853,1232,1153.7446808510638,8.085058912173768,1133,1166,47
regional_debug_intel,orion,intel,1066.7173913043478,45.989207933783895,1000,1281,1092.1521739130435,10.714408556921747,1059,1124,46
regional_debug_intel,ursa,intel,723.204081632653,8.294022927779434,706,744,1631.3469387755101,9.47705786889269,1614,1649,49
regional_debug_intel,wcoss2,intel,1136.1489361702127,22.791091626758814,1104,1219,944.4042553191489,18.477553450027266,928,995,47
