test_name,machine,compiler,core_mean,core_std,core_min,core_max,mem_mean,mem_std,mem_min,mem_max,n_hashes
regional_atmaq_intel,acorn,intel,923.0208333333334,24.473598091537376,856,952,2396.3333333333335,5.524927392738897,2378,2411,48
regional_atmaq_intel,derecho,intel,822.3571428571429,21.99862633074078,798,864,1055550.0,1465518.6324175217,2945,2951756,14
regional_atmaq_intel,gaeac6,intel,758.0425531914893,8.267162508877888,731,776,193118.6595744681,736068.7301422533,2963,2987072,47
regional_atmaq_intel,hera,intel,876.0416666666666,62.68324908866839,768,1043,2924.75,2.8396883257206,2918,2930,48
regional_atmaq_intel,hercules,intel,810.0833333333334,111.1462202213982,693,1478,982975.3541666666,1400642.2503980626,2938,2947012,48
regional_atmaq_intel,orion,intel,1144.7291666666667,146.87188505826225,1067,1897,124374.20833333333,588664.4294796434,2906,2920584,48
regional_atmaq_intel,ursa,intel,664.2244897959183,22.241351602104587,607,717,61555.816326530614,410757.693458619,2872,2878180,49
regional_atmaq_intel,wcoss2,intel,1055.3958333333333,160.0639153699112,919,1718,2382.1875,19.763125183565293,2294,2399,48
