test_name,machine,compiler,core_mean,core_std,core_min,core_max,mem_mean,mem_std,mem_min,mem_max,n_hashes
regional_atmaq_debug_intel,acorn,intel,2425.875,9.918014986709597,2407,2454,1937.6875,47.1485458136349,1846,1976,48
regional_atmaq_debug_intel,derecho,intel,2049.875,69.54506931959067,2017,2301,929480.8125,1419311.1281468074,2963,2968428,16
regional_atmaq_debug_intel,gaeac6,intel,1545.5744680851064,16.945878915267762,1520,1618,257471.82978723405,843397.6995832244,2980,2997084,47
regional_atmaq_debug_intel,hera,intel,2382.0416666666665,36.701184590617764,2325,2534,2938.5833333333335,13.412971386625806,2851,2949,48
regional_atmaq_debug_intel,hercules,intel,1964.8541666666667,166.71660111894215,1858,2680,1048743.2708333333,1427155.1167627713,2952,2959648,48
regional_atmaq_debug_intel,orion,intel,2388.5,19.29061065841273,2350,2441,124746.95833333333,590400.7126877205,2920,2932312,48
regional_atmaq_debug_intel,ursa,intel,1630.591836734694,25.23383836516864,1605,1771,61773.5918367347,412186.6011941132,2886,2888196,49
regional_atmaq_debug_intel,wcoss2,intel,2462.3333333333335,22.180433521589894,2422,2534,1894.2708333333333,56.548882857951064,1782,1962,48
