test_name,machine,compiler,core_mean,core_std,core_min,core_max,mem_mean,mem_std,mem_min,mem_max,n_hashes
regional_2threads_intel,acorn,intel,193.08510638297872,5.7173640446338,181,206,993.8510638297872,6.317603850264837,987,1012,47
regional_2threads_intel,gaeac6,intel,153.17391304347825,3.78479030874359,145,169,140404.21739130435,934252.0173223285,974,6339040,46
regional_2threads_intel,hera,intel,255.0212765957447,27.036601086950142,219,295,1081.1489361702127,6.188975905326083,1073,1100,47
regional_2threads_intel,hercules,intel,248.06521739130434,48.47102326770455,199,492,1089.8478260869565,6.991955349795007,1073,1106,46
regional_2threads_intel,orion,intel,261.2608695652174,17.0950737317427,241,316,1030.3695652173913,8.809991034557644,1011,1052,46
regional_2threads_intel,ursa,intel,129.0612244897959,4.441321890614821,122,145,1565.1632653061224,5.265243500128491,1550,1574,49
regional_2threads_intel,wcoss2,intel,239.51063829787233,60.26530920074981,193,491,994.2765957446809,5.896580171958126,986,1011,47
