test_name,machine,compiler,core_mean,core_std,core_min,core_max,mem_mean,mem_std,mem_min,mem_max,n_hashes
regional_debug_gnu,derecho,gnu,464.84615384615387,14.90439618505311,452,508,779.3846153846154,5.204780839741832,768,792,13
regional_debug_gnu,hera,gnu,502.9782608695652,6.035042595577503,490,516,876.1521739130435,6.4496938473572305,860,893,46
regional_debug_gnu,hercules,gnu,433.2173913043478,90.24753934311961,383,934,882.5434782608696,6.42116819326386,870,896,46
regional_debug_gnu,ursa,gnu,491.2448979591837,328.9572876664135,332,1449,764.0816326530612,9.636814685305081,740,783,49
