test_name,machine,compiler,core_mean,core_std,core_min,core_max,mem_mean,mem_std,mem_min,mem_max,n_hashes
regional_spp_sppt_shum_skeb_intel,acorn,intel,260.5,5.6153285650634075,249,270,1201.2916666666667,7.115934571277069,1188,1218,48
regional_spp_sppt_shum_skeb_intel,derecho,intel,223.75,8.087833052076489,214,238,254581.5,504556.06994086783,1168,1226368,24
regional_spp_sppt_shum_skeb_intel,gaeac6,intel,185.7872340425532,141.66478132644727,156,1136,104930.5744680851,343722.1067922233,1202,1220988,47
regional_spp_sppt_shum_skeb_intel,hera,intel,254.875,25.217880350293164,224,381,1322.4375,6.8693158320171115,1299,1341,48
regional_spp_sppt_shum_skeb_intel,hercules,intel,232.12244897959184,92.82749068681586,188,781,765945.9795918367,726537.819538996,1416,1480492,49
regional_spp_sppt_shum_skeb_intel,orion,intel,340.6938775510204,115.1419783140277,300,910,84092.83673469388,327339.6979773934,1338,1357296,49
regional_spp_sppt_shum_skeb_intel,ursa,intel,172.125,7.949157349310829,160,201,41856.525,254522.07608327997,1593,1611352,40
regional_spp_sppt_shum_skeb_intel,wcoss2,intel,285.2708333333333,46.474765325461696,256,499,1200.8541666666667,11.824945833771503,1165,1216,48
