test_name,machine,compiler,core_mean,core_std,core_min,core_max,mem_mean,mem_std,mem_min,mem_max,n_hashes
regional_atmaq_debug_intel,acorn,intel,2425.0,9.03615924566647,2407,2444,1931.0212765957447,49.78802429854257,1846,1976,47
regional_atmaq_debug_intel,derecho,intel,2048.4,50.65678972090108,2017,2301,497139.1666666667,1123806.9973647639,2963,2968428,30
regional_atmaq_debug_intel,gaeac6,intel,1544.608695652174,12.010140642843028,1521,1567,263006.97826086957,851853.7460599024,2980,2997084,46
regional_atmaq_debug_intel,hera,intel,2392.1666666666665,36.41681475861286,2325,2534,2953.5416666666665,83.07416792172228,2910,3391,48
regional_atmaq_debug_intel,hercules,intel,1957.795918367347,156.12614819324745,1883,2680,1991402.387755102,1398925.4797019335,2952,2959648,49
regional_atmaq_debug_intel,orion,intel,2392.875,23.489812187323672,2356,2484,185681.5,715287.5615830945,2920,2932312,48
regional_atmaq_debug_intel,ursa,intel,1632.8484848484848,28.004599189375593,1608,1771,90323.81818181818,502267.2507985947,2886,2888196,33
regional_atmaq_debug_intel,wcoss2,intel,2451.446808510638,20.954203179728115,2416,2507,1861.4255319148936,61.04728911150017,1728,1958,47
