test_name,machine,compiler,core_mean,core_std,core_min,core_max,mem_mean,mem_std,mem_min,mem_max,n_hashes
regional_2threads_intel,acorn,intel,194.19148936170214,5.936762028728604,181,206,992.8085106382979,5.169468469322433,987,1009,47
regional_2threads_intel,gaeac6,intel,153.52173913043478,3.891524296809286,145,169,139591.76086956522,934373.1999392768,974,6339040,46
regional_2threads_intel,hera,intel,251.66666666666666,29.887970492187048,219,374,1082.125,6.596662599133659,1073,1101,48
regional_2threads_intel,hercules,intel,244.52173913043478,49.074881164936684,199,492,143666.3260869565,372208.03208809363,1073,1100312,46
regional_2threads_intel,orion,intel,272.9347826086956,38.75071450175,241,401,23586.130434782608,152982.51707006825,1011,1038608,46
regional_2threads_intel,ursa,intel,130.42857142857142,6.55426070074524,124,155,33596.67346938775,224218.06851035924,1550,1571092,49
regional_2threads_intel,wcoss2,intel,242.4468085106383,58.925453461809916,193,491,994.8085106382979,6.187780025713868,986,1011,47
