test_name,machine,compiler,core_mean,core_std,core_min,core_max,mem_mean,mem_std,mem_min,mem_max,n_hashes
regional_control_intel,acorn,intel,306.70212765957444,7.24693306529832,289,319,876.8297872340426,3.528265671601099,870,886,47
regional_control_intel,derecho,intel,261.1,2.7668674625929497,257,267,261786.2,420136.9939226966,842,877688,10
regional_control_intel,gaeac6,intel,194.8695652173913,4.640922780138415,184,207,139134.5652173913,934520.3776522573,846,6339564,46
regional_control_intel,hera,intel,307.7708333333333,13.95774715610506,282,325,1220.8333333333333,5.791899454477875,1201,1230,48
regional_control_intel,hercules,intel,301.6521739130435,61.827436337422,242,479,234853.6739130435,479002.6334648116,1169,1199636,46
regional_control_intel,orion,intel,407.2391304347826,101.70287547177344,359,937,48055.30434782609,222759.75596741182,1069,1084356,46
regional_control_intel,ursa,intel,242.75510204081633,113.85490229019656,203,683,36832.95918367347,245807.7769077529,1698,1722372,49
regional_control_intel,wcoss2,intel,359.5744680851064,62.106060994164785,308,635,873.3617021276596,1.960762184489907,869,879,47
