test_name,machine,compiler,core_mean,core_std,core_min,core_max,mem_mean,mem_std,mem_min,mem_max,n_hashes
regional_2threads_intel,acorn,intel,189.73333333333332,6.0317342598806665,176,208,996.9333333333333,7.158593056282394,987,1013,45
regional_2threads_intel,gaeac6,intel,156.04166666666666,6.558925487158641,149,195,138047.04166666666,914080.2008322752,986,6339040,48
regional_2threads_intel,hera,intel,287.88235294117646,3.4438777733315415,281,295,1080.5294117647059,6.893091170320677,1073,1100,17
regional_2threads_intel,hercules,intel,277.9375,55.83882819367323,254,610,23766.9375,157080.50786783602,1079,1089380,48
regional_2threads_intel,orion,intel,271.5744680851064,34.60255373891346,248,419,23450.042553191488,153664.12639584474,1023,1054504,47
regional_2threads_intel,ursa,intel,126.7,3.1831828507367446,122,135,1567.06,6.345205485487543,1550,1575,50
regional_2threads_intel,wcoss2,intel,207.875,31.725300327200433,189,408,947.4375,39.75879736718798,913,1011,48
