test_name,machine,compiler,core_mean,core_std,core_min,core_max,mem_mean,mem_std,mem_min,mem_max,n_hashes
regional_2dwrtdecomp_intel,acorn,intel,304.531914893617,6.317164553231104,289,317,878.2978723404256,4.058886619757253,870,887,47
regional_2dwrtdecomp_intel,derecho,intel,268.04,2.440628334398072,265,276,850.84,6.374950980203703,842,859,25
regional_2dwrtdecomp_intel,gaeac6,intel,192.89361702127658,3.9520717877280718,185,201,138863.82978723405,924071.6905544654,845,6339164,47
regional_2dwrtdecomp_intel,hera,intel,295.8529411764706,9.519142923416739,281,320,1216.6176470588234,7.6594750428644325,1200,1229,34
regional_2dwrtdecomp_intel,hercules,intel,279.70212765957444,36.77836964352175,245,390,1195.3829787234042,6.005624868800399,1179,1205,47
regional_2dwrtdecomp_intel,orion,intel,374.19565217391306,16.99492677924458,358,427,1082.7391304347825,5.767475020833727,1062,1093,46
regional_2dwrtdecomp_intel,ursa,intel,219.71428571428572,87.6947831971777,202,820,1713.5510204081634,8.046896980849727,1698,1727,49
regional_2dwrtdecomp_intel,wcoss2,intel,332.78723404255317,34.33906140003447,308,537,884.2127659574468,16.379913693848994,872,913,47
