test_name,machine,compiler,core_mean,core_std,core_min,core_max,mem_mean,mem_std,mem_min,mem_max,n_hashes
regional_spp_sppt_shum_skeb_dyn32_phy32_intel,acorn,intel,237.82608695652175,4.8547999058255655,228,251,1030.304347826087,8.859068336311648,1013,1052,46
regional_spp_sppt_shum_skeb_dyn32_phy32_intel,derecho,intel,212.27272727272728,9.155699854562723,205,251,1039.6818181818182,3.9567466630862325,1035,1051,22
regional_spp_sppt_shum_skeb_dyn32_phy32_intel,gaeac6,intel,152.65217391304347,3.274259144731805,146,160,141607.21739130435,934135.6400747024,1053,6339468,46
regional_spp_sppt_shum_skeb_dyn32_phy32_intel,hera,intel,222.36111111111111,7.148037803792332,214,238,1184.7222222222222,6.349853141658829,1169,1202,36
regional_spp_sppt_shum_skeb_dyn32_phy32_intel,hercules,intel,201.1086956521739,62.6142434136265,175,588,1308.5,7.188725740893001,1291,1325,46
regional_spp_sppt_shum_skeb_dyn32_phy32_intel,orion,intel,300.0888888888889,4.63593778991039,289,309,1241.111111111111,6.9551231027018545,1229,1256,45
regional_spp_sppt_shum_skeb_dyn32_phy32_intel,ursa,intel,153.24489795918367,8.5282144776542,147,195,1485.0,8.539125638299721,1470,1504,49
regional_spp_sppt_shum_skeb_dyn32_phy32_intel,wcoss2,intel,254.7608695652174,43.5829654707783,228,466,1017.1521739130435,40.9677202963527,933,1055,46
