test_name,machine,compiler,core_mean,core_std,core_min,core_max,mem_mean,mem_std,mem_min,mem_max,n_hashes
regional_spp_sppt_shum_skeb_dyn32_phy32_intel,acorn,intel,242.4375,4.485941396492607,232,251,1040.75,7.473356931780201,1025,1054,48
regional_spp_sppt_shum_skeb_dyn32_phy32_intel,derecho,intel,214.05882352941177,7.553729114113879,206,230,313020.5294117647,498160.19661966147,1056,1062756,17
regional_spp_sppt_shum_skeb_dyn32_phy32_intel,gaeac6,intel,154.0,3.569191846172236,146,162,91991.51063829787,301345.5314976533,1053,1070700,47
regional_spp_sppt_shum_skeb_dyn32_phy32_intel,hera,intel,241.35416666666666,30.54713106515989,214,368,1180.4791666666667,6.83230618469485,1163,1200,48
regional_spp_sppt_shum_skeb_dyn32_phy32_intel,hercules,intel,214.70833333333334,64.84087177453948,178,588,490228.9583333333,637900.6854983245,1294,1332328,48
regional_spp_sppt_shum_skeb_dyn32_phy32_intel,orion,intel,320.4375,86.0553770866871,282,643,52622.958333333336,249063.6193445753,1222,1235384,48
regional_spp_sppt_shum_skeb_dyn32_phy32_intel,ursa,intel,161.83333333333334,12.08363291387002,147,221,32389.791666666668,214135.4623354461,1441,1485056,48
regional_spp_sppt_shum_skeb_dyn32_phy32_intel,wcoss2,intel,265.6875,47.84867825382746,235,527,1042.0833333333333,6.86289230427974,1027,1055,48
