test_name,machine,compiler,core_mean,core_std,core_min,core_max,mem_mean,mem_std,mem_min,mem_max,n_hashes
regional_noquilt_intel,acorn,intel,299.02222222222224,6.039599959994679,286,311,1168.9777777777779,3.454173292021267,1160,1176,45
regional_noquilt_intel,derecho,intel,268.7631578947368,5.048062033961132,262,287,1139.3684210526317,2.497794190465417,1132,1144,38
regional_noquilt_intel,gaeac6,intel,193.2340425531915,5.184478364425234,185,218,140417.1914893617,923838.4898064923,1147,6339168,47
regional_noquilt_intel,hera,intel,296.4761904761905,8.237833742065009,290,331,1499.6190476190477,3.1697979505985927,1491,1504,21
regional_noquilt_intel,hercules,intel,292.4255319148936,70.59059694766935,248,685,33449.82978723404,219023.5843547963,1496,1503052,47
regional_noquilt_intel,orion,intel,381.82608695652175,27.142671896502,364,454,30996.108695652172,200986.0431799215,1356,1364516,46
regional_noquilt_intel,ursa,intel,206.6122448979592,3.4145297780868957,201,215,1988.3469387755101,3.112816385580805,1982,1998,49
regional_noquilt_intel,wcoss2,intel,324.468085106383,35.11029272092616,309,551,1180.7446808510638,6.016166933342328,1172,1191,47
