test_name,machine,compiler,core_mean,core_std,core_min,core_max,mem_mean,mem_std,mem_min,mem_max,n_hashes
regional_debug_intel,acorn,intel,1115.5111111111112,11.365062536767987,1100,1162,938.8222222222222,10.453987688239298,926,960,45
regional_debug_intel,derecho,intel,978.45,9.328616023991842,963,1008,888.475,6.222323335564275,879,900,40
regional_debug_intel,gaeac6,intel,693.9166666666666,7.8166035322345415,681,714,137708.54166666666,914169.9177422841,884,6339304,48
regional_debug_intel,hera,intel,1067.6,18.894165069783057,1041,1109,1219.2,10.595927718256819,1200,1237,20
regional_debug_intel,hercules,intel,980.4166666666666,87.43698845657147,865,1161,25406.5625,168012.97305633887,1133,1165184,48
regional_debug_intel,orion,intel,1074.3829787234042,38.9846977736078,1014,1168,24238.617021276597,158678.80329698478,1059,1088940,47
regional_debug_intel,ursa,intel,729.16,11.512832237223346,710,780,1628.68,8.562948185797481,1614,1648,50
regional_debug_intel,wcoss2,intel,1130.5833333333333,14.47644210041003,1116,1213,956.9375,23.214454640488935,928,995,48
