test_name,machine,compiler,core_mean,core_std,core_min,core_max,mem_mean,mem_std,mem_min,mem_max,n_hashes
regional_spp_sppt_shum_skeb_intel,acorn,intel,252.7872340425532,4.226912585948605,244,262,1187.0212765957447,9.087711152267604,1172,1217,47
regional_spp_sppt_shum_skeb_intel,derecho,intel,226.20689655172413,13.756503164334495,219,296,1147.344827586207,3.3835300888375155,1143,1159,29
regional_spp_sppt_shum_skeb_intel,gaeac6,intel,162.59574468085106,3.722198826944623,156,172,139428.74468085106,923937.2299415965,1171,6338832,47
regional_spp_sppt_shum_skeb_intel,hera,intel,229.83333333333334,4.906598887587847,224,249,1316.6333333333334,7.81017609114626,1306,1341,30
regional_spp_sppt_shum_skeb_intel,hercules,intel,204.36170212765958,42.376380588983594,185,464,1436.212765957447,12.562774842700147,1413,1484,47
regional_spp_sppt_shum_skeb_intel,orion,intel,317.04347826086956,4.68546936692645,307,329,1352.804347826087,5.053577677546414,1339,1364,46
regional_spp_sppt_shum_skeb_intel,ursa,intel,162.42857142857142,6.557438524302,155,187,1609.1632653061224,12.045654366436338,1570,1630,49
regional_spp_sppt_shum_skeb_intel,wcoss2,intel,267.1063829787234,28.448453799622737,247,437,1152.7659574468084,56.210865716574936,1070,1205,47
