test_name,machine,compiler,core_mean,core_std,core_min,core_max,mem_mean,mem_std,mem_min,mem_max,n_hashes
regional_netcdf_parallel_intel,derecho,intel,277.5217391304348,15.985418256584492,258,302,190295.86956521738,367490.9029158909,857,877676,23
regional_netcdf_parallel_intel,gaeac6,intel,197.04255319148936,4.333677255736955,183,210,74230.91489361702,243150.46371473005,848,865844,47
regional_netcdf_parallel_intel,hera,intel,321.5833333333333,24.961104494566175,280,438,1205.8333333333333,38.3773721747003,1102,1236,48
regional_netcdf_parallel_intel,hercules,intel,314.7755102040816,58.96229915029123,250,477,586905.1020408163,603989.000648337,1190,1206732,49
regional_netcdf_parallel_intel,orion,intel,421.2040816326531,85.24376311296834,360,787,67211.0612244898,261627.00367893412,1072,1084388,49
regional_netcdf_parallel_intel,ursa,intel,214.9268292682927,6.780082019793121,200,243,43249.70731707317,265899.7057378255,1710,1704312,41
regional_netcdf_parallel_intel,wcoss2,intel,351.6041666666667,46.03686754937683,313,569,873.125,2.048611361541869,870,879,48
