test_name,machine,compiler,core_mean,core_std,core_min,core_max,mem_mean,mem_std,mem_min,mem_max,n_hashes
regional_debug_intel,acorn,intel,1105.6170212765958,13.20828658125575,1086,1148,936.7872340425532,8.880697608254147,924,960,47
regional_debug_intel,derecho,intel,956.7,13.80861244940191,936,979,279429.9,448502.15833531204,882,943560,10
regional_debug_intel,gaeac6,intel,678.0434782608696,11.983241115526686,656,704,139163.0652173913,934476.8773207439,881,6339304,46
regional_debug_intel,hera,intel,1056.3333333333333,24.250758560922176,1011,1109,1227.3125,6.913312012250224,1212,1244,48
regional_debug_intel,hercules,intel,978.4782608695652,106.32376950312032,849,1232,227875.63043478262,464782.3559800082,1140,1169204,46
regional_debug_intel,orion,intel,1071.6304347826087,52.243599797551894,1000,1281,48824.413043478264,226350.8705267187,1066,1104168,46
regional_debug_intel,ursa,intel,800.4897959183673,284.40845938316863,702,1765,35221.857142857145,235109.89599821545,1611,1647404,49
regional_debug_intel,wcoss2,intel,1141.0,33.96481555451429,1099,1257,933.8297872340426,8.463011975229465,920,951,47
