test_name,machine,compiler,core_mean,core_std,core_min,core_max,mem_mean,mem_std,mem_min,mem_max,n_hashes
regional_wofs_intel,acorn,intel,421.2888888888889,27.310189758521698,388,482,1607.4222222222222,2.667045427646705,1601,1616,45
regional_wofs_intel,derecho,intel,365.6136363636364,10.858960310613735,353,397,1576.4318181818182,1.9812813245734824,1571,1580,44
regional_wofs_intel,gaeac6,intel,259.4791666666667,7.699100758028128,251,278,138272.72916666666,914065.1626806794,6338,6339168,48
regional_wofs_intel,hera,intel,372.8,2.6240644591385847,369,378,2039.5333333333333,3.6423435679060665,2031,2045,15
regional_wofs_intel,hercules,intel,362.25531914893617,43.38376178144275,323,476,46554.8085106383,304862.7917509092,2065,2092120,47
regional_wofs_intel,orion,intel,463.9347826086956,9.01209600460044,454,486,43162.782608695656,279846.9559619974,1892,1899916,46
regional_wofs_intel,ursa,intel,268.32,17.206358577868915,254,329,2633.94,12.854618799863147,2614,2671,50
regional_wofs_intel,wcoss2,intel,424.4375,23.69658046073139,393,479,1628.7083333333333,16.32249242196923,1600,1648,48
