test_name,machine,compiler,core_mean,core_std,core_min,core_max,mem_mean,mem_std,mem_min,mem_max,n_hashes
regional_atmaq_debug_intel,acorn,intel,2425.0625,8.93809977901211,2407,2454,1937.6458333333333,47.970952905847426,1846,1976,48
regional_atmaq_debug_intel,derecho,intel,2050.4545454545455,58.90406023092394,2017,2301,676811.7272727273,1271707.4940161651,2963,2968428,22
regional_atmaq_debug_intel,gaeac6,intel,1544.7021276595744,16.910139605030178,1520,1618,257473.1489361702,843397.2928955116,2980,2997084,47
regional_atmaq_debug_intel,hera,intel,2384.6666666666665,36.87779319869435,2325,2534,2949.4583333333335,66.05669980140149,2917,3391,48
regional_atmaq_debug_intel,hercules,intel,1968.4285714285713,173.187398502316,1858,2680,1449116.3469387756,1491276.7904036622,2952,2959648,49
regional_atmaq_debug_intel,orion,intel,2390.3061224489797,22.772611548408243,2352,2484,181952.02040816325,708278.7220762002,2920,2932312,49
regional_atmaq_debug_intel,ursa,intel,1630.5,25.79775940355872,1605,1771,71587.78571428571,445212.3777057053,2886,2888196,42
regional_atmaq_debug_intel,wcoss2,intel,2457.125,24.81388166741046,2419,2534,1879.3541666666667,64.68992804741818,1728,1959,48
