test_name,machine,compiler,core_mean,core_std,core_min,core_max,mem_mean,mem_std,mem_min,mem_max,n_hashes
regional_2dwrtdecomp_intel,acorn,intel,307.93617021276594,6.657471302552573,289,317,877.0,3.1137842208337108,870,884,47
regional_2dwrtdecomp_intel,derecho,intel,266.1,4.701063709417263,261,276,854.6,13.704824778968286,842,872,10
regional_2dwrtdecomp_intel,gaeac6,intel,194.5,4.236088342379616,185,201,139602.3260869565,934390.6374983778,845,6339164,46
regional_2dwrtdecomp_intel,hera,intel,307.9583333333333,25.301550144532897,281,454,1218.0416666666667,6.70331240232145,1200,1229,48
regional_2dwrtdecomp_intel,hercules,intel,298.2391304347826,100.16812196005688,245,799,131126.78260869565,376183.1767058828,1180,1200928,46
regional_2dwrtdecomp_intel,orion,intel,382.5652173913044,29.58126447144325,358,528,24578.891304347828,159365.02698915653,1062,1081948,46
regional_2dwrtdecomp_intel,ursa,intel,233.22448979591837,109.71938929722083,202,820,36852.87755102041,245950.12220846667,1698,1723368,49
regional_2dwrtdecomp_intel,wcoss2,intel,351.9148936170213,52.74707071497124,308,556,873.6808510638298,2.001156002639774,870,877,47
