test_name,machine,compiler,core_mean,core_std,core_min,core_max,mem_mean,mem_std,mem_min,mem_max,n_hashes
regional_2threads_intel,acorn,intel,190.25531914893617,5.366838941315148,176,201,996.2340425531914,7.0378256460526725,987,1013,47
regional_2threads_intel,gaeac6,intel,153.5744680851064,4.619169325148638,145,171,139029.12765957447,924028.3169209983,975,6339040,47
regional_2threads_intel,hera,intel,260.8787878787879,30.48642892312655,219,295,1081.1515151515152,6.633820600346083,1073,1100,33
regional_2threads_intel,hercules,intel,252.7872340425532,31.78113753553718,199,351,1091.6382978723404,7.2843654252429655,1073,1113,47
regional_2threads_intel,orion,intel,257.39130434782606,20.083689635422594,241,329,1031.4782608695652,7.974233868974546,1011,1052,46
regional_2threads_intel,ursa,intel,126.57142857142857,3.1885210782848246,122,135,1566.0,6.038073644245623,1550,1575,49
regional_2threads_intel,wcoss2,intel,218.12765957446808,36.33097673460329,189,408,974.1702127659574,35.39793604210146,913,1011,47
