test_name,machine,compiler,core_mean,core_std,core_min,core_max,mem_mean,mem_std,mem_min,mem_max,n_hashes
regional_atmaq_debug_intel,acorn,intel,2427.8333333333335,10.460326941177033,2407,2456,1939.875,45.716808678479374,1863,1986,48
regional_atmaq_debug_intel,derecho,intel,2020.3,3.9735234853828345,2017,2030,1485389.5,1562609.7119947379,2967,2968428,10
regional_atmaq_debug_intel,gaeac6,intel,1547.7608695652175,17.53496162605025,1520,1618,205781.71739130435,1024067.7046469939,2980,6339612,46
regional_atmaq_debug_intel,hera,intel,2374.0625,21.40332669509627,2325,2441,2937.4583333333335,14.848108029534837,2851,2949,48
regional_atmaq_debug_intel,hercules,intel,1963.1063829787233,169.4404132845056,1858,2680,756925.2978723404,1301566.5532319609,2952,2959648,47
regional_atmaq_debug_intel,orion,intel,2388.468085106383,19.74054651442691,2350,2441,127339.31914893616,596507.4072620049,2920,2932312,47
regional_atmaq_debug_intel,ursa,intel,1628.5102040816328,14.880247602357999,1605,1678,61773.4693877551,412186.6190510223,2886,2888196,49
regional_atmaq_debug_intel,wcoss2,intel,2463.2083333333335,21.378014490267635,2422,2534,1895.5416666666667,57.381129055040375,1782,1962,48
