test_name,machine,compiler,core_mean,core_std,core_min,core_max,mem_mean,mem_std,mem_min,mem_max,n_hashes
regional_restart_intel,acorn,intel,169.9787234042553,3.881334159359923,162,178,881.0,3.61157559257309,876,893,47
regional_restart_intel,derecho,intel,152.72413793103448,2.5340051827117196,149,158,864.3448275862069,3.1878772837665665,858,868,29
regional_restart_intel,gaeac6,intel,108.31914893617021,3.91266829324796,101,124,139335.53191489363,924000.9989602601,862,6339164,47
regional_restart_intel,hera,intel,161.0,3.332183709800835,156,172,1235.9666666666667,2.8705800607294463,1232,1243,30
regional_restart_intel,hercules,intel,166.72340425531914,90.6607872973564,134,757,1186.276595744681,6.8958151381821216,1173,1210,47
regional_restart_intel,orion,intel,208.80434782608697,27.73735512923352,192,328,1099.304347826087,3.6809996541845007,1087,1110,46
regional_restart_intel,ursa,intel,131.42857142857142,52.59435964689243,115,382,1683.3673469387754,9.230145081811706,1654,1698,49
regional_restart_intel,wcoss2,intel,194.25531914893617,29.65267645747314,170,381,891.4893617021277,13.669821315624853,877,918,47
