test_name,machine,compiler,core_mean,core_std,core_min,core_max,mem_mean,mem_std,mem_min,mem_max,n_hashes
regional_restart_intel,acorn,intel,172.79166666666666,5.580964353995409,162,189,882.4791666666666,2.360937276315306,877,887,48
regional_restart_intel,derecho,intel,156.3125,17.34250558598728,142,184,279664.3125,427051.10296477296,883,894856,16
regional_restart_intel,gaeac6,intel,108.55319148936171,3.328457735546197,103,119,76075.27659574468,249202.72836140788,866,887324,47
regional_restart_intel,hera,intel,175.625,23.78863039710803,156,302,1238.3958333333333,4.040958298675132,1226,1246,48
regional_restart_intel,hercules,intel,163.83333333333334,32.112391280607945,134,285,452976.625,589418.7884626623,1173,1212064,48
regional_restart_intel,orion,intel,229.10416666666666,57.21933893559895,192,479,47206.395833333336,223443.83575894363,1090,1108152,48
regional_restart_intel,ursa,intel,182.0204081632653,165.1901038445199,116,807,36178.12244897959,241385.94060693137,1677,1691396,49
regional_restart_intel,wcoss2,intel,213.4375,26.028549178554403,177,292,882.4375,3.7010996065861708,863,886,48
