test_name,machine,compiler,core_mean,core_std,core_min,core_max,mem_mean,mem_std,mem_min,mem_max,n_hashes
regional_atmaq_debug_intel,acorn,intel,2432.595744680851,19.015622381139444,2411,2525,1938.4255319148936,48.459640168437055,1862,1988,47
regional_atmaq_debug_intel,derecho,intel,2056.2758620689656,11.600174111144549,2044,2109,2935.0344827586205,16.98630279839091,2847,2939,29
regional_atmaq_debug_intel,gaeac6,intel,1558.7659574468084,15.413450881782008,1535,1618,140019.2340425532,923963.655624393,2981,6339612,47
regional_atmaq_debug_intel,hera,intel,2378.6,27.006512624512094,2340,2441,2934.4,18.003064873170555,2851,2945,30
regional_atmaq_debug_intel,hercules,intel,1908.2978723404256,26.9644813828158,1872,1996,2957.191489361702,2.771267939851603,2952,2964,47
regional_atmaq_debug_intel,orion,intel,2396.8695652173915,23.48484967486918,2342,2456,2929.9565217391305,4.604135926843348,2920,2937,46
regional_atmaq_debug_intel,ursa,intel,1641.5510204081634,21.530077047866683,1610,1744,2890.4285714285716,1.9578900207450651,2887,2896,49
regional_atmaq_debug_intel,wcoss2,intel,2453.7872340425533,16.49629229780036,2428,2508,1897.4468085106382,61.95819365775686,1770,1962,47
