test_name,machine,compiler,core_mean,core_std,core_min,core_max,mem_mean,mem_std,mem_min,mem_max,n_hashes
regional_atmaq_canopy_intel,acorn,intel,1093.5531914893618,30.109805214045394,1027,1141,2446.2127659574467,6.375688096582412,2439,2462,47
regional_atmaq_canopy_intel,derecho,intel,986.0,51.13598428591054,955,1093,297654.8,931975.6500756636,2923,2950104,10
regional_atmaq_canopy_intel,gaeac6,intel,865.3913043478261,18.110130082199966,834,961,141174.45652173914,934276.8352774173,2966,6339992,46
regional_atmaq_canopy_intel,hera,intel,1045.7083333333333,77.07662899730803,944,1142,2926.6458333333335,2.637613229057508,2922,2933,48
regional_atmaq_canopy_intel,hercules,intel,944.9782608695652,92.48483097974862,827,1365,450275.32608695654,1067541.5622935416,2941,2943920,46
regional_atmaq_canopy_intel,orion,intel,1347.695652173913,149.04777303718097,1271,2290,129427.28260869565,599956.5651415725,2906,2915660,46
regional_atmaq_canopy_intel,ursa,intel,767.6326530612245,22.246435929483745,724,802,61501.69387755102,410380.58631293726,2873,2875540,49
regional_atmaq_canopy_intel,wcoss2,intel,1202.2340425531916,127.59296913401201,1085,1785,2434.1063829787236,11.32376117142757,2405,2450,47
