test_name,machine,compiler,core_mean,core_std,core_min,core_max,mem_mean,mem_std,mem_min,mem_max,n_hashes
regional_noquilt_intel,acorn,intel,304.27659574468083,8.012767333014535,290,322,1168.3829787234042,3.8195901868118893,1160,1180,47
regional_noquilt_intel,derecho,intel,267.1666666666667,4.4687466889159175,262,280,1141.0833333333333,1.5050420310249033,1139,1144,12
regional_noquilt_intel,gaeac6,intel,192.1304347826087,3.9587242369911526,185,200,140518.8260869565,934253.8350785568,1147,6339168,46
regional_noquilt_intel,hera,intel,303.3829787234043,13.443202891342478,283,331,1502.276595744681,4.651797818233232,1491,1511,47
regional_noquilt_intel,hercules,intel,297.1304347826087,72.67877840826627,245,517,1500.9347826086957,3.586407511783839,1496,1513,46
regional_noquilt_intel,orion,intel,374.54347826086956,15.746190398864574,357,449,1363.4130434782608,3.8156175382323942,1355,1372,46
regional_noquilt_intel,ursa,intel,228.20408163265307,89.1466440740192,200,673,1991.204081632653,4.188175775505591,1984,1998,49
regional_noquilt_intel,wcoss2,intel,353.29787234042556,64.08619022834287,310,586,1177.0851063829787,3.6820940830270796,1171,1186,47
