test_name,machine,compiler,core_mean,core_std,core_min,core_max,mem_mean,mem_std,mem_min,mem_max,n_hashes
regional_restart_intel,acorn,intel,171.5531914893617,4.3077710903531665,162,180,880.063829787234,1.9715835096731074,876,884,47
regional_restart_intel,derecho,intel,152.1818181818182,2.5226248955475645,149,158,866.5454545454545,0.8201995322647141,865,868,11
regional_restart_intel,gaeac6,intel,108.26086956521739,3.4346908811820858,101,119,140210.36956521738,934299.9238328453,862,6339164,46
regional_restart_intel,hera,intel,165.9375,7.07229009826679,156,179,1236.5833333333333,3.6075177611708584,1226,1243,48
regional_restart_intel,hercules,intel,167.84782608695653,92.14215283192819,134,757,27306.5,177099.22120698958,1173,1202340,46
regional_restart_intel,orion,intel,214.7173913043478,31.656955032541703,192,328,1100.1739130434783,4.034872146266142,1087,1107,46
regional_restart_intel,ursa,intel,142.20408163265307,82.57723142404247,115,581,1690.265306122449,9.413588383741065,1670,1713,49
regional_restart_intel,wcoss2,intel,211.7659574468085,38.48670734160237,170,381,881.4042553191489,3.7512871673141848,863,889,47
