test_name,machine,compiler,core_mean,core_std,core_min,core_max,mem_mean,mem_std,mem_min,mem_max,n_hashes
regional_noquilt_intel,acorn,intel,299.9148936170213,6.996364854986401,286,316,1168.659574468085,3.4595588795499803,1160,1176,47
regional_noquilt_intel,derecho,intel,267.52,3.9908228057214794,262,280,1140.28,2.051828452868261,1136,1144,25
regional_noquilt_intel,gaeac6,intel,191.14893617021278,3.4952061791785134,185,199,138984.21276595743,924053.9265129013,1147,6339168,47
regional_noquilt_intel,hera,intel,297.3529411764706,10.744645891315745,283,331,1500.6176470588234,3.9081477119377057,1491,1508,34
regional_noquilt_intel,hercules,intel,280.5531914893617,43.45052584393782,245,399,1502.0212765957447,3.5107868664774076,1497,1515,47
regional_noquilt_intel,orion,intel,374.3478260869565,21.75848993055288,357,449,1363.0,3.723797345005035,1355,1372,46
regional_noquilt_intel,ursa,intel,207.57142857142858,5.951190357119049,200,238,1989.0408163265306,3.587938031756924,1982,1998,49
regional_noquilt_intel,wcoss2,intel,330.5531914893617,37.08615615999325,309,551,1179.2553191489362,5.49493080664743,1171,1188,47
