test_name,machine,compiler,core_mean,core_std,core_min,core_max,mem_mean,mem_std,mem_min,mem_max,n_hashes
regional_spp_sppt_shum_skeb_intel,acorn,intel,254.6818181818182,7.510528198911063,244,278,1184.659090909091,5.447180545797999,1172,1196,44
regional_spp_sppt_shum_skeb_intel,derecho,intel,226.9318181818182,11.359654693557857,219,296,1147.3863636363637,3.0970046225563337,1143,1159,44
regional_spp_sppt_shum_skeb_intel,gaeac6,intel,165.72340425531914,3.36026737846322,160,180,6338.659574468085,0.5624710908389967,6338,6340,47
regional_spp_sppt_shum_skeb_intel,hera,intel,231.28571428571428,6.0054919919965,226,249,1314.0714285714287,6.31803627859025,1306,1324,14
regional_spp_sppt_shum_skeb_intel,hercules,intel,203.1086956521739,41.590184878897446,185,464,32812.217391304344,212815.61631159738,1418,1444820,46
regional_spp_sppt_shum_skeb_intel,orion,intel,320.35555555555555,4.49320474593456,314,329,31617.6,203086.97183432608,1304,1363692,45
regional_spp_sppt_shum_skeb_intel,ursa,intel,164.08,6.36264609310643,157,187,1607.24,12.468016224381008,1570,1625,50
regional_spp_sppt_shum_skeb_intel,wcoss2,intel,258.5625,8.564911719682648,247,277,1110.7291666666667,54.42806675194882,1066,1198,48
