test_name,machine,compiler,core_mean,core_std,core_min,core_max,mem_mean,mem_std,mem_min,mem_max,n_hashes
regional_control_faster_intel,acorn,intel,298.72093023255815,4.013818876233354,290,307,877.2790697674419,3.216960865366955,869,882,43
regional_control_faster_intel,derecho,intel,248.8,1.8135294011647245,246,252,433318.5,455854.1552741647,862,869816,10
regional_control_faster_intel,gaeac6,intel,190.14285714285714,2.81608124684821,184,200,856.7380952380952,6.62242871891046,839,866,42
regional_control_faster_intel,hera,intel,291.30232558139534,3.42633278705723,282,297,1219.1860465116279,5.799243850354975,1198,1227,43
regional_control_faster_intel,hercules,intel,267.09302325581393,31.624142339951963,240,359,306219.4651162791,526411.6408397405,1175,1198788,43
regional_control_faster_intel,orion,intel,399.25581395348837,82.13406375967799,358,787,51217.16279069767,229689.91523676625,1070,1080272,43
regional_control_faster_intel,ursa,intel,206.72727272727272,6.1127531054788395,200,224,40940.02272727273,260163.44969720152,1702,1727448,44
regional_control_faster_intel,wcoss2,intel,351.04651162790697,39.29252533326584,308,518,871.1395348837209,1.7671795573851283,869,878,43
