test_name,machine,compiler,core_mean,core_std,core_min,core_max,mem_mean,mem_std,mem_min,mem_max,n_hashes
regional_control_faster_intel,acorn,intel,298.4791666666667,3.8701783087919965,290,307,877.2916666666666,3.141745912050604,869,882,48
regional_control_faster_intel,derecho,intel,258.64285714285717,16.703786502361773,246,292,309758.5714285714,430078.17323897226,849,869816,14
regional_control_faster_intel,gaeac6,intel,189.95744680851064,2.9039511824297684,184,200,55701.44680851064,212310.37347527102,839,863408,47
regional_control_faster_intel,hera,intel,291.8333333333333,4.323775602525291,282,306,1219.0416666666667,5.523483072140864,1198,1227,48
regional_control_faster_intel,hercules,intel,265.2916666666667,30.520978717006642,240,359,398588.3541666667,567949.5514206473,1175,1198788,48
regional_control_faster_intel,orion,intel,397.0,78.4344149389062,358,787,45993.916666666664,217679.9981170714,1070,1080272,48
regional_control_faster_intel,ursa,intel,206.55102040816325,5.912772983443678,200,224,36937.857142857145,246532.7292645441,1702,1727448,49
regional_control_faster_intel,wcoss2,intel,350.2708333333333,38.15184643663821,308,518,871.3125,1.8353068037333329,869,878,48
