test_name,machine,compiler,core_mean,core_std,core_min,core_max,mem_mean,mem_std,mem_min,mem_max,n_hashes
regional_2dwrtdecomp_intel,acorn,intel,308.4791666666667,6.5003750573735894,295,319,877.6666666666666,2.5208351649955394,871,884,48
regional_2dwrtdecomp_intel,derecho,intel,277.8529411764706,14.56465699944858,259,305,128159.38235294117,311157.38918431767,860,869512,34
regional_2dwrtdecomp_intel,gaeac6,intel,198.31914893617022,2.9935175105603546,195,215,74185.4255319149,242999.3930336618,853,867252,47
regional_2dwrtdecomp_intel,hera,intel,329.48979591836735,27.991161141346314,313,454,1178.795918367347,54.98597533001659,1096,1226,49
regional_2dwrtdecomp_intel,hercules,intel,318.78,95.78660167906831,264,799,863293.08,543080.3901306348,1185,1206440,50
regional_2dwrtdecomp_intel,orion,intel,445.7755102040816,104.08895740865968,377,859,67261.91836734694,261835.85812941703,1070,1082708,49
regional_2dwrtdecomp_intel,ursa,intel,216.82758620689654,6.777425583283504,212,249,61089.06896551724,319701.64290944004,1703,1723368,29
regional_2dwrtdecomp_intel,wcoss2,intel,340.2916666666667,28.395353480645074,313,473,873.6458333333334,2.1585020745122674,870,880,48
