test_name,machine,compiler,core_mean,core_std,core_min,core_max,mem_mean,mem_std,mem_min,mem_max,n_hashes
regional_atmaq_debug_intel,acorn,intel,2434.9565217391305,19.964364387844405,2411,2525,1937.9565217391305,48.93531173191314,1862,1988,46
regional_atmaq_debug_intel,derecho,intel,2058.0625,12.876428827700579,2044,2109,2935.21875,16.159955235884944,2847,2939,32
regional_atmaq_debug_intel,gaeac6,intel,1561.872340425532,22.397221315694537,1535,1682,140233.29787234042,923931.5883301409,2981,6339612,47
regional_atmaq_debug_intel,hera,intel,2380.259259259259,28.002187541735154,2340,2441,2934.185185185185,18.98995085876304,2851,2945,27
regional_atmaq_debug_intel,hercules,intel,1911.063829787234,28.98605680946793,1872,1996,2957.1063829787236,2.6964875909968797,2952,2964,47
regional_atmaq_debug_intel,orion,intel,2400.8695652173915,30.943395414963035,2342,2528,2929.913043478261,4.496053019440823,2920,2937,46
regional_atmaq_debug_intel,ursa,intel,1642.9183673469388,21.28167906781745,1610,1744,2890.6326530612246,1.9652594988853946,2887,2896,49
regional_atmaq_debug_intel,wcoss2,intel,2454.255319148936,17.10131966063027,2428,2508,1893.3191489361702,59.84403874382967,1770,1962,47
