test_name,machine,compiler,core_mean,core_std,core_min,core_max,mem_mean,mem_std,mem_min,mem_max,n_hashes
regional_control_intel,acorn,intel,307.2083333333333,6.875668890736057,289,319,877.2708333333334,3.5052518854059107,871,886,48
regional_control_intel,derecho,intel,264.90909090909093,13.367531899752823,259,305,396342.2727272727,454371.5255429396,867,877688,11
regional_control_intel,gaeac6,intel,195.06382978723406,4.574999431309778,184,207,172740.82978723405,935930.4412479479,846,6339564,47
regional_control_intel,hera,intel,309.8125,13.806653114088428,282,327,1221.2916666666667,5.53886974157953,1201,1230,48
regional_control_intel,hercules,intel,304.6458333333333,61.24922564281095,242,479,324653.1875,536358.4210369213,1169,1199636,48
regional_control_intel,orion,intel,407.4375,99.5427645190001,359,937,46097.875,218175.01798537848,1069,1084356,48
regional_control_intel,ursa,intel,243.9591836734694,113.55009158657569,203,683,36832.77551020408,245807.80371293687,1698,1722372,49
regional_control_intel,wcoss2,intel,360.7916666666667,60.72503719096409,308,635,873.2708333333334,1.8763883748663024,869,879,48
