test_name,machine,compiler,core_mean,core_std,core_min,core_max,mem_mean,mem_std,mem_min,mem_max,n_hashes
regional_spp_sppt_shum_skeb_dyn32_phy32_intel,acorn,intel,239.34782608695653,4.840649136011739,228,251,1031.608695652174,9.74446455029646,1013,1054,46
regional_spp_sppt_shum_skeb_dyn32_phy32_intel,derecho,intel,211.58823529411765,10.283839406621267,205,251,1039.8235294117646,4.390832696050454,1035,1051,17
regional_spp_sppt_shum_skeb_dyn32_phy32_intel,gaeac6,intel,152.51111111111112,3.2024296331934488,146,160,144144.0,944537.632945179,1053,6339468,45
regional_spp_sppt_shum_skeb_dyn32_phy32_intel,hera,intel,224.3170731707317,8.66152129937414,214,244,1184.780487804878,6.524998831884738,1169,1202,41
regional_spp_sppt_shum_skeb_dyn32_phy32_intel,hercules,intel,203.1304347826087,62.15843866752559,175,588,1307.391304347826,6.984039776104025,1291,1321,46
regional_spp_sppt_shum_skeb_dyn32_phy32_intel,orion,intel,299.0888888888889,5.102682994011514,289,309,1240.4444444444443,7.140013864118017,1229,1256,45
regional_spp_sppt_shum_skeb_dyn32_phy32_intel,ursa,intel,154.6734693877551,9.218160868411802,147,195,1484.5102040816328,8.261664604715941,1471,1504,49
regional_spp_sppt_shum_skeb_dyn32_phy32_intel,wcoss2,intel,264.69565217391306,59.037791875757144,230,527,1028.1521739130435,29.25821243974212,934,1055,46
