test_name,machine,compiler,core_mean,core_std,core_min,core_max,mem_mean,mem_std,mem_min,mem_max,n_hashes
regional_debug_intel,acorn,intel,1098.8297872340424,8.648496096799441,1086,1120,936.1702127659574,7.9627369910432915,924,955,47
regional_debug_intel,derecho,intel,966.5384615384615,16.238794953396685,936,996,178810.34615384616,371796.5363758992,918,943560,26
regional_debug_intel,gaeac6,intel,670.5217391304348,8.90128362886757,647,688,79365.19565217392,257059.1335933444,881,905224,46
regional_debug_intel,hera,intel,1062.0625,33.37434755119697,1011,1193,1201.7708333333333,48.680565209105886,1095,1244,48
regional_debug_intel,hercules,intel,974.1224489795918,116.01519883422262,849,1491,682938.0204081633,572114.8984559209,1152,1171272,49
regional_debug_intel,orion,intel,1079.75,69.31166123372556,1000,1368,69661.625,268372.4612040278,1079,1104168,48
regional_debug_intel,ursa,intel,851.7027027027027,355.35239667944523,702,1765,46115.59459459459,270562.6977161013,1611,1647404,37
regional_debug_intel,wcoss2,intel,1127.1063829787233,31.512753831172088,1096,1257,933.1914893617021,9.463059294532677,920,951,47
