test_name,machine,compiler,core_mean,core_std,core_min,core_max,mem_mean,mem_std,mem_min,mem_max,n_hashes
regional_noquilt_intel,acorn,intel,306.7083333333333,8.137013758609601,290,324,1169.2916666666667,3.6783341126074456,1163,1180,48
regional_noquilt_intel,derecho,intel,264.45454545454544,12.863620301949487,259,303,529638.0,607174.2253360234,1155,1165792,11
regional_noquilt_intel,gaeac6,intel,194.14893617021278,5.166694020796347,185,210,185934.74468085106,947607.1133357886,1147,6339168,47
regional_noquilt_intel,hera,intel,312.1875,24.95754373654791,283,455,1504.6875,5.344140756523197,1494,1525,48
regional_noquilt_intel,hercules,intel,309.8125,70.68439180385477,245,517,408522.5833333333,674919.4349583853,1496,1507716,48
regional_noquilt_intel,orion,intel,388.5625,43.67428098033138,357,598,58133.5,275139.0295672972,1355,1368664,48
regional_noquilt_intel,ursa,intel,287.2448979591837,395.7276278479642,200,2932,42614.183673469386,284345.51490899484,1985,1992412,49
regional_noquilt_intel,wcoss2,intel,360.4791666666667,60.39726271919639,310,586,1178.5625,3.718305779833143,1171,1186,48
