test_name,machine,compiler,core_mean,core_std,core_min,core_max,mem_mean,mem_std,mem_min,mem_max,n_hashes
regional_atmaq_debug_intel,acorn,intel,2430.68085106383,10.287405518565787,2416,2456,1943.063829787234,44.6802184880995,1863,1986,47
regional_atmaq_debug_intel,derecho,intel,2034.9,15.516657715715258,2017,2053,2952.6,16.049922118191024,2937,2969,10
regional_atmaq_debug_intel,gaeac6,intel,1549.8260869565217,18.35611233086631,1520,1618,141251.08695652173,934208.1014942566,2980,6339612,46
regional_atmaq_debug_intel,hera,intel,2376.5208333333335,23.88535524197744,2325,2441,2937.1666666666665,14.808469878479833,2851,2949,48
regional_atmaq_debug_intel,hercules,intel,1965.2608695652175,170.8255035321273,1858,2680,388098.17391304346,1005417.8897959528,2952,2958108,46
regional_atmaq_debug_intel,orion,intel,2390.0652173913045,20.535500073897065,2350,2441,66361.84782608696,430215.87413266365,2921,2920796,46
regional_atmaq_debug_intel,ursa,intel,1629.3265306122448,14.893213995953117,1605,1678,61773.32653061225,412186.6398844899,2886,2888196,49
regional_atmaq_debug_intel,wcoss2,intel,2463.6170212765956,20.94563687209825,2432,2534,1899.9574468085107,58.78884745122876,1782,1962,47
