test_name,machine,compiler,core_mean,core_std,core_min,core_max,mem_mean,mem_std,mem_min,mem_max,n_hashes
regional_control_faster_intel,acorn,intel,298.5869565217391,3.9190479963975613,290,307,877.2826086956521,3.194878147412161,869,882,46
regional_control_faster_intel,derecho,intel,255.33333333333334,15.44099227459953,246,292,361242.4166666667,445372.6534905059,861,869816,12
regional_control_faster_intel,gaeac6,intel,189.9111111111111,2.8905977851571745,184,200,39016.311111111114,178939.34443787244,839,863408,45
regional_control_faster_intel,hera,intel,291.2608695652174,3.3825354238676977,282,297,1219.108695652174,5.626241140582259,1198,1227,46
regional_control_faster_intel,hercules,intel,265.67391304347825,31.055544752964526,240,359,364004.89130434784,554581.5763514058,1175,1198788,46
regional_control_faster_intel,orion,intel,398.3695652173913,79.87082868834102,358,787,47946.95652173913,222254.32257523327,1070,1080272,46
regional_control_faster_intel,ursa,intel,206.61702127659575,6.027304507818749,200,224,38436.59574468085,251723.4523430563,1702,1727448,47
regional_control_faster_intel,wcoss2,intel,349.89130434782606,38.35635729481538,308,518,871.195652173913,1.733584151306732,869,878,46
