test_name,machine,compiler,core_mean,core_std,core_min,core_max,mem_mean,mem_std,mem_min,mem_max,n_hashes
regional_netcdf_parallel_intel,derecho,intel,266.4,3.4383458555273627,258,270,846.6,9.640193635676262,842,872,10
regional_netcdf_parallel_intel,gaeac6,intel,194.0,4.221637386396672,183,202,139955.63043478262,934318.1131048664,844,6339032,46
regional_netcdf_parallel_intel,hera,intel,303.5416666666667,13.21018036395518,280,323,1218.0416666666667,5.645402321879865,1210,1236,48
regional_netcdf_parallel_intel,hercules,intel,292.10869565217394,62.13577543872757,249,477,79134.06521739131,298332.0533565393,1178,1198104,46
regional_netcdf_parallel_intel,orion,intel,385.8478260869565,42.038060739342356,359,597,24631.304347826088,159724.8803891477,1067,1084388,46
regional_netcdf_parallel_intel,ursa,intel,210.59183673469389,6.45470877004706,200,225,1715.857142857143,9.800085033644681,1693,1738,49
regional_netcdf_parallel_intel,wcoss2,intel,352.25531914893617,56.63631807806196,308,569,873.3829787234042,1.962177046142073,870,879,47
