test_name,machine,compiler,core_mean,core_std,core_min,core_max,mem_mean,mem_std,mem_min,mem_max,n_hashes
regional_noquilt_intel,acorn,intel,303.89130434782606,8.187329671495943,290,322,1168.4130434782608,3.861928631347687,1160,1180,46
regional_noquilt_intel,derecho,intel,267.0,4.3204937989385686,262,280,1141.076923076923,1.4411533842457886,1139,1144,13
regional_noquilt_intel,gaeac6,intel,191.86666666666667,3.7209480707817604,185,199,143730.3111111111,944554.5422666137,1147,6339168,45
regional_noquilt_intel,hera,intel,302.68888888888887,13.310662544506858,283,331,1502.1777777777777,4.720790038315351,1491,1511,45
regional_noquilt_intel,hercules,intel,294.7173913043478,73.13356519060123,245,517,1501.108695652174,3.7191890446384037,1496,1513,46
regional_noquilt_intel,orion,intel,374.22222222222223,15.891519878237071,357,449,1363.4888888888888,3.8472080917219316,1355,1372,45
regional_noquilt_intel,ursa,intel,227.83673469387756,89.2270855128399,200,673,1991.0816326530612,4.076542319038677,1984,1998,49
regional_noquilt_intel,wcoss2,intel,351.95652173913044,64.3296912688376,310,586,1177.108695652174,3.7191890446385005,1171,1186,46
