test_name,machine,compiler,core_mean,core_std,core_min,core_max,mem_mean,mem_std,mem_min,mem_max,n_hashes
regional_2threads_intel,acorn,intel,192.2173913043478,5.063652803080492,181,205,995.5,6.810938913900801,987,1012,46
regional_2threads_intel,gaeac6,intel,152.97826086956522,3.7682246361134717,145,169,141216.26086956522,934130.1600251894,974,6339040,46
regional_2threads_intel,hera,intel,257.7692307692308,28.94137589794921,219,295,1080.7692307692307,6.2046736987937,1073,1100,39
regional_2threads_intel,hercules,intel,254.17391304347825,47.097678332884165,199,492,1091.2608695652175,7.385977051469262,1073,1113,46
regional_2threads_intel,orion,intel,260.9555555555556,21.132649831218263,241,329,1030.7333333333333,8.568971509304516,1011,1052,45
regional_2threads_intel,ursa,intel,128.0408163265306,4.004992632501913,122,139,1565.3265306122448,5.5729546139594595,1550,1574,49
regional_2threads_intel,wcoss2,intel,229.7391304347826,57.395483671572286,189,491,985.3260869565217,26.967514900401653,913,1011,46
