test_name,machine,compiler,core_mean,core_std,core_min,core_max,mem_mean,mem_std,mem_min,mem_max,n_hashes
regional_spp_sppt_shum_skeb_dyn32_phy32_intel,acorn,intel,240.93617021276594,4.779504500965095,232,251,1034.936170212766,9.821016186063183,1013,1054,47
regional_spp_sppt_shum_skeb_dyn32_phy32_intel,derecho,intel,209.7,1.1595018087284055,207,211,1046.6,10.854594521317692,1035,1062,10
regional_spp_sppt_shum_skeb_dyn32_phy32_intel,gaeac6,intel,153.30434782608697,3.8289514968483824,146,162,139887.89130434784,934393.4492347481,1053,6339468,46
regional_spp_sppt_shum_skeb_dyn32_phy32_intel,hera,intel,228.16666666666666,9.545709369967573,214,244,1184.0208333333333,6.67956420840333,1169,1202,48
regional_spp_sppt_shum_skeb_dyn32_phy32_intel,hercules,intel,205.5,61.65342200108966,175,588,114840.06521739131,371953.04998300836,1291,1310832,46
regional_spp_sppt_shum_skeb_dyn32_phy32_intel,orion,intel,306.0869565217391,52.20677950311585,289,643,28033.543478260868,181728.22999751964,1226,1233780,46
regional_spp_sppt_shum_skeb_dyn32_phy32_intel,ursa,intel,156.30612244897958,8.01354083627792,147,179,31761.469387755104,211938.78585927648,1466,1485056,49
regional_spp_sppt_shum_skeb_dyn32_phy32_intel,wcoss2,intel,268.468085106383,57.09444923291573,235,527,1038.8510638297873,6.665872601491637,1028,1055,47
