test_name,machine,compiler,core_mean,core_std,core_min,core_max,mem_mean,mem_std,mem_min,mem_max,n_hashes
regional_debug_intel,acorn,intel,1098.595744680851,8.342295519944775,1086,1120,935.8936170212766,7.32545900788651,924,953,47
regional_debug_intel,derecho,intel,965.5862068965517,15.801259537001004,936,996,160409.4827586207,355613.9565541765,918,943560,29
regional_debug_intel,gaeac6,intel,670.8478260869565,9.04302651231407,647,688,79366.47826086957,257058.7333789467,889,905224,46
regional_debug_intel,hera,intel,1065.75,33.266493269776504,1011,1193,1194.0833333333333,53.3298979390024,1095,1244,48
regional_debug_intel,hercules,intel,980.2244897959183,116.37175797598734,849,1491,753066.5510204082,553790.6625871466,1152,1171272,49
regional_debug_intel,orion,intel,1081.3333333333333,68.97003152258922,1005,1368,69661.54166666667,268372.4829485238,1079,1104168,48
regional_debug_intel,ursa,intel,863.5588235294117,368.7309268761404,702,1765,50039.91176470588,282247.0655114779,1611,1647404,34
regional_debug_intel,wcoss2,intel,1126.4468085106382,31.42472614846488,1096,1257,932.3617021276596,9.291009052502929,920,951,47
