test_name,machine,compiler,core_mean,core_std,core_min,core_max,mem_mean,mem_std,mem_min,mem_max,n_hashes
regional_atmaq_debug_intel,acorn,intel,2450.4,29.321416312065335,2411,2525,1926.9333333333334,50.72268633551368,1862,1988,45
regional_atmaq_debug_intel,derecho,intel,2075.413043478261,24.69599705481443,2047,2121,2934.7608695652175,13.459709065055733,2847,2939,46
regional_atmaq_debug_intel,gaeac6,intel,1579.0217391304348,50.60368415680369,1536,1788,6338.760869565217,0.7050542172593867,6338,6340,46
regional_atmaq_debug_intel,hera,intel,2382.714285714286,33.0490256322043,2344,2440,2937.4285714285716,2.507132682112105,2935,2942,7
regional_atmaq_debug_intel,hercules,intel,1930.9148936170213,54.58134327980184,1872,2239,65777.17021276595,430673.2398931942,2951,2955504,47
regional_atmaq_debug_intel,orion,intel,2422.3695652173915,34.35200702249345,2342,2528,66539.34782608696,431418.381241701,2920,2928952,46
regional_atmaq_debug_intel,ursa,intel,1656.74,22.26080109309016,1619,1744,2891.12,1.8029454359181782,2887,2894,50
regional_atmaq_debug_intel,wcoss2,intel,2468.1428571428573,25.848920029020498,2428,2559,1871.4285714285713,54.97044660542607,1770,1962,49
