test_name,machine,compiler,core_mean,core_std,core_min,core_max,mem_mean,mem_std,mem_min,mem_max,n_hashes
regional_debug_gnu,derecho,gnu,465.6666666666667,15.257387679018937,452,508,778.3333333333334,3.7254245232976886,768,783,12
regional_debug_gnu,hera,gnu,502.74468085106383,6.1801508533241165,490,516,876.2127659574468,6.392713821942192,860,893,47
regional_debug_gnu,hercules,gnu,433.1304347826087,90.25854436516178,383,934,882.6086956521739,6.451453792646059,870,896,46
regional_debug_gnu,ursa,gnu,491.14285714285717,329.00468588354994,332,1449,764.1632653061224,9.618443521813305,740,783,49
