test_name,machine,compiler,core_mean,core_std,core_min,core_max,mem_mean,mem_std,mem_min,mem_max,n_hashes
regional_atmaq_canopy_intel,acorn,intel,1102.4791666666667,42.6499804611132,1027,1314,2446.9583333333335,6.681057163555455,2439,2462,48
regional_atmaq_canopy_intel,derecho,intel,963.1818181818181,11.070846235208792,952,991,1342670.0909090908,1539221.6210441208,2947,2952668,11
regional_atmaq_canopy_intel,gaeac6,intel,866.4468085106383,17.84207108108623,834,961,264617.10638297873,1090292.9974589446,2966,6339992,47
regional_atmaq_canopy_intel,hera,intel,1063.6875,73.27858711647798,944,1142,2926.2083333333335,2.5512477826010467,2922,2932,48
regional_atmaq_canopy_intel,hercules,intel,953.1875,90.78772441390583,827,1365,799005.8125,1320020.57438156,2941,2945832,48
regional_atmaq_canopy_intel,orion,intel,1348.8958333333333,145.4160925835566,1271,2290,124155.6875,587608.4679902033,2906,2915660,48
regional_atmaq_canopy_intel,ursa,intel,772.9795918367347,20.78309589137125,724,805,61501.836734693876,410380.56547999586,2873,2875540,49
regional_atmaq_canopy_intel,wcoss2,intel,1221.3333333333333,139.84647103517798,1092,1785,2434.2916666666665,12.48481346980748,2405,2450,48
