test_name,machine,compiler,core_mean,core_std,core_min,core_max,mem_mean,mem_std,mem_min,mem_max,n_hashes
regional_debug_intel,acorn,intel,1110.5106382978724,15.42425016206559,1086,1162,936.5957446808511,9.097681440101596,925,960,47
regional_debug_intel,derecho,intel,973.2727272727273,6.310164959664835,963,986,884.9090909090909,6.284179269475781,879,896,11
regional_debug_intel,gaeac6,intel,682.7173913043479,11.695512992365408,656,704,140226.10869565216,934318.6304216026,881,6339304,46
regional_debug_intel,hera,intel,1061.3125,22.51539071721687,1021,1109,1223.6041666666667,9.664014370791472,1200,1244,48
regional_debug_intel,hercules,intel,967.0652173913044,108.22495135881725,849,1232,26364.739130434784,170983.93477184855,1140,1160824,46
regional_debug_intel,orion,intel,1065.8260869565217,44.122709873375236,1000,1281,1092.7608695652175,10.673299568151196,1059,1124,46
regional_debug_intel,ursa,intel,803.265306122449,283.57155001796605,704,1765,1632.8775510204082,9.335489303952803,1611,1649,49
regional_debug_intel,wcoss2,intel,1143.787234042553,32.360023761353276,1099,1257,932.8936170212766,7.659135047524991,920,951,47
