test_name,machine,compiler,core_mean,core_std,core_min,core_max,mem_mean,mem_std,mem_min,mem_max,n_hashes
regional_atmaq_intel,acorn,intel,912.1063829787234,24.578387503758652,856,949,2396.191489361702,4.762344590057429,2389,2409,47
regional_atmaq_intel,derecho,intel,855.9,65.13481745153236,794,967,2918.4,30.225816779700114,2836,2952,10
regional_atmaq_intel,gaeac6,intel,758.1739130434783,9.807716571548443,731,776,141513.41304347827,934051.3351704337,2963,6338832,46
regional_atmaq_intel,hera,intel,836.0833333333334,62.82323507467784,768,917,2925.2083333333335,3.445368975289371,2917,2933,48
regional_atmaq_intel,hercules,intel,784.195652173913,121.27189278920459,691,1478,194727.6739130435,734103.3057590148,2938,2947012,46
regional_atmaq_intel,orion,intel,1106.2826086956522,47.186939362251444,1048,1371,66228.39130434782,429408.8456791359,2906,2915308,46
regional_atmaq_intel,ursa,intel,651.7142857142857,22.683510898154,607,682,2875.9591836734694,1.8023038921691241,2872,2880,49
regional_atmaq_intel,wcoss2,intel,1023.8723404255319,163.67924850826205,911,1718,2381.255319148936,19.214428551738035,2294,2399,47
