test_name,machine,compiler,core_mean,core_std,core_min,core_max,mem_mean,mem_std,mem_min,mem_max,n_hashes
regional_2dwrtdecomp_intel,acorn,intel,308.46938775510205,6.754942760725667,289,317,877.1632653061224,2.981519039401382,870,884,49
regional_2dwrtdecomp_intel,derecho,intel,277.54545454545456,16.215005609817318,259,305,197586.04545454544,371263.85717829125,860,869512,22
regional_2dwrtdecomp_intel,gaeac6,intel,197.29166666666666,4.757785705839961,185,215,72656.10416666667,240633.77356244865,854,867252,48
regional_2dwrtdecomp_intel,hera,intel,322.6530612244898,31.027240061764108,281,454,1209.8979591836735,34.431238782269205,1114,1229,49
regional_2dwrtdecomp_intel,hercules,intel,316.8979591836735,96.44239318931083,245,799,538560.224489796,601479.0789902583,1185,1206440,49
regional_2dwrtdecomp_intel,orion,intel,421.9387755102041,97.51397510170555,358,859,67264.30612244898,261835.24203695377,1070,1082708,49
regional_2dwrtdecomp_intel,ursa,intel,240.13953488372093,116.13038267710519,202,820,41758.48837209302,262548.83333449304,1698,1723368,43
regional_2dwrtdecomp_intel,wcoss2,intel,351.0408163265306,43.34308825314283,313,556,873.3877551020408,2.187238808507717,870,880,49
