test_name,machine,compiler,core_mean,core_std,core_min,core_max,mem_mean,mem_std,mem_min,mem_max,n_hashes
regional_debug_gnu,derecho,gnu,465.4,7.924645102463573,456,476,779.0,1.8708286933869707,777,781,5
regional_debug_gnu,hera,gnu,502.625,5.629047007510779,490,513,875.6458333333334,6.217646757871791,860,893,48
regional_debug_gnu,hercules,gnu,439.3478260869565,91.08267731177094,383,934,115458.06521739131,299113.97275482374,871,891020,46
regional_debug_gnu,ursa,gnu,535.8367346938776,378.7270535919622,332,1494,16345.367346938776,109077.88422340208,744,764308,49
