test_name,machine,compiler,core_mean,core_std,core_min,core_max,mem_mean,mem_std,mem_min,mem_max,n_hashes
regional_debug_gnu,derecho,gnu,463.4230769230769,12.007241404829262,452,508,784.1538461538462,8.762156390717104,767,795,26
regional_debug_gnu,hera,gnu,501.969696969697,6.478256172019065,490,516,875.939393939394,6.264679730138807,860,892,33
regional_debug_gnu,hercules,gnu,431.25531914893617,84.71011132221476,383,934,882.3829787234042,7.900338989670706,858,897,47
regional_debug_gnu,ursa,gnu,450.8979591836735,296.38469124447306,333,1449,767.0612244897959,10.401138085295647,740,783,49
