test_name,machine,compiler,core_mean,core_std,core_min,core_max,mem_mean,mem_std,mem_min,mem_max,n_hashes
regional_wofs_intel,acorn,intel,410.06382978723406,11.10112461071272,388,434,1609.404255319149,2.133170476361682,1606,1616,47
regional_wofs_intel,derecho,intel,352.7,8.042249547096745,342,367,1589.2,12.099586769803338,1579,1604,10
regional_wofs_intel,gaeac6,intel,259.4130434782609,40.59533420752058,240,527,140190.54347826086,934302.0001999523,1584,6339168,46
regional_wofs_intel,hera,intel,388.0,18.224369936282233,357,420,2041.0625,4.582140399234639,2029,2049,48
regional_wofs_intel,hercules,intel,366.9347826086956,96.45457242175095,320,797,228497.54347826086,655502.5826772312,2072,2095928,46
regional_wofs_intel,orion,intel,469.4130434782609,29.177294130087226,444,601,43239.34782608696,280343.638762717,1898,1903288,46
regional_wofs_intel,ursa,intel,274.14285714285717,56.145643939074496,250,651,56068.142857142855,374004.7292986414,2622,2620672,49
regional_wofs_intel,wcoss2,intel,439.9148936170213,64.43292089527785,382,722,1607.0,3.127716210856088,1600,1612,47
