test_name,machine,compiler,core_mean,core_std,core_min,core_max,mem_mean,mem_std,mem_min,mem_max,n_hashes
regional_atmaq_canopy_intel,acorn,intel,1083.6521739130435,28.653653939034804,1027,1141,2446.0,6.518350166176234,2435,2462,46
regional_atmaq_canopy_intel,derecho,intel,1049.8461538461538,62.57508310534651,955,1144,2924.230769230769,1.0127393670836968,2923,2925,13
regional_atmaq_canopy_intel,gaeac6,intel,862.9555555555555,11.797448791149643,834,888,144916.75555555554,944497.4420203378,2966,6339992,45
regional_atmaq_canopy_intel,hera,intel,1017.6444444444444,73.25303454947831,944,1142,2926.3333333333335,2.9541957835039563,2918,2933,45
regional_atmaq_canopy_intel,hercules,intel,915.9782608695652,94.27465527923883,827,1365,2944.8260869565215,2.406512902069326,2939,2950,46
regional_atmaq_canopy_intel,orion,intel,1309.7111111111112,30.869683732383272,1260,1366,2914.6222222222223,4.9510737535540645,2906,2924,45
regional_atmaq_canopy_intel,ursa,intel,760.469387755102,21.895682642186564,724,796,2876.081632653061,1.4977307097444257,2873,2880,49
regional_atmaq_canopy_intel,wcoss2,intel,1173.608695652174,96.3467068596811,1080,1542,2431.8260869565215,11.144115233962154,2405,2450,46
