test_name,machine,compiler,core_mean,core_std,core_min,core_max,mem_mean,mem_std,mem_min,mem_max,n_hashes
rrfs_v1beta_gnu,hera,gnu,661.5416666666666,18.34765720256115,649,764,940.6458333333334,3.367489015498535,930,946,48
rrfs_v1beta_gnu,hercules,gnu,504.1875,121.3252453513879,452,1070,352261.2083333333,458360.6908554524,926,939856,48
rrfs_v1beta_gnu,ursa,gnu,391.16326530612247,55.74172096179227,368,649,18166.367346938776,121225.07145366247,842,849424,49
