test_name,machine,compiler,core_mean,core_std,core_min,core_max,mem_mean,mem_std,mem_min,mem_max,n_hashes
rrfs_v1nssl_intel,acorn,intel,543.8936170212766,25.548108108764044,511,574,1970.6808510638298,3.382219383126557,1964,1978,47
rrfs_v1nssl_intel,derecho,intel,461.0,13.507199726236548,447,479,1925.2,22.616611397623494,1903,1949,10
rrfs_v1nssl_intel,gaeac6,intel,339.2608695652174,18.151748960862257,310,372,140277.5,934328.359568775,1805,6339432,46
rrfs_v1nssl_intel,hera,intel,528.5208333333334,39.247707391145646,480,575,2113.3958333333335,6.450266639163864,2095,2127,48
rrfs_v1nssl_intel,hercules,intel,484.2173913043478,83.67235386872042,414,813,265030.76086956525,686607.1688928,2010,2024932,46
rrfs_v1nssl_intel,orion,intel,591.7826086956521,108.09006800780709,543,1153,45407.239130434784,294445.4756503172,1986,1999020,46
rrfs_v1nssl_intel,ursa,intel,369.6734693877551,23.202359573886397,339,436,57069.02040816326,380871.6013358641,2639,2668760,49
rrfs_v1nssl_intel,wcoss2,intel,582.4468085106383,96.60200927576356,510,978,1972.6808510638298,5.575982592211014,1960,1980,47
