test_name,machine,compiler,core_mean,core_std,core_min,core_max,mem_mean,mem_std,mem_min,mem_max,n_hashes
rrfs_v1nssl_nohailnoccn_intel,acorn,intel,545.2127659574468,4.925250689769681,538,558,1964.8510638297873,1.922167293586193,1960,1968,47
rrfs_v1nssl_nohailnoccn_intel,derecho,intel,459.74074074074076,2.929854191601607,454,465,360592.77777777775,766644.8859007636,1934,1941356,27
rrfs_v1nssl_nohailnoccn_intel,gaeac6,intel,344.19565217391306,2.104171150805955,341,352,159490.91304347827,516581.2328881243,1796,1816680,46
rrfs_v1nssl_nohailnoccn_intel,hera,intel,557.5833333333334,29.841306038765946,538,674,2147.9166666666665,53.31074432975885,2045,2191,48
rrfs_v1nssl_nohailnoccn_intel,hercules,intel,508.57142857142856,111.35603560951095,463,1204,1331108.469387755,1068637.831251642,2156,2208680,49
rrfs_v1nssl_nohailnoccn_intel,orion,intel,641.3333333333334,201.89257026715467,559,1386,127448.3125,490954.5909586429,2005,2010084,48
rrfs_v1nssl_nohailnoccn_intel,ursa,intel,409.0833333333333,102.49135852074832,367,915,83969.22222222222,486283.67804741365,2892,2920624,36
rrfs_v1nssl_nohailnoccn_intel,wcoss2,intel,566.6595744680851,35.73956314405691,541,725,1962.4255319148936,5.859754709404951,1952,1971,47
