test_name,machine,compiler,core_mean,core_std,core_min,core_max,mem_mean,mem_std,mem_min,mem_max,n_hashes
rrfs_v1nssl_nohailnoccn_intel,acorn,intel,513.2173913043479,23.133345863088117,488,551,1962.695652173913,3.6990663399619783,1956,1971,46
rrfs_v1nssl_nohailnoccn_intel,derecho,intel,429.14285714285717,3.483083135939774,424,436,1897.0714285714287,2.9990841092749227,1894,1906,14
rrfs_v1nssl_nohailnoccn_intel,gaeac6,intel,319.8222222222222,16.17839312294031,299,352,144250.3777777778,944499.5850342294,1796,6339332,45
rrfs_v1nssl_nohailnoccn_intel,hera,intel,492.6818181818182,38.31010111941924,452,561,2180.090909090909,6.235003149206385,2163,2191,44
rrfs_v1nssl_nohailnoccn_intel,hercules,intel,445.6304347826087,68.1610376471786,388,641,2182.608695652174,15.375996099071013,2155,2214,46
rrfs_v1nssl_nohailnoccn_intel,orion,intel,539.2888888888889,16.25733711593037,523,568,2013.7555555555555,3.1991160395245606,2006,2023,45
rrfs_v1nssl_nohailnoccn_intel,ursa,intel,349.85714285714283,36.18816565306029,324,469,2914.3673469387754,29.919122840829104,2889,3024,49
rrfs_v1nssl_nohailnoccn_intel,wcoss2,intel,538.3260869565217,69.88404820298199,484,828,1961.4565217391305,16.41639630469639,1859,1971,46
