test_name,machine,compiler,core_mean,core_std,core_min,core_max,mem_mean,mem_std,mem_min,mem_max,n_hashes
rrfs_v1nssl_intel,acorn,intel,539.063829787234,24.449063514846657,511,574,1970.404255319149,3.4493828967189435,1964,1978,47
rrfs_v1nssl_intel,derecho,intel,450.6,3.0623157540949153,447,456,1905.2,2.347575581554494,1903,1910,10
rrfs_v1nssl_intel,gaeac6,intel,335.5,17.95642874664483,310,372,140768.39130434784,934255.0775109307,1805,6339432,46
rrfs_v1nssl_intel,hera,intel,521.0833333333334,38.00438571182715,480,575,2112.6666666666665,6.694975357345492,2095,2127,48
rrfs_v1nssl_intel,hercules,intel,478.2173913043478,84.76448759644526,414,813,89843.41304347826,416502.9025454992,2009,2024932,46
rrfs_v1nssl_intel,orion,intel,566.1304347826087,22.876099799331694,543,667,45406.80434782609,294445.541180151,1986,1999020,46
rrfs_v1nssl_intel,ursa,intel,365.1224489795918,23.348476621489002,337,436,2659.204081632653,10.990487538163663,2639,2679,49
rrfs_v1nssl_intel,wcoss2,intel,576.8297872340426,98.56146154622333,510,978,1972.4255319148936,5.472240940105616,1960,1980,47
