test_name,machine,compiler,core_mean,core_std,core_min,core_max,mem_mean,mem_std,mem_min,mem_max,n_hashes
rrfs_v1beta_intel,acorn,intel,423.25531914893617,16.74419832698243,393,445,1007.0,3.050302907268011,1001,1013,47
rrfs_v1beta_intel,derecho,intel,354.4,11.471704319759986,333,363,299781.6,481108.98296313506,957,998520,10
rrfs_v1beta_intel,gaeac6,intel,267.89130434782606,16.82620741696264,242,296,139117.1739130435,934389.159771792,851,6338676,46
rrfs_v1beta_intel,hera,intel,416.8333333333333,46.51301960642634,359,463,1211.25,6.840119446512158,1197,1225,48
rrfs_v1beta_intel,hercules,intel,370.17391304347825,83.08450968015802,299,763,236542.0,482495.6577350722,1173,1232416,46
rrfs_v1beta_intel,orion,intel,498.2173913043478,102.86947782796915,443,1019,46412.239130434784,215165.79356540492,1020,1049432,46
rrfs_v1beta_intel,ursa,intel,393.81632653061223,303.26945344785025,257,1407,40881.34693877551,272535.47867567866,1906,1909696,49
rrfs_v1beta_intel,wcoss2,intel,455.6808510638298,56.433919180246136,399,636,1009.7021276595744,4.211345409398467,999,1016,47
