test_name,machine,compiler,core_mean,core_std,core_min,core_max,mem_mean,mem_std,mem_min,mem_max,n_hashes
rrfs_v1nssl_intel,acorn,intel,559.1428571428571,20.77658938966326,512,581,1971.9591836734694,2.130719593563307,1967,1978,49
rrfs_v1nssl_intel,derecho,intel,477.57894736842104,4.272857350944488,470,485,514014.36842105264,880331.7737987706,1943,1949480,19
rrfs_v1nssl_intel,gaeac6,intel,350.5416666666667,14.27981514472004,310,372,153664.64583333334,508947.30107393867,1806,1826672,48
rrfs_v1nssl_intel,hera,intel,560.2244897959183,42.34051709361961,482,700,2111.673469387755,22.450304150781015,1996,2127,49
rrfs_v1nssl_intel,hercules,intel,511.40816326530614,94.76526226404266,414,937,783517.5510204082,992182.7933620871,2011,2024932,49
rrfs_v1nssl_intel,orion,intel,634.7551020408164,165.64916875385623,545,1207,83409.30612244898,398765.8456597788,1987,1999020,49
rrfs_v1nssl_intel,ursa,intel,383.97872340425533,20.229648239652924,342,436,59386.68085106383,388890.48271271226,2642,2668760,47
rrfs_v1nssl_intel,wcoss2,intel,590.6938775510204,82.42375367615833,513,978,1973.1020408163265,5.57242054661161,1960,1980,49
