test_name,machine,compiler,core_mean,core_std,core_min,core_max,mem_mean,mem_std,mem_min,mem_max,n_hashes
rrfs_v1beta_gnu,derecho,gnu,464.6,11.08773786822554,457,518,951.7666666666667,1.4064710873459942,949,956,30
rrfs_v1beta_gnu,hera,gnu,661.0689655172414,5.502798213394715,652,678,934.9655172413793,3.520174088843292,926,944,29
rrfs_v1beta_gnu,hercules,gnu,500.1063829787234,66.13761478014352,457,741,929.7872340425532,2.8202387365238666,926,938,47
rrfs_v1beta_gnu,ursa,gnu,456.3265306122449,249.95811213707233,371,1501,843.3061224489796,2.3381267576190194,840,852,49
