test_name,machine,compiler,core_mean,core_std,core_min,core_max,mem_mean,mem_std,mem_min,mem_max,n_hashes
rrfs_v1nssl_intel,acorn,intel,557.1666666666666,22.269465148812692,512,581,1971.8125,2.437789808194324,1964,1978,48
rrfs_v1nssl_intel,derecho,intel,477.5625,4.226405091800815,470,485,610026.0,931507.676028634,1943,1949480,16
rrfs_v1nssl_intel,gaeac6,intel,348.9148936170213,15.487484129526953,310,372,156894.55319148937,513952.0876656318,1805,1826672,47
rrfs_v1nssl_intel,hera,intel,556.4583333333334,44.798821381405986,482,700,2115.875,4.270756572567443,2105,2127,48
rrfs_v1nssl_intel,hercules,intel,499.7708333333333,74.21855006505358,414,813,757840.0208333334,986091.7928477883,2011,2024932,48
rrfs_v1nssl_intel,orion,intel,610.5416666666666,126.71528788744145,543,1153,85105.39583333333,402807.0531662238,1986,1999020,48
rrfs_v1nssl_intel,ursa,intel,382.6938775510204,20.79182940647666,342,436,57070.57142857143,380871.375130054,2640,2668760,49
rrfs_v1nssl_intel,wcoss2,intel,589.2291666666666,84.29765893201564,513,978,1973.4375,5.35110348532318,1960,1980,48
