test_name,machine,compiler,core_mean,core_std,core_min,core_max,mem_mean,mem_std,mem_min,mem_max,n_hashes
rrfs_v1beta_intel,acorn,intel,402.02222222222224,8.136586532695416,391,427,1004.5333333333333,1.878103492162394,1000,1008,45
rrfs_v1beta_intel,derecho,intel,337.4418604651163,6.619963766198478,319,357,958.5581395348837,2.2179175730894234,947,961,43
rrfs_v1beta_intel,gaeac6,intel,255.125,6.466361402460724,247,275,138034.0,914028.4984844768,851,6338676,48
rrfs_v1beta_intel,hera,intel,367.3529411764706,2.667891875399652,364,375,1206.5294117647059,4.67864359428596,1201,1217,17
rrfs_v1beta_intel,hercules,intel,313.6041666666667,20.72693753829331,296,379,26105.208333333332,172535.66854667844,1173,1196564,48
rrfs_v1beta_intel,orion,intel,451.5531914893617,3.4059315946965043,448,462,23222.744680851065,152056.22160018544,1036,1043488,47
rrfs_v1beta_intel,ursa,intel,414.66,346.26412061386003,257,1407,1960.8,90.44515758520329,1896,2241,50
rrfs_v1beta_intel,wcoss2,intel,420.7291666666667,33.44906549172195,393,636,947.75,46.070020713156204,910,1009,48
