test_name,machine,compiler,core_mean,core_std,core_min,core_max,mem_mean,mem_std,mem_min,mem_max,n_hashes
rrfs_v1beta_gnu,hera,gnu,663.25,18.285559934758844,649,764,938.7708333333334,21.717959607282353,836,955,48
rrfs_v1beta_gnu,hercules,gnu,534.9166666666666,175.36161220592436,452,1423,592805.4375,464233.31792046427,933,1097312,48
rrfs_v1beta_gnu,ursa,gnu,388.42857142857144,48.51760487898467,368,636,25094.22857142857,143435.3145750388,844,849424,35
