test_name,machine,compiler,core_mean,core_std,core_min,core_max,mem_mean,mem_std,mem_min,mem_max,n_hashes
rrfs_v1nssl_nohailnoccn_intel,acorn,intel,496.6222222222222,6.756440997262918,482,509,1960.6444444444444,1.9441702548382505,1956,1965,45
rrfs_v1nssl_nohailnoccn_intel,derecho,intel,434.92105263157896,7.5637170146850385,424,450,1897.342105263158,3.2238663692837624,1894,1906,38
rrfs_v1nssl_nohailnoccn_intel,gaeac6,intel,315.1063829787234,7.661972848887946,301,334,140504.10638297873,923849.5888796964,1798,6339332,47
rrfs_v1nssl_nohailnoccn_intel,hera,intel,469.04761904761904,8.212649940647605,455,485,2178.904761904762,5.673665146135817,2164,2186,21
rrfs_v1nssl_nohailnoccn_intel,hercules,intel,424.4468085106383,63.251674152319715,392,789,48812.765957446805,319700.5214420421,2148,2193936,47
rrfs_v1nssl_nohailnoccn_intel,orion,intel,533.0,6.257440016137211,523,549,45887.67391304348,297557.4445647655,2006,2020148,46
rrfs_v1nssl_nohailnoccn_intel,ursa,intel,436.1020408163265,302.17815143402015,323,1382,2931.285714285714,79.6962985338717,2884,3238,49
rrfs_v1nssl_nohailnoccn_intel,wcoss2,intel,505.63829787234044,48.911377502721116,486,828,1910.6382978723404,47.79322561233019,1854,1967,47
