test_name,machine,compiler,core_mean,core_std,core_min,core_max,mem_mean,mem_std,mem_min,mem_max,n_hashes
rrfs_v1nssl_nohailnoccn_intel,acorn,intel,518.0851063829788,24.298711530730497,488,551,1963.1489361702127,3.7877303253501102,1956,1971,47
rrfs_v1nssl_nohailnoccn_intel,derecho,intel,428.7,3.1640339933558077,425,436,1896.0,1.3333333333332018,1894,1898,10
rrfs_v1nssl_nohailnoccn_intel,gaeac6,intel,322.7826086956522,17.581446083209748,299,352,140760.5,934241.2028403406,1796,6339332,46
rrfs_v1nssl_nohailnoccn_intel,hera,intel,498.3958333333333,39.688542525537756,452,561,2179.8541666666665,6.0739751200400764,2163,2191,48
rrfs_v1nssl_nohailnoccn_intel,hercules,intel,454.2391304347826,75.38676122580107,388,641,96389.0,446756.86065937724,2155,2177864,46
rrfs_v1nssl_nohailnoccn_intel,orion,intel,544.0869565217391,21.2402407257299,523,628,45627.565217391304,295805.5097406366,2006,2008264,46
rrfs_v1nssl_nohailnoccn_intel,ursa,intel,361.0816326530612,58.28265777466668,324,673,2917.285714285714,37.517218269305,2889,3073,49
rrfs_v1nssl_nohailnoccn_intel,wcoss2,intel,544.8510638297872,68.50165936530429,484,828,1964.340425531915,5.061691570425605,1953,1971,47
