test_name,machine,compiler,core_mean,core_std,core_min,core_max,mem_mean,mem_std,mem_min,mem_max,n_hashes
rrfs_v1nssl_intel,acorn,intel,522.7272727272727,8.692053672186384,508,543,1968.8181818181818,1.701883051111842,1966,1972,44
rrfs_v1nssl_intel,derecho,intel,455.30434782608694,5.505026249679615,443,465,1905.9130434782608,2.3553823653403954,1902,1913,46
rrfs_v1nssl_intel,gaeac6,intel,330.3125,7.59102563641866,319,346,6338.8125,0.3944427796055368,6338,6339,48
rrfs_v1nssl_intel,hera,intel,491.1818181818182,9.66248603433073,481,517,2106.909090909091,5.262215226585545,2097,2116,11
rrfs_v1nssl_intel,hercules,intel,439.375,36.258894726790984,412,607,43879.895833333336,290056.46662347537,2009,2011584,48
rrfs_v1nssl_intel,orion,intel,555.531914893617,6.649128951876811,544,570,44324.87234042553,290229.5364482049,1978,1991704,47
rrfs_v1nssl_intel,ursa,intel,511.72,369.27154103776815,337,1541,2688.8,57.878831913519505,2644,2886,50
rrfs_v1nssl_intel,wcoss2,intel,522.2916666666666,8.834069285546944,510,557,1899.3541666666667,41.23388896636816,1865,1974,48
