test_name,machine,compiler,core_mean,core_std,core_min,core_max,mem_mean,mem_std,mem_min,mem_max,n_hashes
rrfs_v1beta_gnu,hera,gnu,658.1666666666666,5.28076934003891,649,677,939.625,3.8294769377842246,930,946,48
rrfs_v1beta_gnu,hercules,gnu,513.1276595744681,125.18310363506602,452,1070,240098.87234042553,412868.5583433892,926,939760,47
rrfs_v1beta_gnu,ursa,gnu,389.2448979591837,53.46787610809133,368,649,18165.469387755104,121225.20242320043,841,849424,49
