test_name,machine,compiler,core_mean,core_std,core_min,core_max,mem_mean,mem_std,mem_min,mem_max,n_hashes
rrfs_v1beta_intel,acorn,intel,414.468085106383,16.817241494099434,393,443,1006.2553191489362,3.0960569952228902,1001,1013,47
rrfs_v1beta_intel,derecho,intel,334.38461538461536,7.124353321980195,319,348,957.4615384615385,3.3817003764226854,947,961,13
rrfs_v1beta_intel,gaeac6,intel,260.95652173913044,15.421423081384955,242,293,140424.86956521738,934194.3368845361,851,6338676,46
rrfs_v1beta_intel,hera,intel,397.9130434782609,44.55300268566837,359,463,1210.3695652173913,6.993198904498164,1197,1225,46
rrfs_v1beta_intel,hercules,intel,350.80434782608694,83.55320848024327,296,763,1199.3478260869565,14.636662326431205,1173,1253,46
rrfs_v1beta_intel,orion,intel,464.82608695652175,22.598234294668124,443,498,1042.2173913043478,3.6993275273472834,1036,1052,46
rrfs_v1beta_intel,ursa,intel,382.51020408163265,298.83224965751964,257,1407,1948.8163265306123,68.91349452676994,1906,2167,49
rrfs_v1beta_intel,wcoss2,intel,445.72340425531917,53.83578175205377,399,636,1008.7659574468086,3.8909748748110142,999,1016,47
