test_name,machine,compiler,core_mean,core_std,core_min,core_max,mem_mean,mem_std,mem_min,mem_max,n_hashes
rrfs_v1nssl_intel,acorn,intel,535.5,23.474572531902542,511,574,1969.9565217391305,3.3330434656572345,1964,1978,46
rrfs_v1nssl_intel,derecho,intel,449.6923076923077,3.568020351787421,443,456,1906.0,2.9720924166878255,1903,1913,13
rrfs_v1nssl_intel,gaeac6,intel,333.5777777777778,17.112580285871662,310,372,144157.4,944528.9236426607,1805,6339432,45
rrfs_v1nssl_intel,hera,intel,516.7111111111111,37.26905993290987,480,575,2111.8,6.3981531426155085,2095,2127,45
rrfs_v1nssl_intel,hercules,intel,473.89130434782606,84.02360204420597,414,813,2015.1739130434783,3.064523510731447,2009,2022,46
rrfs_v1nssl_intel,orion,intel,561.4,16.652054200335428,543,590,1992.7777777777778,3.430404752748063,1986,2002,45
rrfs_v1nssl_intel,ursa,intel,361.55102040816325,22.91838892724371,337,436,2659.4897959183672,11.094522764596459,2639,2679,49
rrfs_v1nssl_intel,wcoss2,intel,571.804347826087,99.36679963431061,510,978,1971.9565217391305,5.730838688821617,1960,1980,46
