test_name,machine,compiler,core_mean,core_std,core_min,core_max,mem_mean,mem_std,mem_min,mem_max,n_hashes
rrfs_v1beta_intel,acorn,intel,409.7173913043478,15.97172925095153,391,443,1005.804347826087,3.0522819530267618,1001,1013,46
rrfs_v1beta_intel,derecho,intel,334.94444444444446,6.32894584868253,319,348,958.0555555555555,3.0190029951902004,947,961,18
rrfs_v1beta_intel,gaeac6,intel,257.0444444444444,13.559558110853619,242,293,144134.02222222224,944418.7357177932,851,6338676,45
rrfs_v1beta_intel,hera,intel,388.875,40.58684105306377,359,463,1208.95,6.332456079595027,1197,1225,40
rrfs_v1beta_intel,hercules,intel,342.4130434782609,83.3017476372512,296,763,1198.1304347826087,13.095561072621647,1173,1237,46
rrfs_v1beta_intel,orion,intel,459.26666666666665,19.459047907195934,443,498,1041.9333333333334,3.9161669571615123,1036,1052,45
rrfs_v1beta_intel,ursa,intel,378.38775510204084,300.22289055567603,257,1407,1948.1632653061224,69.11625078408827,1906,2167,49
rrfs_v1beta_intel,wcoss2,intel,439.2608695652174,55.419785789957984,393,636,998.1304347826087,31.015127990243887,910,1016,46
