test_name,machine,compiler,core_mean,core_std,core_min,core_max,mem_mean,mem_std,mem_min,mem_max,n_hashes
rrfs_v1nssl_intel,acorn,intel,566.7872340425532,5.311743225741168,553,581,1971.6170212765958,1.871446679296671,1967,1975,47
rrfs_v1nssl_intel,derecho,intel,477.1333333333333,3.6928013227352663,470,485,326259.73333333334,737572.8347999889,1943,1949480,30
rrfs_v1nssl_intel,gaeac6,intel,356.89130434782606,2.930515774622958,350,365,160270.3260869565,519104.1997455083,1810,1826672,46
rrfs_v1nssl_intel,hera,intel,579.875,29.690334411165036,558,700,2078.3125,57.722430556601864,1971,2126,48
rrfs_v1nssl_intel,hercules,intel,519.2857142857143,103.05965101176437,480,1051,1358298.6530612244,954185.3126521194,2012,2024932,49
rrfs_v1nssl_intel,orion,intel,680.125,198.86546558981854,577,1378,126452.70833333333,487135.0510169817,1983,1999020,48
rrfs_v1nssl_intel,ursa,intel,393.1515151515151,11.879923221872085,382,436,83452.27272727272,464108.1938359897,2642,2668760,33
rrfs_v1nssl_intel,wcoss2,intel,588.5744680851063,62.12181045293226,564,978,1970.276595744681,6.106668228646754,1960,1979,47
