test_name,machine,compiler,core_mean,core_std,core_min,core_max,mem_mean,mem_std,mem_min,mem_max,n_hashes
rrfs_v1beta_gnu,derecho,gnu,465.54545454545456,9.289790708971355,457,518,951.2727272727273,1.7436080790110449,946,956,44
rrfs_v1beta_gnu,hera,gnu,662.1428571428571,6.286213766368714,656,678,933.7142857142857,3.2682286764115407,926,939,14
rrfs_v1beta_gnu,hercules,gnu,496.04347826086956,59.470985090486344,457,710,21167.891304347828,137265.3321512316,924,931908,46
rrfs_v1beta_gnu,ursa,gnu,485.24,291.60887699598095,371,1501,845.36,7.292042070025359,840,866,50
