test_name,machine,compiler,core_mean,core_std,core_min,core_max,mem_mean,mem_std,mem_min,mem_max,n_hashes
rrfs_v1nssl_intel,acorn,intel,566.8333333333334,9.212233617692846,512,581,1971.9375,1.7185626106743748,1967,1975,48
rrfs_v1nssl_intel,derecho,intel,477.32,3.8483762809787616,470,485,391120.36,794390.7985226728,1943,1949480,25
rrfs_v1nssl_intel,gaeac6,intel,356.3829787234043,6.901648169535965,317,372,156897.44680851063,513951.195570705,1809,1826672,47
rrfs_v1nssl_intel,hera,intel,574.0,29.354038469486323,489,700,2094.2291666666665,47.089430346465505,1975,2126,48
rrfs_v1nssl_intel,hercules,intel,526.3265306122449,108.7166400470933,416,1051,1111962.2448979593,1012302.592456354,2011,2024932,49
rrfs_v1nssl_intel,orion,intel,660.6122448979592,193.26663536921933,547,1378,123913.1836734694,482361.6966364415,1983,1999020,49
rrfs_v1nssl_intel,ursa,intel,391.43589743589746,12.508512620979507,358,436,71023.07692307692,426917.41812589864,2642,2668760,39
rrfs_v1nssl_intel,wcoss2,intel,597.5833333333334,79.36096723558363,520,978,1971.9375,5.836080913209884,1960,1979,48
