test_name,machine,compiler,core_mean,core_std,core_min,core_max,mem_mean,mem_std,mem_min,mem_max,n_hashes
rrfs_v1nssl_intel,acorn,intel,524.5333333333333,10.54772702787415,508,549,1968.7111111111112,1.7661234156173475,1966,1972,45
rrfs_v1nssl_intel,derecho,intel,456.7608695652174,5.827844208276517,443,468,1906.1304347826087,2.227192509288294,1902,1913,46
rrfs_v1nssl_intel,gaeac6,intel,331.1304347826087,7.219137208073079,319,346,6338.826086956522,0.38322304651676176,6338,6339,46
rrfs_v1nssl_intel,hera,intel,495.0,10.198039027185576,487,517,2107.4285714285716,3.866830866792728,2103,2115,7
rrfs_v1nssl_intel,hercules,intel,440.27659574468083,36.338805541172,412,607,44770.574468085106,293125.94585669175,2009,2011584,47
rrfs_v1nssl_intel,orion,intel,556.5869565217391,8.23158169479404,544,580,45244.86956521739,293367.2916110913,1978,1991704,46
rrfs_v1nssl_intel,ursa,intel,557.66,413.06092894439706,337,1541,2690.42,58.78709076673502,2637,2886,50
rrfs_v1nssl_intel,wcoss2,intel,522.6530612244898,9.00127541983209,510,557,1892.6122448979593,36.67072874840056,1865,1973,49
