test_name,machine,compiler,core_mean,core_std,core_min,core_max,mem_mean,mem_std,mem_min,mem_max,n_hashes
rrfs_v1nssl_nohailnoccn_intel,acorn,intel,543.8541666666666,6.250070921583455,529,558,1964.5208333333333,1.8449422908962683,1960,1968,48
rrfs_v1nssl_nohailnoccn_intel,derecho,intel,459.96875,2.9014387421059733,454,465,304554.34375,714458.938075638,1934,1941356,32
rrfs_v1nssl_nohailnoccn_intel,gaeac6,intel,344.78723404255317,2.466613328756374,341,352,156137.40425531915,511452.35553001665,1798,1816680,47
rrfs_v1nssl_nohailnoccn_intel,hera,intel,559.469387755102,29.66205631836764,538,674,2134.6938775510203,59.54417270733846,2043,2189,49
rrfs_v1nssl_nohailnoccn_intel,hercules,intel,498.7,106.49734115680724,463,1204,1521015.72,1004501.9888790062,2156,2208680,50
rrfs_v1nssl_nohailnoccn_intel,orion,intel,655.9183673469388,207.77219463620628,559,1386,124888.08163265306,486144.01448622695,2002,2010084,49
rrfs_v1nssl_nohailnoccn_intel,ursa,intel,414.80645161290323,109.5893606012429,367,915,97043.54838709677,524034.3557562385,2896,2920624,31
rrfs_v1nssl_nohailnoccn_intel,wcoss2,intel,562.2083333333334,26.442195754363134,541,704,1960.875,6.00575964688638,1951,1970,48
