test_name,machine,compiler,core_mean,core_std,core_min,core_max,mem_mean,mem_std,mem_min,mem_max,n_hashes
rrfs_v1beta_intel,acorn,intel,403.72340425531917,10.935983937481385,391,443,1005.0425531914893,2.8357764584165035,1001,1013,47
rrfs_v1beta_intel,derecho,intel,334.9230769230769,5.556423863767612,319,348,958.5769230769231,2.6408040733545923,947,961,26
rrfs_v1beta_intel,gaeac6,intel,253.53191489361703,9.634293511766193,242,284,138970.2340425532,923983.0319212112,851,6338676,47
rrfs_v1beta_intel,hera,intel,374.0,26.508253431714405,359,457,1208.1818181818182,6.03352377064259,1197,1225,33
rrfs_v1beta_intel,hercules,intel,315.0,26.28853279515116,296,400,1198.723404255319,14.285447334627541,1173,1237,47
rrfs_v1beta_intel,orion,intel,452.5869565217391,11.426238978687083,443,494,1041.5434782608695,4.037086527788274,1036,1052,46
rrfs_v1beta_intel,ursa,intel,413.0816326530612,347.9339518701007,257,1407,1955.4285714285713,77.6557574598733,1896,2167,49
rrfs_v1beta_intel,wcoss2,intel,427.0851063829787,37.683366061245486,393,636,981.3829787234042,43.657039469965696,910,1016,47
