test_name,machine,compiler,core_mean,core_std,core_min,core_max,mem_mean,mem_std,mem_min,mem_max,n_hashes
rrfs_v1nssl_intel,acorn,intel,528.7608695652174,20.514693685376585,511,574,1969.5869565217392,3.2219806672743316,1964,1978,46
rrfs_v1nssl_intel,derecho,intel,451.89473684210526,5.342645379315626,443,463,1905.7368421052631,2.46851519166107,1903,1913,19
rrfs_v1nssl_intel,gaeac6,intel,330.2173913043478,15.238712461619679,310,372,141652.54347826086,934122.4072451389,1805,6339432,46
rrfs_v1nssl_intel,hera,intel,508.4871794871795,32.9240527936898,480,575,2111.076923076923,6.579012145429909,2095,2127,39
rrfs_v1nssl_intel,hercules,intel,464.0217391304348,82.92392474241672,414,813,2014.9347826086957,3.122692384700898,2009,2022,46
rrfs_v1nssl_intel,orion,intel,557.8888888888889,14.063528301348414,543,590,1991.6666666666667,4.242640687119277,1980,2002,45
rrfs_v1nssl_intel,ursa,intel,356.2857142857143,20.513207127766837,337,436,2660.5510204081634,10.839859363497686,2639,2679,49
rrfs_v1nssl_intel,wcoss2,intel,563.2391304347826,100.8625433796156,510,978,1959.195652173913,33.87074750034147,1868,1980,46
