test_name,machine,compiler,core_mean,core_std,core_min,core_max,mem_mean,mem_std,mem_min,mem_max,n_hashes
rrfs_v1nssl_intel,acorn,intel,560.1020408163265,19.7560590895122,512,581,1972.0204081632653,2.056390404713759,1967,1978,49
rrfs_v1nssl_intel,derecho,intel,477.45,4.198684004354335,470,485,488411.4,864468.4138463603,1943,1949480,20
rrfs_v1nssl_intel,gaeac6,intel,351.2083333333333,14.190134921064526,310,372,153664.83333333334,508947.24394240254,1806,1826672,48
rrfs_v1nssl_intel,hera,intel,561.795918367347,41.285075790086715,482,700,2109.3061224489797,27.614310964933242,1996,2127,49
rrfs_v1nssl_intel,hercules,intel,513.0612244897959,93.85747354439101,414,937,824613.6734693878,1000804.9951707082,2011,2024932,49
rrfs_v1nssl_intel,orion,intel,635.8775510204082,165.23488743970165,545,1207,83409.24489795919,398765.8584211485,1987,1999020,49
rrfs_v1nssl_intel,ursa,intel,384.8478260869565,19.545920166855314,342,436,60619.84782608696,393094.82576497813,2642,2668760,46
rrfs_v1nssl_intel,wcoss2,intel,591.6122448979592,81.92573271123126,513,978,1973.2244897959183,5.339574367097772,1960,1980,49
