test_name,machine,compiler,core_mean,core_std,core_min,core_max,mem_mean,mem_std,mem_min,mem_max,n_hashes
rrfs_v1nssl_intel,acorn,intel,522.6590909090909,8.474155461297684,508,543,1968.6818181818182,1.8896625424432216,1964,1972,44
rrfs_v1nssl_intel,derecho,intel,455.0,5.434600603625822,443,465,1905.9545454545455,2.3914046223199423,1902,1913,44
rrfs_v1nssl_intel,gaeac6,intel,330.17021276595744,7.735629450615123,319,346,6338.829787234043,0.3798826441306036,6338,6339,47
rrfs_v1nssl_intel,hera,intel,489.61538461538464,9.622356446824428,480,517,2106.153846153846,5.885662718931905,2095,2116,13
rrfs_v1nssl_intel,hercules,intel,440.04347826086956,36.90766648557759,412,607,45700.239130434784,296294.9416719154,2009,2011584,46
rrfs_v1nssl_intel,orion,intel,555.6,6.736602866565454,544,570,46206.2,296608.9998602844,1978,1991704,45
rrfs_v1nssl_intel,ursa,intel,489.54,344.08371133804525,337,1541,2686.7,57.99656921591407,2639,2886,50
rrfs_v1nssl_intel,wcoss2,intel,522.1666666666666,9.025574381046422,510,557,1903.3125,43.6315112802175,1865,1975,48
