test_name,machine,compiler,core_mean,core_std,core_min,core_max,mem_mean,mem_std,mem_min,mem_max,n_hashes
rrfs_v1beta_gnu,derecho,gnu,465.03846153846155,11.725120960504482,457,518,951.6538461538462,1.4406195248519396,949,956,26
rrfs_v1beta_gnu,hera,gnu,660.1212121212121,5.861727431811276,649,678,935.8181818181819,4.1113755716194715,926,945,33
rrfs_v1beta_gnu,hercules,gnu,507.468085106383,81.48242036698569,456,827,930.3829787234042,3.2607893915521355,926,938,47
rrfs_v1beta_gnu,ursa,gnu,427.7959183673469,214.53156135246513,371,1501,843.9387755102041,2.7719439874189558,841,852,49
