test_name,machine,compiler,core_mean,core_std,core_min,core_max,mem_mean,mem_std,mem_min,mem_max,n_hashes
rrfs_v1nssl_nohailnoccn_intel,acorn,intel,526.2978723404256,25.39506533168872,488,554,1964.0851063829787,3.574242316996764,1956,1971,47
rrfs_v1nssl_nohailnoccn_intel,derecho,intel,455.6,10.996969279457552,425,462,776863.5,1000435.8822536916,1894,1941356,10
rrfs_v1nssl_nohailnoccn_intel,gaeac6,intel,329.4347826086956,17.785952226922152,299,352,139875.23913043478,934373.1607326245,1796,6339332,46
rrfs_v1nssl_nohailnoccn_intel,hera,intel,512.0,40.60028298821826,452,561,2178.9583333333335,6.229505404817615,2163,2191,48
rrfs_v1nssl_nohailnoccn_intel,hercules,intel,469.6304347826087,74.47605392806233,388,641,474594.0652173913,906253.257419958,2160,2189576,46
rrfs_v1nssl_nohailnoccn_intel,orion,intel,569.1739130434783,92.10918746498058,523,1039,89280.73913043478,413845.70219337835,2005,2010084,46
rrfs_v1nssl_nohailnoccn_intel,ursa,intel,370.7142857142857,56.05912057818959,325,673,62462.448979591834,416815.2278582232,2889,2920624,49
rrfs_v1nssl_nohailnoccn_intel,wcoss2,intel,555.9574468085107,64.74832797801189,484,828,1964.404255319149,5.19891115049931,1953,1971,47
