test_name,machine,compiler,core_mean,core_std,core_min,core_max,mem_mean,mem_std,mem_min,mem_max,n_hashes
rrfs_v1beta_gnu,derecho,gnu,465.1666666666667,13.827721517044706,457,518,951.6666666666666,1.0846522890932844,950,954,18
rrfs_v1beta_gnu,hera,gnu,659.4,5.69660267626964,649,678,936.475,4.0886804341141705,926,945,40
rrfs_v1beta_gnu,hercules,gnu,516.4565217391304,97.87105042900731,452,868,931.6739130434783,3.8358214987207084,926,939,46
rrfs_v1beta_gnu,ursa,gnu,407.9183673469388,164.24078319329087,370,1501,844.8979591836735,3.3803654755513546,841,852,49
