test_name,machine,compiler,core_mean,core_std,core_min,core_max,mem_mean,mem_std,mem_min,mem_max,n_hashes
rrfs_v1nssl_nohailnoccn_intel,acorn,intel,507.4130434782609,20.516200738772806,487,551,1962.2173913043478,3.663107627127961,1956,1971,46
rrfs_v1nssl_nohailnoccn_intel,derecho,intel,433.05263157894734,7.806505009787463,424,450,1897.1052631578948,2.664472781748393,1894,1906,19
rrfs_v1nssl_nohailnoccn_intel,gaeac6,intel,317.1304347826087,14.416978718244641,299,352,141645.73913043478,934108.3714846994,1796,6339332,46
rrfs_v1nssl_nohailnoccn_intel,hera,intel,486.20512820512823,35.72643094049963,452,561,2180.102564102564,6.239917643665707,2163,2191,39
rrfs_v1nssl_nohailnoccn_intel,hercules,intel,437.4782608695652,68.55516485298041,388,641,2181.891304347826,15.463546037007339,2155,2214,46
rrfs_v1nssl_nohailnoccn_intel,orion,intel,536.2666666666667,14.01687294915411,523,568,2013.9555555555555,3.3639502993001855,2006,2023,45
rrfs_v1nssl_nohailnoccn_intel,ursa,intel,339.9387755102041,17.864546084429968,324,378,2907.1020408163267,9.603048339718324,2889,2925,49
rrfs_v1nssl_nohailnoccn_intel,wcoss2,intel,530.0869565217391,70.4231105018347,484,828,1950.3695652173913,35.56487574100913,1854,1971,46
